file,line,method,path,operation_id,owner,baseline_sha
core/identity/contracts/employee-access.openapi.yaml,21,GET,/internal/employees/permission-bundles,listAdministrativeEmployeePermissionBundles,identity,f97dcbc3ecfbc19a130c4dbafef6cb7def9c3eb8
core/identity/contracts/employee-access.openapi.yaml,51,POST,/internal/employees/provision,provisionAdministrativeEmployee,identity,f97dcbc3ecfbc19a130c4dbafef6cb7def9c3eb8
core/identity/contracts/identity.openapi.yaml,16,GET,/identity/health,getIdentityHealth,identity,f97dcbc3ecfbc19a130c4dbafef6cb7def9c3eb8
core/identity/contracts/identity.openapi.yaml,30,GET,/identity/readiness,getIdentityReadiness,identity,f97dcbc3ecfbc19a130c4dbafef6cb7def9c3eb8
core/identity/contracts/identity.openapi.yaml,46,POST,/auth/login,login,identity,f97dcbc3ecfbc19a130c4dbafef6cb7def9c3eb8
core/identity/contracts/identity.openapi.yaml,72,POST,/auth/otp/request,requestOtp,identity,f97dcbc3ecfbc19a130c4dbafef6cb7def9c3eb8
core/identity/contracts/identity.openapi.yaml,98,POST,/auth/activate,activateActor,identity,f97dcbc3ecfbc19a130c4dbafef6cb7def9c3eb8
core/identity/contracts/identity.openapi.yaml,124,POST,/auth/logout,logout,identity,f97dcbc3ecfbc19a130c4dbafef6cb7def9c3eb8
core/identity/contracts/identity.openapi.yaml,135,POST,/auth/refresh,refreshSession,identity,f97dcbc3ecfbc19a130c4dbafef6cb7def9c3eb8
core/identity/contracts/identity.openapi.yaml,157,GET,/auth/session,getAuthSession,identity,f97dcbc3ecfbc19a130c4dbafef6cb7def9c3eb8
core/identity/contracts/identity.openapi.yaml,172,POST,/auth/introspect,introspectToken,identity,f97dcbc3ecfbc19a130c4dbafef6cb7def9c3eb8
core/identity/contracts/identity.openapi.yaml,194,GET,/auth/sessions,listSessions,identity,f97dcbc3ecfbc19a130c4dbafef6cb7def9c3eb8
core/identity/contracts/identity.openapi.yaml,212,DELETE,/auth/sessions/{sessionId},revokeSession,identity,f97dcbc3ecfbc19a130c4dbafef6cb7def9c3eb8
core/identity/contracts/identity.openapi.yaml,232,DELETE,/auth/account,deleteAccount,identity,f97dcbc3ecfbc19a130c4dbafef6cb7def9c3eb8
core/identity/contracts/identity.openapi.yaml,244,POST,/auth/password/change,changePassword,identity,f97dcbc3ecfbc19a130c4dbafef6cb7def9c3eb8
core/identity/contracts/identity.openapi.yaml,269,POST,/internal/actors/provision,provisionActor,identity,f97dcbc3ecfbc19a130c4dbafef6cb7def9c3eb8
core/identity/contracts/identity.openapi.yaml,309,GET,/internal/actors/search,searchInternalActors,identity,f97dcbc3ecfbc19a130c4dbafef6cb7def9c3eb8
core/identity/contracts/identity.openapi.yaml,340,GET,/internal/actors/{actorId},getInternalActor,identity,f97dcbc3ecfbc19a130c4dbafef6cb7def9c3eb8
core/identity/contracts/identity.openapi.yaml,362,POST,/internal/actors/{actorId}/deactivate,deactivateActor,identity,f97dcbc3ecfbc19a130c4dbafef6cb7def9c3eb8
core/identity/contracts/identity.openapi.yaml,407,POST,/internal/actors/{actorId}/reactivate,reactivateActor,identity,f97dcbc3ecfbc19a130c4dbafef6cb7def9c3eb8
core/identity/contracts/identity.openapi.yaml,450,POST,/internal/actors/{actorId}/activations,issueActivationForActor,identity,f97dcbc3ecfbc19a130c4dbafef6cb7def9c3eb8
core/identity/contracts/identity.openapi.yaml,502,GET,/internal/actors/{actorId}/activations/latest,getLatestActivationForActor,identity,f97dcbc3ecfbc19a130c4dbafef6cb7def9c3eb8
core/identity/contracts/identity.openapi.yaml,525,POST,/internal/actors/{actorId}/activations/revoke,revokeActorActivations,identity,f97dcbc3ecfbc19a130c4dbafef6cb7def9c3eb8
core/identity/contracts/identity.openapi.yaml,542,GET,/internal/partner/permission-bundles,listPartnerPermissionBundles,identity,f97dcbc3ecfbc19a130c4dbafef6cb7def9c3eb8
core/identity/contracts/identity.openapi.yaml,574,POST,/internal/partner/actors/provision,provisionPartnerActor,identity,f97dcbc3ecfbc19a130c4dbafef6cb7def9c3eb8
core/identity/contracts/identity.openapi.yaml,602,PUT,/internal/partner/actors/{actorId}/store-access,setPartnerStoreAccess,identity,f97dcbc3ecfbc19a130c4dbafef6cb7def9c3eb8
core/identity/contracts/identity.openapi.yaml,631,POST,/internal/partner/actors/{actorId}/activations,issuePartnerActivation,identity,f97dcbc3ecfbc19a130c4dbafef6cb7def9c3eb8
core/platform-control/contracts/platform-change-sets.openapi.yaml,12,GET,/platform/v1/change-sets,listPlatformChangeSets,platform-control,f97dcbc3ecfbc19a130c4dbafef6cb7def9c3eb8
core/platform-control/contracts/platform-change-sets.openapi.yaml,33,POST,/platform/v1/change-sets,createPlatformChangeSet,platform-control,f97dcbc3ecfbc19a130c4dbafef6cb7def9c3eb8
core/platform-control/contracts/platform-change-sets.openapi.yaml,51,GET,/platform/v1/change-sets/{id},getPlatformChangeSet,platform-control,f97dcbc3ecfbc19a130c4dbafef6cb7def9c3eb8
core/platform-control/contracts/platform-change-sets.openapi.yaml,63,POST,/platform/v1/change-sets/{id}/validate,validatePlatformChangeSet,platform-control,f97dcbc3ecfbc19a130c4dbafef6cb7def9c3eb8
core/platform-control/contracts/platform-change-sets.openapi.yaml,76,POST,/platform/v1/change-sets/{id}/submit,submitPlatformChangeSet,platform-control,f97dcbc3ecfbc19a130c4dbafef6cb7def9c3eb8
core/platform-control/contracts/platform-change-sets.openapi.yaml,88,POST,/platform/v1/change-sets/{id}/approve,approvePlatformChangeSet,platform-control,f97dcbc3ecfbc19a130c4dbafef6cb7def9c3eb8
core/platform-control/contracts/platform-change-sets.openapi.yaml,100,POST,/platform/v1/change-sets/{id}/reject,rejectPlatformChangeSet,platform-control,f97dcbc3ecfbc19a130c4dbafef6cb7def9c3eb8
core/platform-control/contracts/platform-change-sets.openapi.yaml,118,POST,/platform/v1/change-sets/{id}/apply,applyPlatformChangeSet,platform-control,f97dcbc3ecfbc19a130c4dbafef6cb7def9c3eb8
core/platform-control/contracts/platform-change-sets.openapi.yaml,130,POST,/platform/v1/change-sets/{id}/rollback,rollbackPlatformChangeSet,platform-control,f97dcbc3ecfbc19a130c4dbafef6cb7def9c3eb8
core/platform-control/contracts/platform-control.openapi.yaml,21,GET,/platform/health,getPlatformControlProcessHealth,platform-control,f97dcbc3ecfbc19a130c4dbafef6cb7def9c3eb8
core/platform-control/contracts/platform-control.openapi.yaml,31,GET,/platform/readiness,getPlatformControlReadiness,platform-control,f97dcbc3ecfbc19a130c4dbafef6cb7def9c3eb8
core/platform-control/contracts/platform-control.openapi.yaml,41,GET,/platform/v1/runtime-config,getPlatformRuntimeConfig,platform-control,f97dcbc3ecfbc19a130c4dbafef6cb7def9c3eb8
core/platform-control/contracts/platform-control.openapi.yaml,57,GET,/platform/v1/runtime-config/effective,getEffectiveRuntimeConfig,platform-control,f97dcbc3ecfbc19a130c4dbafef6cb7def9c3eb8
core/platform-control/contracts/platform-control.openapi.yaml,74,GET,/platform/v1/variables,listPlatformVariables,platform-control,f97dcbc3ecfbc19a130c4dbafef6cb7def9c3eb8
core/platform-control/contracts/platform-control.openapi.yaml,97,GET,/platform/v1/variables/{key},getPlatformVariable,platform-control,f97dcbc3ecfbc19a130c4dbafef6cb7def9c3eb8
core/platform-control/contracts/platform-control.openapi.yaml,127,GET,/platform/v1/feature-flags,listPlatformFeatureFlags,platform-control,f97dcbc3ecfbc19a130c4dbafef6cb7def9c3eb8
core/platform-control/contracts/platform-control.openapi.yaml,150,GET,/platform/v1/services,listPlatformServices,platform-control,f97dcbc3ecfbc19a130c4dbafef6cb7def9c3eb8
core/platform-control/contracts/platform-control.openapi.yaml,172,GET,/platform/v1/health,getPlatformHealth,platform-control,f97dcbc3ecfbc19a130c4dbafef6cb7def9c3eb8
core/platform-control/contracts/platform-control.openapi.yaml,188,GET,/platform/v1/audit-events,listPlatformAuditEvents,platform-control,f97dcbc3ecfbc19a130c4dbafef6cb7def9c3eb8
core/platform-control/contracts/platform-progressive-rollout.openapi.yaml,14,GET,/platform/v1/rollouts,listPlatformRollouts,platform-control,f97dcbc3ecfbc19a130c4dbafef6cb7def9c3eb8
core/platform-control/contracts/platform-progressive-rollout.openapi.yaml,33,POST,/platform/v1/rollouts,createPlatformRollout,platform-control,f97dcbc3ecfbc19a130c4dbafef6cb7def9c3eb8
core/platform-control/contracts/platform-progressive-rollout.openapi.yaml,48,GET,/platform/v1/rollouts/{id},getPlatformRollout,platform-control,f97dcbc3ecfbc19a130c4dbafef6cb7def9c3eb8
core/platform-control/contracts/platform-progressive-rollout.openapi.yaml,58,GET,/platform/v1/rollouts/{id}/recovery,getPlatformRolloutRecovery,platform-control,f97dcbc3ecfbc19a130c4dbafef6cb7def9c3eb8
core/platform-control/contracts/platform-progressive-rollout.openapi.yaml,79,POST,/platform/v1/rollouts/{id}/advance,advancePlatformRollout,platform-control,f97dcbc3ecfbc19a130c4dbafef6cb7def9c3eb8
core/platform-control/contracts/platform-progressive-rollout.openapi.yaml,90,POST,/platform/v1/rollouts/{id}/pause,pausePlatformRollout,platform-control,f97dcbc3ecfbc19a130c4dbafef6cb7def9c3eb8
core/platform-control/contracts/platform-progressive-rollout.openapi.yaml,101,POST,/platform/v1/rollouts/{id}/resume,resumePlatformRollout,platform-control,f97dcbc3ecfbc19a130c4dbafef6cb7def9c3eb8
core/platform-control/contracts/platform-progressive-rollout.openapi.yaml,113,POST,/platform/v1/rollouts/{id}/abort,abortPlatformRollout,platform-control,f97dcbc3ecfbc19a130c4dbafef6cb7def9c3eb8
core/platform-control/contracts/platform-progressive-rollout.openapi.yaml,124,POST,/platform/v1/rollouts/{id}/rollback,rollbackPlatformRollout,platform-control,f97dcbc3ecfbc19a130c4dbafef6cb7def9c3eb8
core/providers/contracts/providers.openapi.yaml,15,GET,/providers/health,getExternalProviderHealth,providers,f97dcbc3ecfbc19a130c4dbafef6cb7def9c3eb8
core/providers/contracts/providers.openapi.yaml,38,GET,/providers/readiness,getExternalProviderReadiness,providers,f97dcbc3ecfbc19a130c4dbafef6cb7def9c3eb8
core/providers/contracts/providers.openapi.yaml,67,GET,/providers,listProviders,providers,f97dcbc3ecfbc19a130c4dbafef6cb7def9c3eb8
core/providers/contracts/providers.openapi.yaml,95,GET,/providers/{providerId},getProvider,providers,f97dcbc3ecfbc19a130c4dbafef6cb7def9c3eb8
core/providers/contracts/providers.openapi.yaml,114,PATCH,/providers/{providerId},updateProvider,providers,f97dcbc3ecfbc19a130c4dbafef6cb7def9c3eb8
core/providers/contracts/providers.openapi.yaml,165,POST,/providers/maps/search,searchMapLocations,providers,f97dcbc3ecfbc19a130c4dbafef6cb7def9c3eb8
core/providers/contracts/providers.openapi.yaml,196,POST,/providers/maps/reverse,reverseMapLocation,providers,f97dcbc3ecfbc19a130c4dbafef6cb7def9c3eb8
core/providers/contracts/providers.openapi.yaml,227,POST,/providers/maps/route,routeMapLocations,providers,f97dcbc3ecfbc19a130c4dbafef6cb7def9c3eb8
core/workforce/contracts/workforce.internal-scopes.openapi.yaml,9,GET,/internal/assignments/{actorId}/scopes,getInternalActorScopes,workforce,f97dcbc3ecfbc19a130c4dbafef6cb7def9c3eb8
core/workforce/contracts/workforce.internal-scopes.openapi.yaml,34,PUT,/internal/assignments/{actorId}/scopes,updateInternalActorScopes,workforce,f97dcbc3ecfbc19a130c4dbafef6cb7def9c3eb8
core/workforce/contracts/workforce.openapi.yaml,23,GET,/workforce/health,getWorkforceHealth,workforce,f97dcbc3ecfbc19a130c4dbafef6cb7def9c3eb8
core/workforce/contracts/workforce.openapi.yaml,37,GET,/workforce/readiness,getWorkforceReadiness,workforce,f97dcbc3ecfbc19a130c4dbafef6cb7def9c3eb8
core/workforce/contracts/workforce.openapi.yaml,53,POST,/workforce/field-agents,createFieldAgent,workforce,f97dcbc3ecfbc19a130c4dbafef6cb7def9c3eb8
core/workforce/contracts/workforce.openapi.yaml,105,GET,/workforce/field-agents,listFieldAgents,workforce,f97dcbc3ecfbc19a130c4dbafef6cb7def9c3eb8
core/workforce/contracts/workforce.openapi.yaml,157,GET,/workforce/field-agents/{actorId},getFieldAgent,workforce,f97dcbc3ecfbc19a130c4dbafef6cb7def9c3eb8
core/workforce/contracts/workforce.openapi.yaml,178,PATCH,/workforce/field-agents/{actorId},updateFieldAgent,workforce,f97dcbc3ecfbc19a130c4dbafef6cb7def9c3eb8
core/workforce/contracts/workforce.openapi.yaml,221,POST,/workforce/field-agents/{actorId}/suspend,suspendFieldAgent,workforce,f97dcbc3ecfbc19a130c4dbafef6cb7def9c3eb8
core/workforce/contracts/workforce.openapi.yaml,261,POST,/workforce/field-agents/{actorId}/reactivate,reactivateFieldAgent,workforce,f97dcbc3ecfbc19a130c4dbafef6cb7def9c3eb8
core/workforce/contracts/workforce.openapi.yaml,298,POST,/workforce/field-agents/{actorId}/activation-codes,issueFieldAgentActivation,workforce,f97dcbc3ecfbc19a130c4dbafef6cb7def9c3eb8
core/workforce/contracts/workforce.openapi.yaml,353,DELETE,/workforce/field-agents/{actorId}/activation-codes,revokeFieldAgentActivation,workforce,f97dcbc3ecfbc19a130c4dbafef6cb7def9c3eb8
core/workforce/contracts/workforce.openapi.yaml,372,POST,/workforce/captains,createCaptain,workforce,f97dcbc3ecfbc19a130c4dbafef6cb7def9c3eb8
core/workforce/contracts/workforce.openapi.yaml,409,GET,/workforce/captains,listCaptains,workforce,f97dcbc3ecfbc19a130c4dbafef6cb7def9c3eb8
core/workforce/contracts/workforce.openapi.yaml,460,GET,/workforce/captains/{actorId},getCaptain,workforce,f97dcbc3ecfbc19a130c4dbafef6cb7def9c3eb8
core/workforce/contracts/workforce.openapi.yaml,480,PATCH,/workforce/captains/{actorId},updateCaptain,workforce,f97dcbc3ecfbc19a130c4dbafef6cb7def9c3eb8
core/workforce/contracts/workforce.openapi.yaml,512,POST,/workforce/captains/{actorId}/suspend,suspendCaptain,workforce,f97dcbc3ecfbc19a130c4dbafef6cb7def9c3eb8
core/workforce/contracts/workforce.openapi.yaml,542,POST,/workforce/captains/{actorId}/reactivate,reactivateCaptain,workforce,f97dcbc3ecfbc19a130c4dbafef6cb7def9c3eb8
core/workforce/contracts/workforce.openapi.yaml,572,POST,/workforce/captains/{actorId}/activation-codes,issueCaptainActivation,workforce,f97dcbc3ecfbc19a130c4dbafef6cb7def9c3eb8
core/workforce/contracts/workforce.openapi.yaml,608,DELETE,/workforce/captains/{actorId}/activation-codes,revokeCaptainActivation,workforce,f97dcbc3ecfbc19a130c4dbafef6cb7def9c3eb8
core/workforce/contracts/workforce.openapi.yaml,626,POST,/workforce/employees,createEmployee,workforce,f97dcbc3ecfbc19a130c4dbafef6cb7def9c3eb8
core/workforce/contracts/workforce.openapi.yaml,662,GET,/workforce/employees,listEmployees,workforce,f97dcbc3ecfbc19a130c4dbafef6cb7def9c3eb8
core/workforce/contracts/workforce.openapi.yaml,713,GET,/workforce/employees/{actorId},getEmployee,workforce,f97dcbc3ecfbc19a130c4dbafef6cb7def9c3eb8
core/workforce/contracts/workforce.openapi.yaml,733,PATCH,/workforce/employees/{actorId},updateEmployee,workforce,f97dcbc3ecfbc19a130c4dbafef6cb7def9c3eb8
core/workforce/contracts/workforce.openapi.yaml,765,POST,/workforce/employees/{actorId}/suspend,suspendEmployee,workforce,f97dcbc3ecfbc19a130c4dbafef6cb7def9c3eb8
core/workforce/contracts/workforce.openapi.yaml,795,POST,/workforce/employees/{actorId}/reactivate,reactivateEmployee,workforce,f97dcbc3ecfbc19a130c4dbafef6cb7def9c3eb8
core/workforce/contracts/workforce.openapi.yaml,825,GET,/workforce/me,getMyWorkforceProfile,workforce,f97dcbc3ecfbc19a130c4dbafef6cb7def9c3eb8
core/workforce/contracts/workforce.openapi.yaml,847,PATCH,/workforce/me,updateMyWorkforceProfile,workforce,f97dcbc3ecfbc19a130c4dbafef6cb7def9c3eb8
core/workforce/contracts/workforce.openapi.yaml,885,GET,/workforce/reference/cities,listWorkforceCities,workforce,f97dcbc3ecfbc19a130c4dbafef6cb7def9c3eb8
core/workforce/contracts/workforce.openapi.yaml,910,GET,/workforce/reference/shifts,listWorkforceShifts,workforce,f97dcbc3ecfbc19a130c4dbafef6cb7def9c3eb8
core/workforce/contracts/workforce.openapi.yaml,934,POST,/workforce/reference/shifts,createWorkforceShift,workforce,f97dcbc3ecfbc19a130c4dbafef6cb7def9c3eb8
core/workforce/contracts/workforce.openapi.yaml,966,PATCH,/workforce/reference/shifts/{code},updateWorkforceShift,workforce,f97dcbc3ecfbc19a130c4dbafef6cb7def9c3eb8
core/workforce/contracts/workforce.openapi.yaml,994,GET,/workforce/reference/supervisors,searchWorkforceSupervisors,workforce,f97dcbc3ecfbc19a130c4dbafef6cb7def9c3eb8
core/workforce/contracts/workforce.operational-core.openapi.yaml,14,GET,/workforce/field-agents/{actorId}/operational-core,getFieldOperationalCore,workforce,f97dcbc3ecfbc19a130c4dbafef6cb7def9c3eb8
core/workforce/contracts/workforce.operational-core.openapi.yaml,23,PATCH,/workforce/field-agents/{actorId}/operational-core,patchFieldOperationalCore,workforce,f97dcbc3ecfbc19a130c4dbafef6cb7def9c3eb8
core/workforce/contracts/workforce.operational-core.openapi.yaml,40,GET,/workforce/captains/{actorId}/operational-core,getCaptainOperationalCore,workforce,f97dcbc3ecfbc19a130c4dbafef6cb7def9c3eb8
core/workforce/contracts/workforce.operational-core.openapi.yaml,49,PATCH,/workforce/captains/{actorId}/operational-core,patchCaptainOperationalCore,workforce,f97dcbc3ecfbc19a130c4dbafef6cb7def9c3eb8
core/workforce/contracts/workforce.operational-core.openapi.yaml,66,POST,/workforce/captains/{actorId}/classification/basic,promoteCaptainToBasic,workforce,f97dcbc3ecfbc19a130c4dbafef6cb7def9c3eb8
core/workforce/contracts/workforce.operational-core.openapi.yaml,90,GET,/workforce/me/operational-core,getOwnProviderOperationalCore,workforce,f97dcbc3ecfbc19a130c4dbafef6cb7def9c3eb8
core/workforce/contracts/workforce.operational-core.openapi.yaml,99,GET,/workforce/me/availability-notices,listOwnAvailabilityNotices,workforce,f97dcbc3ecfbc19a130c4dbafef6cb7def9c3eb8
core/workforce/contracts/workforce.operational-core.openapi.yaml,121,POST,/workforce/me/availability-notices,createOwnAvailabilityNotice,workforce,f97dcbc3ecfbc19a130c4dbafef6cb7def9c3eb8
core/workforce/contracts/workforce.operational-core.openapi.yaml,144,GET,/workforce/me/incidents,listOwnProviderIncidents,workforce,f97dcbc3ecfbc19a130c4dbafef6cb7def9c3eb8
core/workforce/contracts/workforce.operational-core.openapi.yaml,159,POST,/workforce/me/incidents/{incidentId}/appeal,appealOwnProviderIncident,workforce,f97dcbc3ecfbc19a130c4dbafef6cb7def9c3eb8
core/workforce/contracts/workforce.operational-core.openapi.yaml,179,GET,/workforce/provider-incidents,listProviderIncidentsForOperator,workforce,f97dcbc3ecfbc19a130c4dbafef6cb7def9c3eb8
core/workforce/contracts/workforce.operational-core.openapi.yaml,196,POST,/workforce/provider-incidents,createProviderIncident,workforce,f97dcbc3ecfbc19a130c4dbafef6cb7def9c3eb8
core/workforce/contracts/workforce.operational-core.openapi.yaml,214,PATCH,/workforce/provider-incidents/{incidentId}/status,transitionProviderIncident,workforce,f97dcbc3ecfbc19a130c4dbafef6cb7def9c3eb8
core/workforce/contracts/workforce.operational-core.openapi.yaml,233,GET,/workforce/provider-incidents/{incidentId}/transitions,listProviderIncidentTransitions,workforce,f97dcbc3ecfbc19a130c4dbafef6cb7def9c3eb8
core/workforce/contracts/workforce.reference-mutations.openapi.yaml,9,POST,/workforce/reference/cities,createWorkforceCity,workforce,f97dcbc3ecfbc19a130c4dbafef6cb7def9c3eb8
core/workforce/contracts/workforce.reference-mutations.openapi.yaml,23,PATCH,/workforce/reference/cities/{code},updateWorkforceCity,workforce,f97dcbc3ecfbc19a130c4dbafef6cb7def9c3eb8
core/workforce/contracts/workforce.reference-mutations.openapi.yaml,43,POST,/workforce/{collection}/{actorId}/documents,appendWorkforceProviderDocument,workforce,f97dcbc3ecfbc19a130c4dbafef6cb7def9c3eb8
core/workforce/contracts/workforce.sovereign-leadership.openapi.yaml,17,GET,/workforce/sovereign-leadership/reference-data,getSovereignLeadershipReferenceData,workforce,f97dcbc3ecfbc19a130c4dbafef6cb7def9c3eb8
core/workforce/contracts/workforce.sovereign-leadership.openapi.yaml,34,GET,/workforce/sovereign-leadership,listSovereignLeadership,workforce,f97dcbc3ecfbc19a130c4dbafef6cb7def9c3eb8
core/workforce/contracts/workforce.sovereign-leadership.openapi.yaml,55,POST,/workforce/sovereign-leadership,createSovereignLeader,workforce,f97dcbc3ecfbc19a130c4dbafef6cb7def9c3eb8
core/workforce/contracts/workforce.sovereign-leadership.openapi.yaml,87,GET,/workforce/department-employees,listDepartmentEmployees,workforce,f97dcbc3ecfbc19a130c4dbafef6cb7def9c3eb8
core/workforce/contracts/workforce.sovereign-leadership.openapi.yaml,99,POST,/workforce/department-employees,createDepartmentEmployee,workforce,f97dcbc3ecfbc19a130c4dbafef6cb7def9c3eb8
core/workforce/contracts/workforce.sovereign-leadership.openapi.yaml,125,GET,/workforce/department-employees/{actorId},getDepartmentEmployee,workforce,f97dcbc3ecfbc19a130c4dbafef6cb7def9c3eb8
core/workforce/contracts/workforce.sovereign-leadership.openapi.yaml,141,PATCH,/workforce/department-employees/{actorId},updateDepartmentEmployee,workforce,f97dcbc3ecfbc19a130c4dbafef6cb7def9c3eb8
core/workforce/contracts/workforce.sovereign-leadership.openapi.yaml,166,POST,/workforce/department-employees/{actorId}/suspend,suspendDepartmentEmployee,workforce,f97dcbc3ecfbc19a130c4dbafef6cb7def9c3eb8
core/workforce/contracts/workforce.sovereign-leadership.openapi.yaml,191,POST,/workforce/department-employees/{actorId}/reactivate,reactivateDepartmentEmployee,workforce,f97dcbc3ecfbc19a130c4dbafef6cb7def9c3eb8
core/workforce/contracts/workforce.sovereign-leadership.openapi.yaml,216,POST,/workforce/department-employees/{actorId}/activation-codes,issueDepartmentEmployeeActivation,workforce,f97dcbc3ecfbc19a130c4dbafef6cb7def9c3eb8
core/workforce/contracts/workforce.sovereign-leadership.openapi.yaml,240,DELETE,/workforce/department-employees/{actorId}/activation-codes,revokeDepartmentEmployeeActivation,workforce,f97dcbc3ecfbc19a130c4dbafef6cb7def9c3eb8
core/workforce/contracts/workforce.sovereign-leadership.openapi.yaml,253,GET,/workforce/employees/{actorId}/governance,getEmployeeGovernance,workforce,f97dcbc3ecfbc19a130c4dbafef6cb7def9c3eb8
core/workforce/contracts/workforce.sovereign-leadership.openapi.yaml,272,PUT,/workforce/employees/{actorId}/governance,putEmployeeGovernance,workforce,f97dcbc3ecfbc19a130c4dbafef6cb7def9c3eb8
services/dsh/contracts/dsh.administration.openapi.yaml,14,GET,/operator/admin/roles,listDshAdministrationRoles,dsh,f97dcbc3ecfbc19a130c4dbafef6cb7def9c3eb8
services/dsh/contracts/dsh.administration.openapi.yaml,32,POST,/operator/admin/roles/requests,requestDshAdministrationRoleDefinition,dsh,f97dcbc3ecfbc19a130c4dbafef6cb7def9c3eb8
services/dsh/contracts/dsh.administration.openapi.yaml,56,GET,/operator/admin/role-requests,listDshAdministrationRoleDefinitionRequests,dsh,f97dcbc3ecfbc19a130c4dbafef6cb7def9c3eb8
services/dsh/contracts/dsh.administration.openapi.yaml,76,POST,/operator/admin/role-requests/{requestId}/review,reviewDshAdministrationRoleDefinitionRequest,dsh,f97dcbc3ecfbc19a130c4dbafef6cb7def9c3eb8
services/dsh/contracts/dsh.administration.openapi.yaml,107,GET,/operator/admin/staff,listDshAdministrationStaff,dsh,f97dcbc3ecfbc19a130c4dbafef6cb7def9c3eb8
services/dsh/contracts/dsh.administration.openapi.yaml,125,POST,/operator/admin/staff/{staffId}/roles,requestDshStaffRoleChange,dsh,f97dcbc3ecfbc19a130c4dbafef6cb7def9c3eb8
services/dsh/contracts/dsh.administration.openapi.yaml,156,GET,/operator/admin/approvals,listDshRoleAssignmentApprovals,dsh,f97dcbc3ecfbc19a130c4dbafef6cb7def9c3eb8
services/dsh/contracts/dsh.administration.openapi.yaml,176,POST,/operator/admin/approvals/{approvalId}/review,reviewDshStaffRoleChange,dsh,f97dcbc3ecfbc19a130c4dbafef6cb7def9c3eb8
services/dsh/contracts/dsh.administration.openapi.yaml,207,POST,/operator/admin/approvals/{approvalId}/rollback-requests,requestDshAdministrationDecisionRollback,dsh,f97dcbc3ecfbc19a130c4dbafef6cb7def9c3eb8
services/dsh/contracts/dsh.administration.openapi.yaml,243,GET,/operator/admin/rollback-requests,listDshAdministrationRollbackRequests,dsh,f97dcbc3ecfbc19a130c4dbafef6cb7def9c3eb8
services/dsh/contracts/dsh.administration.openapi.yaml,263,POST,/operator/admin/rollback-requests/{requestId}/review,reviewDshAdministrationDecisionRollback,dsh,f97dcbc3ecfbc19a130c4dbafef6cb7def9c3eb8
services/dsh/contracts/dsh.administration.openapi.yaml,294,GET,/operator/admin/diagnostics,getDshAdministrationDiagnostics,dsh,f97dcbc3ecfbc19a130c4dbafef6cb7def9c3eb8
services/dsh/contracts/dsh.administration.openapi.yaml,312,GET,/operator/admin/partners,listDshAdministrationPartnerActivationProjections,dsh,f97dcbc3ecfbc19a130c4dbafef6cb7def9c3eb8
services/dsh/contracts/dsh.administration.openapi.yaml,327,GET,/operator/admin/captains,listDshAdministrationCaptainCredentialProjections,dsh,f97dcbc3ecfbc19a130c4dbafef6cb7def9c3eb8
services/dsh/contracts/dsh.administration.openapi.yaml,342,GET,/operator/admin/audit,listDshAdministrationAudit,dsh,f97dcbc3ecfbc19a130c4dbafef6cb7def9c3eb8
services/dsh/contracts/dsh.administration.openapi.yaml,367,GET,/operator/admin/support-sessions,listDshAdministrationSupportSessionRequests,dsh,f97dcbc3ecfbc19a130c4dbafef6cb7def9c3eb8
services/dsh/contracts/dsh.administration.openapi.yaml,394,POST,/operator/admin/support-sessions,createDshAdministrationSupportSessionRequest,dsh,f97dcbc3ecfbc19a130c4dbafef6cb7def9c3eb8
services/dsh/contracts/dsh.administration.openapi.yaml,421,POST,/operator/admin/support-sessions/{requestId}/review,reviewDshAdministrationSupportSessionRequest,dsh,f97dcbc3ecfbc19a130c4dbafef6cb7def9c3eb8
services/dsh/contracts/dsh.administration.openapi.yaml,453,POST,/operator/admin/support-sessions/{requestId}/revoke,revokeDshAdministrationSupportSessionRequest,dsh,f97dcbc3ecfbc19a130c4dbafef6cb7def9c3eb8
services/dsh/contracts/dsh.administration.openapi.yaml,479,GET,/operator/admin/support/snapshot,getDshAdministrationSupportSnapshot,dsh,f97dcbc3ecfbc19a130c4dbafef6cb7def9c3eb8
services/dsh/contracts/dsh.analytics-extensions.openapi.yaml,29,GET,/dsh/operator/analytics/operations,getDshOperationsAnalytics,dsh,f97dcbc3ecfbc19a130c4dbafef6cb7def9c3eb8
services/dsh/contracts/dsh.captain-financial-eligibility.openapi.yaml,15,GET,/dsh/operator/platform/dispatch-balance-policy,getDispatchBalancePolicy,dsh,f97dcbc3ecfbc19a130c4dbafef6cb7def9c3eb8
services/dsh/contracts/dsh.captain-financial-eligibility.openapi.yaml,27,PUT,/dsh/operator/platform/dispatch-balance-policy,upsertDispatchBalancePolicy,dsh,f97dcbc3ecfbc19a130c4dbafef6cb7def9c3eb8
services/dsh/contracts/dsh.captain-financial-eligibility.openapi.yaml,45,GET,/dsh/operator/dispatch/captains/{captainId}/financial-eligibility,getOperatorCaptainFinancialEligibility,dsh,f97dcbc3ecfbc19a130c4dbafef6cb7def9c3eb8
services/dsh/contracts/dsh.captain-financial-eligibility.openapi.yaml,63,POST,/dsh/operator/dispatch/captains/{captainId}/financial-eligibility/refresh,refreshOperatorCaptainFinancialEligibility,dsh,f97dcbc3ecfbc19a130c4dbafef6cb7def9c3eb8
services/dsh/contracts/dsh.captain-financial-eligibility.openapi.yaml,79,GET,/dsh/captain/dispatch/financial-eligibility,getOwnCaptainFinancialEligibility,dsh,f97dcbc3ecfbc19a130c4dbafef6cb7def9c3eb8
services/dsh/contracts/dsh.captain-financial-eligibility.openapi.yaml,94,POST,/dsh/captain/dispatch/financial-eligibility/refresh,refreshOwnCaptainFinancialEligibility,dsh,f97dcbc3ecfbc19a130c4dbafef6cb7def9c3eb8
services/dsh/contracts/dsh.catalog-governance.openapi.yaml,20,GET,/dsh/operator/catalog/attributes,listOperatorCatalogAttributes,dsh,f97dcbc3ecfbc19a130c4dbafef6cb7def9c3eb8
services/dsh/contracts/dsh.catalog-governance.openapi.yaml,26,POST,/dsh/operator/catalog/attributes,createOperatorCatalogAttribute,dsh,f97dcbc3ecfbc19a130c4dbafef6cb7def9c3eb8
services/dsh/contracts/dsh.catalog-governance.openapi.yaml,37,GET,/dsh/operator/catalog/attributes/{attributeId}/options,listOperatorCatalogAttributeOptions,dsh,f97dcbc3ecfbc19a130c4dbafef6cb7def9c3eb8
services/dsh/contracts/dsh.catalog-governance.openapi.yaml,43,POST,/dsh/operator/catalog/attributes/{attributeId}/options,createOperatorCatalogAttributeOption,dsh,f97dcbc3ecfbc19a130c4dbafef6cb7def9c3eb8
services/dsh/contracts/dsh.catalog-governance.openapi.yaml,55,PUT,/dsh/operator/catalog/nodes/{nodeId}/attributes/{attributeId},upsertOperatorCatalogNodeAttributeRule,dsh,f97dcbc3ecfbc19a130c4dbafef6cb7def9c3eb8
services/dsh/contracts/dsh.catalog-governance.openapi.yaml,66,GET,/dsh/operator/catalog/master-products/{productId}/attribute-values,listOperatorMasterProductAttributeValues,dsh,f97dcbc3ecfbc19a130c4dbafef6cb7def9c3eb8
services/dsh/contracts/dsh.catalog-governance.openapi.yaml,77,PUT,/dsh/operator/catalog/master-products/{productId}/attribute-values/{attributeId},upsertOperatorMasterProductAttributeValue,dsh,f97dcbc3ecfbc19a130c4dbafef6cb7def9c3eb8
services/dsh/contracts/dsh.catalog-governance.openapi.yaml,88,GET,/dsh/operator/catalog/master-products/{productId}/relationships,listOperatorMasterProductRelationships,dsh,f97dcbc3ecfbc19a130c4dbafef6cb7def9c3eb8
services/dsh/contracts/dsh.catalog-governance.openapi.yaml,94,PUT,/dsh/operator/catalog/master-products/{productId}/relationships,upsertOperatorMasterProductRelationship,dsh,f97dcbc3ecfbc19a130c4dbafef6cb7def9c3eb8
services/dsh/contracts/dsh.catalog-governance.openapi.yaml,110,DELETE,/dsh/operator/catalog/master-products/{productId}/relationships/{relationshipId},deleteOperatorMasterProductRelationship,dsh,f97dcbc3ecfbc19a130c4dbafef6cb7def9c3eb8
services/dsh/contracts/dsh.catalog-governance.openapi.yaml,120,GET,/dsh/operator/stores/{storeId}/assortment-pauses,listOperatorAssortmentPauses,dsh,f97dcbc3ecfbc19a130c4dbafef6cb7def9c3eb8
services/dsh/contracts/dsh.catalog-governance.openapi.yaml,131,POST,/dsh/operator/stores/{storeId}/assortment/{masterProductId}/pause,pauseOperatorStoreAssortment,dsh,f97dcbc3ecfbc19a130c4dbafef6cb7def9c3eb8
services/dsh/contracts/dsh.catalog-governance.openapi.yaml,143,POST,/dsh/operator/stores/{storeId}/assortment/{masterProductId}/resume,resumeOperatorStoreAssortment,dsh,f97dcbc3ecfbc19a130c4dbafef6cb7def9c3eb8
services/dsh/contracts/dsh.catalog-governance.openapi.yaml,152,GET,/dsh/operator/catalog/audit,listOperatorCatalogAudit,dsh,f97dcbc3ecfbc19a130c4dbafef6cb7def9c3eb8
services/dsh/contracts/dsh.catalog-governance.openapi.yaml,168,POST,/dsh/operator/catalog/audit/{auditId}/rollback,rollbackOperatorCatalogAudit,dsh,f97dcbc3ecfbc19a130c4dbafef6cb7def9c3eb8
services/dsh/contracts/dsh.catalog-governance.openapi.yaml,178,GET,/dsh/partner/catalog/attributes,listPartnerCatalogAttributes,dsh,f97dcbc3ecfbc19a130c4dbafef6cb7def9c3eb8
services/dsh/contracts/dsh.catalog-governance.openapi.yaml,188,GET,/dsh/partner/catalog/attributes/{attributeId}/options,listPartnerCatalogAttributeOptions,dsh,f97dcbc3ecfbc19a130c4dbafef6cb7def9c3eb8
services/dsh/contracts/dsh.catalog-governance.openapi.yaml,198,GET,/dsh/partner/catalog/master-products/{productId}/attribute-values,listPartnerMasterProductAttributeValues,dsh,f97dcbc3ecfbc19a130c4dbafef6cb7def9c3eb8
services/dsh/contracts/dsh.catalog-governance.openapi.yaml,208,GET,/dsh/partner/catalog/master-products/{productId}/relationships,listPartnerMasterProductRelationships,dsh,f97dcbc3ecfbc19a130c4dbafef6cb7def9c3eb8
services/dsh/contracts/dsh.catalog-governance.openapi.yaml,218,GET,/dsh/partner/stores/{storeId}/assortment-pauses,listPartnerAssortmentPauses,dsh,f97dcbc3ecfbc19a130c4dbafef6cb7def9c3eb8
services/dsh/contracts/dsh.catalog-governance.openapi.yaml,229,POST,/dsh/partner/stores/{storeId}/assortment/{masterProductId}/pause,pausePartnerStoreAssortment,dsh,f97dcbc3ecfbc19a130c4dbafef6cb7def9c3eb8
services/dsh/contracts/dsh.catalog-governance.openapi.yaml,241,POST,/dsh/partner/stores/{storeId}/assortment/{masterProductId}/resume,resumePartnerStoreAssortment,dsh,f97dcbc3ecfbc19a130c4dbafef6cb7def9c3eb8
services/dsh/contracts/dsh.catalog-governance.openapi.yaml,250,GET,/dsh/field/catalog/attributes,listFieldCatalogAttributes,dsh,f97dcbc3ecfbc19a130c4dbafef6cb7def9c3eb8
services/dsh/contracts/dsh.catalog-governance.openapi.yaml,260,GET,/dsh/field/catalog/attributes/{attributeId}/options,listFieldCatalogAttributeOptions,dsh,f97dcbc3ecfbc19a130c4dbafef6cb7def9c3eb8
services/dsh/contracts/dsh.catalog-governance.openapi.yaml,270,GET,/dsh/field/catalog/master-products/{productId}/attribute-values,listFieldMasterProductAttributeValues,dsh,f97dcbc3ecfbc19a130c4dbafef6cb7def9c3eb8
services/dsh/contracts/dsh.catalog-governance.openapi.yaml,280,GET,/dsh/field/catalog/master-products/{productId}/relationships,listFieldMasterProductRelationships,dsh,f97dcbc3ecfbc19a130c4dbafef6cb7def9c3eb8
services/dsh/contracts/dsh.catalog-governance.openapi.yaml,290,GET,/dsh/field/partners/{partnerId}/assortment-pauses,listFieldAssortmentPauses,dsh,f97dcbc3ecfbc19a130c4dbafef6cb7def9c3eb8
services/dsh/contracts/dsh.catalog-governance.openapi.yaml,301,POST,/dsh/field/partners/{partnerId}/assortment/{masterProductId}/pause,pauseFieldStoreAssortment,dsh,f97dcbc3ecfbc19a130c4dbafef6cb7def9c3eb8
services/dsh/contracts/dsh.catalog-governance.openapi.yaml,313,POST,/dsh/field/partners/{partnerId}/assortment/{masterProductId}/resume,resumeFieldStoreAssortment,dsh,f97dcbc3ecfbc19a130c4dbafef6cb7def9c3eb8
services/dsh/contracts/dsh.catalog.openapi.yaml,19,GET,/dsh/operator/catalog/domains,listCatalogDomains,dsh,f97dcbc3ecfbc19a130c4dbafef6cb7def9c3eb8
services/dsh/contracts/dsh.catalog.openapi.yaml,27,POST,/dsh/operator/catalog/domains,createCatalogDomain,dsh,f97dcbc3ecfbc19a130c4dbafef6cb7def9c3eb8
services/dsh/contracts/dsh.catalog.openapi.yaml,42,PATCH,/dsh/operator/catalog/domains/{domainId},updateCatalogDomain,dsh,f97dcbc3ecfbc19a130c4dbafef6cb7def9c3eb8
services/dsh/contracts/dsh.catalog.openapi.yaml,59,GET,/dsh/operator/catalog/nodes,listCatalogNodes,dsh,f97dcbc3ecfbc19a130c4dbafef6cb7def9c3eb8
services/dsh/contracts/dsh.catalog.openapi.yaml,69,POST,/dsh/operator/catalog/nodes,createCatalogNode,dsh,f97dcbc3ecfbc19a130c4dbafef6cb7def9c3eb8
services/dsh/contracts/dsh.catalog.openapi.yaml,84,PATCH,/dsh/operator/catalog/nodes/{nodeId},updateCatalogNode,dsh,f97dcbc3ecfbc19a130c4dbafef6cb7def9c3eb8
services/dsh/contracts/dsh.catalog.openapi.yaml,101,GET,/dsh/operator/catalog/master-products,listMasterProductsOperator,dsh,f97dcbc3ecfbc19a130c4dbafef6cb7def9c3eb8
services/dsh/contracts/dsh.catalog.openapi.yaml,115,POST,/dsh/operator/catalog/master-products,createMasterProduct,dsh,f97dcbc3ecfbc19a130c4dbafef6cb7def9c3eb8
services/dsh/contracts/dsh.catalog.openapi.yaml,130,GET,/dsh/operator/catalog/master-products/{productId},getMasterProductOperator,dsh,f97dcbc3ecfbc19a130c4dbafef6cb7def9c3eb8
services/dsh/contracts/dsh.catalog.openapi.yaml,141,PATCH,/dsh/operator/catalog/master-products/{productId},updateMasterProduct,dsh,f97dcbc3ecfbc19a130c4dbafef6cb7def9c3eb8
services/dsh/contracts/dsh.catalog.openapi.yaml,158,GET,/dsh/operator/catalog/product-proposals,listProductProposals,dsh,f97dcbc3ecfbc19a130c4dbafef6cb7def9c3eb8
services/dsh/contracts/dsh.catalog.openapi.yaml,172,POST,/dsh/operator/catalog/product-proposals/{proposalId}/decision,decideProductProposal,dsh,f97dcbc3ecfbc19a130c4dbafef6cb7def9c3eb8
services/dsh/contracts/dsh.catalog.openapi.yaml,190,POST,/dsh/operator/catalog/product-proposals/{proposalId}/transition,transitionProductProposal,dsh,f97dcbc3ecfbc19a130c4dbafef6cb7def9c3eb8
services/dsh/contracts/dsh.catalog.openapi.yaml,208,GET,/dsh/operator/catalog/platform-policies,listCatalogPlatformPolicies,dsh,f97dcbc3ecfbc19a130c4dbafef6cb7def9c3eb8
services/dsh/contracts/dsh.catalog.openapi.yaml,217,PUT,/dsh/operator/catalog/platform-policies/{policyId},updateCatalogPlatformPolicy,dsh,f97dcbc3ecfbc19a130c4dbafef6cb7def9c3eb8
services/dsh/contracts/dsh.catalog.openapi.yaml,232,PATCH,/dsh/operator/catalog/platform-policies/{policyId},patchCatalogPlatformPolicy,dsh,f97dcbc3ecfbc19a130c4dbafef6cb7def9c3eb8
services/dsh/contracts/dsh.catalog.openapi.yaml,249,GET,/dsh/operator/stores/{storeId}/assortment,getOperatorStoreAssortment,dsh,f97dcbc3ecfbc19a130c4dbafef6cb7def9c3eb8
services/dsh/contracts/dsh.catalog.openapi.yaml,260,PUT,/dsh/operator/stores/{storeId}/assortment/{masterProductId},upsertOperatorStoreAssortment,dsh,f97dcbc3ecfbc19a130c4dbafef6cb7def9c3eb8
services/dsh/contracts/dsh.catalog.openapi.yaml,279,GET,/dsh/partner/catalog/taxonomy,getPartnerCatalogTaxonomy,dsh,f97dcbc3ecfbc19a130c4dbafef6cb7def9c3eb8
services/dsh/contracts/dsh.catalog.openapi.yaml,288,GET,/dsh/partner/catalog/master-products,listPartnerMasterProducts,dsh,f97dcbc3ecfbc19a130c4dbafef6cb7def9c3eb8
services/dsh/contracts/dsh.catalog.openapi.yaml,297,GET,/dsh/partner/catalog/product-proposals,listPartnerProductProposals,dsh,f97dcbc3ecfbc19a130c4dbafef6cb7def9c3eb8
services/dsh/contracts/dsh.catalog.openapi.yaml,309,POST,/dsh/partner/catalog/product-proposals,createPartnerProductProposal,dsh,f97dcbc3ecfbc19a130c4dbafef6cb7def9c3eb8
services/dsh/contracts/dsh.catalog.openapi.yaml,323,PATCH,/dsh/partner/catalog/product-proposals/{proposalId},patchPartnerProductProposal,dsh,f97dcbc3ecfbc19a130c4dbafef6cb7def9c3eb8
services/dsh/contracts/dsh.catalog.openapi.yaml,338,PUT,/dsh/partner/catalog/product-proposals/{proposalId},patchPartnerProductProposalCompat,dsh,f97dcbc3ecfbc19a130c4dbafef6cb7def9c3eb8
services/dsh/contracts/dsh.catalog.openapi.yaml,357,GET,/dsh/partner/stores/{storeId}/assortment,getPartnerStoreAssortment,dsh,f97dcbc3ecfbc19a130c4dbafef6cb7def9c3eb8
services/dsh/contracts/dsh.catalog.openapi.yaml,368,PUT,/dsh/partner/stores/{storeId}/assortment/{masterProductId},upsertPartnerStoreAssortment,dsh,f97dcbc3ecfbc19a130c4dbafef6cb7def9c3eb8
services/dsh/contracts/dsh.catalog.openapi.yaml,387,GET,/dsh/field/catalog/taxonomy,getFieldCatalogTaxonomy,dsh,f97dcbc3ecfbc19a130c4dbafef6cb7def9c3eb8
services/dsh/contracts/dsh.catalog.openapi.yaml,396,GET,/dsh/field/catalog/master-products,listFieldMasterProducts,dsh,f97dcbc3ecfbc19a130c4dbafef6cb7def9c3eb8
services/dsh/contracts/dsh.catalog.openapi.yaml,405,GET,/dsh/field/partners/{partnerId}/catalog/product-proposals,listFieldProductProposals,dsh,f97dcbc3ecfbc19a130c4dbafef6cb7def9c3eb8
services/dsh/contracts/dsh.catalog.openapi.yaml,418,POST,/dsh/field/partners/{partnerId}/catalog/product-proposals,createFieldProductProposal,dsh,f97dcbc3ecfbc19a130c4dbafef6cb7def9c3eb8
services/dsh/contracts/dsh.catalog.openapi.yaml,433,PATCH,/dsh/field/partners/{partnerId}/catalog/product-proposals/{proposalId},patchFieldProductProposal,dsh,f97dcbc3ecfbc19a130c4dbafef6cb7def9c3eb8
services/dsh/contracts/dsh.catalog.openapi.yaml,450,PUT,/dsh/field/partners/{partnerId}/catalog/product-proposals/{proposalId},patchFieldProductProposalCompat,dsh,f97dcbc3ecfbc19a130c4dbafef6cb7def9c3eb8
services/dsh/contracts/dsh.catalog.openapi.yaml,471,GET,/dsh/field/partners/{partnerId}/assortment,fieldGetStoreAssortment,dsh,f97dcbc3ecfbc19a130c4dbafef6cb7def9c3eb8
services/dsh/contracts/dsh.catalog.openapi.yaml,482,PUT,/dsh/field/partners/{partnerId}/stores/{storeId}/assortment/{masterProductId},fieldUpsertStoreAssortment,dsh,f97dcbc3ecfbc19a130c4dbafef6cb7def9c3eb8
services/dsh/contracts/dsh.catalog.openapi.yaml,502,GET,/dsh/operator/catalog/assets,listCatalogAssets,dsh,f97dcbc3ecfbc19a130c4dbafef6cb7def9c3eb8
services/dsh/contracts/dsh.catalog.openapi.yaml,515,PATCH,/dsh/operator/catalog/assets/{assetId},updateCatalogAsset,dsh,f97dcbc3ecfbc19a130c4dbafef6cb7def9c3eb8
services/dsh/contracts/dsh.catalog.openapi.yaml,530,DELETE,/dsh/operator/catalog/assets/{assetId},deleteCatalogAsset,dsh,f97dcbc3ecfbc19a130c4dbafef6cb7def9c3eb8
services/dsh/contracts/dsh.catalog.openapi.yaml,543,POST,/dsh/operator/catalog/assets/{assetId}/review,reviewCatalogAsset,dsh,f97dcbc3ecfbc19a130c4dbafef6cb7def9c3eb8
services/dsh/contracts/dsh.catalog.openapi.yaml,571,GET,/dsh/catalog/domains,listCatalogDomainsLegacyPrefix,dsh,f97dcbc3ecfbc19a130c4dbafef6cb7def9c3eb8
services/dsh/contracts/dsh.catalog.openapi.yaml,580,POST,/dsh/catalog/domains,createCatalogDomainLegacyPrefix,dsh,f97dcbc3ecfbc19a130c4dbafef6cb7def9c3eb8
services/dsh/contracts/dsh.catalog.openapi.yaml,595,PATCH,/dsh/catalog/domains/{domainId},updateCatalogDomainLegacyPrefix,dsh,f97dcbc3ecfbc19a130c4dbafef6cb7def9c3eb8
services/dsh/contracts/dsh.catalog.openapi.yaml,612,GET,/dsh/catalog/nodes,listCatalogNodesLegacyPrefix,dsh,f97dcbc3ecfbc19a130c4dbafef6cb7def9c3eb8
services/dsh/contracts/dsh.catalog.openapi.yaml,623,POST,/dsh/catalog/nodes,createCatalogNodeLegacyPrefix,dsh,f97dcbc3ecfbc19a130c4dbafef6cb7def9c3eb8
services/dsh/contracts/dsh.catalog.openapi.yaml,638,PATCH,/dsh/catalog/nodes/{nodeId},updateCatalogNodeLegacyPrefix,dsh,f97dcbc3ecfbc19a130c4dbafef6cb7def9c3eb8
services/dsh/contracts/dsh.catalog.openapi.yaml,655,GET,/dsh/catalog/master-products,listMasterProductsOperatorLegacyPrefix,dsh,f97dcbc3ecfbc19a130c4dbafef6cb7def9c3eb8
services/dsh/contracts/dsh.catalog.openapi.yaml,670,POST,/dsh/catalog/master-products,createMasterProductLegacyPrefix,dsh,f97dcbc3ecfbc19a130c4dbafef6cb7def9c3eb8
services/dsh/contracts/dsh.catalog.openapi.yaml,685,PATCH,/dsh/catalog/master-products/{productId},updateMasterProductLegacyPrefix,dsh,f97dcbc3ecfbc19a130c4dbafef6cb7def9c3eb8
services/dsh/contracts/dsh.catalog.openapi.yaml,702,GET,/dsh/catalog/proposals,listProductProposalsLegacyPrefix,dsh,f97dcbc3ecfbc19a130c4dbafef6cb7def9c3eb8
services/dsh/contracts/dsh.catalog.openapi.yaml,716,POST,/dsh/catalog/proposals/{proposalId}/decision,decideProductProposalLegacyPrefix,dsh,f97dcbc3ecfbc19a130c4dbafef6cb7def9c3eb8
services/dsh/contracts/dsh.catalog.openapi.yaml,733,POST,/dsh/catalog/proposals/{proposalId}/transitions,transitionProductProposalLegacyPrefix,dsh,f97dcbc3ecfbc19a130c4dbafef6cb7def9c3eb8
services/dsh/contracts/dsh.catalog.openapi.yaml,751,GET,/dsh/catalog/policies,listCatalogPlatformPoliciesLegacyPrefix,dsh,f97dcbc3ecfbc19a130c4dbafef6cb7def9c3eb8
services/dsh/contracts/dsh.catalog.openapi.yaml,760,PATCH,/dsh/catalog/policies/{policyId},patchCatalogPlatformPolicyLegacyPrefix,dsh,f97dcbc3ecfbc19a130c4dbafef6cb7def9c3eb8
services/dsh/contracts/dsh.catalog.openapi.yaml,777,GET,/dsh/catalog/stores/{storeId}/assortment,getOperatorStoreAssortmentLegacyPrefix,dsh,f97dcbc3ecfbc19a130c4dbafef6cb7def9c3eb8
services/dsh/contracts/dsh.catalog.openapi.yaml,788,PUT,/dsh/catalog/stores/{storeId}/assortment/{masterProductId},upsertOperatorStoreAssortmentLegacyPrefix,dsh,f97dcbc3ecfbc19a130c4dbafef6cb7def9c3eb8
services/dsh/contracts/dsh.checkout.openapi.yaml,16,POST,/dsh/client/checkout-intents,createDshCheckoutIntent,dsh,f97dcbc3ecfbc19a130c4dbafef6cb7def9c3eb8
services/dsh/contracts/dsh.checkout.openapi.yaml,37,GET,/dsh/client/checkout-intents/{intentId},getDshCheckoutIntent,dsh,f97dcbc3ecfbc19a130c4dbafef6cb7def9c3eb8
services/dsh/contracts/dsh.checkout.openapi.yaml,46,POST,/dsh/client/checkout-intents/{intentId}/cancel,cancelDshCheckoutIntent,dsh,f97dcbc3ecfbc19a130c4dbafef6cb7def9c3eb8
services/dsh/contracts/dsh.checkout.openapi.yaml,55,GET,/dsh/operator/checkout-intents,listOperatorCheckoutIntents,dsh,f97dcbc3ecfbc19a130c4dbafef6cb7def9c3eb8
services/dsh/contracts/dsh.checkout.openapi.yaml,72,POST,/dsh/operator/checkout-intents/{intentId}/reconcile,reconcileDshCheckoutIntent,dsh,f97dcbc3ecfbc19a130c4dbafef6cb7def9c3eb8
services/dsh/contracts/dsh.checkout.openapi.yaml,85,POST,/dsh/internal/wlt/payment-session-events,reportWltPaymentSessionEvent,dsh,f97dcbc3ecfbc19a130c4dbafef6cb7def9c3eb8
services/dsh/contracts/dsh.client-address-privacy.openapi.yaml,18,GET,/dsh/operator/privacy/client-addresses/policy,getDshClientAddressPrivacyPolicy,dsh,f97dcbc3ecfbc19a130c4dbafef6cb7def9c3eb8
services/dsh/contracts/dsh.client-address-privacy.openapi.yaml,34,PUT,/dsh/operator/privacy/client-addresses/policy,updateDshClientAddressPrivacyPolicy,dsh,f97dcbc3ecfbc19a130c4dbafef6cb7def9c3eb8
services/dsh/contracts/dsh.client-address-privacy.openapi.yaml,63,GET,/dsh/operator/privacy/client-addresses/status,getDshClientAddressPrivacyQueueStatus,dsh,f97dcbc3ecfbc19a130c4dbafef6cb7def9c3eb8
services/dsh/contracts/dsh.client-address-privacy.openapi.yaml,81,GET,/dsh/operator/privacy/client-addresses/events,listDshClientAddressPrivacyAuditEvents,dsh,f97dcbc3ecfbc19a130c4dbafef6cb7def9c3eb8
services/dsh/contracts/dsh.client-address-privacy.openapi.yaml,108,POST,/dsh/operator/privacy/client-addresses/anonymize,anonymizeDshExpiredClientAddresses,dsh,f97dcbc3ecfbc19a130c4dbafef6cb7def9c3eb8
services/dsh/contracts/dsh.client-address.openapi.yaml,14,GET,/dsh/client/addresses,listDshClientAddresses,dsh,f97dcbc3ecfbc19a130c4dbafef6cb7def9c3eb8
services/dsh/contracts/dsh.client-address.openapi.yaml,32,POST,/dsh/client/addresses,createDshClientAddress,dsh,f97dcbc3ecfbc19a130c4dbafef6cb7def9c3eb8
services/dsh/contracts/dsh.client-address.openapi.yaml,63,PATCH,/dsh/client/addresses/{addressId},updateDshClientAddress,dsh,f97dcbc3ecfbc19a130c4dbafef6cb7def9c3eb8
services/dsh/contracts/dsh.client-address.openapi.yaml,91,DELETE,/dsh/client/addresses/{addressId},deleteDshClientAddress,dsh,f97dcbc3ecfbc19a130c4dbafef6cb7def9c3eb8
services/dsh/contracts/dsh.client-address.openapi.yaml,110,POST,/dsh/client/addresses/{addressId}/default,setDshClientDefaultAddress,dsh,f97dcbc3ecfbc19a130c4dbafef6cb7def9c3eb8
services/dsh/contracts/dsh.client-map.openapi.yaml,14,POST,/dsh/client/maps/search,searchDshClientMapLocations,dsh,f97dcbc3ecfbc19a130c4dbafef6cb7def9c3eb8
services/dsh/contracts/dsh.client-map.openapi.yaml,44,POST,/dsh/client/maps/reverse,reverseDshClientMapLocation,dsh,f97dcbc3ecfbc19a130c4dbafef6cb7def9c3eb8
services/dsh/contracts/dsh.client-map.openapi.yaml,72,GET,/dsh/operator/platform/map-provider-health,getDshOperatorMapProviderHealth,dsh,f97dcbc3ecfbc19a130c4dbafef6cb7def9c3eb8
services/dsh/contracts/dsh.client-map.openapi.yaml,94,GET,/dsh/operator/platform/service-areas,listDshOperatorServiceAreas,dsh,f97dcbc3ecfbc19a130c4dbafef6cb7def9c3eb8
services/dsh/contracts/dsh.client-map.openapi.yaml,122,GET,/dsh/operator/platform/service-areas/{serviceAreaCode},getDshOperatorServiceArea,dsh,f97dcbc3ecfbc19a130c4dbafef6cb7def9c3eb8
services/dsh/contracts/dsh.client-map.openapi.yaml,141,PUT,/dsh/operator/platform/service-areas/{serviceAreaCode},upsertDshOperatorServiceArea,dsh,f97dcbc3ecfbc19a130c4dbafef6cb7def9c3eb8
services/dsh/contracts/dsh.cod-custody.openapi.yaml,17,GET,/dsh/control-panel/finance/cod-reconciliation-cases,listDshControlPanelCodReconciliationCases,dsh,f97dcbc3ecfbc19a130c4dbafef6cb7def9c3eb8
services/dsh/contracts/dsh.cod-custody.openapi.yaml,36,POST,/dsh/control-panel/finance/cod-reconciliation-cases/{caseId}/assign,assignDshControlPanelCodReconciliationCase,dsh,f97dcbc3ecfbc19a130c4dbafef6cb7def9c3eb8
services/dsh/contracts/dsh.cod-custody.openapi.yaml,61,POST,/dsh/control-panel/finance/cod-reconciliation-cases/{caseId}/resolve,resolveDshControlPanelCodReconciliationCase,dsh,f97dcbc3ecfbc19a130c4dbafef6cb7def9c3eb8
services/dsh/contracts/dsh.cod-custody.openapi.yaml,84,GET,/dsh/partner/me/finance/cod-records,listDshPartnerCodRecords,dsh,f97dcbc3ecfbc19a130c4dbafef6cb7def9c3eb8
services/dsh/contracts/dsh.cod-custody.openapi.yaml,97,POST,/dsh/partner/me/finance/cod-records/{recordId}/remit,remitDshPartnerCodRecord,dsh,f97dcbc3ecfbc19a130c4dbafef6cb7def9c3eb8
services/dsh/contracts/dsh.cod-custody.openapi.yaml,127,GET,/dsh/captain/finance/cod-records,listDshCaptainCodRecords,dsh,f97dcbc3ecfbc19a130c4dbafef6cb7def9c3eb8
services/dsh/contracts/dsh.cod-custody.openapi.yaml,141,POST,/dsh/captain/finance/cod-records/{recordId}/collect,collectDshCaptainCodRecord,dsh,f97dcbc3ecfbc19a130c4dbafef6cb7def9c3eb8
services/dsh/contracts/dsh.cod-custody.openapi.yaml,167,POST,/dsh/captain/finance/cod-records/{recordId}/remit,remitDshCaptainCodRecord,dsh,f97dcbc3ecfbc19a130c4dbafef6cb7def9c3eb8
services/dsh/contracts/dsh.delivery-exceptions.openapi.yaml,25,POST,/dsh/captain/dispatch/assignments/{assignmentId}/exceptions,reportDshCaptainDeliveryException,dsh,f97dcbc3ecfbc19a130c4dbafef6cb7def9c3eb8
services/dsh/contracts/dsh.delivery-exceptions.openapi.yaml,47,GET,/dsh/captain/dispatch/assignments/{assignmentId}/exceptions,getDshCaptainDeliveryException,dsh,f97dcbc3ecfbc19a130c4dbafef6cb7def9c3eb8
services/dsh/contracts/dsh.delivery-exceptions.openapi.yaml,63,GET,/dsh/operator/delivery-exceptions,listDshOperatorDeliveryExceptions,dsh,f97dcbc3ecfbc19a130c4dbafef6cb7def9c3eb8
services/dsh/contracts/dsh.delivery-exceptions.openapi.yaml,97,POST,/dsh/operator/delivery-exceptions/{exceptionId}/acknowledge,acknowledgeDshOperatorDeliveryException,dsh,f97dcbc3ecfbc19a130c4dbafef6cb7def9c3eb8
services/dsh/contracts/dsh.delivery-exceptions.openapi.yaml,122,POST,/dsh/operator/delivery-exceptions/{exceptionId}/resolve,resolveDshOperatorDeliveryException,dsh,f97dcbc3ecfbc19a130c4dbafef6cb7def9c3eb8
services/dsh/contracts/dsh.delivery-exceptions.openapi.yaml,152,POST,/dsh/captain/dispatch/assignments/{assignmentId}/return-to-store/arrive,arriveDshCaptainReturnToStore,dsh,f97dcbc3ecfbc19a130c4dbafef6cb7def9c3eb8
services/dsh/contracts/dsh.delivery-exceptions.openapi.yaml,171,GET,/dsh/partner/orders/{orderId}/return-to-store,getDshPartnerReturnToStore,dsh,f97dcbc3ecfbc19a130c4dbafef6cb7def9c3eb8
services/dsh/contracts/dsh.delivery-exceptions.openapi.yaml,189,POST,/dsh/partner/orders/{orderId}/return-to-store/accept,acceptDshPartnerReturnToStore,dsh,f97dcbc3ecfbc19a130c4dbafef6cb7def9c3eb8
services/dsh/contracts/dsh.delivery-proof-completion.openapi.yaml,17,POST,/dsh/client/orders/{orderId}/delivery-pin,issueClientDeliveryPin,dsh,f97dcbc3ecfbc19a130c4dbafef6cb7def9c3eb8
services/dsh/contracts/dsh.delivery-proof-completion.openapi.yaml,38,GET,/dsh/client/orders/{orderId}/delivery-proof,getClientAcceptedDeliveryProof,dsh,f97dcbc3ecfbc19a130c4dbafef6cb7def9c3eb8
services/dsh/contracts/dsh.delivery-proof-completion.openapi.yaml,60,GET,/dsh/captain/dispatch/assignments/{assignmentId}/delivery-proof,getCaptainDeliveryProof,dsh,f97dcbc3ecfbc19a130c4dbafef6cb7def9c3eb8
services/dsh/contracts/dsh.delivery-proof-completion.openapi.yaml,79,POST,/dsh/captain/dispatch/assignments/{assignmentId}/delivery-proof,submitCaptainDeliveryProof,dsh,f97dcbc3ecfbc19a130c4dbafef6cb7def9c3eb8
services/dsh/contracts/dsh.delivery-proof-completion.openapi.yaml,126,GET,/dsh/operator/delivery-proofs,listOperatorDeliveryProofs,dsh,f97dcbc3ecfbc19a130c4dbafef6cb7def9c3eb8
services/dsh/contracts/dsh.delivery-proof-completion.openapi.yaml,152,GET,/dsh/operator/delivery-proofs/{proofId},getOperatorDeliveryProof,dsh,f97dcbc3ecfbc19a130c4dbafef6cb7def9c3eb8
services/dsh/contracts/dsh.delivery-proof-completion.openapi.yaml,174,POST,/dsh/operator/delivery-proofs/{proofId}/accept,acceptOperatorDeliveryProof,dsh,f97dcbc3ecfbc19a130c4dbafef6cb7def9c3eb8
services/dsh/contracts/dsh.delivery-proof-completion.openapi.yaml,203,POST,/dsh/operator/delivery-proofs/{proofId}/reject,rejectOperatorDeliveryProof,dsh,f97dcbc3ecfbc19a130c4dbafef6cb7def9c3eb8
services/dsh/contracts/dsh.delivery-proof-media.openapi.yaml,20,POST,/dsh/captain/dispatch/assignments/{assignmentId}/pod,submitDshPoD,dsh,f97dcbc3ecfbc19a130c4dbafef6cb7def9c3eb8
services/dsh/contracts/dsh.delivery-proof-media.openapi.yaml,61,POST,/dsh/partner/orders/{orderId}/partner-delivery/proof,submitDshPartnerDeliveryProof,dsh,f97dcbc3ecfbc19a130c4dbafef6cb7def9c3eb8
services/dsh/contracts/dsh.dispatch-governance.openapi.yaml,18,GET,/dsh/captain/me/readiness,getOwnCaptainReadiness,dsh,f97dcbc3ecfbc19a130c4dbafef6cb7def9c3eb8
services/dsh/contracts/dsh.dispatch-governance.openapi.yaml,35,GET,/dsh/operator/dispatch/captains/{captainId}/readiness,getOperatorCaptainReadiness,dsh,f97dcbc3ecfbc19a130c4dbafef6cb7def9c3eb8
services/dsh/contracts/dsh.dispatch-governance.openapi.yaml,57,GET,/dsh/operator/dispatch/assignments,listDshDispatchAssignments,dsh,f97dcbc3ecfbc19a130c4dbafef6cb7def9c3eb8
services/dsh/contracts/dsh.dispatch-governance.openapi.yaml,75,POST,/dsh/operator/dispatch/assignments,createDshAssignment,dsh,f97dcbc3ecfbc19a130c4dbafef6cb7def9c3eb8
services/dsh/contracts/dsh.dispatch-governance.openapi.yaml,102,GET,/dsh/captain/dispatch/assignments,listDshCaptainAssignments,dsh,f97dcbc3ecfbc19a130c4dbafef6cb7def9c3eb8
services/dsh/contracts/dsh.dispatch-governance.openapi.yaml,122,POST,/dsh/captain/dispatch/assignments/{assignmentId}/accept,acceptDshAssignment,dsh,f97dcbc3ecfbc19a130c4dbafef6cb7def9c3eb8
services/dsh/contracts/dsh.dispatch-governance.openapi.yaml,140,POST,/dsh/captain/dispatch/assignments/{assignmentId}/decline,declineDshAssignment,dsh,f97dcbc3ecfbc19a130c4dbafef6cb7def9c3eb8
services/dsh/contracts/dsh.dispatch-governance.openapi.yaml,164,GET,/dsh/operator/dispatch/candidates,listCaptainDispatchCandidates,dsh,f97dcbc3ecfbc19a130c4dbafef6cb7def9c3eb8
services/dsh/contracts/dsh.dispatch-governance.openapi.yaml,194,PUT,/dsh/operator/dispatch/captains/{captainId}/profile,upsertCaptainDispatchProfile,dsh,f97dcbc3ecfbc19a130c4dbafef6cb7def9c3eb8
services/dsh/contracts/dsh.dispatch-governance.openapi.yaml,224,POST,/dsh/operator/dispatch/assignments/{assignmentId}/reassign,reassignGovernedDispatchAssignment,dsh,f97dcbc3ecfbc19a130c4dbafef6cb7def9c3eb8
services/dsh/contracts/dsh.dispatch-governance.openapi.yaml,248,POST,/dsh/operator/dispatch/assignments/{assignmentId}/cancel,cancelGovernedDispatchAssignment,dsh,f97dcbc3ecfbc19a130c4dbafef6cb7def9c3eb8
services/dsh/contracts/dsh.dispatch-governance.openapi.yaml,268,POST,/dsh/operator/dispatch/assignments/expire,expireGovernedDispatchAssignments,dsh,f97dcbc3ecfbc19a130c4dbafef6cb7def9c3eb8
services/dsh/contracts/dsh.dispatch-governance.openapi.yaml,295,GET,/dsh/operator/dispatch/decisions,listDispatchDecisions,dsh,f97dcbc3ecfbc19a130c4dbafef6cb7def9c3eb8
services/dsh/contracts/dsh.home-marketing-events.openapi.yaml,19,POST,/dsh/home-discovery/events,recordDshHomeMarketingEvent,dsh,f97dcbc3ecfbc19a130c4dbafef6cb7def9c3eb8
services/dsh/contracts/dsh.home-marketing-events.openapi.yaml,43,GET,/dsh/operator/home-discovery/{kind}/{itemId}/targeting,getDshOperatorHomeTargeting,dsh,f97dcbc3ecfbc19a130c4dbafef6cb7def9c3eb8
services/dsh/contracts/dsh.home-marketing-events.openapi.yaml,58,PUT,/dsh/operator/home-discovery/{kind}/{itemId}/targeting,replaceDshOperatorHomeTargeting,dsh,f97dcbc3ecfbc19a130c4dbafef6cb7def9c3eb8
services/dsh/contracts/dsh.home-marketing-governance.openapi.yaml,19,GET,/dsh/operator/home-discovery/{kind},listOperatorHomeDiscoveryContent,dsh,f97dcbc3ecfbc19a130c4dbafef6cb7def9c3eb8
services/dsh/contracts/dsh.home-marketing-governance.openapi.yaml,41,POST,/dsh/operator/home-discovery/{kind},createOperatorHomeDiscoveryContent,dsh,f97dcbc3ecfbc19a130c4dbafef6cb7def9c3eb8
services/dsh/contracts/dsh.home-marketing-governance.openapi.yaml,64,PATCH,/dsh/operator/home-discovery/{kind}/{itemId},updateOperatorHomeDiscoveryContent,dsh,f97dcbc3ecfbc19a130c4dbafef6cb7def9c3eb8
services/dsh/contracts/dsh.home-marketing-governance.openapi.yaml,91,DELETE,/dsh/operator/home-discovery/{kind}/{itemId},deleteOperatorHomeDiscoveryContent,dsh,f97dcbc3ecfbc19a130c4dbafef6cb7def9c3eb8
services/dsh/contracts/dsh.incident-governance.openapi.yaml,18,GET,/dsh/operator/support/incidents,listDshGovernedIncidents,dsh,f97dcbc3ecfbc19a130c4dbafef6cb7def9c3eb8
services/dsh/contracts/dsh.incident-governance.openapi.yaml,32,POST,/dsh/operator/support/incidents,createDshGovernedIncident,dsh,f97dcbc3ecfbc19a130c4dbafef6cb7def9c3eb8
services/dsh/contracts/dsh.incident-governance.openapi.yaml,52,GET,/dsh/operator/support/incidents/{incidentId},getDshGovernedIncident,dsh,f97dcbc3ecfbc19a130c4dbafef6cb7def9c3eb8
services/dsh/contracts/dsh.incident-governance.openapi.yaml,61,PATCH,/dsh/operator/support/incidents/{incidentId},updateDshGovernedIncident,dsh,f97dcbc3ecfbc19a130c4dbafef6cb7def9c3eb8
services/dsh/contracts/dsh.incident-governance.openapi.yaml,83,GET,/dsh/operator/support/incidents/{incidentId}/events,listDshGovernedIncidentEvents,dsh,f97dcbc3ecfbc19a130c4dbafef6cb7def9c3eb8
services/dsh/contracts/dsh.incident-governance.openapi.yaml,104,GET,/dsh/operator/operational-incidents,listDshOperationalIncidents,dsh,f97dcbc3ecfbc19a130c4dbafef6cb7def9c3eb8
services/dsh/contracts/dsh.incident-governance.openapi.yaml,126,POST,/dsh/operator/operational-incidents,reportDshOperationalIncident,dsh,f97dcbc3ecfbc19a130c4dbafef6cb7def9c3eb8
services/dsh/contracts/dsh.incident-governance.openapi.yaml,142,GET,/dsh/operator/operational-incidents/{incidentId},getDshOperationalIncident,dsh,f97dcbc3ecfbc19a130c4dbafef6cb7def9c3eb8
services/dsh/contracts/dsh.incident-governance.openapi.yaml,155,GET,/dsh/partner/me/ratings/field/prompt,getDshPartnerFieldRatingPrompt,dsh,f97dcbc3ecfbc19a130c4dbafef6cb7def9c3eb8
services/dsh/contracts/dsh.incident-governance.openapi.yaml,166,POST,/dsh/partner/me/ratings/field,submitDshPartnerFieldRating,dsh,f97dcbc3ecfbc19a130c4dbafef6cb7def9c3eb8
services/dsh/contracts/dsh.incident-governance.openapi.yaml,186,GET,/dsh/client/me/ratings/pending-order,getDshPendingClientOrderRatingPrompt,dsh,f97dcbc3ecfbc19a130c4dbafef6cb7def9c3eb8
services/dsh/contracts/dsh.incident-governance.openapi.yaml,197,GET,/dsh/client/orders/{orderId}/rating-prompt,getDshClientOrderRatingPrompt,dsh,f97dcbc3ecfbc19a130c4dbafef6cb7def9c3eb8
services/dsh/contracts/dsh.incident-governance.openapi.yaml,211,POST,/dsh/client/orders/{orderId}/ratings,submitDshClientOrderRatings,dsh,f97dcbc3ecfbc19a130c4dbafef6cb7def9c3eb8
services/dsh/contracts/dsh.incident-governance.openapi.yaml,233,GET,/dsh/field/me/ratings/summary,getDshFieldOwnRatingSummary,dsh,f97dcbc3ecfbc19a130c4dbafef6cb7def9c3eb8
services/dsh/contracts/dsh.incident-governance.openapi.yaml,244,GET,/dsh/captain/me/ratings/summary,getDshCaptainOwnRatingSummary,dsh,f97dcbc3ecfbc19a130c4dbafef6cb7def9c3eb8
services/dsh/contracts/dsh.live-tracking.openapi.yaml,19,POST,/dsh/captain/dispatch/assignments/{assignmentId}/location,pushDshCaptainLocation,dsh,f97dcbc3ecfbc19a130c4dbafef6cb7def9c3eb8
services/dsh/contracts/dsh.live-tracking.openapi.yaml,46,GET,/dsh/client/orders/{orderId}/tracking,getDshClientOrderTracking,dsh,f97dcbc3ecfbc19a130c4dbafef6cb7def9c3eb8
services/dsh/contracts/dsh.live-tracking.openapi.yaml,64,GET,/dsh/partner/orders/{orderId}/dispatch-tracking,getDshPartnerDispatchTracking,dsh,f97dcbc3ecfbc19a130c4dbafef6cb7def9c3eb8
services/dsh/contracts/dsh.live-tracking.openapi.yaml,82,GET,/dsh/operator/dispatch/tracking-alerts,listOperatorDispatchTrackingAlerts,dsh,f97dcbc3ecfbc19a130c4dbafef6cb7def9c3eb8
services/dsh/contracts/dsh.marketing-commercial.openapi.yaml,15,GET,/dsh/operator/marketing/coupons,listDshMarketingCoupons,dsh,f97dcbc3ecfbc19a130c4dbafef6cb7def9c3eb8
services/dsh/contracts/dsh.marketing-commercial.openapi.yaml,23,POST,/dsh/operator/marketing/coupons,createDshMarketingCoupon,dsh,f97dcbc3ecfbc19a130c4dbafef6cb7def9c3eb8
services/dsh/contracts/dsh.marketing-commercial.openapi.yaml,39,PATCH,/dsh/operator/marketing/coupons/{couponId},updateDshMarketingCoupon,dsh,f97dcbc3ecfbc19a130c4dbafef6cb7def9c3eb8
services/dsh/contracts/dsh.marketing-commercial.openapi.yaml,61,GET,/dsh/operator/marketing/loyalty-tiers,listDshMarketingLoyaltyTiers,dsh,f97dcbc3ecfbc19a130c4dbafef6cb7def9c3eb8
services/dsh/contracts/dsh.marketing-commercial.openapi.yaml,69,POST,/dsh/operator/marketing/loyalty-tiers,createDshMarketingLoyaltyTier,dsh,f97dcbc3ecfbc19a130c4dbafef6cb7def9c3eb8
services/dsh/contracts/dsh.marketing-commercial.openapi.yaml,84,PATCH,/dsh/operator/marketing/loyalty-tiers/{tierId},updateDshMarketingLoyaltyTier,dsh,f97dcbc3ecfbc19a130c4dbafef6cb7def9c3eb8
services/dsh/contracts/dsh.marketing-commercial.openapi.yaml,106,GET,/dsh/operator/marketing/subscription-plans,listDshMarketingSubscriptionPlans,dsh,f97dcbc3ecfbc19a130c4dbafef6cb7def9c3eb8
services/dsh/contracts/dsh.marketing-commercial.openapi.yaml,114,POST,/dsh/operator/marketing/subscription-plans,createDshMarketingSubscriptionPlan,dsh,f97dcbc3ecfbc19a130c4dbafef6cb7def9c3eb8
services/dsh/contracts/dsh.marketing-commercial.openapi.yaml,129,PATCH,/dsh/operator/marketing/subscription-plans/{planId},updateDshMarketingSubscriptionPlan,dsh,f97dcbc3ecfbc19a130c4dbafef6cb7def9c3eb8
services/dsh/contracts/dsh.marketing-commercial.openapi.yaml,151,POST,/dsh/client/marketing/subscriptions/purchase,createDshClientSubscriptionPurchase,dsh,f97dcbc3ecfbc19a130c4dbafef6cb7def9c3eb8
services/dsh/contracts/dsh.marketing-commercial.openapi.yaml,178,POST,/dsh/client/marketing/subscriptions/{purchaseId}/activate,activateDshClientSubscriptionPurchase,dsh,f97dcbc3ecfbc19a130c4dbafef6cb7def9c3eb8
services/dsh/contracts/dsh.marketing-commercial.openapi.yaml,205,GET,/dsh/client/marketing/subscriptions/purchases/{purchaseId},getDshClientSubscriptionPurchase,dsh,f97dcbc3ecfbc19a130c4dbafef6cb7def9c3eb8
services/dsh/contracts/dsh.marketing-commercial.openapi.yaml,222,POST,/dsh/client/marketing/subscriptions/{subscriptionId}/renew,renewDshClientSubscription,dsh,f97dcbc3ecfbc19a130c4dbafef6cb7def9c3eb8
services/dsh/contracts/dsh.marketing-commercial.openapi.yaml,258,POST,/dsh/client/marketing/subscriptions/{subscriptionId}/cancel,cancelDshClientSubscription,dsh,f97dcbc3ecfbc19a130c4dbafef6cb7def9c3eb8
services/dsh/contracts/dsh.marketing-commercial.openapi.yaml,294,GET,/dsh/client/benefits,getDshClientBenefits,dsh,f97dcbc3ecfbc19a130c4dbafef6cb7def9c3eb8
services/dsh/contracts/dsh.notifications-governance.openapi.yaml,17,PUT,/dsh/notifications/push-endpoints,upsertDshNotificationPushEndpoint,dsh,f97dcbc3ecfbc19a130c4dbafef6cb7def9c3eb8
services/dsh/contracts/dsh.notifications-governance.openapi.yaml,40,DELETE,/dsh/notifications/push-endpoints/{deviceId},deactivateDshNotificationPushEndpoint,dsh,f97dcbc3ecfbc19a130c4dbafef6cb7def9c3eb8
services/dsh/contracts/dsh.notifications-governance.openapi.yaml,67,GET,/dsh/operator/notifications/delivery-attempts,listDshNotificationDeliveryAttempts,dsh,f97dcbc3ecfbc19a130c4dbafef6cb7def9c3eb8
services/dsh/contracts/dsh.operational-policy.openapi.yaml,18,GET,/dsh/operator/platform/operational-profiles/{zoneId},getDshOperationalProfile,dsh,f97dcbc3ecfbc19a130c4dbafef6cb7def9c3eb8
services/dsh/contracts/dsh.operational-policy.openapi.yaml,39,PUT,/dsh/operator/platform/operational-profiles/{zoneId},upsertDshOperationalProfile,dsh,f97dcbc3ecfbc19a130c4dbafef6cb7def9c3eb8
services/dsh/contracts/dsh.operational-policy.openapi.yaml,66,GET,/dsh/operator/platform/operational-profiles/{zoneId}/delivery-modes,listDshOperationalDeliveryModes,dsh,f97dcbc3ecfbc19a130c4dbafef6cb7def9c3eb8
services/dsh/contracts/dsh.operational-policy.openapi.yaml,90,PUT,/dsh/operator/platform/operational-profiles/{zoneId}/delivery-modes/{fulfillmentMode},upsertDshOperationalDeliveryMode,dsh,f97dcbc3ecfbc19a130c4dbafef6cb7def9c3eb8
services/dsh/contracts/dsh.operational-policy.openapi.yaml,122,POST,/dsh/platform/operational-policy/evaluate,evaluateDshOperationalPolicy,dsh,f97dcbc3ecfbc19a130c4dbafef6cb7def9c3eb8
services/dsh/contracts/dsh.operational-policy.openapi.yaml,148,GET,/dsh/operator/platform/operational-policy/audit,listDshOperationalPolicyAudit,dsh,f97dcbc3ecfbc19a130c4dbafef6cb7def9c3eb8
services/dsh/contracts/dsh.operational-policy.openapi.yaml,181,POST,/dsh/operator/platform/operational-policy/audit/{eventId}/rollback,rollbackDshOperationalPolicy,dsh,f97dcbc3ecfbc19a130c4dbafef6cb7def9c3eb8
services/dsh/contracts/dsh.order-rescue.openapi.yaml,16,GET,/dsh/operator/support/order-rescue-cases,listDshOrderRescueCases,dsh,f97dcbc3ecfbc19a130c4dbafef6cb7def9c3eb8
services/dsh/contracts/dsh.order-rescue.openapi.yaml,30,POST,/dsh/operator/support/order-rescue-cases,createDshOrderRescueCase,dsh,f97dcbc3ecfbc19a130c4dbafef6cb7def9c3eb8
services/dsh/contracts/dsh.order-rescue.openapi.yaml,52,GET,/dsh/operator/support/order-rescue-cases/{caseId},getDshOrderRescueCase,dsh,f97dcbc3ecfbc19a130c4dbafef6cb7def9c3eb8
services/dsh/contracts/dsh.order-rescue.openapi.yaml,61,PATCH,/dsh/operator/support/order-rescue-cases/{caseId},updateDshOrderRescueCase,dsh,f97dcbc3ecfbc19a130c4dbafef6cb7def9c3eb8
services/dsh/contracts/dsh.order-rescue.openapi.yaml,83,GET,/dsh/operator/support/order-rescue-cases/{caseId}/events,listDshOrderRescueEvents,dsh,f97dcbc3ecfbc19a130c4dbafef6cb7def9c3eb8
services/dsh/contracts/dsh.order-truth.openapi.yaml,11,POST,/dsh/client/order-truth,createOrderTruthFromCheckout,dsh,f97dcbc3ecfbc19a130c4dbafef6cb7def9c3eb8
services/dsh/contracts/dsh.order-truth.openapi.yaml,48,GET,/dsh/client/order-truth,listClientOrderTruth,dsh,f97dcbc3ecfbc19a130c4dbafef6cb7def9c3eb8
services/dsh/contracts/dsh.order-truth.openapi.yaml,66,GET,/dsh/client/order-truth/{orderId},getClientOrderTruth,dsh,f97dcbc3ecfbc19a130c4dbafef6cb7def9c3eb8
services/dsh/contracts/dsh.order-truth.openapi.yaml,84,GET,/dsh/client/order-truth/{orderId}/events,listClientOrderTruthEvents,dsh,f97dcbc3ecfbc19a130c4dbafef6cb7def9c3eb8
services/dsh/contracts/dsh.order-truth.openapi.yaml,102,GET,/dsh/partner/order-truth,listPartnerOrderTruth,dsh,f97dcbc3ecfbc19a130c4dbafef6cb7def9c3eb8
services/dsh/contracts/dsh.order-truth.openapi.yaml,121,GET,/dsh/partner/order-truth/{orderId},getPartnerOrderTruth,dsh,f97dcbc3ecfbc19a130c4dbafef6cb7def9c3eb8
services/dsh/contracts/dsh.order-truth.openapi.yaml,139,GET,/dsh/operator/order-truth,listOperatorOrderTruth,dsh,f97dcbc3ecfbc19a130c4dbafef6cb7def9c3eb8
services/dsh/contracts/dsh.order-truth.openapi.yaml,157,GET,/dsh/operator/order-truth/diagnostics,getOperatorOrderTruthDiagnostics,dsh,f97dcbc3ecfbc19a130c4dbafef6cb7def9c3eb8
services/dsh/contracts/dsh.order-truth.openapi.yaml,172,GET,/dsh/operator/order-truth/{orderId},getOperatorOrderTruth,dsh,f97dcbc3ecfbc19a130c4dbafef6cb7def9c3eb8
services/dsh/contracts/dsh.order-workboards.openapi.yaml,17,GET,/dsh/partner/order-workboard,getDshPartnerOrderWorkboard,dsh,f97dcbc3ecfbc19a130c4dbafef6cb7def9c3eb8
services/dsh/contracts/dsh.order-workboards.openapi.yaml,30,GET,/dsh/operator/order-workboard,getDshOperatorOrderWorkboard,dsh,f97dcbc3ecfbc19a130c4dbafef6cb7def9c3eb8
services/dsh/contracts/dsh.partner-commercial-closure.openapi.yaml,17,GET,/dsh/operator/stores/{storeId}/delivery-pricing,listOperatorDshStoreDeliveryPricing,dsh,f97dcbc3ecfbc19a130c4dbafef6cb7def9c3eb8
services/dsh/contracts/dsh.partner-commercial-closure.openapi.yaml,37,PUT,/dsh/operator/stores/{storeId}/delivery-pricing/{fulfillmentMode},upsertOperatorDshStoreDeliveryPricing,dsh,f97dcbc3ecfbc19a130c4dbafef6cb7def9c3eb8
services/dsh/contracts/dsh.partner-commercial-closure.openapi.yaml,65,GET,/dsh/partner/stores/{storeId}/delivery-pricing,listPartnerDshStoreDeliveryPricing,dsh,f97dcbc3ecfbc19a130c4dbafef6cb7def9c3eb8
services/dsh/contracts/dsh.partner-commercial-closure.openapi.yaml,86,PUT,/dsh/partner/stores/{storeId}/delivery-pricing/{fulfillmentMode},upsertPartnerDshStoreDeliveryPricing,dsh,f97dcbc3ecfbc19a130c4dbafef6cb7def9c3eb8
services/dsh/contracts/dsh.partner-commercial-closure.openapi.yaml,116,GET,/dsh/operator/marketing/loyalty-earning-policies,listDshLoyaltyEarningPolicies,dsh,f97dcbc3ecfbc19a130c4dbafef6cb7def9c3eb8
services/dsh/contracts/dsh.partner-commercial-closure.openapi.yaml,132,POST,/dsh/operator/marketing/loyalty-earning-policies,createDshLoyaltyEarningPolicy,dsh,f97dcbc3ecfbc19a130c4dbafef6cb7def9c3eb8
services/dsh/contracts/dsh.partner-commercial-closure.openapi.yaml,156,PATCH,/dsh/operator/marketing/loyalty-earning-policies/{policyId},updateDshLoyaltyEarningPolicy,dsh,f97dcbc3ecfbc19a130c4dbafef6cb7def9c3eb8
services/dsh/contracts/dsh.partner-delivery.openapi.yaml,17,GET,/dsh/partner/orders/{orderId}/partner-delivery,getDshPartnerDeliveryTask,dsh,f97dcbc3ecfbc19a130c4dbafef6cb7def9c3eb8
services/dsh/contracts/dsh.partner-delivery.openapi.yaml,28,GET,/dsh/client/orders/{orderId}/partner-delivery,getDshClientPartnerDeliveryTask,dsh,f97dcbc3ecfbc19a130c4dbafef6cb7def9c3eb8
services/dsh/contracts/dsh.partner-delivery.openapi.yaml,41,POST,/dsh/partner/orders/{orderId}/partner-delivery/assign,assignDshPartnerDeliveryTask,dsh,f97dcbc3ecfbc19a130c4dbafef6cb7def9c3eb8
services/dsh/contracts/dsh.partner-delivery.openapi.yaml,58,POST,/dsh/partner/orders/{orderId}/partner-delivery/pickup,markDshPartnerDeliveryPickedUp,dsh,f97dcbc3ecfbc19a130c4dbafef6cb7def9c3eb8
services/dsh/contracts/dsh.partner-delivery.openapi.yaml,71,POST,/dsh/partner/orders/{orderId}/partner-delivery/depart,departDshPartnerDeliveryTask,dsh,f97dcbc3ecfbc19a130c4dbafef6cb7def9c3eb8
services/dsh/contracts/dsh.partner-delivery.openapi.yaml,84,POST,/dsh/partner/orders/{orderId}/partner-delivery/arrive,arriveDshPartnerDeliveryTask,dsh,f97dcbc3ecfbc19a130c4dbafef6cb7def9c3eb8
services/dsh/contracts/dsh.partner-delivery.openapi.yaml,97,POST,/dsh/partner/orders/{orderId}/partner-delivery/exception,raiseDshPartnerDeliveryException,dsh,f97dcbc3ecfbc19a130c4dbafef6cb7def9c3eb8
services/dsh/contracts/dsh.partner-delivery.openapi.yaml,115,GET,/dsh/operator/partner-deliveries,listDshOperatorPartnerDeliveries,dsh,f97dcbc3ecfbc19a130c4dbafef6cb7def9c3eb8
services/dsh/contracts/dsh.partner-delivery.openapi.yaml,133,GET,/dsh/operator/partner-deliveries/{taskId},getDshOperatorPartnerDelivery,dsh,f97dcbc3ecfbc19a130c4dbafef6cb7def9c3eb8
services/dsh/contracts/dsh.partner-delivery.openapi.yaml,144,GET,/dsh/operator/partner-deliveries/order/{orderId},getDshOperatorPartnerDeliveryByOrder,dsh,f97dcbc3ecfbc19a130c4dbafef6cb7def9c3eb8
services/dsh/contracts/dsh.partner-delivery.openapi.yaml,156,GET,/dsh/client/orders/{orderId}/pickup,getDshClientPickupSession,dsh,f97dcbc3ecfbc19a130c4dbafef6cb7def9c3eb8
services/dsh/contracts/dsh.partner-delivery.openapi.yaml,168,GET,/dsh/partner/orders/{orderId}/pickup,getDshPartnerPickupState,dsh,f97dcbc3ecfbc19a130c4dbafef6cb7def9c3eb8
services/dsh/contracts/dsh.partner-delivery.openapi.yaml,180,POST,/dsh/partner/orders/{orderId}/pickup/mark-ready,markDshPickupReady,dsh,f97dcbc3ecfbc19a130c4dbafef6cb7def9c3eb8
services/dsh/contracts/dsh.partner-delivery.openapi.yaml,193,POST,/dsh/partner/orders/{orderId}/pickup/notify,notifyDshPickupCustomer,dsh,f97dcbc3ecfbc19a130c4dbafef6cb7def9c3eb8
services/dsh/contracts/dsh.partner-delivery.openapi.yaml,211,POST,/dsh/partner/orders/{orderId}/pickup/customer-arrived,markDshPickupCustomerArrived,dsh,f97dcbc3ecfbc19a130c4dbafef6cb7def9c3eb8
services/dsh/contracts/dsh.partner-delivery.openapi.yaml,224,POST,/dsh/partner/orders/{orderId}/pickup/verify,verifyDshPickupSession,dsh,f97dcbc3ecfbc19a130c4dbafef6cb7def9c3eb8
services/dsh/contracts/dsh.partner-delivery.openapi.yaml,241,POST,/dsh/partner/orders/{orderId}/pickup/no-show,markDshPickupNoShow,dsh,f97dcbc3ecfbc19a130c4dbafef6cb7def9c3eb8
services/dsh/contracts/dsh.partner-delivery.openapi.yaml,258,POST,/dsh/partner/orders/{orderId}/pickup/extend-window,extendDshPartnerPickupWindow,dsh,f97dcbc3ecfbc19a130c4dbafef6cb7def9c3eb8
services/dsh/contracts/dsh.partner-delivery.openapi.yaml,275,POST,/dsh/partner/orders/{orderId}/pickup/reschedule,rescheduleDshPartnerPickupWindow,dsh,f97dcbc3ecfbc19a130c4dbafef6cb7def9c3eb8
services/dsh/contracts/dsh.partner-delivery.openapi.yaml,292,GET,/dsh/operator/pickups,listDshOperatorPickups,dsh,f97dcbc3ecfbc19a130c4dbafef6cb7def9c3eb8
services/dsh/contracts/dsh.partner-delivery.openapi.yaml,306,GET,/dsh/operator/pickups/{orderId},getDshOperatorPickup,dsh,f97dcbc3ecfbc19a130c4dbafef6cb7def9c3eb8
services/dsh/contracts/dsh.partner-delivery.openapi.yaml,317,POST,/dsh/operator/pickups/{orderId}/extend-window,extendDshPickupWindow,dsh,f97dcbc3ecfbc19a130c4dbafef6cb7def9c3eb8
services/dsh/contracts/dsh.partner-delivery.openapi.yaml,336,POST,/dsh/operator/partner-delivery/sla-alerts/refresh,refreshDshPartnerDeliverySlaAlerts,dsh,f97dcbc3ecfbc19a130c4dbafef6cb7def9c3eb8
services/dsh/contracts/dsh.partner-delivery.openapi.yaml,350,GET,/dsh/operator/partner-delivery/sla-alerts,listDshPartnerDeliverySlaAlerts,dsh,f97dcbc3ecfbc19a130c4dbafef6cb7def9c3eb8
services/dsh/contracts/dsh.partner-delivery.openapi.yaml,366,POST,/dsh/operator/partner-delivery/sla-alerts/{alertId}/acknowledge,acknowledgeDshPartnerDeliverySlaAlert,dsh,f97dcbc3ecfbc19a130c4dbafef6cb7def9c3eb8
services/dsh/contracts/dsh.partner-delivery.openapi.yaml,383,POST,/dsh/operator/pickups/sla-alerts/refresh,refreshDshPickupSlaAlerts,dsh,f97dcbc3ecfbc19a130c4dbafef6cb7def9c3eb8
services/dsh/contracts/dsh.partner-delivery.openapi.yaml,397,GET,/dsh/operator/pickups/sla-alerts,listDshPickupSlaAlerts,dsh,f97dcbc3ecfbc19a130c4dbafef6cb7def9c3eb8
services/dsh/contracts/dsh.partner-delivery.openapi.yaml,413,POST,/dsh/operator/pickups/sla-alerts/{alertId}/acknowledge,acknowledgeDshPickupSlaAlert,dsh,f97dcbc3ecfbc19a130c4dbafef6cb7def9c3eb8
services/dsh/contracts/dsh.partner-fleet.openapi.yaml,14,POST,/dsh/partner/stores/{storeId}/couriers/{memberId}/connection-code,issueDshPartnerCourierConnectionCode,dsh,f97dcbc3ecfbc19a130c4dbafef6cb7def9c3eb8
services/dsh/contracts/dsh.partner-fleet.openapi.yaml,42,GET,/dsh/partner/stores/{storeId}/courier-connections,listDshPartnerCourierConnections,dsh,f97dcbc3ecfbc19a130c4dbafef6cb7def9c3eb8
services/dsh/contracts/dsh.partner-fleet.openapi.yaml,58,POST,/dsh/partner/stores/{storeId}/courier-connections/{connectionId}/revoke,revokeDshPartnerCourierConnection,dsh,f97dcbc3ecfbc19a130c4dbafef6cb7def9c3eb8
services/dsh/contracts/dsh.partner-fleet.openapi.yaml,85,POST,/dsh/captain/partner-fleet/connect,connectDshCaptainToPartnerFleet,dsh,f97dcbc3ecfbc19a130c4dbafef6cb7def9c3eb8
services/dsh/contracts/dsh.partner-fleet.openapi.yaml,108,GET,/dsh/captain/partner-fleet/memberships,listDshCaptainPartnerFleetMemberships,dsh,f97dcbc3ecfbc19a130c4dbafef6cb7def9c3eb8
services/dsh/contracts/dsh.partner-fleet.openapi.yaml,121,POST,/dsh/captain/partner-fleet/memberships/{teamMemberId}/disconnect,disconnectDshCaptainPartnerFleetMembership,dsh,f97dcbc3ecfbc19a130c4dbafef6cb7def9c3eb8
services/dsh/contracts/dsh.partner-fleet.openapi.yaml,147,GET,/dsh/operator/stores/{storeId}/partner-fleet,getDshOperatorPartnerFleetSnapshot,dsh,f97dcbc3ecfbc19a130c4dbafef6cb7def9c3eb8
services/dsh/contracts/dsh.partner-onboarding.openapi.yaml,14,POST,/dsh/operator/partners,createDshPartner,dsh,f97dcbc3ecfbc19a130c4dbafef6cb7def9c3eb8
services/dsh/contracts/dsh.partner-onboarding.openapi.yaml,47,GET,/dsh/operator/partners/{partnerId},getDshPartner,dsh,f97dcbc3ecfbc19a130c4dbafef6cb7def9c3eb8
services/dsh/contracts/dsh.partner-onboarding.openapi.yaml,65,POST,/dsh/operator/partners/{partnerId}/transition,transitionDshPartner,dsh,f97dcbc3ecfbc19a130c4dbafef6cb7def9c3eb8
services/dsh/contracts/dsh.partner-onboarding.openapi.yaml,98,PATCH,/dsh/operator/partners/{partnerId}/documents/{docId}/review,reviewDshPartnerDocument,dsh,f97dcbc3ecfbc19a130c4dbafef6cb7def9c3eb8
services/dsh/contracts/dsh.partner-onboarding.openapi.yaml,127,GET,/dsh/operator/partners/{partnerId}/stores,listDshPartnerStores,dsh,f97dcbc3ecfbc19a130c4dbafef6cb7def9c3eb8
services/dsh/contracts/dsh.partner-onboarding.openapi.yaml,143,POST,/dsh/operator/partners/{partnerId}/stores,linkDshPartnerStore,dsh,f97dcbc3ecfbc19a130c4dbafef6cb7def9c3eb8
services/dsh/contracts/dsh.partner-onboarding.openapi.yaml,176,POST,/dsh/field/partners/drafts,createFieldPartnerDraft,dsh,f97dcbc3ecfbc19a130c4dbafef6cb7def9c3eb8
services/dsh/contracts/dsh.partner-onboarding.openapi.yaml,208,GET,/dsh/field/partners/{partnerId},getFieldPartnerDraft,dsh,f97dcbc3ecfbc19a130c4dbafef6cb7def9c3eb8
services/dsh/contracts/dsh.partner-onboarding.openapi.yaml,224,PATCH,/dsh/field/partners/{partnerId},updateFieldPartnerDraft,dsh,f97dcbc3ecfbc19a130c4dbafef6cb7def9c3eb8
services/dsh/contracts/dsh.partner-onboarding.openapi.yaml,251,POST,/dsh/field/partners/{partnerId}/visits,createFieldPartnerVisit,dsh,f97dcbc3ecfbc19a130c4dbafef6cb7def9c3eb8
services/dsh/contracts/dsh.partner-onboarding.openapi.yaml,273,POST,/dsh/field/partners/{partnerId}/submit,submitFieldPartnerDraft,dsh,f97dcbc3ecfbc19a130c4dbafef6cb7def9c3eb8
services/dsh/contracts/dsh.partner-onboarding.openapi.yaml,300,GET,/dsh/partner/activation/status,getDshPartnerActivationStatus,dsh,f97dcbc3ecfbc19a130c4dbafef6cb7def9c3eb8
services/dsh/contracts/dsh.partner-onboarding.openapi.yaml,314,GET,/dsh/partner/activation/readiness,getDshPartnerSelfReadiness,dsh,f97dcbc3ecfbc19a130c4dbafef6cb7def9c3eb8
services/dsh/contracts/dsh.partner-support.openapi.yaml,15,GET,/dsh/partner/support/tickets,listDshPartnerSupportTickets,dsh,f97dcbc3ecfbc19a130c4dbafef6cb7def9c3eb8
services/dsh/contracts/dsh.partner-support.openapi.yaml,33,POST,/dsh/partner/support/tickets,createDshPartnerSupportTicket,dsh,f97dcbc3ecfbc19a130c4dbafef6cb7def9c3eb8
services/dsh/contracts/dsh.partner-support.openapi.yaml,63,GET,/dsh/partner/support/tickets/{ticketId},getDshPartnerSupportTicket,dsh,f97dcbc3ecfbc19a130c4dbafef6cb7def9c3eb8
services/dsh/contracts/dsh.partner-support.openapi.yaml,83,GET,/dsh/partner/support/tickets/{ticketId}/messages,listDshPartnerSupportMessages,dsh,f97dcbc3ecfbc19a130c4dbafef6cb7def9c3eb8
services/dsh/contracts/dsh.partner-support.openapi.yaml,102,POST,/dsh/partner/support/tickets/{ticketId}/messages,addDshPartnerSupportMessage,dsh,f97dcbc3ecfbc19a130c4dbafef6cb7def9c3eb8
services/dsh/contracts/dsh.payment-sessions.openapi.yaml,17,GET,/dsh/control-panel/finance/payment-sessions/{paymentSessionId}/timeline,getDshPaymentSessionTimeline,dsh,f97dcbc3ecfbc19a130c4dbafef6cb7def9c3eb8
services/dsh/contracts/dsh.payment-sessions.openapi.yaml,39,POST,/dsh/control-panel/finance/payment-sessions/{paymentSessionId}/refresh-provider-status,refreshDshPaymentSessionProviderStatus,dsh,f97dcbc3ecfbc19a130c4dbafef6cb7def9c3eb8
services/dsh/contracts/dsh.payouts-destinations.openapi.yaml,18,GET,/dsh/partner/me/finance/payout-destination,getDshPartnerOwnPayoutDestination,dsh,f97dcbc3ecfbc19a130c4dbafef6cb7def9c3eb8
services/dsh/contracts/dsh.payouts-destinations.openapi.yaml,29,PUT,/dsh/partner/me/finance/payout-destination,upsertDshPartnerOwnPayoutDestination,dsh,f97dcbc3ecfbc19a130c4dbafef6cb7def9c3eb8
services/dsh/contracts/dsh.payouts-destinations.openapi.yaml,46,POST,/dsh/partner/me/finance/payout-destination/deactivate,deactivateDshPartnerOwnPayoutDestination,dsh,f97dcbc3ecfbc19a130c4dbafef6cb7def9c3eb8
services/dsh/contracts/dsh.payouts-destinations.openapi.yaml,60,GET,/dsh/captain/me/finance/payout-destination,getDshCaptainOwnPayoutDestination,dsh,f97dcbc3ecfbc19a130c4dbafef6cb7def9c3eb8
services/dsh/contracts/dsh.payouts-destinations.openapi.yaml,71,PUT,/dsh/captain/me/finance/payout-destination,upsertDshCaptainOwnPayoutDestination,dsh,f97dcbc3ecfbc19a130c4dbafef6cb7def9c3eb8
services/dsh/contracts/dsh.payouts-destinations.openapi.yaml,88,POST,/dsh/captain/me/finance/payout-destination/deactivate,deactivateDshCaptainOwnPayoutDestination,dsh,f97dcbc3ecfbc19a130c4dbafef6cb7def9c3eb8
services/dsh/contracts/dsh.payouts-destinations.openapi.yaml,102,GET,/dsh/field/me/finance/payout-destination,getDshFieldOwnPayoutDestination,dsh,f97dcbc3ecfbc19a130c4dbafef6cb7def9c3eb8
services/dsh/contracts/dsh.payouts-destinations.openapi.yaml,113,PUT,/dsh/field/me/finance/payout-destination,upsertDshFieldOwnPayoutDestination,dsh,f97dcbc3ecfbc19a130c4dbafef6cb7def9c3eb8
services/dsh/contracts/dsh.payouts-destinations.openapi.yaml,130,POST,/dsh/field/me/finance/payout-destination/deactivate,deactivateDshFieldOwnPayoutDestination,dsh,f97dcbc3ecfbc19a130c4dbafef6cb7def9c3eb8
services/dsh/contracts/dsh.payouts-destinations.openapi.yaml,144,GET,/dsh/control-panel/finance/payout-requests/{payoutId}/audit,listDshControlPanelPayoutAudit,dsh,f97dcbc3ecfbc19a130c4dbafef6cb7def9c3eb8
services/dsh/contracts/dsh.payouts-destinations.openapi.yaml,158,POST,/dsh/control-panel/finance/payout-requests/{payoutId}/reconcile,reconcileDshControlPanelPayoutRequest,dsh,f97dcbc3ecfbc19a130c4dbafef6cb7def9c3eb8
services/dsh/contracts/dsh.platform-policies.openapi.yaml,14,GET,/dsh/operator/platform/zones,listDshZones,dsh,f97dcbc3ecfbc19a130c4dbafef6cb7def9c3eb8
services/dsh/contracts/dsh.platform-policies.openapi.yaml,34,POST,/dsh/operator/platform/zones,createDshZone,dsh,f97dcbc3ecfbc19a130c4dbafef6cb7def9c3eb8
services/dsh/contracts/dsh.platform-policies.openapi.yaml,61,PATCH,/dsh/operator/platform/zones/{zoneId},updateDshZone,dsh,f97dcbc3ecfbc19a130c4dbafef6cb7def9c3eb8
services/dsh/contracts/dsh.platform-policies.openapi.yaml,93,GET,/dsh/operator/platform/sla-rules,getDshSlaRules,dsh,f97dcbc3ecfbc19a130c4dbafef6cb7def9c3eb8
services/dsh/contracts/dsh.platform-policies.openapi.yaml,113,PUT,/dsh/operator/platform/sla-rules,upsertDshSlaRules,dsh,f97dcbc3ecfbc19a130c4dbafef6cb7def9c3eb8
services/dsh/contracts/dsh.platform-policies.openapi.yaml,140,GET,/dsh/operator/platform/capacity,getDshCapacityConfig,dsh,f97dcbc3ecfbc19a130c4dbafef6cb7def9c3eb8
services/dsh/contracts/dsh.platform-policies.openapi.yaml,161,PUT,/dsh/operator/platform/capacity,upsertDshCapacityConfig,dsh,f97dcbc3ecfbc19a130c4dbafef6cb7def9c3eb8
services/dsh/contracts/dsh.platform-policies.openapi.yaml,188,GET,/dsh/operator/platform/serviceability/{zoneId},getDshZoneServiceability,dsh,f97dcbc3ecfbc19a130c4dbafef6cb7def9c3eb8
services/dsh/contracts/dsh.platform-policies.openapi.yaml,208,GET,/dsh/operator/platform/store-onboarding-fee,getDshStoreOnboardingFeePolicy,dsh,f97dcbc3ecfbc19a130c4dbafef6cb7def9c3eb8
services/dsh/contracts/dsh.platform-policies.openapi.yaml,223,PUT,/dsh/operator/platform/store-onboarding-fee,upsertDshStoreOnboardingFeePolicy,dsh,f97dcbc3ecfbc19a130c4dbafef6cb7def9c3eb8
services/dsh/contracts/dsh.platform-policies.openapi.yaml,250,GET,/dsh/platform/store-onboarding-fee,getDshStoreOnboardingFeeReference,dsh,f97dcbc3ecfbc19a130c4dbafef6cb7def9c3eb8
services/dsh/contracts/dsh.reels.openapi.yaml,20,GET,/dsh/partner/reels,listPartnerOwnedReels,dsh,f97dcbc3ecfbc19a130c4dbafef6cb7def9c3eb8
services/dsh/contracts/dsh.reels.openapi.yaml,52,POST,/dsh/partner/reels,submitReel,dsh,f97dcbc3ecfbc19a130c4dbafef6cb7def9c3eb8
services/dsh/contracts/dsh.reels.openapi.yaml,77,GET,/dsh/operator/reels,listReels,dsh,f97dcbc3ecfbc19a130c4dbafef6cb7def9c3eb8
services/dsh/contracts/dsh.reels.openapi.yaml,110,POST,/dsh/operator/reels/{reelId}/review,reviewReel,dsh,f97dcbc3ecfbc19a130c4dbafef6cb7def9c3eb8
services/dsh/contracts/dsh.reels.openapi.yaml,138,GET,/dsh/operator/reels/{reelId}/media/{kind},previewOperatorReelMedia,dsh,f97dcbc3ecfbc19a130c4dbafef6cb7def9c3eb8
services/dsh/contracts/dsh.reels.openapi.yaml,168,GET,/dsh/public/reels,listPublicReels,dsh,f97dcbc3ecfbc19a130c4dbafef6cb7def9c3eb8
services/dsh/contracts/dsh.refunds.openapi.yaml,18,GET,/dsh/control-panel/finance/refunds,listDshControlPanelFinanceRefunds,dsh,f97dcbc3ecfbc19a130c4dbafef6cb7def9c3eb8
services/dsh/contracts/dsh.refunds.openapi.yaml,47,POST,/dsh/control-panel/finance/refunds,createDshFinanceRefund,dsh,f97dcbc3ecfbc19a130c4dbafef6cb7def9c3eb8
services/dsh/contracts/dsh.refunds.openapi.yaml,89,GET,/dsh/control-panel/finance/refunds/{refundId},getDshControlPanelFinanceRefund,dsh,f97dcbc3ecfbc19a130c4dbafef6cb7def9c3eb8
services/dsh/contracts/dsh.refunds.openapi.yaml,115,POST,/dsh/control-panel/finance/refunds/{refundId}/approve,approveDshFinanceRefund,dsh,f97dcbc3ecfbc19a130c4dbafef6cb7def9c3eb8
services/dsh/contracts/dsh.refunds.openapi.yaml,150,POST,/dsh/control-panel/finance/refunds/{refundId}/reject,rejectDshFinanceRefund,dsh,f97dcbc3ecfbc19a130c4dbafef6cb7def9c3eb8
services/dsh/contracts/dsh.refunds.openapi.yaml,185,POST,/dsh/control-panel/finance/refunds/{refundId}/complete,completeDshFinanceRefund,dsh,f97dcbc3ecfbc19a130c4dbafef6cb7def9c3eb8
services/dsh/contracts/dsh.refunds.openapi.yaml,231,POST,/dsh/control-panel/finance/refunds/{refundId}/reconcile,reconcileDshFinanceRefund,dsh,f97dcbc3ecfbc19a130c4dbafef6cb7def9c3eb8
services/dsh/contracts/dsh.refunds.openapi.yaml,264,GET,/dsh/control-panel/finance/refunds/{refundId}/audit,listDshFinanceRefundAudit,dsh,f97dcbc3ecfbc19a130c4dbafef6cb7def9c3eb8
services/dsh/contracts/dsh.refunds.openapi.yaml,286,GET,/dsh/client/orders/{orderId}/refunds,getDshClientOrderRefundStatus,dsh,f97dcbc3ecfbc19a130c4dbafef6cb7def9c3eb8
services/dsh/contracts/dsh.refunds.openapi.yaml,311,GET,/dsh/partner/orders/{orderId}/refunds,getDshPartnerOrderRefundStatus,dsh,f97dcbc3ecfbc19a130c4dbafef6cb7def9c3eb8
services/dsh/contracts/dsh.representative-finance.openapi.yaml,16,GET,/dsh/client/me/finance/wallet,getDshClientOwnWallet,dsh,f97dcbc3ecfbc19a130c4dbafef6cb7def9c3eb8
services/dsh/contracts/dsh.representative-finance.openapi.yaml,27,GET,/dsh/client/me/finance/ledger-entries,listDshClientOwnLedgerEntries,dsh,f97dcbc3ecfbc19a130c4dbafef6cb7def9c3eb8
services/dsh/contracts/dsh.representative-finance.openapi.yaml,42,GET,/dsh/partner/me/finance/wallet,getDshPartnerOwnWallet,dsh,f97dcbc3ecfbc19a130c4dbafef6cb7def9c3eb8
services/dsh/contracts/dsh.representative-finance.openapi.yaml,53,GET,/dsh/partner/me/finance/ledger-entries,listDshPartnerOwnLedgerEntries,dsh,f97dcbc3ecfbc19a130c4dbafef6cb7def9c3eb8
services/dsh/contracts/dsh.representative-finance.openapi.yaml,68,GET,/dsh/partner/me/finance/commissions,listDshPartnerOwnCommissions,dsh,f97dcbc3ecfbc19a130c4dbafef6cb7def9c3eb8
services/dsh/contracts/dsh.representative-finance.openapi.yaml,79,GET,/dsh/partner/me/finance/payout-requests,listDshPartnerOwnPayoutRequests,dsh,f97dcbc3ecfbc19a130c4dbafef6cb7def9c3eb8
services/dsh/contracts/dsh.representative-finance.openapi.yaml,89,POST,/dsh/partner/me/finance/payout-requests,createDshPartnerOwnPayoutRequest,dsh,f97dcbc3ecfbc19a130c4dbafef6cb7def9c3eb8
services/dsh/contracts/dsh.representative-finance.openapi.yaml,105,GET,/dsh/captain/me/finance/wallet,getDshCaptainOwnWallet,dsh,f97dcbc3ecfbc19a130c4dbafef6cb7def9c3eb8
services/dsh/contracts/dsh.representative-finance.openapi.yaml,116,GET,/dsh/captain/me/finance/ledger-entries,listDshCaptainOwnLedgerEntries,dsh,f97dcbc3ecfbc19a130c4dbafef6cb7def9c3eb8
services/dsh/contracts/dsh.representative-finance.openapi.yaml,131,GET,/dsh/captain/me/finance/commissions,listDshCaptainOwnCommissions,dsh,f97dcbc3ecfbc19a130c4dbafef6cb7def9c3eb8
services/dsh/contracts/dsh.representative-finance.openapi.yaml,142,GET,/dsh/captain/me/finance/payout-requests,listDshCaptainOwnPayoutRequests,dsh,f97dcbc3ecfbc19a130c4dbafef6cb7def9c3eb8
services/dsh/contracts/dsh.representative-finance.openapi.yaml,152,POST,/dsh/captain/me/finance/payout-requests,createDshCaptainOwnPayoutRequest,dsh,f97dcbc3ecfbc19a130c4dbafef6cb7def9c3eb8
services/dsh/contracts/dsh.representative-finance.openapi.yaml,168,GET,/dsh/field/me/finance/wallet,getDshFieldMeWallet,dsh,f97dcbc3ecfbc19a130c4dbafef6cb7def9c3eb8
services/dsh/contracts/dsh.representative-finance.openapi.yaml,179,GET,/dsh/field/me/finance/ledger-entries,getDshFieldMeLedgerEntries,dsh,f97dcbc3ecfbc19a130c4dbafef6cb7def9c3eb8
services/dsh/contracts/dsh.representative-finance.openapi.yaml,194,GET,/dsh/field/me/finance/commissions,getDshFieldMeCommissions,dsh,f97dcbc3ecfbc19a130c4dbafef6cb7def9c3eb8
services/dsh/contracts/dsh.representative-finance.openapi.yaml,205,GET,/dsh/field/me/finance/payout-requests,getDshFieldMePayoutRequests,dsh,f97dcbc3ecfbc19a130c4dbafef6cb7def9c3eb8
services/dsh/contracts/dsh.representative-finance.openapi.yaml,215,POST,/dsh/field/me/finance/payout-requests,submitDshFieldMePayoutRequest,dsh,f97dcbc3ecfbc19a130c4dbafef6cb7def9c3eb8
services/dsh/contracts/dsh.representative-finance.openapi.yaml,231,GET,/dsh/control-panel/finance/wallets/{actorType}/{actorId},getDshRepresentativeWallet,dsh,f97dcbc3ecfbc19a130c4dbafef6cb7def9c3eb8
services/dsh/contracts/dsh.representative-finance.openapi.yaml,247,GET,/dsh/control-panel/finance/wallets/{actorType}/{actorId}/ledger-entries,listDshRepresentativeLedgerEntries,dsh,f97dcbc3ecfbc19a130c4dbafef6cb7def9c3eb8
services/dsh/contracts/dsh.runtime-extensions.openapi.yaml,17,POST,/dsh/internal/workforce/availability-projections,projectWorkforceAvailabilityIntoDsh,dsh,f97dcbc3ecfbc19a130c4dbafef6cb7def9c3eb8
services/dsh/contracts/dsh.runtime-extensions.openapi.yaml,36,GET,/dsh/operator/dispatch/capacity-forecast,getDispatchCapacityForecast,dsh,f97dcbc3ecfbc19a130c4dbafef6cb7def9c3eb8
services/dsh/contracts/dsh.runtime-extensions.openapi.yaml,50,PUT,/dsh/operator/dispatch/capacity-policies/{serviceAreaCode},upsertDispatchCapacityPolicy,dsh,f97dcbc3ecfbc19a130c4dbafef6cb7def9c3eb8
services/dsh/contracts/dsh.runtime-extensions.openapi.yaml,68,GET,/dsh/operator/dispatch/heatmap,getDispatchHeatmap,dsh,f97dcbc3ecfbc19a130c4dbafef6cb7def9c3eb8
services/dsh/contracts/dsh.settlements-commissions.openapi.yaml,18,GET,/dsh/control-panel/finance/settlements/{settlementId}/evidence,getDshControlPanelSettlementEvidence,dsh,f97dcbc3ecfbc19a130c4dbafef6cb7def9c3eb8
services/dsh/contracts/dsh.settlements-commissions.openapi.yaml,31,PUT,/dsh/control-panel/finance/commission-policies,upsertDshControlPanelCommissionPolicy,dsh,f97dcbc3ecfbc19a130c4dbafef6cb7def9c3eb8
services/dsh/contracts/dsh.settlements-commissions.openapi.yaml,46,GET,/dsh/control-panel/finance/commissions/{commissionId},getDshControlPanelCommission,dsh,f97dcbc3ecfbc19a130c4dbafef6cb7def9c3eb8
services/dsh/contracts/dsh.settlements-commissions.openapi.yaml,60,POST,/dsh/control-panel/finance/commissions/{commissionId}/adjust,adjustDshControlPanelCommission,dsh,f97dcbc3ecfbc19a130c4dbafef6cb7def9c3eb8
services/dsh/contracts/dsh.settlements-commissions.openapi.yaml,78,POST,/dsh/control-panel/finance/commissions/{commissionId}/confirm,confirmDshControlPanelCommission,dsh,f97dcbc3ecfbc19a130c4dbafef6cb7def9c3eb8
services/dsh/contracts/dsh.settlements-commissions.openapi.yaml,93,POST,/dsh/control-panel/finance/commissions/{commissionId}/settle,settleDshControlPanelCommission,dsh,f97dcbc3ecfbc19a130c4dbafef6cb7def9c3eb8
services/dsh/contracts/dsh.settlements-commissions.openapi.yaml,108,POST,/dsh/control-panel/finance/commissions/{commissionId}/reject,rejectDshControlPanelCommission,dsh,f97dcbc3ecfbc19a130c4dbafef6cb7def9c3eb8
services/dsh/contracts/dsh.settlements-commissions.openapi.yaml,126,POST,/dsh/control-panel/finance/commissions/{commissionId}/reverse,reverseDshControlPanelCommission,dsh,f97dcbc3ecfbc19a130c4dbafef6cb7def9c3eb8
services/dsh/contracts/dsh.store-captain-handoff.openapi.yaml,23,POST,/dsh/partner/orders/{orderId}/captain-handoff/confirm,confirmPartnerStoreCaptainHandoff,dsh,f97dcbc3ecfbc19a130c4dbafef6cb7def9c3eb8
services/dsh/contracts/dsh.store-captain-handoff.openapi.yaml,45,POST,/dsh/partner/orders/{orderId}/captain-handoff/exceptions,reportPartnerStoreCaptainHandoffException,dsh,f97dcbc3ecfbc19a130c4dbafef6cb7def9c3eb8
services/dsh/contracts/dsh.store-captain-handoff.openapi.yaml,73,POST,/dsh/captain/dispatch/assignments/{assignmentId}/handoff-exceptions,reportCaptainStoreCaptainHandoffException,dsh,f97dcbc3ecfbc19a130c4dbafef6cb7def9c3eb8
services/dsh/contracts/dsh.support-governance.openapi.yaml,16,GET,/dsh/client/support/tickets,listDshClientSupportTickets,dsh,f97dcbc3ecfbc19a130c4dbafef6cb7def9c3eb8
services/dsh/contracts/dsh.support-governance.openapi.yaml,23,POST,/dsh/client/support/tickets,createDshClientSupportTicket,dsh,f97dcbc3ecfbc19a130c4dbafef6cb7def9c3eb8
services/dsh/contracts/dsh.support-governance.openapi.yaml,43,GET,/dsh/client/support/tickets/{ticketId},getDshClientSupportTicket,dsh,f97dcbc3ecfbc19a130c4dbafef6cb7def9c3eb8
services/dsh/contracts/dsh.support-governance.openapi.yaml,54,GET,/dsh/client/support/tickets/{ticketId}/messages,listDshClientSupportMessages,dsh,f97dcbc3ecfbc19a130c4dbafef6cb7def9c3eb8
services/dsh/contracts/dsh.support-governance.openapi.yaml,62,POST,/dsh/client/support/tickets/{ticketId}/messages,addDshClientSupportMessage,dsh,f97dcbc3ecfbc19a130c4dbafef6cb7def9c3eb8
services/dsh/contracts/dsh.support-governance.openapi.yaml,80,GET,/dsh/operator/support/tickets,listDshOperatorTickets,dsh,f97dcbc3ecfbc19a130c4dbafef6cb7def9c3eb8
services/dsh/contracts/dsh.support-governance.openapi.yaml,96,GET,/dsh/operator/support/tickets/{ticketId},getDshOperatorSupportTicket,dsh,f97dcbc3ecfbc19a130c4dbafef6cb7def9c3eb8
services/dsh/contracts/dsh.support-governance.openapi.yaml,105,PATCH,/dsh/operator/support/tickets/{ticketId},updateDshOperatorTicket,dsh,f97dcbc3ecfbc19a130c4dbafef6cb7def9c3eb8
services/dsh/contracts/dsh.support-governance.openapi.yaml,127,GET,/dsh/operator/support/tickets/{ticketId}/messages,listDshOperatorSupportMessages,dsh,f97dcbc3ecfbc19a130c4dbafef6cb7def9c3eb8
services/dsh/contracts/dsh.support-governance.openapi.yaml,136,POST,/dsh/operator/support/tickets/{ticketId}/messages,addDshOperatorSupportMessage,dsh,f97dcbc3ecfbc19a130c4dbafef6cb7def9c3eb8
services/dsh/contracts/dsh.support-governance.openapi.yaml,157,GET,/dsh/operator/support/tickets/{ticketId}/events,listDshOperatorSupportEvents,dsh,f97dcbc3ecfbc19a130c4dbafef6cb7def9c3eb8
services/dsh/contracts/dsh.support-message-delivery.openapi.yaml,21,GET,/dsh/support/tickets/{ticketId}/messages/{messageId}/attachments,listDshActorSupportMessageAttachments,dsh,f97dcbc3ecfbc19a130c4dbafef6cb7def9c3eb8
services/dsh/contracts/dsh.support-message-delivery.openapi.yaml,30,POST,/dsh/support/tickets/{ticketId}/messages/{messageId}/attachments,attachDshActorSupportMessageAsset,dsh,f97dcbc3ecfbc19a130c4dbafef6cb7def9c3eb8
services/dsh/contracts/dsh.support-message-delivery.openapi.yaml,50,POST,/dsh/support/tickets/{ticketId}/messages/read,markDshActorSupportMessagesRead,dsh,f97dcbc3ecfbc19a130c4dbafef6cb7def9c3eb8
services/dsh/contracts/dsh.support-message-delivery.openapi.yaml,62,GET,/dsh/operator/support/tickets/{ticketId}/messages/{messageId}/attachments,listDshOperatorSupportMessageAttachments,dsh,f97dcbc3ecfbc19a130c4dbafef6cb7def9c3eb8
services/dsh/contracts/dsh.support-message-delivery.openapi.yaml,70,POST,/dsh/operator/support/tickets/{ticketId}/messages/{messageId}/attachments,attachDshOperatorSupportMessageAsset,dsh,f97dcbc3ecfbc19a130c4dbafef6cb7def9c3eb8
services/dsh/contracts/dsh.support-message-delivery.openapi.yaml,87,POST,/dsh/operator/support/tickets/{ticketId}/messages/read,markDshOperatorSupportMessagesRead,dsh,f97dcbc3ecfbc19a130c4dbafef6cb7def9c3eb8
services/dsh/contracts/dsh.workforce-scopes.openapi.yaml,10,GET,/dsh/operator/workforce/scopes/{actorId},getWorkforceActorScopes,dsh,f97dcbc3ecfbc19a130c4dbafef6cb7def9c3eb8
services/dsh/contracts/dsh.workforce-scopes.openapi.yaml,29,POST,/dsh/operator/workforce/employees/{actorId}/media/uploads,uploadWorkforceEmployeeMedia,dsh,f97dcbc3ecfbc19a130c4dbafef6cb7def9c3eb8
services/wlt/contracts/wlt.cod-custody.openapi.yaml,16,POST,/wlt/cod-records/{codRecordId}/collect,collectCodCustody,wlt,f97dcbc3ecfbc19a130c4dbafef6cb7def9c3eb8
services/wlt/contracts/wlt.cod-custody.openapi.yaml,47,POST,/wlt/cod-records/{codRecordId}/remit,remitCodCustody,wlt,f97dcbc3ecfbc19a130c4dbafef6cb7def9c3eb8
services/wlt/contracts/wlt.cod-custody.openapi.yaml,78,GET,/wlt/cod-reconciliation-cases,listCodReconciliationCases,wlt,f97dcbc3ecfbc19a130c4dbafef6cb7def9c3eb8
services/wlt/contracts/wlt.cod-custody.openapi.yaml,106,POST,/wlt/cod-reconciliation-cases/{caseId}/assign,assignCodReconciliationCase,wlt,f97dcbc3ecfbc19a130c4dbafef6cb7def9c3eb8
services/wlt/contracts/wlt.cod-custody.openapi.yaml,139,POST,/wlt/cod-reconciliation-cases/{caseId}/resolve,resolveCodReconciliationCase,wlt,f97dcbc3ecfbc19a130c4dbafef6cb7def9c3eb8
services/wlt/contracts/wlt.cod-records.openapi.yaml,16,POST,/wlt/cod-records,createWltCodRecord,wlt,f97dcbc3ecfbc19a130c4dbafef6cb7def9c3eb8
services/wlt/contracts/wlt.cod-records.openapi.yaml,42,GET,/wlt/cod-records,listWltCodRecords,wlt,f97dcbc3ecfbc19a130c4dbafef6cb7def9c3eb8
services/wlt/contracts/wlt.cod-records.openapi.yaml,67,GET,/wlt/cod-records/{codRecordId},getWltCodRecord,wlt,f97dcbc3ecfbc19a130c4dbafef6cb7def9c3eb8
services/wlt/contracts/wlt.commercial-summary.openapi.yaml,16,GET,/wlt/commercial/summary,getWltCommercialBenefitsSummary,wlt,f97dcbc3ecfbc19a130c4dbafef6cb7def9c3eb8
services/wlt/contracts/wlt.commercial.openapi.yaml,21,POST,/wlt/commercial/products,createWltCommercialProduct,wlt,f97dcbc3ecfbc19a130c4dbafef6cb7def9c3eb8
services/wlt/contracts/wlt.commercial.openapi.yaml,42,GET,/wlt/commercial/products/{productReference},getWltCommercialProduct,wlt,f97dcbc3ecfbc19a130c4dbafef6cb7def9c3eb8
services/wlt/contracts/wlt.commercial.openapi.yaml,55,PATCH,/wlt/commercial/products/{productReference},updateWltCommercialProduct,wlt,f97dcbc3ecfbc19a130c4dbafef6cb7def9c3eb8
services/wlt/contracts/wlt.commercial.openapi.yaml,78,GET,/wlt/commercial/clients/{clientId}/benefits,getWltClientCommercialBenefits,wlt,f97dcbc3ecfbc19a130c4dbafef6cb7def9c3eb8
services/wlt/contracts/wlt.commercial.openapi.yaml,95,POST,/wlt/commercial/payment-sessions,createWltSubscriptionPaymentSession,wlt,f97dcbc3ecfbc19a130c4dbafef6cb7def9c3eb8
services/wlt/contracts/wlt.commercial.openapi.yaml,125,POST,/wlt/commercial/loyalty-entries,appendWltLoyaltyEntry,wlt,f97dcbc3ecfbc19a130c4dbafef6cb7def9c3eb8
services/wlt/contracts/wlt.commercial.openapi.yaml,151,POST,/wlt/commercial/subscriptions,activateWltCommercialSubscription,wlt,f97dcbc3ecfbc19a130c4dbafef6cb7def9c3eb8
services/wlt/contracts/wlt.commercial.openapi.yaml,181,GET,/wlt/commercial/subscriptions/{subscriptionId}/lifecycle,getWltCommercialSubscriptionLifecycle,wlt,f97dcbc3ecfbc19a130c4dbafef6cb7def9c3eb8
services/wlt/contracts/wlt.commercial.openapi.yaml,198,POST,/wlt/commercial/subscriptions/{subscriptionId}/renew,renewWltCommercialSubscription,wlt,f97dcbc3ecfbc19a130c4dbafef6cb7def9c3eb8
services/wlt/contracts/wlt.commercial.openapi.yaml,232,POST,/wlt/commercial/subscriptions/{subscriptionId}/cancel,cancelWltCommercialSubscription,wlt,f97dcbc3ecfbc19a130c4dbafef6cb7def9c3eb8
services/wlt/contracts/wlt.commercial.openapi.yaml,272,POST,/wlt/commercial/subscriptions/expire-due,expireDueWltCommercialSubscriptions,wlt,f97dcbc3ecfbc19a130c4dbafef6cb7def9c3eb8
services/wlt/contracts/wlt.delivery-collections.openapi.yaml,22,POST,/wlt/delivery-collections,createWltDeliveryCollectionHandoff,wlt,f97dcbc3ecfbc19a130c4dbafef6cb7def9c3eb8
services/wlt/contracts/wlt.delivery-collections.openapi.yaml,60,GET,/wlt/delivery-collections,listWltDeliveryCollections,wlt,f97dcbc3ecfbc19a130c4dbafef6cb7def9c3eb8
services/wlt/contracts/wlt.delivery-collections.openapi.yaml,88,GET,/wlt/delivery-collections/{codRecordId},getWltDeliveryCollection,wlt,f97dcbc3ecfbc19a130c4dbafef6cb7def9c3eb8
services/wlt/contracts/wlt.dispatch-financial-eligibility.openapi.yaml,17,POST,/internal/dispatch-financial-eligibility/evaluate,evaluateDispatchFinancialEligibility,wlt,f97dcbc3ecfbc19a130c4dbafef6cb7def9c3eb8
services/wlt/contracts/wlt.openapi.yaml,36,GET,/wlt/health,getWltHealth,wlt,f97dcbc3ecfbc19a130c4dbafef6cb7def9c3eb8
services/wlt/contracts/wlt.openapi.yaml,51,GET,/wlt/readiness,getWltReadiness,wlt,f97dcbc3ecfbc19a130c4dbafef6cb7def9c3eb8
services/wlt/contracts/wlt.openapi.yaml,67,GET,/wlt/references/payment-status,getWltPaymentStatusRef,wlt,f97dcbc3ecfbc19a130c4dbafef6cb7def9c3eb8
services/wlt/contracts/wlt.openapi.yaml,80,GET,/wlt/references/settlement-status,getWltSettlementStatusRef,wlt,f97dcbc3ecfbc19a130c4dbafef6cb7def9c3eb8
services/wlt/contracts/wlt.openapi.yaml,94,GET,/wlt/references/refund-status,getWltRefundStatusRef,wlt,f97dcbc3ecfbc19a130c4dbafef6cb7def9c3eb8
services/wlt/contracts/wlt.openapi.yaml,107,GET,/wlt/references/wallet-status,getWltWalletStatusRef,wlt,f97dcbc3ecfbc19a130c4dbafef6cb7def9c3eb8
services/wlt/contracts/wlt.openapi.yaml,127,GET,/wlt/wallets/{actorType}/{actorId},getWltWallet,wlt,f97dcbc3ecfbc19a130c4dbafef6cb7def9c3eb8
services/wlt/contracts/wlt.openapi.yaml,147,GET,/wlt/reconciliation-cases,listWltReconciliationCases,wlt,f97dcbc3ecfbc19a130c4dbafef6cb7def9c3eb8
services/wlt/contracts/wlt.openapi.yaml,167,GET,/wlt/reconciliation-cases/{caseId},getWltReconciliationCase,wlt,f97dcbc3ecfbc19a130c4dbafef6cb7def9c3eb8
services/wlt/contracts/wlt.openapi.yaml,185,POST,/wlt/reconciliation-cases/{caseId}/assign,assignWltReconciliationCase,wlt,f97dcbc3ecfbc19a130c4dbafef6cb7def9c3eb8
services/wlt/contracts/wlt.openapi.yaml,209,POST,/wlt/reconciliation-cases/{caseId}/resolve,resolveWltReconciliationCase,wlt,f97dcbc3ecfbc19a130c4dbafef6cb7def9c3eb8
services/wlt/contracts/wlt.openapi.yaml,233,GET,/wlt/ledger/entries,listWltLedgerEntries,wlt,f97dcbc3ecfbc19a130c4dbafef6cb7def9c3eb8
services/wlt/contracts/wlt.openapi.yaml,268,GET,/wlt/ledger/entries/{entryId},getWltLedgerEntry,wlt,f97dcbc3ecfbc19a130c4dbafef6cb7def9c3eb8
services/wlt/contracts/wlt.openapi.yaml,289,GET,/wlt/ledger/financial-summary,getWltLedgerFinancialSummary,wlt,f97dcbc3ecfbc19a130c4dbafef6cb7def9c3eb8
services/wlt/contracts/wlt.payments.openapi.yaml,19,POST,/wlt/payment-sessions,createWltPaymentSession,wlt,f97dcbc3ecfbc19a130c4dbafef6cb7def9c3eb8
services/wlt/contracts/wlt.payments.openapi.yaml,46,GET,/wlt/payment-sessions/{paymentSessionId},getWltPaymentSession,wlt,f97dcbc3ecfbc19a130c4dbafef6cb7def9c3eb8
services/wlt/contracts/wlt.payments.openapi.yaml,64,POST,/wlt/payment-sessions/{paymentSessionId}/authorize,authorizeWltPaymentSession,wlt,f97dcbc3ecfbc19a130c4dbafef6cb7def9c3eb8
services/wlt/contracts/wlt.payments.openapi.yaml,88,POST,/wlt/payment-sessions/{paymentSessionId}/capture,captureWltPaymentSession,wlt,f97dcbc3ecfbc19a130c4dbafef6cb7def9c3eb8
services/wlt/contracts/wlt.payments.openapi.yaml,113,POST,/wlt/payment-sessions/{paymentSessionId}/refresh-provider-status,refreshWltPaymentSessionProviderStatus,wlt,f97dcbc3ecfbc19a130c4dbafef6cb7def9c3eb8
services/wlt/contracts/wlt.payments.openapi.yaml,137,GET,/wlt/payment-sessions/{paymentSessionId}/timeline,getWltPaymentSessionTimeline,wlt,f97dcbc3ecfbc19a130c4dbafef6cb7def9c3eb8
services/wlt/contracts/wlt.payments.openapi.yaml,160,POST,/wlt/payment-sessions/{paymentSessionId}/expire,expireWltPaymentSession,wlt,f97dcbc3ecfbc19a130c4dbafef6cb7def9c3eb8
services/wlt/contracts/wlt.payments.openapi.yaml,182,POST,/wlt/payment-sessions/{paymentSessionId}/cod-collect,blockLegacyWltPaymentSessionCodCollect,wlt,f97dcbc3ecfbc19a130c4dbafef6cb7def9c3eb8
services/wlt/contracts/wlt.payments.openapi.yaml,200,POST,/wlt/payment-sessions/{paymentSessionId}/cancel-for-order,cancelWltPaymentSessionForOrder,wlt,f97dcbc3ecfbc19a130c4dbafef6cb7def9c3eb8
services/wlt/contracts/wlt.payments.openapi.yaml,235,POST,/wlt/order-cancellations,cancelWltOrderFinancially,wlt,f97dcbc3ecfbc19a130c4dbafef6cb7def9c3eb8
services/wlt/contracts/wlt.payments.openapi.yaml,271,POST,/wlt/provider/webhooks/payment,receiveWltPaymentProviderWebhook,wlt,f97dcbc3ecfbc19a130c4dbafef6cb7def9c3eb8
services/wlt/contracts/wlt.payout-failure-boundary.openapi.yaml,16,POST,/wlt/payout-requests/{payoutId}/fail,failWltPayoutRequestClosed,wlt,f97dcbc3ecfbc19a130c4dbafef6cb7def9c3eb8
services/wlt/contracts/wlt.payouts-destinations.openapi.yaml,18,GET,/wlt/payout-destinations/{actorType}/{actorId},getWltTypedPayoutDestination,wlt,f97dcbc3ecfbc19a130c4dbafef6cb7def9c3eb8
services/wlt/contracts/wlt.payouts-destinations.openapi.yaml,31,PUT,/wlt/payout-destinations/{actorType}/{actorId},upsertWltTypedPayoutDestination,wlt,f97dcbc3ecfbc19a130c4dbafef6cb7def9c3eb8
services/wlt/contracts/wlt.payouts-destinations.openapi.yaml,60,POST,/wlt/payout-destinations/{actorType}/{actorId}/deactivate,deactivateWltTypedPayoutDestination,wlt,f97dcbc3ecfbc19a130c4dbafef6cb7def9c3eb8
services/wlt/contracts/wlt.payouts-destinations.openapi.yaml,69,GET,/wlt/payout-requests,listWltPayoutRequests,wlt,f97dcbc3ecfbc19a130c4dbafef6cb7def9c3eb8
services/wlt/contracts/wlt.payouts-destinations.openapi.yaml,99,POST,/wlt/payout-requests,createWltDestinationBoundPayoutRequest,wlt,f97dcbc3ecfbc19a130c4dbafef6cb7def9c3eb8
services/wlt/contracts/wlt.payouts-destinations.openapi.yaml,129,GET,/wlt/payout-requests/{payoutId},getWltPayoutRequest,wlt,f97dcbc3ecfbc19a130c4dbafef6cb7def9c3eb8
services/wlt/contracts/wlt.payouts-destinations.openapi.yaml,142,POST,/wlt/payout-requests/{payoutId}/approve,approveWltPayoutRequest,wlt,f97dcbc3ecfbc19a130c4dbafef6cb7def9c3eb8
services/wlt/contracts/wlt.payouts-destinations.openapi.yaml,156,POST,/wlt/payout-requests/{payoutId}/reject,rejectWltPayoutRequest,wlt,f97dcbc3ecfbc19a130c4dbafef6cb7def9c3eb8
services/wlt/contracts/wlt.payouts-destinations.openapi.yaml,170,POST,/wlt/payout-requests/{payoutId}/process,processWltPayoutRequest,wlt,f97dcbc3ecfbc19a130c4dbafef6cb7def9c3eb8
services/wlt/contracts/wlt.payouts-destinations.openapi.yaml,186,POST,/wlt/payout-requests/{payoutId}/complete,completeWltPayoutRequest,wlt,f97dcbc3ecfbc19a130c4dbafef6cb7def9c3eb8
services/wlt/contracts/wlt.payouts-destinations.openapi.yaml,201,POST,/wlt/payout-requests/{payoutId}/reconcile,reconcileWltPayoutRequest,wlt,f97dcbc3ecfbc19a130c4dbafef6cb7def9c3eb8
services/wlt/contracts/wlt.payouts-destinations.openapi.yaml,221,GET,/wlt/payout-requests/{payoutId}/audit,listWltPayoutAudit,wlt,f97dcbc3ecfbc19a130c4dbafef6cb7def9c3eb8
services/wlt/contracts/wlt.promotion-funding.openapi.yaml,16,POST,/wlt/promotion-funding/reservations,reserveWltPromotionFunding,wlt,f97dcbc3ecfbc19a130c4dbafef6cb7def9c3eb8
services/wlt/contracts/wlt.promotion-funding.openapi.yaml,39,GET,/wlt/promotion-funding/reservations/{reservationId},getWltPromotionFundingReservation,wlt,f97dcbc3ecfbc19a130c4dbafef6cb7def9c3eb8
services/wlt/contracts/wlt.promotion-funding.openapi.yaml,54,POST,/wlt/promotion-funding/reservations/{reservationId}/commit,commitWltPromotionFunding,wlt,f97dcbc3ecfbc19a130c4dbafef6cb7def9c3eb8
services/wlt/contracts/wlt.promotion-funding.openapi.yaml,79,POST,/wlt/promotion-funding/reservations/{reservationId}/release,releaseWltPromotionFunding,wlt,f97dcbc3ecfbc19a130c4dbafef6cb7def9c3eb8
services/wlt/contracts/wlt.promotion-funding.openapi.yaml,104,POST,/wlt/promotion-funding/reservations/{reservationId}/reverse,reverseWltPromotionFunding,wlt,f97dcbc3ecfbc19a130c4dbafef6cb7def9c3eb8
services/wlt/contracts/wlt.refunds.openapi.yaml,18,GET,/wlt/refunds,listWltRefunds,wlt,f97dcbc3ecfbc19a130c4dbafef6cb7def9c3eb8
services/wlt/contracts/wlt.refunds.openapi.yaml,44,POST,/wlt/refunds,createWltRefund,wlt,f97dcbc3ecfbc19a130c4dbafef6cb7def9c3eb8
services/wlt/contracts/wlt.refunds.openapi.yaml,80,GET,/wlt/refunds/{refundId},getWltRefund,wlt,f97dcbc3ecfbc19a130c4dbafef6cb7def9c3eb8
services/wlt/contracts/wlt.refunds.openapi.yaml,102,POST,/wlt/refunds/{refundId}/approve,approveWltRefund,wlt,f97dcbc3ecfbc19a130c4dbafef6cb7def9c3eb8
services/wlt/contracts/wlt.refunds.openapi.yaml,133,POST,/wlt/refunds/{refundId}/reject,rejectWltRefund,wlt,f97dcbc3ecfbc19a130c4dbafef6cb7def9c3eb8
services/wlt/contracts/wlt.refunds.openapi.yaml,164,POST,/wlt/refunds/{refundId}/complete,completeWltRefund,wlt,f97dcbc3ecfbc19a130c4dbafef6cb7def9c3eb8
services/wlt/contracts/wlt.refunds.openapi.yaml,208,POST,/wlt/refunds/{refundId}/reconcile,reconcileWltRefund,wlt,f97dcbc3ecfbc19a130c4dbafef6cb7def9c3eb8
services/wlt/contracts/wlt.refunds.openapi.yaml,240,GET,/wlt/refunds/{refundId}/audit,listWltRefundAudit,wlt,f97dcbc3ecfbc19a130c4dbafef6cb7def9c3eb8
services/wlt/contracts/wlt.settlement-operations.openapi.yaml,16,GET,/wlt/settlements,listWltSettlements,wlt,f97dcbc3ecfbc19a130c4dbafef6cb7def9c3eb8
services/wlt/contracts/wlt.settlement-operations.openapi.yaml,42,GET,/wlt/settlements/summary,getWltSettlementSummary,wlt,f97dcbc3ecfbc19a130c4dbafef6cb7def9c3eb8
services/wlt/contracts/wlt.settlement-operations.openapi.yaml,58,GET,/wlt/settlements/{settlementId},getWltSettlement,wlt,f97dcbc3ecfbc19a130c4dbafef6cb7def9c3eb8
services/wlt/contracts/wlt.settlement-operations.openapi.yaml,75,POST,/wlt/settlements/{settlementId}/post,postWltSettlement,wlt,f97dcbc3ecfbc19a130c4dbafef6cb7def9c3eb8
services/wlt/contracts/wlt.settlements-commissions.openapi.yaml,17,POST,/wlt/settlements,createWltEvidenceBackedSettlement,wlt,f97dcbc3ecfbc19a130c4dbafef6cb7def9c3eb8
services/wlt/contracts/wlt.settlements-commissions.openapi.yaml,47,GET,/wlt/settlements/{settlementId}/evidence,listWltSettlementEvidence,wlt,f97dcbc3ecfbc19a130c4dbafef6cb7def9c3eb8
services/wlt/contracts/wlt.settlements-commissions.openapi.yaml,71,PUT,/wlt/settlement-policies/{partnerId},upsertWltSettlementPolicy,wlt,f97dcbc3ecfbc19a130c4dbafef6cb7def9c3eb8
services/wlt/contracts/wlt.settlements-commissions.openapi.yaml,91,PUT,/wlt/commission-policies,upsertWltCommissionPolicy,wlt,f97dcbc3ecfbc19a130c4dbafef6cb7def9c3eb8
services/wlt/contracts/wlt.settlements-commissions.openapi.yaml,110,GET,/wlt/commissions,listWltGovernedCommissions,wlt,f97dcbc3ecfbc19a130c4dbafef6cb7def9c3eb8
services/wlt/contracts/wlt.settlements-commissions.openapi.yaml,154,POST,/wlt/commissions,createWltGovernedCommission,wlt,f97dcbc3ecfbc19a130c4dbafef6cb7def9c3eb8
services/wlt/contracts/wlt.settlements-commissions.openapi.yaml,182,GET,/wlt/commissions/{commissionId},getWltGovernedCommission,wlt,f97dcbc3ecfbc19a130c4dbafef6cb7def9c3eb8
services/wlt/contracts/wlt.settlements-commissions.openapi.yaml,200,POST,/wlt/commissions/{commissionId}/adjust,adjustWltCommission,wlt,f97dcbc3ecfbc19a130c4dbafef6cb7def9c3eb8
services/wlt/contracts/wlt.settlements-commissions.openapi.yaml,227,POST,/wlt/commissions/{commissionId}/confirm,confirmWltCommission,wlt,f97dcbc3ecfbc19a130c4dbafef6cb7def9c3eb8
services/wlt/contracts/wlt.settlements-commissions.openapi.yaml,241,POST,/wlt/commissions/{commissionId}/settle,settleWltCommission,wlt,f97dcbc3ecfbc19a130c4dbafef6cb7def9c3eb8
services/wlt/contracts/wlt.settlements-commissions.openapi.yaml,255,POST,/wlt/commissions/{commissionId}/reject,rejectWltCommission,wlt,f97dcbc3ecfbc19a130c4dbafef6cb7def9c3eb8
services/wlt/contracts/wlt.settlements-commissions.openapi.yaml,273,POST,/wlt/commissions/{commissionId}/reverse,reverseWltCommission,wlt,f97dcbc3ecfbc19a130c4dbafef6cb7def9c3eb8
services/wlt/contracts/wlt.workforce-finance.openapi.yaml,16,PUT,/wlt/field-commission-category-policies/{partnerCategory},upsertFieldCommissionCategoryPolicy,wlt,f97dcbc3ecfbc19a130c4dbafef6cb7def9c3eb8
services/wlt/contracts/wlt.workforce-finance.openapi.yaml,33,POST,/wlt/field-commissions,createFieldCategoryCommission,wlt,f97dcbc3ecfbc19a130c4dbafef6cb7def9c3eb8
services/wlt/contracts/wlt.workforce-finance.openapi.yaml,49,POST,/wlt/provider-penalties,createProviderPenalty,wlt,f97dcbc3ecfbc19a130c4dbafef6cb7def9c3eb8
services/wlt/contracts/wlt.workforce-finance.openapi.yaml,65,POST,/wlt/provider-penalties/{penaltyId}/reverse,reverseProviderPenalty,wlt,f97dcbc3ecfbc19a130c4dbafef6cb7def9c3eb8
