source,line,specifier,edge_kind,owner
core/identity/backend/cmd/identity-api/main.go,4,context,GO_IMPORT,identity
core/identity/backend/cmd/identity-api/main.go,5,database/sql,GO_IMPORT,identity
core/identity/backend/cmd/identity-api/main.go,6,log,GO_IMPORT,identity
core/identity/backend/cmd/identity-api/main.go,7,net/http,GO_IMPORT,identity
core/identity/backend/cmd/identity-api/main.go,8,os,GO_IMPORT,identity
core/identity/backend/cmd/identity-api/main.go,9,os/signal,GO_IMPORT,identity
core/identity/backend/cmd/identity-api/main.go,10,strings,GO_IMPORT,identity
core/identity/backend/cmd/identity-api/main.go,11,syscall,GO_IMPORT,identity
core/identity/backend/cmd/identity-api/main.go,12,time,GO_IMPORT,identity
core/identity/backend/cmd/identity-api/main.go,14,github.com/lib/pq,GO_IMPORT,identity
core/identity/backend/cmd/identity-api/main.go,16,identity-api/internal/http,GO_IMPORT,identity
core/identity/backend/cmd/identity-api/main.go,17,identity-api/internal/identity,GO_IMPORT,identity
core/identity/backend/cmd/identity-api/main_test.go,3,testing,GO_IMPORT,identity
core/identity/backend/internal/http/activation_issuer_boundary.go,4,bytes,GO_IMPORT,identity
core/identity/backend/internal/http/activation_issuer_boundary.go,5,context,GO_IMPORT,identity
core/identity/backend/internal/http/activation_issuer_boundary.go,6,database/sql,GO_IMPORT,identity
core/identity/backend/internal/http/activation_issuer_boundary.go,7,encoding/json,GO_IMPORT,identity
core/identity/backend/internal/http/activation_issuer_boundary.go,8,errors,GO_IMPORT,identity
core/identity/backend/internal/http/activation_issuer_boundary.go,9,io,GO_IMPORT,identity
core/identity/backend/internal/http/activation_issuer_boundary.go,10,net/http,GO_IMPORT,identity
core/identity/backend/internal/http/activation_issuer_boundary.go,11,os,GO_IMPORT,identity
core/identity/backend/internal/http/activation_issuer_boundary.go,12,strings,GO_IMPORT,identity
core/identity/backend/internal/http/activation_issuer_boundary_test.go,4,context,GO_IMPORT,identity
core/identity/backend/internal/http/activation_issuer_boundary_test.go,5,database/sql,GO_IMPORT,identity
core/identity/backend/internal/http/activation_issuer_boundary_test.go,6,io,GO_IMPORT,identity
core/identity/backend/internal/http/activation_issuer_boundary_test.go,7,net/http,GO_IMPORT,identity
core/identity/backend/internal/http/activation_issuer_boundary_test.go,8,net/http/httptest,GO_IMPORT,identity
core/identity/backend/internal/http/activation_issuer_boundary_test.go,9,strings,GO_IMPORT,identity
core/identity/backend/internal/http/activation_issuer_boundary_test.go,10,testing,GO_IMPORT,identity
core/identity/backend/internal/http/activation_safety.go,4,bytes,GO_IMPORT,identity
core/identity/backend/internal/http/activation_safety.go,5,encoding/json,GO_IMPORT,identity
core/identity/backend/internal/http/activation_safety.go,6,io,GO_IMPORT,identity
core/identity/backend/internal/http/activation_safety.go,7,net/http,GO_IMPORT,identity
core/identity/backend/internal/http/activation_safety.go,8,strings,GO_IMPORT,identity
core/identity/backend/internal/http/activation_safety_test.go,4,io,GO_IMPORT,identity
core/identity/backend/internal/http/activation_safety_test.go,5,net/http,GO_IMPORT,identity
core/identity/backend/internal/http/activation_safety_test.go,6,net/http/httptest,GO_IMPORT,identity
core/identity/backend/internal/http/activation_safety_test.go,7,strings,GO_IMPORT,identity
core/identity/backend/internal/http/activation_safety_test.go,8,testing,GO_IMPORT,identity
core/identity/backend/internal/http/auth_operator_context_boundary.go,4,bytes,GO_IMPORT,identity
core/identity/backend/internal/http/auth_operator_context_boundary.go,5,context,GO_IMPORT,identity
core/identity/backend/internal/http/auth_operator_context_boundary.go,6,encoding/json,GO_IMPORT,identity
core/identity/backend/internal/http/auth_operator_context_boundary.go,7,net/http,GO_IMPORT,identity
core/identity/backend/internal/http/auth_operator_context_boundary.go,8,os,GO_IMPORT,identity
core/identity/backend/internal/http/auth_operator_context_boundary.go,9,strings,GO_IMPORT,identity
core/identity/backend/internal/http/auth_operator_context_boundary.go,11,identity-api/internal/identity,GO_IMPORT,identity
core/identity/backend/internal/http/auth_operator_context_boundary_test.go,4,context,GO_IMPORT,identity
core/identity/backend/internal/http/auth_operator_context_boundary_test.go,5,errors,GO_IMPORT,identity
core/identity/backend/internal/http/auth_operator_context_boundary_test.go,6,net/http,GO_IMPORT,identity
core/identity/backend/internal/http/auth_operator_context_boundary_test.go,7,net/http/httptest,GO_IMPORT,identity
core/identity/backend/internal/http/auth_operator_context_boundary_test.go,8,strings,GO_IMPORT,identity
core/identity/backend/internal/http/auth_operator_context_boundary_test.go,9,testing,GO_IMPORT,identity
core/identity/backend/internal/http/auth_operator_context_boundary_test.go,11,identity-api/internal/identity,GO_IMPORT,identity
core/identity/backend/internal/http/browser_cors.go,3,net/http,GO_IMPORT,identity
core/identity/backend/internal/http/browser_cors_test.go,4,net/http,GO_IMPORT,identity
core/identity/backend/internal/http/browser_cors_test.go,5,net/http/httptest,GO_IMPORT,identity
core/identity/backend/internal/http/browser_cors_test.go,6,strings,GO_IMPORT,identity
core/identity/backend/internal/http/browser_cors_test.go,7,testing,GO_IMPORT,identity
core/identity/backend/internal/http/contract_security_test.go,4,os,GO_IMPORT,identity
core/identity/backend/internal/http/contract_security_test.go,5,strings,GO_IMPORT,identity
core/identity/backend/internal/http/contract_security_test.go,6,testing,GO_IMPORT,identity
core/identity/backend/internal/http/employee_access_routes.go,4,crypto/subtle,GO_IMPORT,identity
core/identity/backend/internal/http/employee_access_routes.go,5,net/http,GO_IMPORT,identity
core/identity/backend/internal/http/employee_access_routes.go,6,os,GO_IMPORT,identity
core/identity/backend/internal/http/employee_access_routes.go,7,strings,GO_IMPORT,identity
core/identity/backend/internal/http/employee_access_routes.go,9,identity-api/internal/identity,GO_IMPORT,identity
core/identity/backend/internal/http/employee_access_scope_test.go,4,net/http,GO_IMPORT,identity
core/identity/backend/internal/http/employee_access_scope_test.go,5,net/http/httptest,GO_IMPORT,identity
core/identity/backend/internal/http/employee_access_scope_test.go,6,strings,GO_IMPORT,identity
core/identity/backend/internal/http/employee_access_scope_test.go,7,testing,GO_IMPORT,identity
core/identity/backend/internal/http/operator_context_boundary.go,4,bytes,GO_IMPORT,identity
core/identity/backend/internal/http/operator_context_boundary.go,5,context,GO_IMPORT,identity
core/identity/backend/internal/http/operator_context_boundary.go,6,crypto/subtle,GO_IMPORT,identity
core/identity/backend/internal/http/operator_context_boundary.go,7,database/sql,GO_IMPORT,identity
core/identity/backend/internal/http/operator_context_boundary.go,8,encoding/json,GO_IMPORT,identity
core/identity/backend/internal/http/operator_context_boundary.go,9,errors,GO_IMPORT,identity
core/identity/backend/internal/http/operator_context_boundary.go,10,net/http,GO_IMPORT,identity
core/identity/backend/internal/http/operator_context_boundary.go,11,os,GO_IMPORT,identity
core/identity/backend/internal/http/operator_context_boundary.go,12,strings,GO_IMPORT,identity
core/identity/backend/internal/http/operator_context_boundary_test.go,4,net/http,GO_IMPORT,identity
core/identity/backend/internal/http/operator_context_boundary_test.go,5,net/http/httptest,GO_IMPORT,identity
core/identity/backend/internal/http/operator_context_boundary_test.go,6,strings,GO_IMPORT,identity
core/identity/backend/internal/http/operator_context_boundary_test.go,7,testing,GO_IMPORT,identity
core/identity/backend/internal/http/otp_boundary.go,4,bytes,GO_IMPORT,identity
core/identity/backend/internal/http/otp_boundary.go,5,context,GO_IMPORT,identity
core/identity/backend/internal/http/otp_boundary.go,6,encoding/json,GO_IMPORT,identity
core/identity/backend/internal/http/otp_boundary.go,7,errors,GO_IMPORT,identity
core/identity/backend/internal/http/otp_boundary.go,8,io,GO_IMPORT,identity
core/identity/backend/internal/http/otp_boundary.go,9,log,GO_IMPORT,identity
core/identity/backend/internal/http/otp_boundary.go,10,net/http,GO_IMPORT,identity
core/identity/backend/internal/http/otp_boundary.go,11,os,GO_IMPORT,identity
core/identity/backend/internal/http/otp_boundary.go,12,strings,GO_IMPORT,identity
core/identity/backend/internal/http/otp_boundary.go,14,identity-api/internal/identity,GO_IMPORT,identity
core/identity/backend/internal/http/otp_boundary_test.go,4,context,GO_IMPORT,identity
core/identity/backend/internal/http/otp_boundary_test.go,5,errors,GO_IMPORT,identity
core/identity/backend/internal/http/otp_boundary_test.go,6,net/http,GO_IMPORT,identity
core/identity/backend/internal/http/otp_boundary_test.go,7,net/http/httptest,GO_IMPORT,identity
core/identity/backend/internal/http/otp_boundary_test.go,8,strings,GO_IMPORT,identity
core/identity/backend/internal/http/otp_boundary_test.go,9,testing,GO_IMPORT,identity
core/identity/backend/internal/http/otp_boundary_test.go,11,identity-api/internal/identity,GO_IMPORT,identity
core/identity/backend/internal/http/partner_access_routes.go,4,crypto/subtle,GO_IMPORT,identity
core/identity/backend/internal/http/partner_access_routes.go,5,errors,GO_IMPORT,identity
core/identity/backend/internal/http/partner_access_routes.go,6,net/http,GO_IMPORT,identity
core/identity/backend/internal/http/partner_access_routes.go,7,os,GO_IMPORT,identity
core/identity/backend/internal/http/partner_access_routes.go,8,strings,GO_IMPORT,identity
core/identity/backend/internal/http/partner_access_routes.go,10,identity-api/internal/identity,GO_IMPORT,identity
core/identity/backend/internal/http/partner_access_routes_test.go,4,net/http,GO_IMPORT,identity
core/identity/backend/internal/http/partner_access_routes_test.go,5,net/http/httptest,GO_IMPORT,identity
core/identity/backend/internal/http/partner_access_routes_test.go,6,strings,GO_IMPORT,identity
core/identity/backend/internal/http/partner_access_routes_test.go,7,testing,GO_IMPORT,identity
core/identity/backend/internal/http/request_contract.go,4,crypto/rand,GO_IMPORT,identity
core/identity/backend/internal/http/request_contract.go,5,encoding/hex,GO_IMPORT,identity
core/identity/backend/internal/http/request_contract.go,6,net/http,GO_IMPORT,identity
core/identity/backend/internal/http/request_contract.go,7,strings,GO_IMPORT,identity
core/identity/backend/internal/http/runtime_operator_context_boundary.go,4,net/http,GO_IMPORT,identity
core/identity/backend/internal/http/runtime_operator_context_boundary.go,5,os,GO_IMPORT,identity
core/identity/backend/internal/http/runtime_operator_context_boundary.go,6,strings,GO_IMPORT,identity
core/identity/backend/internal/http/runtime_operator_context_boundary_test.go,4,net/http,GO_IMPORT,identity
core/identity/backend/internal/http/runtime_operator_context_boundary_test.go,5,net/http/httptest,GO_IMPORT,identity
core/identity/backend/internal/http/runtime_operator_context_boundary_test.go,6,strings,GO_IMPORT,identity
core/identity/backend/internal/http/runtime_operator_context_boundary_test.go,7,testing,GO_IMPORT,identity
core/identity/backend/internal/http/runtime_probe_test.go,4,context,GO_IMPORT,identity
core/identity/backend/internal/http/runtime_probe_test.go,5,encoding/json,GO_IMPORT,identity
core/identity/backend/internal/http/runtime_probe_test.go,6,errors,GO_IMPORT,identity
core/identity/backend/internal/http/runtime_probe_test.go,7,net/http,GO_IMPORT,identity
core/identity/backend/internal/http/runtime_probe_test.go,8,net/http/httptest,GO_IMPORT,identity
core/identity/backend/internal/http/runtime_probe_test.go,9,os,GO_IMPORT,identity
core/identity/backend/internal/http/runtime_probe_test.go,10,strings,GO_IMPORT,identity
core/identity/backend/internal/http/runtime_probe_test.go,11,sync,GO_IMPORT,identity
core/identity/backend/internal/http/runtime_probe_test.go,12,testing,GO_IMPORT,identity
core/identity/backend/internal/http/runtime_probe_test.go,13,time,GO_IMPORT,identity
core/identity/backend/internal/http/runtime_readiness_boundary.go,4,context,GO_IMPORT,identity
core/identity/backend/internal/http/runtime_readiness_boundary.go,5,database/sql,GO_IMPORT,identity
core/identity/backend/internal/http/runtime_readiness_boundary.go,6,errors,GO_IMPORT,identity
core/identity/backend/internal/http/runtime_readiness_boundary.go,7,fmt,GO_IMPORT,identity
core/identity/backend/internal/http/runtime_readiness_boundary.go,8,log/slog,GO_IMPORT,identity
core/identity/backend/internal/http/runtime_readiness_boundary.go,9,net/http,GO_IMPORT,identity
core/identity/backend/internal/http/runtime_readiness_boundary.go,10,os,GO_IMPORT,identity
core/identity/backend/internal/http/runtime_readiness_boundary.go,11,strings,GO_IMPORT,identity
core/identity/backend/internal/http/runtime_readiness_boundary.go,12,sync,GO_IMPORT,identity
core/identity/backend/internal/http/runtime_readiness_boundary.go,13,sync/atomic,GO_IMPORT,identity
core/identity/backend/internal/http/runtime_readiness_boundary.go,14,time,GO_IMPORT,identity
core/identity/backend/internal/http/runtime_readiness_boundary_test.go,4,net/http,GO_IMPORT,identity
core/identity/backend/internal/http/runtime_readiness_boundary_test.go,5,net/http/httptest,GO_IMPORT,identity
core/identity/backend/internal/http/runtime_readiness_boundary_test.go,6,strings,GO_IMPORT,identity
core/identity/backend/internal/http/runtime_readiness_boundary_test.go,7,testing,GO_IMPORT,identity
core/identity/backend/internal/http/server.go,4,crypto/subtle,GO_IMPORT,identity
core/identity/backend/internal/http/server.go,5,database/sql,GO_IMPORT,identity
core/identity/backend/internal/http/server.go,6,encoding/json,GO_IMPORT,identity
core/identity/backend/internal/http/server.go,7,errors,GO_IMPORT,identity
core/identity/backend/internal/http/server.go,8,net,GO_IMPORT,identity
core/identity/backend/internal/http/server.go,9,net/http,GO_IMPORT,identity
core/identity/backend/internal/http/server.go,10,os,GO_IMPORT,identity
core/identity/backend/internal/http/server.go,11,strconv,GO_IMPORT,identity
core/identity/backend/internal/http/server.go,12,strings,GO_IMPORT,identity
core/identity/backend/internal/http/server.go,14,identity-api/internal/identity,GO_IMPORT,identity
core/identity/backend/internal/http/server_test.go,4,net/http,GO_IMPORT,identity
core/identity/backend/internal/http/server_test.go,5,net/http/httptest,GO_IMPORT,identity
core/identity/backend/internal/http/server_test.go,6,os,GO_IMPORT,identity
core/identity/backend/internal/http/server_test.go,7,strings,GO_IMPORT,identity
core/identity/backend/internal/http/server_test.go,8,testing,GO_IMPORT,identity
core/identity/backend/internal/http/server_test.go,10,identity-api/internal/identity,GO_IMPORT,identity
core/identity/backend/internal/identity/activation_functional_db_test.go,4,context,GO_IMPORT,identity
core/identity/backend/internal/identity/activation_functional_db_test.go,5,errors,GO_IMPORT,identity
core/identity/backend/internal/identity/activation_functional_db_test.go,6,testing,GO_IMPORT,identity
core/identity/backend/internal/identity/activation_race_db_test.go,4,context,GO_IMPORT,identity
core/identity/backend/internal/identity/activation_race_db_test.go,5,errors,GO_IMPORT,identity
core/identity/backend/internal/identity/activation_race_db_test.go,6,strings,GO_IMPORT,identity
core/identity/backend/internal/identity/activation_race_db_test.go,7,sync,GO_IMPORT,identity
core/identity/backend/internal/identity/activation_race_db_test.go,8,sync/atomic,GO_IMPORT,identity
core/identity/backend/internal/identity/activation_race_db_test.go,9,testing,GO_IMPORT,identity
core/identity/backend/internal/identity/activation_session_causality_test.go,4,os,GO_IMPORT,identity
core/identity/backend/internal/identity/activation_session_causality_test.go,5,strings,GO_IMPORT,identity
core/identity/backend/internal/identity/activation_session_causality_test.go,6,testing,GO_IMPORT,identity
core/identity/backend/internal/identity/actor_admin.go,4,context,GO_IMPORT,identity
core/identity/backend/internal/identity/actor_admin.go,5,database/sql,GO_IMPORT,identity
core/identity/backend/internal/identity/actor_admin.go,6,encoding/json,GO_IMPORT,identity
core/identity/backend/internal/identity/actor_admin.go,7,errors,GO_IMPORT,identity
core/identity/backend/internal/identity/actor_admin.go,8,fmt,GO_IMPORT,identity
core/identity/backend/internal/identity/actor_admin.go,9,regexp,GO_IMPORT,identity
core/identity/backend/internal/identity/actor_admin.go,10,strconv,GO_IMPORT,identity
core/identity/backend/internal/identity/actor_admin.go,11,strings,GO_IMPORT,identity
core/identity/backend/internal/identity/actor_admin.go,13,github.com/lib/pq,GO_IMPORT,identity
core/identity/backend/internal/identity/actor_admin_db_test.go,4,context,GO_IMPORT,identity
core/identity/backend/internal/identity/actor_admin_db_test.go,5,database/sql,GO_IMPORT,identity
core/identity/backend/internal/identity/actor_admin_db_test.go,6,errors,GO_IMPORT,identity
core/identity/backend/internal/identity/actor_admin_db_test.go,7,sync,GO_IMPORT,identity
core/identity/backend/internal/identity/actor_admin_db_test.go,8,testing,GO_IMPORT,identity
core/identity/backend/internal/identity/actor_lifecycle_db_test.go,4,context,GO_IMPORT,identity
core/identity/backend/internal/identity/actor_lifecycle_db_test.go,5,database/sql,GO_IMPORT,identity
core/identity/backend/internal/identity/actor_lifecycle_db_test.go,6,errors,GO_IMPORT,identity
core/identity/backend/internal/identity/actor_lifecycle_db_test.go,7,fmt,GO_IMPORT,identity
core/identity/backend/internal/identity/actor_lifecycle_db_test.go,8,sync,GO_IMPORT,identity
core/identity/backend/internal/identity/actor_lifecycle_db_test.go,9,testing,GO_IMPORT,identity
core/identity/backend/internal/identity/actor_lifecycle_db_test.go,10,time,GO_IMPORT,identity
core/identity/backend/internal/identity/employee_access.go,4,context,GO_IMPORT,identity
core/identity/backend/internal/identity/employee_access.go,5,database/sql,GO_IMPORT,identity
core/identity/backend/internal/identity/employee_access.go,6,encoding/json,GO_IMPORT,identity
core/identity/backend/internal/identity/employee_access.go,7,errors,GO_IMPORT,identity
core/identity/backend/internal/identity/employee_access.go,8,regexp,GO_IMPORT,identity
core/identity/backend/internal/identity/employee_access.go,9,strings,GO_IMPORT,identity
core/identity/backend/internal/identity/employee_access.go,11,github.com/lib/pq,GO_IMPORT,identity
core/identity/backend/internal/identity/employee_access_test.go,4,os,GO_IMPORT,identity
core/identity/backend/internal/identity/employee_access_test.go,5,strings,GO_IMPORT,identity
core/identity/backend/internal/identity/employee_access_test.go,6,testing,GO_IMPORT,identity
core/identity/backend/internal/identity/employee_dsh_permission_backfill_test.go,4,os,GO_IMPORT,identity
core/identity/backend/internal/identity/employee_dsh_permission_backfill_test.go,5,strings,GO_IMPORT,identity
core/identity/backend/internal/identity/employee_dsh_permission_backfill_test.go,6,testing,GO_IMPORT,identity
core/identity/backend/internal/identity/employee_operator_context_guard.go,4,context,GO_IMPORT,identity
core/identity/backend/internal/identity/employee_operator_context_guard.go,5,database/sql,GO_IMPORT,identity
core/identity/backend/internal/identity/employee_operator_context_guard.go,6,errors,GO_IMPORT,identity
core/identity/backend/internal/identity/employee_operator_context_guard.go,7,strings,GO_IMPORT,identity
core/identity/backend/internal/identity/employee_permission_bundles.go,3,strings,GO_IMPORT,identity
core/identity/backend/internal/identity/employee_permission_bundles_test.go,3,testing,GO_IMPORT,identity
core/identity/backend/internal/identity/local_bootstrap_operator_context_test.go,4,context,GO_IMPORT,identity
core/identity/backend/internal/identity/local_bootstrap_operator_context_test.go,5,testing,GO_IMPORT,identity
core/identity/backend/internal/identity/model.go,3,time,GO_IMPORT,identity
core/identity/backend/internal/identity/operator_context_fallback_scan_test.go,4,os,GO_IMPORT,identity
core/identity/backend/internal/identity/operator_context_fallback_scan_test.go,5,path/filepath,GO_IMPORT,identity
core/identity/backend/internal/identity/operator_context_fallback_scan_test.go,6,strings,GO_IMPORT,identity
core/identity/backend/internal/identity/operator_context_fallback_scan_test.go,7,testing,GO_IMPORT,identity
core/identity/backend/internal/identity/operator_otp.go,4,context,GO_IMPORT,identity
core/identity/backend/internal/identity/operator_otp.go,5,database/sql,GO_IMPORT,identity
core/identity/backend/internal/identity/operator_otp.go,6,errors,GO_IMPORT,identity
core/identity/backend/internal/identity/operator_otp.go,7,strings,GO_IMPORT,identity
core/identity/backend/internal/identity/operator_otp.go,9,github.com/lib/pq,GO_IMPORT,identity
core/identity/backend/internal/identity/operator_otp_db_test.go,4,context,GO_IMPORT,identity
core/identity/backend/internal/identity/operator_otp_db_test.go,5,database/sql,GO_IMPORT,identity
core/identity/backend/internal/identity/operator_otp_db_test.go,6,os,GO_IMPORT,identity
core/identity/backend/internal/identity/operator_otp_db_test.go,7,strings,GO_IMPORT,identity
core/identity/backend/internal/identity/operator_otp_db_test.go,8,testing,GO_IMPORT,identity
core/identity/backend/internal/identity/operator_otp_db_test.go,10,github.com/lib/pq,GO_IMPORT,identity
core/identity/backend/internal/identity/partner_access_test.go,3,testing,GO_IMPORT,identity
core/identity/backend/internal/identity/partner_actor_access.go,4,context,GO_IMPORT,identity
core/identity/backend/internal/identity/partner_actor_access.go,5,database/sql,GO_IMPORT,identity
core/identity/backend/internal/identity/partner_actor_access.go,6,encoding/json,GO_IMPORT,identity
core/identity/backend/internal/identity/partner_actor_access.go,7,errors,GO_IMPORT,identity
core/identity/backend/internal/identity/partner_actor_access.go,8,strings,GO_IMPORT,identity
core/identity/backend/internal/identity/partner_actor_access.go,10,github.com/lib/pq,GO_IMPORT,identity
core/identity/backend/internal/identity/partner_actor_access_test.go,3,testing,GO_IMPORT,identity
core/identity/backend/internal/identity/partner_permission_bundles.go,3,strings,GO_IMPORT,identity
core/identity/backend/internal/identity/partner_permission_bundles_test.go,4,testing,GO_IMPORT,identity
core/identity/backend/internal/identity/partner_store_access_db_test.go,4,context,GO_IMPORT,identity
core/identity/backend/internal/identity/partner_store_access_db_test.go,5,database/sql,GO_IMPORT,identity
core/identity/backend/internal/identity/partner_store_access_db_test.go,6,encoding/json,GO_IMPORT,identity
core/identity/backend/internal/identity/partner_store_access_db_test.go,7,fmt,GO_IMPORT,identity
core/identity/backend/internal/identity/partner_store_access_db_test.go,8,os,GO_IMPORT,identity
core/identity/backend/internal/identity/partner_store_access_db_test.go,9,testing,GO_IMPORT,identity
core/identity/backend/internal/identity/partner_store_access_db_test.go,10,time,GO_IMPORT,identity
core/identity/backend/internal/identity/partner_store_access_db_test.go,12,github.com/lib/pq,GO_IMPORT,identity
core/identity/backend/internal/identity/platform_local_bootstrap.go,4,context,GO_IMPORT,identity
core/identity/backend/internal/identity/platform_local_bootstrap.go,5,encoding/json,GO_IMPORT,identity
core/identity/backend/internal/identity/platform_local_bootstrap.go,6,errors,GO_IMPORT,identity
core/identity/backend/internal/identity/platform_local_bootstrap.go,7,strings,GO_IMPORT,identity
core/identity/backend/internal/identity/platform_local_bootstrap.go,9,github.com/lib/pq,GO_IMPORT,identity
core/identity/backend/internal/identity/platform_local_bootstrap.go,10,golang.org/x/crypto/bcrypt,GO_IMPORT,identity
core/identity/backend/internal/identity/provision_operator_context_test.go,4,context,GO_IMPORT,identity
core/identity/backend/internal/identity/provision_operator_context_test.go,5,errors,GO_IMPORT,identity
core/identity/backend/internal/identity/provision_operator_context_test.go,6,testing,GO_IMPORT,identity
core/identity/backend/internal/identity/public_otp_test.go,3,testing,GO_IMPORT,identity
core/identity/backend/internal/identity/repository.go,4,context,GO_IMPORT,identity
core/identity/backend/internal/identity/repository.go,5,crypto/hmac,GO_IMPORT,identity
core/identity/backend/internal/identity/repository.go,6,crypto/rand,GO_IMPORT,identity
core/identity/backend/internal/identity/repository.go,7,crypto/sha256,GO_IMPORT,identity
core/identity/backend/internal/identity/repository.go,8,database/sql,GO_IMPORT,identity
core/identity/backend/internal/identity/repository.go,9,encoding/base64,GO_IMPORT,identity
core/identity/backend/internal/identity/repository.go,10,encoding/hex,GO_IMPORT,identity
core/identity/backend/internal/identity/repository.go,11,encoding/json,GO_IMPORT,identity
core/identity/backend/internal/identity/repository.go,12,errors,GO_IMPORT,identity
core/identity/backend/internal/identity/repository.go,13,fmt,GO_IMPORT,identity
core/identity/backend/internal/identity/repository.go,14,math/big,GO_IMPORT,identity
core/identity/backend/internal/identity/repository.go,15,os,GO_IMPORT,identity
core/identity/backend/internal/identity/repository.go,16,regexp,GO_IMPORT,identity
core/identity/backend/internal/identity/repository.go,17,strconv,GO_IMPORT,identity
core/identity/backend/internal/identity/repository.go,18,strings,GO_IMPORT,identity
core/identity/backend/internal/identity/repository.go,19,time,GO_IMPORT,identity
core/identity/backend/internal/identity/repository.go,21,github.com/lib/pq,GO_IMPORT,identity
core/identity/backend/internal/identity/repository.go,22,golang.org/x/crypto/bcrypt,GO_IMPORT,identity
core/identity/backend/internal/identity/repository_test.go,4,context,GO_IMPORT,identity
core/identity/backend/internal/identity/repository_test.go,5,database/sql,GO_IMPORT,identity
core/identity/backend/internal/identity/repository_test.go,6,database/sql/driver,GO_IMPORT,identity
core/identity/backend/internal/identity/repository_test.go,7,encoding/json,GO_IMPORT,identity
core/identity/backend/internal/identity/repository_test.go,8,errors,GO_IMPORT,identity
core/identity/backend/internal/identity/repository_test.go,9,io,GO_IMPORT,identity
core/identity/backend/internal/identity/repository_test.go,10,strings,GO_IMPORT,identity
core/identity/backend/internal/identity/repository_test.go,11,sync,GO_IMPORT,identity
core/identity/backend/internal/identity/repository_test.go,12,testing,GO_IMPORT,identity
core/identity/backend/internal/identity/repository_test.go,13,time,GO_IMPORT,identity
core/platform-control/backend/cmd/platform-control-api/main.go,4,context,GO_IMPORT,platform-control
core/platform-control/backend/cmd/platform-control-api/main.go,5,database/sql,GO_IMPORT,platform-control
core/platform-control/backend/cmd/platform-control-api/main.go,6,log,GO_IMPORT,platform-control
core/platform-control/backend/cmd/platform-control-api/main.go,7,net/http,GO_IMPORT,platform-control
core/platform-control/backend/cmd/platform-control-api/main.go,8,os,GO_IMPORT,platform-control
core/platform-control/backend/cmd/platform-control-api/main.go,9,os/signal,GO_IMPORT,platform-control
core/platform-control/backend/cmd/platform-control-api/main.go,10,syscall,GO_IMPORT,platform-control
core/platform-control/backend/cmd/platform-control-api/main.go,11,time,GO_IMPORT,platform-control
core/platform-control/backend/cmd/platform-control-api/main.go,13,github.com/lib/pq,GO_IMPORT,platform-control
core/platform-control/backend/cmd/platform-control-api/main.go,15,platform-control-api/internal/auth,GO_IMPORT,platform-control
core/platform-control/backend/cmd/platform-control-api/main.go,16,platform-control-api/internal/http,GO_IMPORT,platform-control
core/platform-control/backend/cmd/platform-control-api/main.go,17,platform-control-api/internal/platformcontrol,GO_IMPORT,platform-control
core/platform-control/backend/internal/auth/client.go,4,context,GO_IMPORT,platform-control
core/platform-control/backend/internal/auth/client.go,5,encoding/json,GO_IMPORT,platform-control
core/platform-control/backend/internal/auth/client.go,6,errors,GO_IMPORT,platform-control
core/platform-control/backend/internal/auth/client.go,7,net/http,GO_IMPORT,platform-control
core/platform-control/backend/internal/auth/client.go,8,strings,GO_IMPORT,platform-control
core/platform-control/backend/internal/auth/client.go,9,time,GO_IMPORT,platform-control
core/platform-control/backend/internal/auth/client_test.go,3,testing,GO_IMPORT,platform-control
core/platform-control/backend/internal/http/change_set_workflow_handlers_test.go,4,net/http,GO_IMPORT,platform-control
core/platform-control/backend/internal/http/change_set_workflow_handlers_test.go,5,net/http/httptest,GO_IMPORT,platform-control
core/platform-control/backend/internal/http/change_set_workflow_handlers_test.go,6,strings,GO_IMPORT,platform-control
core/platform-control/backend/internal/http/change_set_workflow_handlers_test.go,7,testing,GO_IMPORT,platform-control
core/platform-control/backend/internal/http/change_set_workflow_handlers_test.go,9,platform-control-api/internal/platformcontrol,GO_IMPORT,platform-control
core/platform-control/backend/internal/http/operator_context_test.go,4,net/http/httptest,GO_IMPORT,platform-control
core/platform-control/backend/internal/http/operator_context_test.go,5,strings,GO_IMPORT,platform-control
core/platform-control/backend/internal/http/operator_context_test.go,6,testing,GO_IMPORT,platform-control
core/platform-control/backend/internal/http/operator_context_test.go,8,platform-control-api/internal/auth,GO_IMPORT,platform-control
core/platform-control/backend/internal/http/rollout_handlers.go,4,net/http,GO_IMPORT,platform-control
core/platform-control/backend/internal/http/rollout_handlers.go,6,platform-control-api/internal/auth,GO_IMPORT,platform-control
core/platform-control/backend/internal/http/rollout_handlers.go,7,platform-control-api/internal/platformcontrol,GO_IMPORT,platform-control
core/platform-control/backend/internal/http/runtime_readiness_boundary.go,4,context,GO_IMPORT,platform-control
core/platform-control/backend/internal/http/runtime_readiness_boundary.go,5,database/sql,GO_IMPORT,platform-control
core/platform-control/backend/internal/http/runtime_readiness_boundary.go,6,errors,GO_IMPORT,platform-control
core/platform-control/backend/internal/http/runtime_readiness_boundary.go,7,log/slog,GO_IMPORT,platform-control
core/platform-control/backend/internal/http/runtime_readiness_boundary.go,8,net/http,GO_IMPORT,platform-control
core/platform-control/backend/internal/http/runtime_readiness_boundary.go,9,os,GO_IMPORT,platform-control
core/platform-control/backend/internal/http/runtime_readiness_boundary.go,10,strings,GO_IMPORT,platform-control
core/platform-control/backend/internal/http/runtime_readiness_boundary.go,11,sync/atomic,GO_IMPORT,platform-control
core/platform-control/backend/internal/http/runtime_readiness_boundary.go,12,time,GO_IMPORT,platform-control
core/platform-control/backend/internal/http/server.go,4,encoding/json,GO_IMPORT,platform-control
core/platform-control/backend/internal/http/server.go,5,errors,GO_IMPORT,platform-control
core/platform-control/backend/internal/http/server.go,6,net/http,GO_IMPORT,platform-control
core/platform-control/backend/internal/http/server.go,7,os,GO_IMPORT,platform-control
core/platform-control/backend/internal/http/server.go,8,strings,GO_IMPORT,platform-control
core/platform-control/backend/internal/http/server.go,10,platform-control-api/internal/auth,GO_IMPORT,platform-control
core/platform-control/backend/internal/http/server.go,11,platform-control-api/internal/platformcontrol,GO_IMPORT,platform-control
core/platform-control/backend/internal/http/workflow_handlers.go,4,encoding/json,GO_IMPORT,platform-control
core/platform-control/backend/internal/http/workflow_handlers.go,5,errors,GO_IMPORT,platform-control
core/platform-control/backend/internal/http/workflow_handlers.go,6,io,GO_IMPORT,platform-control
core/platform-control/backend/internal/http/workflow_handlers.go,7,net/http,GO_IMPORT,platform-control
core/platform-control/backend/internal/http/workflow_handlers.go,8,strings,GO_IMPORT,platform-control
core/platform-control/backend/internal/http/workflow_handlers.go,10,platform-control-api/internal/auth,GO_IMPORT,platform-control
core/platform-control/backend/internal/http/workflow_handlers.go,11,platform-control-api/internal/platformcontrol,GO_IMPORT,platform-control
core/platform-control/backend/internal/platformcontrol/change_set_apply_rollback.go,4,context,GO_IMPORT,platform-control
core/platform-control/backend/internal/platformcontrol/change_set_apply_rollback.go,5,database/sql,GO_IMPORT,platform-control
core/platform-control/backend/internal/platformcontrol/change_set_apply_rollback.go,6,encoding/json,GO_IMPORT,platform-control
core/platform-control/backend/internal/platformcontrol/change_set_apply_rollback.go,7,errors,GO_IMPORT,platform-control
core/platform-control/backend/internal/platformcontrol/change_set_apply_rollback.go,8,fmt,GO_IMPORT,platform-control
core/platform-control/backend/internal/platformcontrol/change_set_apply_rollback.go,9,strings,GO_IMPORT,platform-control
core/platform-control/backend/internal/platformcontrol/change_set_database_sensitive_guard_test.go,4,context,GO_IMPORT,platform-control
core/platform-control/backend/internal/platformcontrol/change_set_database_sensitive_guard_test.go,5,database/sql,GO_IMPORT,platform-control
core/platform-control/backend/internal/platformcontrol/change_set_database_sensitive_guard_test.go,6,os,GO_IMPORT,platform-control
core/platform-control/backend/internal/platformcontrol/change_set_database_sensitive_guard_test.go,7,testing,GO_IMPORT,platform-control
core/platform-control/backend/internal/platformcontrol/change_set_governance_test.go,4,context,GO_IMPORT,platform-control
core/platform-control/backend/internal/platformcontrol/change_set_governance_test.go,5,database/sql,GO_IMPORT,platform-control
core/platform-control/backend/internal/platformcontrol/change_set_governance_test.go,6,encoding/json,GO_IMPORT,platform-control
core/platform-control/backend/internal/platformcontrol/change_set_governance_test.go,7,errors,GO_IMPORT,platform-control
core/platform-control/backend/internal/platformcontrol/change_set_governance_test.go,8,os,GO_IMPORT,platform-control
core/platform-control/backend/internal/platformcontrol/change_set_governance_test.go,9,testing,GO_IMPORT,platform-control
core/platform-control/backend/internal/platformcontrol/change_set_read_create.go,4,context,GO_IMPORT,platform-control
core/platform-control/backend/internal/platformcontrol/change_set_read_create.go,5,database/sql,GO_IMPORT,platform-control
core/platform-control/backend/internal/platformcontrol/change_set_read_create.go,6,encoding/json,GO_IMPORT,platform-control
core/platform-control/backend/internal/platformcontrol/change_set_read_create.go,7,errors,GO_IMPORT,platform-control
core/platform-control/backend/internal/platformcontrol/change_set_read_create.go,8,fmt,GO_IMPORT,platform-control
core/platform-control/backend/internal/platformcontrol/change_set_read_create.go,9,strings,GO_IMPORT,platform-control
core/platform-control/backend/internal/platformcontrol/change_set_strict_boundary_test.go,4,context,GO_IMPORT,platform-control
core/platform-control/backend/internal/platformcontrol/change_set_strict_boundary_test.go,5,encoding/json,GO_IMPORT,platform-control
core/platform-control/backend/internal/platformcontrol/change_set_strict_boundary_test.go,6,errors,GO_IMPORT,platform-control
core/platform-control/backend/internal/platformcontrol/change_set_strict_boundary_test.go,7,strings,GO_IMPORT,platform-control
core/platform-control/backend/internal/platformcontrol/change_set_strict_boundary_test.go,8,testing,GO_IMPORT,platform-control
core/platform-control/backend/internal/platformcontrol/change_set_workflow.go,4,bytes,GO_IMPORT,platform-control
core/platform-control/backend/internal/platformcontrol/change_set_workflow.go,5,context,GO_IMPORT,platform-control
core/platform-control/backend/internal/platformcontrol/change_set_workflow.go,6,database/sql,GO_IMPORT,platform-control
core/platform-control/backend/internal/platformcontrol/change_set_workflow.go,7,encoding/json,GO_IMPORT,platform-control
core/platform-control/backend/internal/platformcontrol/change_set_workflow.go,8,errors,GO_IMPORT,platform-control
core/platform-control/backend/internal/platformcontrol/change_set_workflow.go,9,fmt,GO_IMPORT,platform-control
core/platform-control/backend/internal/platformcontrol/change_set_workflow.go,10,sort,GO_IMPORT,platform-control
core/platform-control/backend/internal/platformcontrol/change_set_workflow.go,11,strings,GO_IMPORT,platform-control
core/platform-control/backend/internal/platformcontrol/health.go,4,context,GO_IMPORT,platform-control
core/platform-control/backend/internal/platformcontrol/health.go,5,fmt,GO_IMPORT,platform-control
core/platform-control/backend/internal/platformcontrol/health.go,6,io,GO_IMPORT,platform-control
core/platform-control/backend/internal/platformcontrol/health.go,7,net/http,GO_IMPORT,platform-control
core/platform-control/backend/internal/platformcontrol/health.go,8,strings,GO_IMPORT,platform-control
core/platform-control/backend/internal/platformcontrol/health.go,9,sync,GO_IMPORT,platform-control
core/platform-control/backend/internal/platformcontrol/health.go,10,time,GO_IMPORT,platform-control
core/platform-control/backend/internal/platformcontrol/health_test.go,4,context,GO_IMPORT,platform-control
core/platform-control/backend/internal/platformcontrol/health_test.go,5,errors,GO_IMPORT,platform-control
core/platform-control/backend/internal/platformcontrol/health_test.go,6,net/http,GO_IMPORT,platform-control
core/platform-control/backend/internal/platformcontrol/health_test.go,7,net/http/httptest,GO_IMPORT,platform-control
core/platform-control/backend/internal/platformcontrol/health_test.go,8,testing,GO_IMPORT,platform-control
core/platform-control/backend/internal/platformcontrol/model.go,4,encoding/json,GO_IMPORT,platform-control
core/platform-control/backend/internal/platformcontrol/model.go,5,time,GO_IMPORT,platform-control
core/platform-control/backend/internal/platformcontrol/partner_commercial_model_db_test.go,4,database/sql,GO_IMPORT,platform-control
core/platform-control/backend/internal/platformcontrol/partner_commercial_model_db_test.go,5,errors,GO_IMPORT,platform-control
core/platform-control/backend/internal/platformcontrol/partner_commercial_model_db_test.go,6,os,GO_IMPORT,platform-control
core/platform-control/backend/internal/platformcontrol/partner_commercial_model_db_test.go,7,testing,GO_IMPORT,platform-control
core/platform-control/backend/internal/platformcontrol/partner_commercial_model_db_test.go,8,time,GO_IMPORT,platform-control
core/platform-control/backend/internal/platformcontrol/partner_commercial_model_db_test.go,10,github.com/lib/pq,GO_IMPORT,platform-control
core/platform-control/backend/internal/platformcontrol/repository.go,4,context,GO_IMPORT,platform-control
core/platform-control/backend/internal/platformcontrol/repository.go,5,database/sql,GO_IMPORT,platform-control
core/platform-control/backend/internal/platformcontrol/repository.go,6,encoding/json,GO_IMPORT,platform-control
core/platform-control/backend/internal/platformcontrol/repository.go,7,errors,GO_IMPORT,platform-control
core/platform-control/backend/internal/platformcontrol/repository.go,8,fmt,GO_IMPORT,platform-control
core/platform-control/backend/internal/platformcontrol/repository.go,9,strconv,GO_IMPORT,platform-control
core/platform-control/backend/internal/platformcontrol/repository.go,10,strings,GO_IMPORT,platform-control
core/platform-control/backend/internal/platformcontrol/repository.go,12,github.com/lib/pq,GO_IMPORT,platform-control
core/platform-control/backend/internal/platformcontrol/repository_integration_test.go,4,context,GO_IMPORT,platform-control
core/platform-control/backend/internal/platformcontrol/repository_integration_test.go,5,database/sql,GO_IMPORT,platform-control
core/platform-control/backend/internal/platformcontrol/repository_integration_test.go,6,encoding/json,GO_IMPORT,platform-control
core/platform-control/backend/internal/platformcontrol/repository_integration_test.go,7,errors,GO_IMPORT,platform-control
core/platform-control/backend/internal/platformcontrol/repository_integration_test.go,8,os,GO_IMPORT,platform-control
core/platform-control/backend/internal/platformcontrol/repository_integration_test.go,9,testing,GO_IMPORT,platform-control
core/platform-control/backend/internal/platformcontrol/repository_variable.go,4,context,GO_IMPORT,platform-control
core/platform-control/backend/internal/platformcontrol/repository_variable.go,5,database/sql,GO_IMPORT,platform-control
core/platform-control/backend/internal/platformcontrol/repository_variable.go,6,encoding/json,GO_IMPORT,platform-control
core/platform-control/backend/internal/platformcontrol/repository_variable.go,7,errors,GO_IMPORT,platform-control
core/platform-control/backend/internal/platformcontrol/repository_variable.go,8,fmt,GO_IMPORT,platform-control
core/platform-control/backend/internal/platformcontrol/repository_variable.go,9,strconv,GO_IMPORT,platform-control
core/platform-control/backend/internal/platformcontrol/rollout_governance.go,4,context,GO_IMPORT,platform-control
core/platform-control/backend/internal/platformcontrol/rollout_governance.go,5,database/sql,GO_IMPORT,platform-control
core/platform-control/backend/internal/platformcontrol/rollout_governance.go,6,fmt,GO_IMPORT,platform-control
core/platform-control/backend/internal/platformcontrol/rollout_governance.go,7,strings,GO_IMPORT,platform-control
core/platform-control/backend/internal/platformcontrol/rollout_governance_test.go,4,errors,GO_IMPORT,platform-control
core/platform-control/backend/internal/platformcontrol/rollout_governance_test.go,5,testing,GO_IMPORT,platform-control
core/platform-control/backend/internal/platformcontrol/rollout_integration_test.go,4,context,GO_IMPORT,platform-control
core/platform-control/backend/internal/platformcontrol/rollout_integration_test.go,5,database/sql,GO_IMPORT,platform-control
core/platform-control/backend/internal/platformcontrol/rollout_integration_test.go,6,encoding/json,GO_IMPORT,platform-control
core/platform-control/backend/internal/platformcontrol/rollout_integration_test.go,7,errors,GO_IMPORT,platform-control
core/platform-control/backend/internal/platformcontrol/rollout_integration_test.go,8,net/http,GO_IMPORT,platform-control
core/platform-control/backend/internal/platformcontrol/rollout_integration_test.go,9,net/http/httptest,GO_IMPORT,platform-control
core/platform-control/backend/internal/platformcontrol/rollout_integration_test.go,10,os,GO_IMPORT,platform-control
core/platform-control/backend/internal/platformcontrol/rollout_integration_test.go,11,sync/atomic,GO_IMPORT,platform-control
core/platform-control/backend/internal/platformcontrol/rollout_integration_test.go,12,testing,GO_IMPORT,platform-control
core/platform-control/backend/internal/platformcontrol/rollout_repository.go,4,context,GO_IMPORT,platform-control
core/platform-control/backend/internal/platformcontrol/rollout_repository.go,5,database/sql,GO_IMPORT,platform-control
core/platform-control/backend/internal/platformcontrol/rollout_repository.go,6,encoding/json,GO_IMPORT,platform-control
core/platform-control/backend/internal/platformcontrol/rollout_repository.go,7,errors,GO_IMPORT,platform-control
core/platform-control/backend/internal/platformcontrol/rollout_repository.go,8,fmt,GO_IMPORT,platform-control
core/platform-control/backend/internal/platformcontrol/rollout_repository.go,9,strings,GO_IMPORT,platform-control
core/platform-control/backend/internal/platformcontrol/rollout_repository.go,11,github.com/lib/pq,GO_IMPORT,platform-control
core/platform-control/backend/internal/platformcontrol/rollout_service.go,4,context,GO_IMPORT,platform-control
core/platform-control/backend/internal/platformcontrol/rollout_service.go,5,fmt,GO_IMPORT,platform-control
core/platform-control/backend/internal/platformcontrol/service.go,4,context,GO_IMPORT,platform-control
core/platform-control/backend/internal/platformcontrol/service.go,5,fmt,GO_IMPORT,platform-control
core/platform-control/backend/internal/platformcontrol/service.go,6,net/http,GO_IMPORT,platform-control
core/platform-control/backend/internal/platformcontrol/service.go,7,time,GO_IMPORT,platform-control
core/platform-control/backend/internal/platformcontrol/service_test.go,4,context,GO_IMPORT,platform-control
core/platform-control/backend/internal/platformcontrol/service_test.go,5,testing,GO_IMPORT,platform-control
core/platform-control/backend/internal/platformcontrol/service_test.go,6,time,GO_IMPORT,platform-control
core/providers/backend/cmd/providers-api/main.go,4,context,GO_IMPORT,providers
core/providers/backend/cmd/providers-api/main.go,5,database/sql,GO_IMPORT,providers
core/providers/backend/cmd/providers-api/main.go,6,log,GO_IMPORT,providers
core/providers/backend/cmd/providers-api/main.go,7,net/http,GO_IMPORT,providers
core/providers/backend/cmd/providers-api/main.go,8,os,GO_IMPORT,providers
core/providers/backend/cmd/providers-api/main.go,9,os/signal,GO_IMPORT,providers
core/providers/backend/cmd/providers-api/main.go,10,syscall,GO_IMPORT,providers
core/providers/backend/cmd/providers-api/main.go,11,time,GO_IMPORT,providers
core/providers/backend/cmd/providers-api/main.go,13,github.com/lib/pq,GO_IMPORT,providers
core/providers/backend/cmd/providers-api/main.go,15,providers-api/internal/auth,GO_IMPORT,providers
core/providers/backend/cmd/providers-api/main.go,16,providers-api/internal/http,GO_IMPORT,providers
core/providers/backend/cmd/providers-api/main.go,17,providers-api/internal/providers,GO_IMPORT,providers
core/providers/backend/internal/auth/client.go,6,context,GO_IMPORT,providers
core/providers/backend/internal/auth/client.go,7,encoding/json,GO_IMPORT,providers
core/providers/backend/internal/auth/client.go,8,errors,GO_IMPORT,providers
core/providers/backend/internal/auth/client.go,9,net/http,GO_IMPORT,providers
core/providers/backend/internal/auth/client.go,10,strings,GO_IMPORT,providers
core/providers/backend/internal/auth/client.go,11,time,GO_IMPORT,providers
core/providers/backend/internal/auth/operator_context_test.go,4,context,GO_IMPORT,providers
core/providers/backend/internal/auth/operator_context_test.go,5,encoding/json,GO_IMPORT,providers
core/providers/backend/internal/auth/operator_context_test.go,6,net/http,GO_IMPORT,providers
core/providers/backend/internal/auth/operator_context_test.go,7,net/http/httptest,GO_IMPORT,providers
core/providers/backend/internal/auth/operator_context_test.go,8,testing,GO_IMPORT,providers
core/providers/backend/internal/http/maps.go,4,errors,GO_IMPORT,providers
core/providers/backend/internal/http/maps.go,5,net/http,GO_IMPORT,providers
core/providers/backend/internal/http/maps.go,7,providers-api/internal/auth,GO_IMPORT,providers
core/providers/backend/internal/http/maps.go,8,providers-api/internal/providers,GO_IMPORT,providers
core/providers/backend/internal/http/readiness_test.go,4,net/http,GO_IMPORT,providers
core/providers/backend/internal/http/readiness_test.go,5,net/http/httptest,GO_IMPORT,providers
core/providers/backend/internal/http/readiness_test.go,6,strings,GO_IMPORT,providers
core/providers/backend/internal/http/readiness_test.go,7,testing,GO_IMPORT,providers
core/providers/backend/internal/http/routes.go,4,net/http,GO_IMPORT,providers
core/providers/backend/internal/http/routes.go,6,providers-api/internal/auth,GO_IMPORT,providers
core/providers/backend/internal/http/routes.go,7,providers-api/internal/providers,GO_IMPORT,providers
core/providers/backend/internal/http/runtime_readiness_boundary.go,4,context,GO_IMPORT,providers
core/providers/backend/internal/http/runtime_readiness_boundary.go,5,database/sql,GO_IMPORT,providers
core/providers/backend/internal/http/runtime_readiness_boundary.go,6,errors,GO_IMPORT,providers
core/providers/backend/internal/http/runtime_readiness_boundary.go,7,log/slog,GO_IMPORT,providers
core/providers/backend/internal/http/runtime_readiness_boundary.go,8,net/http,GO_IMPORT,providers
core/providers/backend/internal/http/runtime_readiness_boundary.go,9,os,GO_IMPORT,providers
core/providers/backend/internal/http/runtime_readiness_boundary.go,10,strings,GO_IMPORT,providers
core/providers/backend/internal/http/runtime_readiness_boundary.go,11,sync/atomic,GO_IMPORT,providers
core/providers/backend/internal/http/runtime_readiness_boundary.go,12,time,GO_IMPORT,providers
core/providers/backend/internal/http/server.go,4,database/sql,GO_IMPORT,providers
core/providers/backend/internal/http/server.go,5,encoding/json,GO_IMPORT,providers
core/providers/backend/internal/http/server.go,6,errors,GO_IMPORT,providers
core/providers/backend/internal/http/server.go,7,net/http,GO_IMPORT,providers
core/providers/backend/internal/http/server.go,8,os,GO_IMPORT,providers
core/providers/backend/internal/http/server.go,9,strings,GO_IMPORT,providers
core/providers/backend/internal/http/server.go,11,providers-api/internal/auth,GO_IMPORT,providers
core/providers/backend/internal/http/server.go,12,providers-api/internal/providers,GO_IMPORT,providers
core/providers/backend/internal/providers/governed_update.go,4,context,GO_IMPORT,providers
core/providers/backend/internal/providers/governed_update.go,5,database/sql,GO_IMPORT,providers
core/providers/backend/internal/providers/governed_update.go,6,encoding/json,GO_IMPORT,providers
core/providers/backend/internal/providers/governed_update.go,7,errors,GO_IMPORT,providers
core/providers/backend/internal/providers/governed_update_integration_test.go,4,context,GO_IMPORT,providers
core/providers/backend/internal/providers/governed_update_integration_test.go,5,database/sql,GO_IMPORT,providers
core/providers/backend/internal/providers/governed_update_integration_test.go,6,encoding/json,GO_IMPORT,providers
core/providers/backend/internal/providers/governed_update_integration_test.go,7,errors,GO_IMPORT,providers
core/providers/backend/internal/providers/governed_update_integration_test.go,8,os,GO_IMPORT,providers
core/providers/backend/internal/providers/governed_update_integration_test.go,9,strings,GO_IMPORT,providers
core/providers/backend/internal/providers/governed_update_integration_test.go,10,testing,GO_IMPORT,providers
core/providers/backend/internal/providers/governed_update_integration_test.go,11,time,GO_IMPORT,providers
core/providers/backend/internal/providers/governed_update_integration_test.go,13,github.com/lib/pq,GO_IMPORT,providers
core/providers/backend/internal/providers/map_repository.go,4,context,GO_IMPORT,providers
core/providers/backend/internal/providers/map_repository.go,5,encoding/json,GO_IMPORT,providers
core/providers/backend/internal/providers/maps.go,4,context,GO_IMPORT,providers
core/providers/backend/internal/providers/maps.go,5,encoding/json,GO_IMPORT,providers
core/providers/backend/internal/providers/maps.go,6,errors,GO_IMPORT,providers
core/providers/backend/internal/providers/maps.go,7,fmt,GO_IMPORT,providers
core/providers/backend/internal/providers/maps.go,8,io,GO_IMPORT,providers
core/providers/backend/internal/providers/maps.go,9,net/http,GO_IMPORT,providers
core/providers/backend/internal/providers/maps.go,10,net/url,GO_IMPORT,providers
core/providers/backend/internal/providers/maps.go,11,sort,GO_IMPORT,providers
core/providers/backend/internal/providers/maps.go,12,strconv,GO_IMPORT,providers
core/providers/backend/internal/providers/maps.go,13,strings,GO_IMPORT,providers
core/providers/backend/internal/providers/maps.go,14,time,GO_IMPORT,providers
core/providers/backend/internal/providers/maps_test.go,4,context,GO_IMPORT,providers
core/providers/backend/internal/providers/maps_test.go,5,encoding/json,GO_IMPORT,providers
core/providers/backend/internal/providers/maps_test.go,6,net/http,GO_IMPORT,providers
core/providers/backend/internal/providers/maps_test.go,7,net/http/httptest,GO_IMPORT,providers
core/providers/backend/internal/providers/maps_test.go,8,net/url,GO_IMPORT,providers
core/providers/backend/internal/providers/maps_test.go,9,strings,GO_IMPORT,providers
core/providers/backend/internal/providers/maps_test.go,10,testing,GO_IMPORT,providers
core/providers/backend/internal/providers/model.go,4,encoding/json,GO_IMPORT,providers
core/providers/backend/internal/providers/model.go,5,time,GO_IMPORT,providers
core/providers/backend/internal/providers/operator_context.go,4,context,GO_IMPORT,providers
core/providers/backend/internal/providers/operator_context.go,5,errors,GO_IMPORT,providers
core/providers/backend/internal/providers/operator_context.go,6,strings,GO_IMPORT,providers
core/providers/backend/internal/providers/operator_context_test.go,4,context,GO_IMPORT,providers
core/providers/backend/internal/providers/operator_context_test.go,5,errors,GO_IMPORT,providers
core/providers/backend/internal/providers/operator_context_test.go,6,testing,GO_IMPORT,providers
core/providers/backend/internal/providers/repository.go,4,context,GO_IMPORT,providers
core/providers/backend/internal/providers/repository.go,5,database/sql,GO_IMPORT,providers
core/providers/backend/internal/providers/repository.go,6,encoding/json,GO_IMPORT,providers
core/providers/backend/internal/providers/repository.go,7,errors,GO_IMPORT,providers
core/providers/backend/internal/providers/routes.go,4,context,GO_IMPORT,providers
core/providers/backend/internal/providers/routes.go,5,encoding/json,GO_IMPORT,providers
core/providers/backend/internal/providers/routes.go,6,fmt,GO_IMPORT,providers
core/providers/backend/internal/providers/routes.go,7,math,GO_IMPORT,providers
core/providers/backend/internal/providers/routes.go,8,strconv,GO_IMPORT,providers
core/providers/backend/internal/providers/routes.go,9,strings,GO_IMPORT,providers
core/providers/backend/internal/providers/routes_test.go,4,math,GO_IMPORT,providers
core/providers/backend/internal/providers/routes_test.go,5,testing,GO_IMPORT,providers
core/providers/backend/internal/providers/security_health_test.go,4,context,GO_IMPORT,providers
core/providers/backend/internal/providers/security_health_test.go,5,encoding/json,GO_IMPORT,providers
core/providers/backend/internal/providers/security_health_test.go,6,errors,GO_IMPORT,providers
core/providers/backend/internal/providers/security_health_test.go,7,net/http,GO_IMPORT,providers
core/providers/backend/internal/providers/security_health_test.go,8,net/http/httptest,GO_IMPORT,providers
core/providers/backend/internal/providers/security_health_test.go,9,net/url,GO_IMPORT,providers
core/providers/backend/internal/providers/security_health_test.go,10,strings,GO_IMPORT,providers
core/providers/backend/internal/providers/security_health_test.go,11,testing,GO_IMPORT,providers
core/providers/backend/internal/providers/security_health_test.go,12,time,GO_IMPORT,providers
core/providers/backend/internal/providers/service.go,4,context,GO_IMPORT,providers
core/providers/backend/internal/providers/service.go,5,crypto/sha256,GO_IMPORT,providers
core/providers/backend/internal/providers/service.go,6,encoding/json,GO_IMPORT,providers
core/providers/backend/internal/providers/service.go,7,errors,GO_IMPORT,providers
core/providers/backend/internal/providers/service.go,8,fmt,GO_IMPORT,providers
core/providers/backend/internal/providers/service.go,9,io,GO_IMPORT,providers
core/providers/backend/internal/providers/service.go,10,net/http,GO_IMPORT,providers
core/providers/backend/internal/providers/service.go,11,net/url,GO_IMPORT,providers
core/providers/backend/internal/providers/service.go,12,os,GO_IMPORT,providers
core/providers/backend/internal/providers/service.go,13,strings,GO_IMPORT,providers
core/providers/backend/internal/providers/service.go,14,time,GO_IMPORT,providers
core/workforce/backend/cmd/workforce-api/main.go,4,context,GO_IMPORT,workforce
core/workforce/backend/cmd/workforce-api/main.go,5,database/sql,GO_IMPORT,workforce
core/workforce/backend/cmd/workforce-api/main.go,6,log,GO_IMPORT,workforce
core/workforce/backend/cmd/workforce-api/main.go,7,net/http,GO_IMPORT,workforce
core/workforce/backend/cmd/workforce-api/main.go,8,os,GO_IMPORT,workforce
core/workforce/backend/cmd/workforce-api/main.go,9,os/signal,GO_IMPORT,workforce
core/workforce/backend/cmd/workforce-api/main.go,10,strings,GO_IMPORT,workforce
core/workforce/backend/cmd/workforce-api/main.go,11,syscall,GO_IMPORT,workforce
core/workforce/backend/cmd/workforce-api/main.go,12,time,GO_IMPORT,workforce
core/workforce/backend/cmd/workforce-api/main.go,14,github.com/lib/pq,GO_IMPORT,workforce
core/workforce/backend/cmd/workforce-api/main.go,16,workforce-api/internal/auth,GO_IMPORT,workforce
core/workforce/backend/cmd/workforce-api/main.go,17,workforce-api/internal/availabilityoutbox,GO_IMPORT,workforce
core/workforce/backend/cmd/workforce-api/main.go,18,workforce-api/internal/dshclient,GO_IMPORT,workforce
core/workforce/backend/cmd/workforce-api/main.go,19,workforce-api/internal/http,GO_IMPORT,workforce
core/workforce/backend/cmd/workforce-api/main.go,20,workforce-api/internal/identityclient,GO_IMPORT,workforce
core/workforce/backend/cmd/workforce-api/main.go,21,workforce-api/internal/wltclient,GO_IMPORT,workforce
core/workforce/backend/cmd/workforce-api/main.go,22,workforce-api/internal/workforce,GO_IMPORT,workforce
core/workforce/backend/internal/auth/client.go,6,context,GO_IMPORT,workforce
core/workforce/backend/internal/auth/client.go,7,encoding/json,GO_IMPORT,workforce
core/workforce/backend/internal/auth/client.go,8,errors,GO_IMPORT,workforce
core/workforce/backend/internal/auth/client.go,9,net/http,GO_IMPORT,workforce
core/workforce/backend/internal/auth/client.go,10,os,GO_IMPORT,workforce
core/workforce/backend/internal/auth/client.go,11,strings,GO_IMPORT,workforce
core/workforce/backend/internal/auth/client.go,12,time,GO_IMPORT,workforce
core/workforce/backend/internal/auth/operator_context_test.go,4,context,GO_IMPORT,workforce
core/workforce/backend/internal/auth/operator_context_test.go,5,encoding/json,GO_IMPORT,workforce
core/workforce/backend/internal/auth/operator_context_test.go,6,net/http,GO_IMPORT,workforce
core/workforce/backend/internal/auth/operator_context_test.go,7,net/http/httptest,GO_IMPORT,workforce
core/workforce/backend/internal/auth/operator_context_test.go,8,testing,GO_IMPORT,workforce
core/workforce/backend/internal/availabilityoutbox/worker.go,4,context,GO_IMPORT,workforce
core/workforce/backend/internal/availabilityoutbox/worker.go,5,database/sql,GO_IMPORT,workforce
core/workforce/backend/internal/availabilityoutbox/worker.go,6,fmt,GO_IMPORT,workforce
core/workforce/backend/internal/availabilityoutbox/worker.go,7,log,GO_IMPORT,workforce
core/workforce/backend/internal/availabilityoutbox/worker.go,8,time,GO_IMPORT,workforce
core/workforce/backend/internal/availabilityoutbox/worker.go,10,workforce-api/internal/dshclient,GO_IMPORT,workforce
core/workforce/backend/internal/dshclient/client.go,4,bytes,GO_IMPORT,workforce
core/workforce/backend/internal/dshclient/client.go,5,context,GO_IMPORT,workforce
core/workforce/backend/internal/dshclient/client.go,6,encoding/json,GO_IMPORT,workforce
core/workforce/backend/internal/dshclient/client.go,7,errors,GO_IMPORT,workforce
core/workforce/backend/internal/dshclient/client.go,8,fmt,GO_IMPORT,workforce
core/workforce/backend/internal/dshclient/client.go,9,net/http,GO_IMPORT,workforce
core/workforce/backend/internal/dshclient/client.go,10,strings,GO_IMPORT,workforce
core/workforce/backend/internal/dshclient/client.go,11,time,GO_IMPORT,workforce
core/workforce/backend/internal/http/activation_mutation_safety.go,4,net/http,GO_IMPORT,workforce
core/workforce/backend/internal/http/activation_mutation_safety.go,5,strings,GO_IMPORT,workforce
core/workforce/backend/internal/http/activation_mutation_safety_test.go,4,net/http,GO_IMPORT,workforce
core/workforce/backend/internal/http/activation_mutation_safety_test.go,5,net/http/httptest,GO_IMPORT,workforce
core/workforce/backend/internal/http/activation_mutation_safety_test.go,6,testing,GO_IMPORT,workforce
core/workforce/backend/internal/http/assignments.go,4,net/http,GO_IMPORT,workforce
core/workforce/backend/internal/http/assignments.go,5,strings,GO_IMPORT,workforce
core/workforce/backend/internal/http/assignments.go,7,workforce-api/internal/workforce,GO_IMPORT,workforce
core/workforce/backend/internal/http/employee_governance_routes.go,4,errors,GO_IMPORT,workforce
core/workforce/backend/internal/http/employee_governance_routes.go,5,net/http,GO_IMPORT,workforce
core/workforce/backend/internal/http/employee_governance_routes.go,6,strings,GO_IMPORT,workforce
core/workforce/backend/internal/http/employee_governance_routes.go,8,workforce-api/internal/auth,GO_IMPORT,workforce
core/workforce/backend/internal/http/employee_governance_routes.go,9,workforce-api/internal/workforce,GO_IMPORT,workforce
core/workforce/backend/internal/http/employee_pii_redaction_test.go,4,testing,GO_IMPORT,workforce
core/workforce/backend/internal/http/employee_pii_redaction_test.go,5,workforce-api/internal/auth,GO_IMPORT,workforce
core/workforce/backend/internal/http/employee_pii_redaction_test.go,6,workforce-api/internal/workforce,GO_IMPORT,workforce
core/workforce/backend/internal/http/employee_profile_gate_test.go,4,net/http,GO_IMPORT,workforce
core/workforce/backend/internal/http/employee_profile_gate_test.go,5,net/http/httptest,GO_IMPORT,workforce
core/workforce/backend/internal/http/employee_profile_gate_test.go,6,testing,GO_IMPORT,workforce
core/workforce/backend/internal/http/employee_profile_gate_test.go,8,workforce-api/internal/auth,GO_IMPORT,workforce
core/workforce/backend/internal/http/employee_profile_gate_test.go,9,workforce-api/internal/workforce,GO_IMPORT,workforce
core/workforce/backend/internal/http/internal_assignments_auth_test.go,4,net/http,GO_IMPORT,workforce
core/workforce/backend/internal/http/internal_assignments_auth_test.go,5,net/http/httptest,GO_IMPORT,workforce
core/workforce/backend/internal/http/internal_assignments_auth_test.go,6,strings,GO_IMPORT,workforce
core/workforce/backend/internal/http/internal_assignments_auth_test.go,7,testing,GO_IMPORT,workforce
core/workforce/backend/internal/http/journey003_mutation_middleware_test.go,3,testing,GO_IMPORT,workforce
core/workforce/backend/internal/http/journey_routes_test.go,4,net/http,GO_IMPORT,workforce
core/workforce/backend/internal/http/journey_routes_test.go,5,net/http/httptest,GO_IMPORT,workforce
core/workforce/backend/internal/http/journey_routes_test.go,6,strings,GO_IMPORT,workforce
core/workforce/backend/internal/http/journey_routes_test.go,7,testing,GO_IMPORT,workforce
core/workforce/backend/internal/http/operational_core_routes.go,4,errors,GO_IMPORT,workforce
core/workforce/backend/internal/http/operational_core_routes.go,5,net/http,GO_IMPORT,workforce
core/workforce/backend/internal/http/operational_core_routes.go,6,strconv,GO_IMPORT,workforce
core/workforce/backend/internal/http/operational_core_routes.go,7,strings,GO_IMPORT,workforce
core/workforce/backend/internal/http/operational_core_routes.go,9,workforce-api/internal/auth,GO_IMPORT,workforce
core/workforce/backend/internal/http/operational_core_routes.go,10,workforce-api/internal/workforce,GO_IMPORT,workforce
core/workforce/backend/internal/http/operational_enforcement_routes.go,4,errors,GO_IMPORT,workforce
core/workforce/backend/internal/http/operational_enforcement_routes.go,5,fmt,GO_IMPORT,workforce
core/workforce/backend/internal/http/operational_enforcement_routes.go,6,net/http,GO_IMPORT,workforce
core/workforce/backend/internal/http/operational_enforcement_routes.go,7,strings,GO_IMPORT,workforce
core/workforce/backend/internal/http/operational_enforcement_routes.go,9,workforce-api/internal/auth,GO_IMPORT,workforce
core/workforce/backend/internal/http/operational_enforcement_routes.go,10,workforce-api/internal/wltclient,GO_IMPORT,workforce
core/workforce/backend/internal/http/operational_enforcement_routes.go,11,workforce-api/internal/workforce,GO_IMPORT,workforce
core/workforce/backend/internal/http/reference_mutation_middleware.go,4,encoding/json,GO_IMPORT,workforce
core/workforce/backend/internal/http/reference_mutation_middleware.go,5,net/http,GO_IMPORT,workforce
core/workforce/backend/internal/http/reference_mutation_middleware.go,6,strings,GO_IMPORT,workforce
core/workforce/backend/internal/http/reference_mutation_middleware.go,8,workforce-api/internal/auth,GO_IMPORT,workforce
core/workforce/backend/internal/http/reference_mutation_middleware.go,9,workforce-api/internal/workforce,GO_IMPORT,workforce
core/workforce/backend/internal/http/runtime_readiness.go,4,context,GO_IMPORT,workforce
core/workforce/backend/internal/http/runtime_readiness.go,5,database/sql,GO_IMPORT,workforce
core/workforce/backend/internal/http/runtime_readiness.go,6,net/http,GO_IMPORT,workforce
core/workforce/backend/internal/http/runtime_readiness.go,7,time,GO_IMPORT,workforce
core/workforce/backend/internal/http/runtime_readiness_test.go,4,context,GO_IMPORT,workforce
core/workforce/backend/internal/http/runtime_readiness_test.go,5,encoding/json,GO_IMPORT,workforce
core/workforce/backend/internal/http/runtime_readiness_test.go,6,errors,GO_IMPORT,workforce
core/workforce/backend/internal/http/runtime_readiness_test.go,7,net/http,GO_IMPORT,workforce
core/workforce/backend/internal/http/runtime_readiness_test.go,8,net/http/httptest,GO_IMPORT,workforce
core/workforce/backend/internal/http/runtime_readiness_test.go,9,os,GO_IMPORT,workforce
core/workforce/backend/internal/http/runtime_readiness_test.go,10,path/filepath,GO_IMPORT,workforce
core/workforce/backend/internal/http/runtime_readiness_test.go,11,runtime,GO_IMPORT,workforce
core/workforce/backend/internal/http/runtime_readiness_test.go,12,testing,GO_IMPORT,workforce
core/workforce/backend/internal/http/server.go,4,crypto/subtle,GO_IMPORT,workforce
core/workforce/backend/internal/http/server.go,5,database/sql,GO_IMPORT,workforce
core/workforce/backend/internal/http/server.go,6,encoding/json,GO_IMPORT,workforce
core/workforce/backend/internal/http/server.go,7,errors,GO_IMPORT,workforce
core/workforce/backend/internal/http/server.go,8,log,GO_IMPORT,workforce
core/workforce/backend/internal/http/server.go,9,net/http,GO_IMPORT,workforce
core/workforce/backend/internal/http/server.go,10,os,GO_IMPORT,workforce
core/workforce/backend/internal/http/server.go,11,strconv,GO_IMPORT,workforce
core/workforce/backend/internal/http/server.go,12,strings,GO_IMPORT,workforce
core/workforce/backend/internal/http/server.go,14,workforce-api/internal/auth,GO_IMPORT,workforce
core/workforce/backend/internal/http/server.go,15,workforce-api/internal/identityclient,GO_IMPORT,workforce
core/workforce/backend/internal/http/server.go,16,workforce-api/internal/workforce,GO_IMPORT,workforce
core/workforce/backend/internal/http/sovereign_leadership_reference_routes.go,4,net/http,GO_IMPORT,workforce
core/workforce/backend/internal/http/sovereign_leadership_reference_routes.go,6,workforce-api/internal/auth,GO_IMPORT,workforce
core/workforce/backend/internal/http/sovereign_leadership_reference_routes.go,7,workforce-api/internal/workforce,GO_IMPORT,workforce
core/workforce/backend/internal/http/sovereign_leadership_routes.go,4,errors,GO_IMPORT,workforce
core/workforce/backend/internal/http/sovereign_leadership_routes.go,5,net/http,GO_IMPORT,workforce
core/workforce/backend/internal/http/sovereign_leadership_routes.go,6,strconv,GO_IMPORT,workforce
core/workforce/backend/internal/http/sovereign_leadership_routes.go,7,strings,GO_IMPORT,workforce
core/workforce/backend/internal/http/sovereign_leadership_routes.go,9,workforce-api/internal/auth,GO_IMPORT,workforce
core/workforce/backend/internal/http/sovereign_leadership_routes.go,10,workforce-api/internal/workforce,GO_IMPORT,workforce
core/workforce/backend/internal/identityclient/client.go,6,bytes,GO_IMPORT,workforce
core/workforce/backend/internal/identityclient/client.go,7,context,GO_IMPORT,workforce
core/workforce/backend/internal/identityclient/client.go,8,encoding/json,GO_IMPORT,workforce
core/workforce/backend/internal/identityclient/client.go,9,errors,GO_IMPORT,workforce
core/workforce/backend/internal/identityclient/client.go,10,fmt,GO_IMPORT,workforce
core/workforce/backend/internal/identityclient/client.go,11,net/http,GO_IMPORT,workforce
core/workforce/backend/internal/identityclient/client.go,12,net/url,GO_IMPORT,workforce
core/workforce/backend/internal/identityclient/client.go,13,strings,GO_IMPORT,workforce
core/workforce/backend/internal/identityclient/client.go,14,time,GO_IMPORT,workforce
core/workforce/backend/internal/identityclient/client_test.go,4,context,GO_IMPORT,workforce
core/workforce/backend/internal/identityclient/client_test.go,5,encoding/json,GO_IMPORT,workforce
core/workforce/backend/internal/identityclient/client_test.go,6,errors,GO_IMPORT,workforce
core/workforce/backend/internal/identityclient/client_test.go,7,net/http,GO_IMPORT,workforce
core/workforce/backend/internal/identityclient/client_test.go,8,net/http/httptest,GO_IMPORT,workforce
core/workforce/backend/internal/identityclient/client_test.go,9,testing,GO_IMPORT,workforce
core/workforce/backend/internal/identityclient/employee_access.go,4,context,GO_IMPORT,workforce
core/workforce/backend/internal/identityclient/employee_access.go,5,net/http,GO_IMPORT,workforce
core/workforce/backend/internal/identityclient/employee_surface_test.go,3,testing,GO_IMPORT,workforce
core/workforce/backend/internal/wltclient/client.go,4,bytes,GO_IMPORT,workforce
core/workforce/backend/internal/wltclient/client.go,5,context,GO_IMPORT,workforce
core/workforce/backend/internal/wltclient/client.go,6,encoding/json,GO_IMPORT,workforce
core/workforce/backend/internal/wltclient/client.go,7,fmt,GO_IMPORT,workforce
core/workforce/backend/internal/wltclient/client.go,8,io,GO_IMPORT,workforce
core/workforce/backend/internal/wltclient/client.go,9,net/http,GO_IMPORT,workforce
core/workforce/backend/internal/wltclient/client.go,10,strings,GO_IMPORT,workforce
core/workforce/backend/internal/wltclient/client.go,11,time,GO_IMPORT,workforce
core/workforce/backend/internal/workforce/activation_evidence.go,4,context,GO_IMPORT,workforce
core/workforce/backend/internal/workforce/activation_evidence.go,5,strings,GO_IMPORT,workforce
core/workforce/backend/internal/workforce/actor_link_integrity_test.go,4,testing,GO_IMPORT,workforce
core/workforce/backend/internal/workforce/employee_governance.go,4,context,GO_IMPORT,workforce
core/workforce/backend/internal/workforce/employee_governance.go,5,database/sql,GO_IMPORT,workforce
core/workforce/backend/internal/workforce/employee_governance.go,6,encoding/json,GO_IMPORT,workforce
core/workforce/backend/internal/workforce/employee_governance.go,7,errors,GO_IMPORT,workforce
core/workforce/backend/internal/workforce/employee_governance.go,8,fmt,GO_IMPORT,workforce
core/workforce/backend/internal/workforce/employee_governance.go,9,strings,GO_IMPORT,workforce
core/workforce/backend/internal/workforce/employee_governance.go,10,time,GO_IMPORT,workforce
core/workforce/backend/internal/workforce/employee_governance_test.go,4,errors,GO_IMPORT,workforce
core/workforce/backend/internal/workforce/employee_governance_test.go,5,reflect,GO_IMPORT,workforce
core/workforce/backend/internal/workforce/employee_governance_test.go,6,testing,GO_IMPORT,workforce
core/workforce/backend/internal/workforce/field_shift_authority_test.go,4,os,GO_IMPORT,workforce
core/workforce/backend/internal/workforce/field_shift_authority_test.go,5,path/filepath,GO_IMPORT,workforce
core/workforce/backend/internal/workforce/field_shift_authority_test.go,6,runtime,GO_IMPORT,workforce
core/workforce/backend/internal/workforce/field_shift_authority_test.go,7,strings,GO_IMPORT,workforce
core/workforce/backend/internal/workforce/field_shift_authority_test.go,8,testing,GO_IMPORT,workforce
core/workforce/backend/internal/workforce/journey003_documents.go,4,context,GO_IMPORT,workforce
core/workforce/backend/internal/workforce/journey003_documents.go,5,database/sql,GO_IMPORT,workforce
core/workforce/backend/internal/workforce/journey003_documents.go,6,encoding/json,GO_IMPORT,workforce
core/workforce/backend/internal/workforce/journey003_documents.go,7,errors,GO_IMPORT,workforce
core/workforce/backend/internal/workforce/journey003_documents.go,8,strings,GO_IMPORT,workforce
core/workforce/backend/internal/workforce/migration_ledger_test.go,4,os,GO_IMPORT,workforce
core/workforce/backend/internal/workforce/migration_ledger_test.go,5,path/filepath,GO_IMPORT,workforce
core/workforce/backend/internal/workforce/migration_ledger_test.go,6,regexp,GO_IMPORT,workforce
core/workforce/backend/internal/workforce/migration_ledger_test.go,7,strings,GO_IMPORT,workforce
core/workforce/backend/internal/workforce/migration_ledger_test.go,8,testing,GO_IMPORT,workforce
core/workforce/backend/internal/workforce/model.go,3,time,GO_IMPORT,workforce
core/workforce/backend/internal/workforce/operational_assignments.go,4,context,GO_IMPORT,workforce
core/workforce/backend/internal/workforce/operational_assignments.go,5,crypto/sha256,GO_IMPORT,workforce
core/workforce/backend/internal/workforce/operational_assignments.go,6,database/sql,GO_IMPORT,workforce
core/workforce/backend/internal/workforce/operational_assignments.go,7,encoding/json,GO_IMPORT,workforce
core/workforce/backend/internal/workforce/operational_assignments.go,8,errors,GO_IMPORT,workforce
core/workforce/backend/internal/workforce/operational_assignments.go,9,fmt,GO_IMPORT,workforce
core/workforce/backend/internal/workforce/operational_assignments.go,10,sort,GO_IMPORT,workforce
core/workforce/backend/internal/workforce/operational_assignments.go,11,strings,GO_IMPORT,workforce
core/workforce/backend/internal/workforce/operational_assignments.go,12,time,GO_IMPORT,workforce
core/workforce/backend/internal/workforce/operational_assignments_db_test.go,4,context,GO_IMPORT,workforce
core/workforce/backend/internal/workforce/operational_assignments_db_test.go,5,database/sql,GO_IMPORT,workforce
core/workforce/backend/internal/workforce/operational_assignments_db_test.go,6,errors,GO_IMPORT,workforce
core/workforce/backend/internal/workforce/operational_assignments_db_test.go,7,os,GO_IMPORT,workforce
core/workforce/backend/internal/workforce/operational_assignments_db_test.go,8,strings,GO_IMPORT,workforce
core/workforce/backend/internal/workforce/operational_assignments_db_test.go,9,sync,GO_IMPORT,workforce
core/workforce/backend/internal/workforce/operational_assignments_db_test.go,10,testing,GO_IMPORT,workforce
core/workforce/backend/internal/workforce/operational_assignments_db_test.go,11,time,GO_IMPORT,workforce
core/workforce/backend/internal/workforce/operational_assignments_db_test.go,13,github.com/lib/pq,GO_IMPORT,workforce
core/workforce/backend/internal/workforce/operational_core.go,4,context,GO_IMPORT,workforce
core/workforce/backend/internal/workforce/operational_core.go,5,database/sql,GO_IMPORT,workforce
core/workforce/backend/internal/workforce/operational_core.go,6,encoding/json,GO_IMPORT,workforce
core/workforce/backend/internal/workforce/operational_core.go,7,errors,GO_IMPORT,workforce
core/workforce/backend/internal/workforce/operational_core.go,8,fmt,GO_IMPORT,workforce
core/workforce/backend/internal/workforce/operational_core.go,9,strings,GO_IMPORT,workforce
core/workforce/backend/internal/workforce/operational_core.go,10,time,GO_IMPORT,workforce
core/workforce/backend/internal/workforce/operational_core_test.go,4,slices,GO_IMPORT,workforce
core/workforce/backend/internal/workforce/operational_core_test.go,5,testing,GO_IMPORT,workforce
core/workforce/backend/internal/workforce/operational_core_test.go,6,time,GO_IMPORT,workforce
core/workforce/backend/internal/workforce/operational_enforcement.go,4,context,GO_IMPORT,workforce
core/workforce/backend/internal/workforce/operational_enforcement.go,5,database/sql,GO_IMPORT,workforce
core/workforce/backend/internal/workforce/operational_enforcement.go,6,encoding/json,GO_IMPORT,workforce
core/workforce/backend/internal/workforce/operational_enforcement.go,7,errors,GO_IMPORT,workforce
core/workforce/backend/internal/workforce/operational_enforcement.go,8,fmt,GO_IMPORT,workforce
core/workforce/backend/internal/workforce/operational_enforcement.go,9,strings,GO_IMPORT,workforce
core/workforce/backend/internal/workforce/operational_enforcement.go,10,time,GO_IMPORT,workforce
core/workforce/backend/internal/workforce/operational_enforcement_test.go,3,testing,GO_IMPORT,workforce
core/workforce/backend/internal/workforce/provisioning_compensation_test.go,4,testing,GO_IMPORT,workforce
core/workforce/backend/internal/workforce/repository.go,4,context,GO_IMPORT,workforce
core/workforce/backend/internal/workforce/repository.go,5,database/sql,GO_IMPORT,workforce
core/workforce/backend/internal/workforce/repository.go,6,encoding/json,GO_IMPORT,workforce
core/workforce/backend/internal/workforce/repository.go,7,errors,GO_IMPORT,workforce
core/workforce/backend/internal/workforce/repository.go,8,fmt,GO_IMPORT,workforce
core/workforce/backend/internal/workforce/repository.go,9,strings,GO_IMPORT,workforce
core/workforce/backend/internal/workforce/repository.go,10,time,GO_IMPORT,workforce
core/workforce/backend/internal/workforce/repository.go,12,github.com/lib/pq,GO_IMPORT,workforce
core/workforce/backend/internal/workforce/service.go,4,context,GO_IMPORT,workforce
core/workforce/backend/internal/workforce/service.go,5,crypto/sha256,GO_IMPORT,workforce
core/workforce/backend/internal/workforce/service.go,6,encoding/hex,GO_IMPORT,workforce
core/workforce/backend/internal/workforce/service.go,7,encoding/json,GO_IMPORT,workforce
core/workforce/backend/internal/workforce/service.go,8,errors,GO_IMPORT,workforce
core/workforce/backend/internal/workforce/service.go,9,log,GO_IMPORT,workforce
core/workforce/backend/internal/workforce/service.go,10,strings,GO_IMPORT,workforce
core/workforce/backend/internal/workforce/service.go,11,time,GO_IMPORT,workforce
core/workforce/backend/internal/workforce/service.go,13,workforce-api/internal/dshclient,GO_IMPORT,workforce
core/workforce/backend/internal/workforce/service.go,14,workforce-api/internal/identityclient,GO_IMPORT,workforce
core/workforce/backend/internal/workforce/sovereign_leadership.go,4,context,GO_IMPORT,workforce
core/workforce/backend/internal/workforce/sovereign_leadership.go,5,database/sql,GO_IMPORT,workforce
core/workforce/backend/internal/workforce/sovereign_leadership.go,6,encoding/json,GO_IMPORT,workforce
core/workforce/backend/internal/workforce/sovereign_leadership.go,7,errors,GO_IMPORT,workforce
core/workforce/backend/internal/workforce/sovereign_leadership.go,8,log,GO_IMPORT,workforce
core/workforce/backend/internal/workforce/sovereign_leadership.go,9,regexp,GO_IMPORT,workforce
core/workforce/backend/internal/workforce/sovereign_leadership.go,10,strings,GO_IMPORT,workforce
core/workforce/backend/internal/workforce/sovereign_leadership.go,11,time,GO_IMPORT,workforce
core/workforce/backend/internal/workforce/sovereign_leadership.go,13,github.com/lib/pq,GO_IMPORT,workforce
core/workforce/backend/internal/workforce/sovereign_leadership.go,15,workforce-api/internal/identityclient,GO_IMPORT,workforce
core/workforce/backend/internal/workforce/sovereign_leadership_reference.go,4,context,GO_IMPORT,workforce
core/workforce/backend/internal/workforce/sovereign_leadership_reference.go,6,workforce-api/internal/identityclient,GO_IMPORT,workforce
core/workforce/backend/internal/workforce/sovereign_leadership_test.go,4,context,GO_IMPORT,workforce
core/workforce/backend/internal/workforce/sovereign_leadership_test.go,5,encoding/json,GO_IMPORT,workforce
core/workforce/backend/internal/workforce/sovereign_leadership_test.go,6,net/http,GO_IMPORT,workforce
core/workforce/backend/internal/workforce/sovereign_leadership_test.go,7,net/http/httptest,GO_IMPORT,workforce
core/workforce/backend/internal/workforce/sovereign_leadership_test.go,8,testing,GO_IMPORT,workforce
core/workforce/backend/internal/workforce/sovereign_leadership_test.go,10,workforce-api/internal/identityclient,GO_IMPORT,workforce
core/workforce/backend/internal/workforce/workforce_code_migration_test.go,4,os,GO_IMPORT,workforce
core/workforce/backend/internal/workforce/workforce_code_migration_test.go,5,path/filepath,GO_IMPORT,workforce
core/workforce/backend/internal/workforce/workforce_code_migration_test.go,6,strings,GO_IMPORT,workforce
core/workforce/backend/internal/workforce/workforce_code_migration_test.go,7,testing,GO_IMPORT,workforce
services/dsh/backend/cmd/dsh-address-privacy/main.go,4,context,GO_IMPORT,dsh
services/dsh/backend/cmd/dsh-address-privacy/main.go,5,database/sql,GO_IMPORT,dsh
services/dsh/backend/cmd/dsh-address-privacy/main.go,6,encoding/json,GO_IMPORT,dsh
services/dsh/backend/cmd/dsh-address-privacy/main.go,7,fmt,GO_IMPORT,dsh
services/dsh/backend/cmd/dsh-address-privacy/main.go,8,os,GO_IMPORT,dsh
services/dsh/backend/cmd/dsh-address-privacy/main.go,9,strconv,GO_IMPORT,dsh
services/dsh/backend/cmd/dsh-address-privacy/main.go,10,strings,GO_IMPORT,dsh
services/dsh/backend/cmd/dsh-address-privacy/main.go,11,time,GO_IMPORT,dsh
services/dsh/backend/cmd/dsh-address-privacy/main.go,13,dsh-api/internal/clientaddress,GO_IMPORT,dsh
services/dsh/backend/cmd/dsh-address-privacy/main.go,14,github.com/lib/pq,GO_IMPORT,dsh
services/dsh/backend/cmd/dsh-api/main.go,4,context,GO_IMPORT,dsh
services/dsh/backend/cmd/dsh-api/main.go,5,database/sql,GO_IMPORT,dsh
services/dsh/backend/cmd/dsh-api/main.go,6,log,GO_IMPORT,dsh
services/dsh/backend/cmd/dsh-api/main.go,7,net/http,GO_IMPORT,dsh
services/dsh/backend/cmd/dsh-api/main.go,8,os,GO_IMPORT,dsh
services/dsh/backend/cmd/dsh-api/main.go,9,os/signal,GO_IMPORT,dsh
services/dsh/backend/cmd/dsh-api/main.go,10,syscall,GO_IMPORT,dsh
services/dsh/backend/cmd/dsh-api/main.go,11,time,GO_IMPORT,dsh
services/dsh/backend/cmd/dsh-api/main.go,13,github.com/lib/pq,GO_IMPORT,dsh
services/dsh/backend/cmd/dsh-api/main.go,15,dsh-api/internal/auth,GO_IMPORT,dsh
services/dsh/backend/cmd/dsh-api/main.go,16,dsh-api/internal/cache,GO_IMPORT,dsh
services/dsh/backend/cmd/dsh-api/main.go,17,dsh-api/internal/checkoutfinanceoutbox,GO_IMPORT,dsh
services/dsh/backend/cmd/dsh-api/main.go,18,dsh-api/internal/fieldcommissionoutbox,GO_IMPORT,dsh
services/dsh/backend/cmd/dsh-api/main.go,19,dsh-api/internal/http,GO_IMPORT,dsh
services/dsh/backend/cmd/dsh-api/main.go,20,dsh-api/internal/media,GO_IMPORT,dsh
services/dsh/backend/cmd/dsh-api/main.go,21,dsh-api/internal/operationaloutbox,GO_IMPORT,dsh
services/dsh/backend/cmd/dsh-api/main.go,22,dsh-api/internal/orders,GO_IMPORT,dsh
services/dsh/backend/cmd/dsh-api/main.go,23,dsh-api/internal/partner,GO_IMPORT,dsh
services/dsh/backend/cmd/dsh-api/main.go,24,dsh-api/internal/partnerwltoutbox,GO_IMPORT,dsh
services/dsh/backend/cmd/dsh-api/main.go,25,dsh-api/internal/promotionfundingoutbox,GO_IMPORT,dsh
services/dsh/backend/cmd/dsh-api/main.go,26,dsh-api/internal/wlt,GO_IMPORT,dsh
services/dsh/backend/cmd/dsh-api/main.go,27,dsh-api/internal/wltoutbox,GO_IMPORT,dsh
services/dsh/backend/internal/administration/administration.go,4,database/sql,GO_IMPORT,dsh
services/dsh/backend/internal/administration/administration.go,5,encoding/json,GO_IMPORT,dsh
services/dsh/backend/internal/administration/administration.go,6,errors,GO_IMPORT,dsh
services/dsh/backend/internal/administration/administration.go,7,strings,GO_IMPORT,dsh
services/dsh/backend/internal/administration/administration.go,8,time,GO_IMPORT,dsh
services/dsh/backend/internal/administration/administration_test.go,4,slices,GO_IMPORT,dsh
services/dsh/backend/internal/administration/administration_test.go,5,strings,GO_IMPORT,dsh
services/dsh/backend/internal/administration/administration_test.go,6,testing,GO_IMPORT,dsh
services/dsh/backend/internal/administration/role_assignment_approvals.go,4,context,GO_IMPORT,dsh
services/dsh/backend/internal/administration/role_assignment_approvals.go,5,database/sql,GO_IMPORT,dsh
services/dsh/backend/internal/administration/role_assignment_approvals.go,6,errors,GO_IMPORT,dsh
services/dsh/backend/internal/administration/role_assignment_approvals.go,7,strings,GO_IMPORT,dsh
services/dsh/backend/internal/administration/role_assignment_approvals.go,8,time,GO_IMPORT,dsh
services/dsh/backend/internal/administration/role_definition_approvals.go,4,context,GO_IMPORT,dsh
services/dsh/backend/internal/administration/role_definition_approvals.go,5,database/sql,GO_IMPORT,dsh
services/dsh/backend/internal/administration/role_definition_approvals.go,6,encoding/json,GO_IMPORT,dsh
services/dsh/backend/internal/administration/role_definition_approvals.go,7,errors,GO_IMPORT,dsh
services/dsh/backend/internal/administration/role_definition_approvals.go,8,regexp,GO_IMPORT,dsh
services/dsh/backend/internal/administration/role_definition_approvals.go,9,sort,GO_IMPORT,dsh
services/dsh/backend/internal/administration/role_definition_approvals.go,10,strings,GO_IMPORT,dsh
services/dsh/backend/internal/administration/role_definition_approvals.go,11,time,GO_IMPORT,dsh
services/dsh/backend/internal/administration/rollback_and_diagnostics.go,4,context,GO_IMPORT,dsh
services/dsh/backend/internal/administration/rollback_and_diagnostics.go,5,database/sql,GO_IMPORT,dsh
services/dsh/backend/internal/administration/rollback_and_diagnostics.go,6,encoding/json,GO_IMPORT,dsh
services/dsh/backend/internal/administration/rollback_and_diagnostics.go,7,errors,GO_IMPORT,dsh
services/dsh/backend/internal/administration/rollback_and_diagnostics.go,8,sort,GO_IMPORT,dsh
services/dsh/backend/internal/administration/rollback_and_diagnostics.go,9,strings,GO_IMPORT,dsh
services/dsh/backend/internal/administration/rollback_and_diagnostics.go,10,time,GO_IMPORT,dsh
services/dsh/backend/internal/analytics/analytics.go,4,database/sql,GO_IMPORT,dsh
services/dsh/backend/internal/analytics/analytics.go,5,time,GO_IMPORT,dsh
services/dsh/backend/internal/analytics/analytics_test.go,4,testing,GO_IMPORT,dsh
services/dsh/backend/internal/analytics/analytics_test.go,5,time,GO_IMPORT,dsh
services/dsh/backend/internal/analytics/drilldown.go,4,database/sql,GO_IMPORT,dsh
services/dsh/backend/internal/analytics/drilldown.go,5,fmt,GO_IMPORT,dsh
services/dsh/backend/internal/analytics/drilldown.go,6,net/url,GO_IMPORT,dsh
services/dsh/backend/internal/analytics/drilldown.go,7,strings,GO_IMPORT,dsh
services/dsh/backend/internal/analytics/drilldown.go,8,time,GO_IMPORT,dsh
services/dsh/backend/internal/analytics/drilldown_test.go,4,strings,GO_IMPORT,dsh
services/dsh/backend/internal/analytics/drilldown_test.go,5,testing,GO_IMPORT,dsh
services/dsh/backend/internal/analytics/people.go,3,database/sql,GO_IMPORT,dsh
services/dsh/backend/internal/analytics/preparation.go,4,database/sql,GO_IMPORT,dsh
services/dsh/backend/internal/analytics/preparation.go,5,strings,GO_IMPORT,dsh
services/dsh/backend/internal/analytics/window.go,4,errors,GO_IMPORT,dsh
services/dsh/backend/internal/analytics/window.go,5,strings,GO_IMPORT,dsh
services/dsh/backend/internal/analytics/window.go,6,time,GO_IMPORT,dsh
services/dsh/backend/internal/analytics/window_test.go,4,errors,GO_IMPORT,dsh
services/dsh/backend/internal/analytics/window_test.go,5,testing,GO_IMPORT,dsh
services/dsh/backend/internal/analytics/window_test.go,6,time,GO_IMPORT,dsh
services/dsh/backend/internal/auth/client.go,4,context,GO_IMPORT,dsh
services/dsh/backend/internal/auth/client.go,5,encoding/json,GO_IMPORT,dsh
services/dsh/backend/internal/auth/client.go,6,errors,GO_IMPORT,dsh
services/dsh/backend/internal/auth/client.go,7,net/http,GO_IMPORT,dsh
services/dsh/backend/internal/auth/client.go,8,strings,GO_IMPORT,dsh
services/dsh/backend/internal/auth/client.go,9,sync,GO_IMPORT,dsh
services/dsh/backend/internal/auth/client.go,10,time,GO_IMPORT,dsh
services/dsh/backend/internal/auth/client_test.go,4,context,GO_IMPORT,dsh
services/dsh/backend/internal/auth/client_test.go,5,encoding/json,GO_IMPORT,dsh
services/dsh/backend/internal/auth/client_test.go,6,net/http,GO_IMPORT,dsh
services/dsh/backend/internal/auth/client_test.go,7,net/http/httptest,GO_IMPORT,dsh
services/dsh/backend/internal/auth/client_test.go,8,testing,GO_IMPORT,dsh
services/dsh/backend/internal/auth/partner_actor.go,4,bytes,GO_IMPORT,dsh
services/dsh/backend/internal/auth/partner_actor.go,5,context,GO_IMPORT,dsh
services/dsh/backend/internal/auth/partner_actor.go,6,encoding/json,GO_IMPORT,dsh
services/dsh/backend/internal/auth/partner_actor.go,7,errors,GO_IMPORT,dsh
services/dsh/backend/internal/auth/partner_actor.go,8,net/http,GO_IMPORT,dsh
services/dsh/backend/internal/auth/partner_actor.go,9,net/url,GO_IMPORT,dsh
services/dsh/backend/internal/auth/partner_actor.go,10,strings,GO_IMPORT,dsh
services/dsh/backend/internal/auth/partner_actor.go,11,time,GO_IMPORT,dsh
services/dsh/backend/internal/auth/partner_actor_test.go,4,context,GO_IMPORT,dsh
services/dsh/backend/internal/auth/partner_actor_test.go,5,encoding/json,GO_IMPORT,dsh
services/dsh/backend/internal/auth/partner_actor_test.go,6,net/http,GO_IMPORT,dsh
services/dsh/backend/internal/auth/partner_actor_test.go,7,net/http/httptest,GO_IMPORT,dsh
services/dsh/backend/internal/auth/partner_actor_test.go,8,testing,GO_IMPORT,dsh
services/dsh/backend/internal/auth/partner_actor_test.go,9,time,GO_IMPORT,dsh
services/dsh/backend/internal/cache/client.go,8,github.com/redis/go-redis/v9,GO_IMPORT,dsh
services/dsh/backend/internal/cache/client_test.go,4,context,GO_IMPORT,dsh
services/dsh/backend/internal/cache/client_test.go,5,testing,GO_IMPORT,dsh
services/dsh/backend/internal/cache/client_test.go,6,time,GO_IMPORT,dsh
services/dsh/backend/internal/cache/get_set.go,4,context,GO_IMPORT,dsh
services/dsh/backend/internal/cache/get_set.go,5,encoding/json,GO_IMPORT,dsh
services/dsh/backend/internal/cache/get_set.go,6,log,GO_IMPORT,dsh
services/dsh/backend/internal/cache/get_set.go,7,time,GO_IMPORT,dsh
services/dsh/backend/internal/cart/cart.go,4,context,GO_IMPORT,dsh
services/dsh/backend/internal/cart/cart.go,5,crypto/sha256,GO_IMPORT,dsh
services/dsh/backend/internal/cart/cart.go,6,database/sql,GO_IMPORT,dsh
services/dsh/backend/internal/cart/cart.go,7,encoding/hex,GO_IMPORT,dsh
services/dsh/backend/internal/cart/cart.go,8,errors,GO_IMPORT,dsh
services/dsh/backend/internal/cart/cart.go,9,fmt,GO_IMPORT,dsh
services/dsh/backend/internal/cart/cart.go,10,math,GO_IMPORT,dsh
services/dsh/backend/internal/cart/cart.go,11,time,GO_IMPORT,dsh
services/dsh/backend/internal/cart/cart.go,13,github.com/lib/pq,GO_IMPORT,dsh
services/dsh/backend/internal/cart/cart_db_test.go,4,context,GO_IMPORT,dsh
services/dsh/backend/internal/cart/cart_db_test.go,5,database/sql,GO_IMPORT,dsh
services/dsh/backend/internal/cart/cart_db_test.go,6,errors,GO_IMPORT,dsh
services/dsh/backend/internal/cart/cart_db_test.go,7,os,GO_IMPORT,dsh
services/dsh/backend/internal/cart/cart_db_test.go,8,strconv,GO_IMPORT,dsh
services/dsh/backend/internal/cart/cart_db_test.go,9,testing,GO_IMPORT,dsh
services/dsh/backend/internal/cart/cart_db_test.go,10,time,GO_IMPORT,dsh
services/dsh/backend/internal/cart/cart_db_test.go,12,github.com/lib/pq,GO_IMPORT,dsh
services/dsh/backend/internal/cart/cart_test.go,4,context,GO_IMPORT,dsh
services/dsh/backend/internal/cart/cart_test.go,5,math,GO_IMPORT,dsh
services/dsh/backend/internal/cart/cart_test.go,6,testing,GO_IMPORT,dsh
services/dsh/backend/internal/cart/checkout_snapshot_scoped.go,4,context,GO_IMPORT,dsh
services/dsh/backend/internal/cart/checkout_snapshot_scoped.go,5,crypto/sha256,GO_IMPORT,dsh
services/dsh/backend/internal/cart/checkout_snapshot_scoped.go,6,database/sql,GO_IMPORT,dsh
services/dsh/backend/internal/cart/checkout_snapshot_scoped.go,7,encoding/hex,GO_IMPORT,dsh
services/dsh/backend/internal/cart/checkout_snapshot_scoped.go,8,errors,GO_IMPORT,dsh
services/dsh/backend/internal/cart/checkout_snapshot_scoped.go,9,fmt,GO_IMPORT,dsh
services/dsh/backend/internal/cart/checkout_snapshot_scoped.go,10,math,GO_IMPORT,dsh
services/dsh/backend/internal/cart/item_integrity.go,4,context,GO_IMPORT,dsh
services/dsh/backend/internal/cart/item_integrity.go,5,database/sql,GO_IMPORT,dsh
services/dsh/backend/internal/cart/item_integrity.go,7,github.com/lib/pq,GO_IMPORT,dsh
services/dsh/backend/internal/cart/item_integrity_test.go,4,context,GO_IMPORT,dsh
services/dsh/backend/internal/cart/item_integrity_test.go,5,testing,GO_IMPORT,dsh
services/dsh/backend/internal/cart/operator_context_context_test.go,3,dsh-api/internal/testdb,GO_IMPORT,dsh
services/dsh/backend/internal/cart/ownership.go,4,context,GO_IMPORT,dsh
services/dsh/backend/internal/cart/ownership.go,5,database/sql,GO_IMPORT,dsh
services/dsh/backend/internal/cart/ownership.go,6,errors,GO_IMPORT,dsh
services/dsh/backend/internal/cart/serviceability.go,4,context,GO_IMPORT,dsh
services/dsh/backend/internal/cart/serviceability.go,5,database/sql,GO_IMPORT,dsh
services/dsh/backend/internal/cart/serviceability.go,6,errors,GO_IMPORT,dsh
services/dsh/backend/internal/cart/serviceability.go,7,fmt,GO_IMPORT,dsh
services/dsh/backend/internal/cart/serviceability.go,8,math,GO_IMPORT,dsh
services/dsh/backend/internal/cart/serviceability.go,9,strings,GO_IMPORT,dsh
services/dsh/backend/internal/cart/serviceability.go,10,time,GO_IMPORT,dsh
services/dsh/backend/internal/cart/serviceability_evidence.go,4,context,GO_IMPORT,dsh
services/dsh/backend/internal/cart/serviceability_evidence.go,5,database/sql,GO_IMPORT,dsh
services/dsh/backend/internal/cart/serviceability_evidence.go,6,strings,GO_IMPORT,dsh
services/dsh/backend/internal/catalogapproval/catalogapproval.go,5,database/sql,GO_IMPORT,dsh
services/dsh/backend/internal/catalogapproval/catalogapproval.go,6,encoding/json,GO_IMPORT,dsh
services/dsh/backend/internal/catalogapproval/catalogapproval.go,7,errors,GO_IMPORT,dsh
services/dsh/backend/internal/catalogapproval/catalogapproval.go,8,fmt,GO_IMPORT,dsh
services/dsh/backend/internal/catalogapproval/catalogapproval.go,9,time,GO_IMPORT,dsh
services/dsh/backend/internal/catalogapproval/catalogapproval.go,11,github.com/google/uuid,GO_IMPORT,dsh
services/dsh/backend/internal/catalogapproval/catalogapproval_test.go,4,errors,GO_IMPORT,dsh
services/dsh/backend/internal/catalogapproval/catalogapproval_test.go,5,testing,GO_IMPORT,dsh
services/dsh/backend/internal/centralcatalog/asset_review_atomic.go,4,context,GO_IMPORT,dsh
services/dsh/backend/internal/centralcatalog/asset_review_atomic.go,5,database/sql,GO_IMPORT,dsh
services/dsh/backend/internal/centralcatalog/asset_review_atomic.go,6,errors,GO_IMPORT,dsh
services/dsh/backend/internal/centralcatalog/catalog_governance.go,4,context,GO_IMPORT,dsh
services/dsh/backend/internal/centralcatalog/catalog_governance.go,5,database/sql,GO_IMPORT,dsh
services/dsh/backend/internal/centralcatalog/catalog_governance.go,6,encoding/json,GO_IMPORT,dsh
services/dsh/backend/internal/centralcatalog/catalog_governance.go,7,errors,GO_IMPORT,dsh
services/dsh/backend/internal/centralcatalog/catalog_governance.go,8,fmt,GO_IMPORT,dsh
services/dsh/backend/internal/centralcatalog/catalog_governance.go,9,strings,GO_IMPORT,dsh
services/dsh/backend/internal/centralcatalog/catalog_governance.go,10,time,GO_IMPORT,dsh
services/dsh/backend/internal/centralcatalog/catalog_governance_test.go,4,encoding/json,GO_IMPORT,dsh
services/dsh/backend/internal/centralcatalog/catalog_governance_test.go,5,errors,GO_IMPORT,dsh
services/dsh/backend/internal/centralcatalog/catalog_governance_test.go,6,testing,GO_IMPORT,dsh
services/dsh/backend/internal/centralcatalog/catalog_pause_readback.go,4,context,GO_IMPORT,dsh
services/dsh/backend/internal/centralcatalog/catalog_pause_readback.go,5,database/sql,GO_IMPORT,dsh
services/dsh/backend/internal/centralcatalog/catalog_pause_readback.go,6,errors,GO_IMPORT,dsh
services/dsh/backend/internal/centralcatalog/catalog_pause_readback.go,7,time,GO_IMPORT,dsh
services/dsh/backend/internal/centralcatalog/centralcatalog.go,10,bytes,GO_IMPORT,dsh
services/dsh/backend/internal/centralcatalog/centralcatalog.go,11,context,GO_IMPORT,dsh
services/dsh/backend/internal/centralcatalog/centralcatalog.go,12,crypto/sha256,GO_IMPORT,dsh
services/dsh/backend/internal/centralcatalog/centralcatalog.go,13,database/sql,GO_IMPORT,dsh
services/dsh/backend/internal/centralcatalog/centralcatalog.go,14,encoding/hex,GO_IMPORT,dsh
services/dsh/backend/internal/centralcatalog/centralcatalog.go,15,errors,GO_IMPORT,dsh
services/dsh/backend/internal/centralcatalog/centralcatalog.go,16,fmt,GO_IMPORT,dsh
services/dsh/backend/internal/centralcatalog/centralcatalog.go,17,image,GO_IMPORT,dsh
services/dsh/backend/internal/centralcatalog/centralcatalog.go,18,image/jpeg,GO_IMPORT,dsh
services/dsh/backend/internal/centralcatalog/centralcatalog.go,19,image/png,GO_IMPORT,dsh
services/dsh/backend/internal/centralcatalog/centralcatalog.go,20,io,GO_IMPORT,dsh
services/dsh/backend/internal/centralcatalog/centralcatalog.go,21,net/http,GO_IMPORT,dsh
services/dsh/backend/internal/centralcatalog/centralcatalog.go,22,strings,GO_IMPORT,dsh
services/dsh/backend/internal/centralcatalog/centralcatalog.go,23,time,GO_IMPORT,dsh
services/dsh/backend/internal/centralcatalog/centralcatalog.go,25,dsh-api/internal/media,GO_IMPORT,dsh
services/dsh/backend/internal/centralcatalog/centralcatalog.go,26,github.com/google/uuid,GO_IMPORT,dsh
services/dsh/backend/internal/centralcatalog/centralcatalog.go,27,golang.org/x/image/webp,GO_IMPORT,dsh
services/dsh/backend/internal/centralcatalog/createproposal_test.go,4,context,GO_IMPORT,dsh
services/dsh/backend/internal/centralcatalog/createproposal_test.go,5,database/sql,GO_IMPORT,dsh
services/dsh/backend/internal/centralcatalog/createproposal_test.go,6,errors,GO_IMPORT,dsh
services/dsh/backend/internal/centralcatalog/createproposal_test.go,7,strings,GO_IMPORT,dsh
services/dsh/backend/internal/centralcatalog/createproposal_test.go,8,testing,GO_IMPORT,dsh
services/dsh/backend/internal/centralcatalog/createproposal_test.go,10,github.com/lib/pq,GO_IMPORT,dsh
services/dsh/backend/internal/centralcatalog/occ_atomic.go,4,context,GO_IMPORT,dsh
services/dsh/backend/internal/centralcatalog/occ_atomic.go,5,database/sql,GO_IMPORT,dsh
services/dsh/backend/internal/centralcatalog/occ_atomic.go,6,errors,GO_IMPORT,dsh
services/dsh/backend/internal/centralcatalog/occ_atomic.go,7,fmt,GO_IMPORT,dsh
services/dsh/backend/internal/centralcatalog/occ_atomic.go,8,strings,GO_IMPORT,dsh
services/dsh/backend/internal/centralcatalog/occ_atomic.go,9,time,GO_IMPORT,dsh
services/dsh/backend/internal/centralcatalog/occ_contract_test.go,4,errors,GO_IMPORT,dsh
services/dsh/backend/internal/centralcatalog/occ_contract_test.go,5,testing,GO_IMPORT,dsh
services/dsh/backend/internal/centralcatalog/occ_extended.go,4,context,GO_IMPORT,dsh
services/dsh/backend/internal/centralcatalog/occ_extended.go,5,database/sql,GO_IMPORT,dsh
services/dsh/backend/internal/centralcatalog/occ_extended.go,6,errors,GO_IMPORT,dsh
services/dsh/backend/internal/centralcatalog/occ_extended.go,7,fmt,GO_IMPORT,dsh
services/dsh/backend/internal/centralcatalog/occ_extended.go,8,strings,GO_IMPORT,dsh
services/dsh/backend/internal/centralcatalog/pagination_test.go,4,context,GO_IMPORT,dsh
services/dsh/backend/internal/centralcatalog/pagination_test.go,5,database/sql,GO_IMPORT,dsh
services/dsh/backend/internal/centralcatalog/pagination_test.go,6,os,GO_IMPORT,dsh
services/dsh/backend/internal/centralcatalog/pagination_test.go,7,strconv,GO_IMPORT,dsh
services/dsh/backend/internal/centralcatalog/pagination_test.go,8,testing,GO_IMPORT,dsh
services/dsh/backend/internal/centralcatalog/pagination_test.go,9,time,GO_IMPORT,dsh
services/dsh/backend/internal/centralcatalog/pagination_test.go,11,github.com/lib/pq,GO_IMPORT,dsh
services/dsh/backend/internal/centralcatalog/proposal_transition_atomic.go,4,context,GO_IMPORT,dsh
services/dsh/backend/internal/centralcatalog/proposal_transition_atomic.go,5,database/sql,GO_IMPORT,dsh
services/dsh/backend/internal/centralcatalog/proposal_transition_atomic.go,6,encoding/json,GO_IMPORT,dsh
services/dsh/backend/internal/centralcatalog/proposal_transition_atomic.go,7,errors,GO_IMPORT,dsh
services/dsh/backend/internal/centralcatalog/proposal_transition_atomic.go,8,fmt,GO_IMPORT,dsh
services/dsh/backend/internal/centralcatalog/proposal_transition_occ.go,4,context,GO_IMPORT,dsh
services/dsh/backend/internal/centralcatalog/proposal_transition_occ.go,5,database/sql,GO_IMPORT,dsh
services/dsh/backend/internal/centralcatalog/reels.go,4,context,GO_IMPORT,dsh
services/dsh/backend/internal/centralcatalog/reels.go,5,database/sql,GO_IMPORT,dsh
services/dsh/backend/internal/centralcatalog/reels.go,6,errors,GO_IMPORT,dsh
services/dsh/backend/internal/centralcatalog/reels.go,7,strings,GO_IMPORT,dsh
services/dsh/backend/internal/centralcatalog/reels.go,8,time,GO_IMPORT,dsh
services/dsh/backend/internal/centralcatalog/reels_lookup.go,4,context,GO_IMPORT,dsh
services/dsh/backend/internal/centralcatalog/reels_lookup.go,5,database/sql,GO_IMPORT,dsh
services/dsh/backend/internal/centralcatalog/reels_partner.go,4,context,GO_IMPORT,dsh
services/dsh/backend/internal/centralcatalog/reels_partner.go,5,database/sql,GO_IMPORT,dsh
services/dsh/backend/internal/checkout/address_reference.go,4,context,GO_IMPORT,dsh
services/dsh/backend/internal/checkout/address_reference.go,5,database/sql,GO_IMPORT,dsh
services/dsh/backend/internal/checkout/address_reference.go,6,strings,GO_IMPORT,dsh
services/dsh/backend/internal/checkout/checkout.go,4,database/sql,GO_IMPORT,dsh
services/dsh/backend/internal/checkout/checkout.go,5,errors,GO_IMPORT,dsh
services/dsh/backend/internal/checkout/checkout.go,6,fmt,GO_IMPORT,dsh
services/dsh/backend/internal/checkout/checkout.go,7,strings,GO_IMPORT,dsh
services/dsh/backend/internal/checkout/checkout.go,8,time,GO_IMPORT,dsh
services/dsh/backend/internal/checkout/checkout.go,10,dsh-api/internal/checkoutfinanceoutbox,GO_IMPORT,dsh
services/dsh/backend/internal/checkout/checkout_db_test.go,4,context,GO_IMPORT,dsh
services/dsh/backend/internal/checkout/checkout_db_test.go,5,database/sql,GO_IMPORT,dsh
services/dsh/backend/internal/checkout/checkout_db_test.go,6,os,GO_IMPORT,dsh
services/dsh/backend/internal/checkout/checkout_db_test.go,7,strconv,GO_IMPORT,dsh
services/dsh/backend/internal/checkout/checkout_db_test.go,8,testing,GO_IMPORT,dsh
services/dsh/backend/internal/checkout/checkout_db_test.go,9,time,GO_IMPORT,dsh
services/dsh/backend/internal/checkout/checkout_db_test.go,11,github.com/lib/pq,GO_IMPORT,dsh
services/dsh/backend/internal/checkout/checkout_test.go,4,errors,GO_IMPORT,dsh
services/dsh/backend/internal/checkout/checkout_test.go,5,testing,GO_IMPORT,dsh
services/dsh/backend/internal/checkout/create_idempotency.go,4,context,GO_IMPORT,dsh
services/dsh/backend/internal/checkout/create_idempotency.go,5,database/sql,GO_IMPORT,dsh
services/dsh/backend/internal/checkout/create_idempotency.go,6,errors,GO_IMPORT,dsh
services/dsh/backend/internal/checkout/create_idempotency.go,7,strings,GO_IMPORT,dsh
services/dsh/backend/internal/checkout/delivery_pricing.go,4,context,GO_IMPORT,dsh
services/dsh/backend/internal/checkout/delivery_pricing.go,5,database/sql,GO_IMPORT,dsh
services/dsh/backend/internal/checkout/delivery_pricing.go,6,errors,GO_IMPORT,dsh
services/dsh/backend/internal/checkout/delivery_pricing.go,7,fmt,GO_IMPORT,dsh
services/dsh/backend/internal/checkout/delivery_pricing_admin.go,4,context,GO_IMPORT,dsh
services/dsh/backend/internal/checkout/delivery_pricing_admin.go,5,database/sql,GO_IMPORT,dsh
services/dsh/backend/internal/checkout/delivery_pricing_admin.go,6,errors,GO_IMPORT,dsh
services/dsh/backend/internal/checkout/delivery_pricing_admin.go,7,fmt,GO_IMPORT,dsh
services/dsh/backend/internal/checkout/delivery_pricing_admin.go,8,strings,GO_IMPORT,dsh
services/dsh/backend/internal/checkout/delivery_pricing_admin.go,9,time,GO_IMPORT,dsh
services/dsh/backend/internal/checkout/operator_context_context_test.go,3,dsh-api/internal/testdb,GO_IMPORT,dsh
services/dsh/backend/internal/checkout/pricing.go,4,context,GO_IMPORT,dsh
services/dsh/backend/internal/checkout/pricing.go,5,crypto/sha256,GO_IMPORT,dsh
services/dsh/backend/internal/checkout/pricing.go,6,database/sql,GO_IMPORT,dsh
services/dsh/backend/internal/checkout/pricing.go,7,encoding/hex,GO_IMPORT,dsh
services/dsh/backend/internal/checkout/pricing.go,8,fmt,GO_IMPORT,dsh
services/dsh/backend/internal/checkout/pricing.go,9,strings,GO_IMPORT,dsh
services/dsh/backend/internal/checkout/wlt_event_atomic.go,4,context,GO_IMPORT,dsh
services/dsh/backend/internal/checkout/wlt_event_atomic.go,5,crypto/sha256,GO_IMPORT,dsh
services/dsh/backend/internal/checkout/wlt_event_atomic.go,6,database/sql,GO_IMPORT,dsh
services/dsh/backend/internal/checkout/wlt_event_atomic.go,7,encoding/hex,GO_IMPORT,dsh
services/dsh/backend/internal/checkout/wlt_event_atomic.go,8,errors,GO_IMPORT,dsh
services/dsh/backend/internal/checkout/wlt_event_atomic.go,9,fmt,GO_IMPORT,dsh
services/dsh/backend/internal/checkout/wlt_event_atomic.go,10,strings,GO_IMPORT,dsh
services/dsh/backend/internal/checkout/wlt_event_atomic_test.go,4,errors,GO_IMPORT,dsh
services/dsh/backend/internal/checkout/wlt_event_atomic_test.go,5,testing,GO_IMPORT,dsh
services/dsh/backend/internal/checkout/wlt_session_idempotency.go,4,database/sql,GO_IMPORT,dsh
services/dsh/backend/internal/checkout/wlt_session_idempotency.go,5,errors,GO_IMPORT,dsh
services/dsh/backend/internal/checkout/wlt_session_idempotency.go,6,fmt,GO_IMPORT,dsh
services/dsh/backend/internal/checkoutfinanceoutbox/checkoutfinanceoutbox.go,22,database/sql,GO_IMPORT,dsh
services/dsh/backend/internal/checkoutfinanceoutbox/checkoutfinanceoutbox.go,23,fmt,GO_IMPORT,dsh
services/dsh/backend/internal/checkoutfinanceoutbox/checkoutfinanceoutbox.go,24,strings,GO_IMPORT,dsh
services/dsh/backend/internal/checkoutfinanceoutbox/checkoutfinanceoutbox.go,25,time,GO_IMPORT,dsh
services/dsh/backend/internal/checkoutfinanceoutbox/correlation_test.go,4,context,GO_IMPORT,dsh
services/dsh/backend/internal/checkoutfinanceoutbox/correlation_test.go,5,encoding/json,GO_IMPORT,dsh
services/dsh/backend/internal/checkoutfinanceoutbox/correlation_test.go,6,net/http,GO_IMPORT,dsh
services/dsh/backend/internal/checkoutfinanceoutbox/correlation_test.go,7,net/http/httptest,GO_IMPORT,dsh
services/dsh/backend/internal/checkoutfinanceoutbox/correlation_test.go,8,testing,GO_IMPORT,dsh
services/dsh/backend/internal/checkoutfinanceoutbox/correlation_test.go,10,dsh-api/internal/wlt,GO_IMPORT,dsh
services/dsh/backend/internal/checkoutfinanceoutbox/operator_context_context_test.go,3,dsh-api/internal/testdb,GO_IMPORT,dsh
services/dsh/backend/internal/checkoutfinanceoutbox/projection.go,4,database/sql,GO_IMPORT,dsh
services/dsh/backend/internal/checkoutfinanceoutbox/projection.go,5,fmt,GO_IMPORT,dsh
services/dsh/backend/internal/checkoutfinanceoutbox/projection.go,6,strings,GO_IMPORT,dsh
services/dsh/backend/internal/checkoutfinanceoutbox/projection_test.go,4,strings,GO_IMPORT,dsh
services/dsh/backend/internal/checkoutfinanceoutbox/projection_test.go,5,testing,GO_IMPORT,dsh
services/dsh/backend/internal/checkoutfinanceoutbox/worker.go,4,context,GO_IMPORT,dsh
services/dsh/backend/internal/checkoutfinanceoutbox/worker.go,5,database/sql,GO_IMPORT,dsh
services/dsh/backend/internal/checkoutfinanceoutbox/worker.go,6,fmt,GO_IMPORT,dsh
services/dsh/backend/internal/checkoutfinanceoutbox/worker.go,7,log,GO_IMPORT,dsh
services/dsh/backend/internal/checkoutfinanceoutbox/worker.go,8,time,GO_IMPORT,dsh
services/dsh/backend/internal/checkoutfinanceoutbox/worker.go,10,dsh-api/internal/wlt,GO_IMPORT,dsh
services/dsh/backend/internal/checkoutfinanceoutbox/worker_test.go,4,context,GO_IMPORT,dsh
services/dsh/backend/internal/checkoutfinanceoutbox/worker_test.go,5,database/sql,GO_IMPORT,dsh
services/dsh/backend/internal/checkoutfinanceoutbox/worker_test.go,6,encoding/json,GO_IMPORT,dsh
services/dsh/backend/internal/checkoutfinanceoutbox/worker_test.go,7,net/http,GO_IMPORT,dsh
services/dsh/backend/internal/checkoutfinanceoutbox/worker_test.go,8,net/http/httptest,GO_IMPORT,dsh
services/dsh/backend/internal/checkoutfinanceoutbox/worker_test.go,9,os,GO_IMPORT,dsh
services/dsh/backend/internal/checkoutfinanceoutbox/worker_test.go,10,strconv,GO_IMPORT,dsh
services/dsh/backend/internal/checkoutfinanceoutbox/worker_test.go,11,testing,GO_IMPORT,dsh
services/dsh/backend/internal/checkoutfinanceoutbox/worker_test.go,12,time,GO_IMPORT,dsh
services/dsh/backend/internal/checkoutfinanceoutbox/worker_test.go,14,github.com/lib/pq,GO_IMPORT,dsh
services/dsh/backend/internal/checkoutfinanceoutbox/worker_test.go,16,dsh-api/internal/wlt,GO_IMPORT,dsh
services/dsh/backend/internal/clientaddress/address.go,4,context,GO_IMPORT,dsh
services/dsh/backend/internal/clientaddress/address.go,5,database/sql,GO_IMPORT,dsh
services/dsh/backend/internal/clientaddress/address.go,6,errors,GO_IMPORT,dsh
services/dsh/backend/internal/clientaddress/address.go,7,fmt,GO_IMPORT,dsh
services/dsh/backend/internal/clientaddress/address.go,8,regexp,GO_IMPORT,dsh
services/dsh/backend/internal/clientaddress/address.go,9,strings,GO_IMPORT,dsh
services/dsh/backend/internal/clientaddress/address.go,10,time,GO_IMPORT,dsh
services/dsh/backend/internal/clientaddress/address_service_area.go,4,context,GO_IMPORT,dsh
services/dsh/backend/internal/clientaddress/address_service_area.go,5,database/sql,GO_IMPORT,dsh
services/dsh/backend/internal/clientaddress/address_service_area.go,6,errors,GO_IMPORT,dsh
services/dsh/backend/internal/clientaddress/address_service_area.go,7,strings,GO_IMPORT,dsh
services/dsh/backend/internal/clientaddress/address_service_area.go,9,dsh-api/internal/servicearea,GO_IMPORT,dsh
services/dsh/backend/internal/clientaddress/address_test.go,4,errors,GO_IMPORT,dsh
services/dsh/backend/internal/clientaddress/address_test.go,5,strings,GO_IMPORT,dsh
services/dsh/backend/internal/clientaddress/address_test.go,6,testing,GO_IMPORT,dsh
services/dsh/backend/internal/clientaddress/diagnostics.go,4,context,GO_IMPORT,dsh
services/dsh/backend/internal/clientaddress/diagnostics.go,5,database/sql,GO_IMPORT,dsh
services/dsh/backend/internal/clientaddress/diagnostics.go,6,fmt,GO_IMPORT,dsh
services/dsh/backend/internal/clientaddress/diagnostics.go,7,time,GO_IMPORT,dsh
services/dsh/backend/internal/clientaddress/duplicate_error.go,4,errors,GO_IMPORT,dsh
services/dsh/backend/internal/clientaddress/duplicate_error.go,6,github.com/lib/pq,GO_IMPORT,dsh
services/dsh/backend/internal/clientaddress/duplicate_error_test.go,4,errors,GO_IMPORT,dsh
services/dsh/backend/internal/clientaddress/duplicate_error_test.go,5,testing,GO_IMPORT,dsh
services/dsh/backend/internal/clientaddress/duplicate_error_test.go,7,github.com/lib/pq,GO_IMPORT,dsh
services/dsh/backend/internal/clientaddress/idempotent_mutations.go,4,context,GO_IMPORT,dsh
services/dsh/backend/internal/clientaddress/idempotent_mutations.go,5,crypto/sha256,GO_IMPORT,dsh
services/dsh/backend/internal/clientaddress/idempotent_mutations.go,6,database/sql,GO_IMPORT,dsh
services/dsh/backend/internal/clientaddress/idempotent_mutations.go,7,encoding/hex,GO_IMPORT,dsh
services/dsh/backend/internal/clientaddress/idempotent_mutations.go,8,encoding/json,GO_IMPORT,dsh
services/dsh/backend/internal/clientaddress/idempotent_mutations.go,9,errors,GO_IMPORT,dsh
services/dsh/backend/internal/clientaddress/idempotent_mutations.go,10,fmt,GO_IMPORT,dsh
services/dsh/backend/internal/clientaddress/idempotent_mutations.go,11,strings,GO_IMPORT,dsh
services/dsh/backend/internal/clientaddress/idempotent_mutations_db_test.go,4,context,GO_IMPORT,dsh
services/dsh/backend/internal/clientaddress/idempotent_mutations_db_test.go,5,database/sql,GO_IMPORT,dsh
services/dsh/backend/internal/clientaddress/idempotent_mutations_db_test.go,6,errors,GO_IMPORT,dsh
services/dsh/backend/internal/clientaddress/idempotent_mutations_db_test.go,7,fmt,GO_IMPORT,dsh
services/dsh/backend/internal/clientaddress/idempotent_mutations_db_test.go,8,os,GO_IMPORT,dsh
services/dsh/backend/internal/clientaddress/idempotent_mutations_db_test.go,9,testing,GO_IMPORT,dsh
services/dsh/backend/internal/clientaddress/idempotent_mutations_db_test.go,10,time,GO_IMPORT,dsh
services/dsh/backend/internal/clientaddress/idempotent_mutations_db_test.go,12,github.com/lib/pq,GO_IMPORT,dsh
services/dsh/backend/internal/clientaddress/idempotent_mutations_test.go,4,errors,GO_IMPORT,dsh
services/dsh/backend/internal/clientaddress/idempotent_mutations_test.go,5,testing,GO_IMPORT,dsh
services/dsh/backend/internal/clientaddress/mutation_receipt_retention.go,4,context,GO_IMPORT,dsh
services/dsh/backend/internal/clientaddress/mutation_receipt_retention.go,5,database/sql,GO_IMPORT,dsh
services/dsh/backend/internal/clientaddress/mutation_receipt_retention.go,6,fmt,GO_IMPORT,dsh
services/dsh/backend/internal/clientaddress/ownership_isolation_db_test.go,4,context,GO_IMPORT,dsh
services/dsh/backend/internal/clientaddress/ownership_isolation_db_test.go,5,errors,GO_IMPORT,dsh
services/dsh/backend/internal/clientaddress/ownership_isolation_db_test.go,6,fmt,GO_IMPORT,dsh
services/dsh/backend/internal/clientaddress/ownership_isolation_db_test.go,7,testing,GO_IMPORT,dsh
services/dsh/backend/internal/clientaddress/ownership_isolation_db_test.go,8,time,GO_IMPORT,dsh
services/dsh/backend/internal/clientaddress/privacy.go,4,context,GO_IMPORT,dsh
services/dsh/backend/internal/clientaddress/privacy.go,5,crypto/sha256,GO_IMPORT,dsh
services/dsh/backend/internal/clientaddress/privacy.go,6,database/sql,GO_IMPORT,dsh
services/dsh/backend/internal/clientaddress/privacy.go,7,encoding/hex,GO_IMPORT,dsh
services/dsh/backend/internal/clientaddress/privacy.go,8,encoding/json,GO_IMPORT,dsh
services/dsh/backend/internal/clientaddress/privacy.go,9,errors,GO_IMPORT,dsh
services/dsh/backend/internal/clientaddress/privacy.go,10,strings,GO_IMPORT,dsh
services/dsh/backend/internal/clientaddress/privacy.go,11,time,GO_IMPORT,dsh
services/dsh/backend/internal/clientaddress/privacy_anonymize_idempotent.go,4,context,GO_IMPORT,dsh
services/dsh/backend/internal/clientaddress/privacy_anonymize_idempotent.go,5,crypto/sha256,GO_IMPORT,dsh
services/dsh/backend/internal/clientaddress/privacy_anonymize_idempotent.go,6,database/sql,GO_IMPORT,dsh
services/dsh/backend/internal/clientaddress/privacy_anonymize_idempotent.go,7,encoding/hex,GO_IMPORT,dsh
services/dsh/backend/internal/clientaddress/privacy_anonymize_idempotent.go,8,encoding/json,GO_IMPORT,dsh
services/dsh/backend/internal/clientaddress/privacy_anonymize_idempotent.go,9,errors,GO_IMPORT,dsh
services/dsh/backend/internal/clientaddress/privacy_anonymize_idempotent.go,10,strconv,GO_IMPORT,dsh
services/dsh/backend/internal/clientaddress/privacy_anonymize_idempotent.go,11,strings,GO_IMPORT,dsh
services/dsh/backend/internal/clientaddress/privacy_anonymize_idempotent.go,12,time,GO_IMPORT,dsh
services/dsh/backend/internal/clientaddress/privacy_audit.go,4,context,GO_IMPORT,dsh
services/dsh/backend/internal/clientaddress/privacy_audit.go,5,database/sql,GO_IMPORT,dsh
services/dsh/backend/internal/clientaddress/privacy_audit.go,6,encoding/json,GO_IMPORT,dsh
services/dsh/backend/internal/clientaddress/privacy_audit.go,7,time,GO_IMPORT,dsh
services/dsh/backend/internal/clientaddress/privacy_status.go,4,context,GO_IMPORT,dsh
services/dsh/backend/internal/clientaddress/privacy_status.go,5,database/sql,GO_IMPORT,dsh
services/dsh/backend/internal/clientaddress/privacy_status.go,6,time,GO_IMPORT,dsh
services/dsh/backend/internal/clientaddress/telemetry.go,4,errors,GO_IMPORT,dsh
services/dsh/backend/internal/clientaddress/telemetry.go,5,sort,GO_IMPORT,dsh
services/dsh/backend/internal/clientaddress/telemetry.go,6,sync,GO_IMPORT,dsh
services/dsh/backend/internal/clientaddress/telemetry.go,7,sync/atomic,GO_IMPORT,dsh
services/dsh/backend/internal/clientaddress/telemetry.go,8,time,GO_IMPORT,dsh
services/dsh/backend/internal/clientaddress/telemetry_test.go,4,errors,GO_IMPORT,dsh
services/dsh/backend/internal/clientaddress/telemetry_test.go,5,testing,GO_IMPORT,dsh
services/dsh/backend/internal/clientaddress/telemetry_test.go,6,time,GO_IMPORT,dsh
services/dsh/backend/internal/clientaddress/update_replay.go,4,context,GO_IMPORT,dsh
services/dsh/backend/internal/clientaddress/update_replay.go,5,database/sql,GO_IMPORT,dsh
services/dsh/backend/internal/clientaddress/update_replay.go,6,strings,GO_IMPORT,dsh
services/dsh/backend/internal/coupons/coupons.go,4,context,GO_IMPORT,dsh
services/dsh/backend/internal/coupons/coupons.go,5,crypto/sha256,GO_IMPORT,dsh
services/dsh/backend/internal/coupons/coupons.go,6,database/sql,GO_IMPORT,dsh
services/dsh/backend/internal/coupons/coupons.go,7,encoding/hex,GO_IMPORT,dsh
services/dsh/backend/internal/coupons/coupons.go,8,errors,GO_IMPORT,dsh
services/dsh/backend/internal/coupons/coupons.go,9,fmt,GO_IMPORT,dsh
services/dsh/backend/internal/coupons/coupons.go,10,math,GO_IMPORT,dsh
services/dsh/backend/internal/coupons/coupons.go,11,strings,GO_IMPORT,dsh
services/dsh/backend/internal/coupons/coupons.go,12,time,GO_IMPORT,dsh
services/dsh/backend/internal/coupons/coupons.go,14,github.com/lib/pq,GO_IMPORT,dsh
services/dsh/backend/internal/coupons/funding.go,4,context,GO_IMPORT,dsh
services/dsh/backend/internal/coupons/funding.go,5,database/sql,GO_IMPORT,dsh
services/dsh/backend/internal/coupons/funding.go,6,errors,GO_IMPORT,dsh
services/dsh/backend/internal/coupons/funding.go,7,fmt,GO_IMPORT,dsh
services/dsh/backend/internal/coupons/funding.go,8,strings,GO_IMPORT,dsh
services/dsh/backend/internal/coupons/funding_diagnostics.go,4,database/sql,GO_IMPORT,dsh
services/dsh/backend/internal/coupons/funding_diagnostics.go,5,strings,GO_IMPORT,dsh
services/dsh/backend/internal/coupons/funding_diagnostics.go,7,dsh-api/internal/wlt,GO_IMPORT,dsh
services/dsh/backend/internal/coupons/funding_diagnostics_test.go,4,errors,GO_IMPORT,dsh
services/dsh/backend/internal/coupons/funding_diagnostics_test.go,5,testing,GO_IMPORT,dsh
services/dsh/backend/internal/coupons/funding_diagnostics_test.go,7,dsh-api/internal/wlt,GO_IMPORT,dsh
services/dsh/backend/internal/coupons/funding_policy.go,4,context,GO_IMPORT,dsh
services/dsh/backend/internal/coupons/funding_policy.go,5,database/sql,GO_IMPORT,dsh
services/dsh/backend/internal/coupons/funding_policy.go,6,errors,GO_IMPORT,dsh
services/dsh/backend/internal/coupons/funding_policy.go,7,strings,GO_IMPORT,dsh
services/dsh/backend/internal/coupons/funding_test.go,3,testing,GO_IMPORT,dsh
services/dsh/backend/internal/coupons/governed.go,4,context,GO_IMPORT,dsh
services/dsh/backend/internal/coupons/governed.go,5,database/sql,GO_IMPORT,dsh
services/dsh/backend/internal/coupons/governed.go,6,errors,GO_IMPORT,dsh
services/dsh/backend/internal/coupons/governed.go,7,strings,GO_IMPORT,dsh
services/dsh/backend/internal/coupons/governed.go,8,time,GO_IMPORT,dsh
services/dsh/backend/internal/coupons/governed.go,10,github.com/lib/pq,GO_IMPORT,dsh
services/dsh/backend/internal/coupons/governed_read.go,4,database/sql,GO_IMPORT,dsh
services/dsh/backend/internal/coupons/governed_read.go,5,errors,GO_IMPORT,dsh
services/dsh/backend/internal/coupons/payment_lifecycle.go,4,database/sql,GO_IMPORT,dsh
services/dsh/backend/internal/coupons/payment_lifecycle.go,5,fmt,GO_IMPORT,dsh
services/dsh/backend/internal/coupons/payment_lifecycle_tx.go,4,context,GO_IMPORT,dsh
services/dsh/backend/internal/coupons/payment_lifecycle_tx.go,5,database/sql,GO_IMPORT,dsh
services/dsh/backend/internal/coupons/payment_lifecycle_tx.go,6,fmt,GO_IMPORT,dsh
services/dsh/backend/internal/coupons/reserve_priced.go,4,context,GO_IMPORT,dsh
services/dsh/backend/internal/coupons/reserve_priced.go,5,database/sql,GO_IMPORT,dsh
services/dsh/backend/internal/coupons/reserve_priced.go,6,errors,GO_IMPORT,dsh
services/dsh/backend/internal/coupons/reserve_priced.go,7,math,GO_IMPORT,dsh
services/dsh/backend/internal/coupons/reserve_priced.go,8,time,GO_IMPORT,dsh
services/dsh/backend/internal/dispatch/assignment_governance.go,4,database/sql,GO_IMPORT,dsh
services/dsh/backend/internal/dispatch/assignment_governance.go,5,encoding/json,GO_IMPORT,dsh
services/dsh/backend/internal/dispatch/assignment_governance.go,6,errors,GO_IMPORT,dsh
services/dsh/backend/internal/dispatch/assignment_governance.go,7,fmt,GO_IMPORT,dsh
services/dsh/backend/internal/dispatch/assignment_governance.go,8,strings,GO_IMPORT,dsh
services/dsh/backend/internal/dispatch/assignment_governance.go,9,time,GO_IMPORT,dsh
services/dsh/backend/internal/dispatch/assignment_governance.go,11,dsh-api/internal/orders,GO_IMPORT,dsh
services/dsh/backend/internal/dispatch/assignment_governance.go,13,github.com/lib/pq,GO_IMPORT,dsh
services/dsh/backend/internal/dispatch/assignment_governance_queries.go,4,database/sql,GO_IMPORT,dsh
services/dsh/backend/internal/dispatch/assignment_governance_queries.go,5,errors,GO_IMPORT,dsh
services/dsh/backend/internal/dispatch/assignment_governance_queries.go,6,fmt,GO_IMPORT,dsh
services/dsh/backend/internal/dispatch/assignment_governance_queries.go,7,strings,GO_IMPORT,dsh
services/dsh/backend/internal/dispatch/assignment_governance_queries.go,8,time,GO_IMPORT,dsh
services/dsh/backend/internal/dispatch/assignment_governance_queries.go,10,github.com/lib/pq,GO_IMPORT,dsh
services/dsh/backend/internal/dispatch/assignment_governance_test.go,4,errors,GO_IMPORT,dsh
services/dsh/backend/internal/dispatch/assignment_governance_test.go,5,testing,GO_IMPORT,dsh
services/dsh/backend/internal/dispatch/availability_capacity.go,4,context,GO_IMPORT,dsh
services/dsh/backend/internal/dispatch/availability_capacity.go,5,database/sql,GO_IMPORT,dsh
services/dsh/backend/internal/dispatch/availability_capacity.go,6,errors,GO_IMPORT,dsh
services/dsh/backend/internal/dispatch/availability_capacity.go,7,fmt,GO_IMPORT,dsh
services/dsh/backend/internal/dispatch/availability_capacity.go,8,math,GO_IMPORT,dsh
services/dsh/backend/internal/dispatch/availability_capacity.go,9,strings,GO_IMPORT,dsh
services/dsh/backend/internal/dispatch/availability_capacity.go,10,time,GO_IMPORT,dsh
services/dsh/backend/internal/dispatch/cancellation_db_test.go,4,database/sql,GO_IMPORT,dsh
services/dsh/backend/internal/dispatch/cancellation_db_test.go,5,errors,GO_IMPORT,dsh
services/dsh/backend/internal/dispatch/cancellation_db_test.go,6,os,GO_IMPORT,dsh
services/dsh/backend/internal/dispatch/cancellation_db_test.go,7,strconv,GO_IMPORT,dsh
services/dsh/backend/internal/dispatch/cancellation_db_test.go,8,testing,GO_IMPORT,dsh
services/dsh/backend/internal/dispatch/cancellation_db_test.go,9,time,GO_IMPORT,dsh
services/dsh/backend/internal/dispatch/cancellation_db_test.go,11,github.com/google/uuid,GO_IMPORT,dsh
services/dsh/backend/internal/dispatch/cancellation_db_test.go,12,github.com/lib/pq,GO_IMPORT,dsh
services/dsh/backend/internal/dispatch/delivery_exceptions.go,4,database/sql,GO_IMPORT,dsh
services/dsh/backend/internal/dispatch/delivery_exceptions.go,5,errors,GO_IMPORT,dsh
services/dsh/backend/internal/dispatch/delivery_exceptions.go,6,fmt,GO_IMPORT,dsh
services/dsh/backend/internal/dispatch/delivery_exceptions.go,7,strings,GO_IMPORT,dsh
services/dsh/backend/internal/dispatch/delivery_exceptions.go,8,time,GO_IMPORT,dsh
services/dsh/backend/internal/dispatch/delivery_exceptions.go,10,dsh-api/internal/orders,GO_IMPORT,dsh
services/dsh/backend/internal/dispatch/delivery_exceptions_cancel_db_test.go,4,errors,GO_IMPORT,dsh
services/dsh/backend/internal/dispatch/delivery_exceptions_cancel_db_test.go,5,strconv,GO_IMPORT,dsh
services/dsh/backend/internal/dispatch/delivery_exceptions_cancel_db_test.go,6,testing,GO_IMPORT,dsh
services/dsh/backend/internal/dispatch/delivery_exceptions_cancel_db_test.go,7,time,GO_IMPORT,dsh
services/dsh/backend/internal/dispatch/delivery_exceptions_cancel_db_test.go,9,github.com/google/uuid,GO_IMPORT,dsh
services/dsh/backend/internal/dispatch/delivery_exceptions_db_test.go,4,errors,GO_IMPORT,dsh
services/dsh/backend/internal/dispatch/delivery_exceptions_db_test.go,5,strconv,GO_IMPORT,dsh
services/dsh/backend/internal/dispatch/delivery_exceptions_db_test.go,6,testing,GO_IMPORT,dsh
services/dsh/backend/internal/dispatch/delivery_exceptions_db_test.go,7,time,GO_IMPORT,dsh
services/dsh/backend/internal/dispatch/delivery_exceptions_db_test.go,9,github.com/google/uuid,GO_IMPORT,dsh
services/dsh/backend/internal/dispatch/delivery_exceptions_special_requests.go,4,database/sql,GO_IMPORT,dsh
services/dsh/backend/internal/dispatch/delivery_exceptions_special_requests.go,5,encoding/json,GO_IMPORT,dsh
services/dsh/backend/internal/dispatch/delivery_exceptions_special_requests.go,6,errors,GO_IMPORT,dsh
services/dsh/backend/internal/dispatch/delivery_exceptions_special_requests.go,7,fmt,GO_IMPORT,dsh
services/dsh/backend/internal/dispatch/delivery_exceptions_special_requests.go,8,time,GO_IMPORT,dsh
services/dsh/backend/internal/dispatch/delivery_exceptions_special_requests.go,10,dsh-api/internal/operationaloutbox,GO_IMPORT,dsh
services/dsh/backend/internal/dispatch/delivery_exceptions_special_requests.go,11,dsh-api/internal/specialrequests,GO_IMPORT,dsh
services/dsh/backend/internal/dispatch/delivery_proof.go,4,crypto/rand,GO_IMPORT,dsh
services/dsh/backend/internal/dispatch/delivery_proof.go,5,crypto/sha256,GO_IMPORT,dsh
services/dsh/backend/internal/dispatch/delivery_proof.go,6,database/sql,GO_IMPORT,dsh
services/dsh/backend/internal/dispatch/delivery_proof.go,7,errors,GO_IMPORT,dsh
services/dsh/backend/internal/dispatch/delivery_proof.go,8,fmt,GO_IMPORT,dsh
services/dsh/backend/internal/dispatch/delivery_proof.go,9,math/big,GO_IMPORT,dsh
services/dsh/backend/internal/dispatch/delivery_proof.go,10,strings,GO_IMPORT,dsh
services/dsh/backend/internal/dispatch/delivery_proof.go,11,time,GO_IMPORT,dsh
services/dsh/backend/internal/dispatch/delivery_proof.go,13,dsh-api/internal/orders,GO_IMPORT,dsh
services/dsh/backend/internal/dispatch/delivery_proof.go,14,dsh-api/internal/wltoutbox,GO_IMPORT,dsh
services/dsh/backend/internal/dispatch/delivery_proof.go,16,golang.org/x/crypto/bcrypt,GO_IMPORT,dsh
services/dsh/backend/internal/dispatch/delivery_proof_media_fixture_test.go,4,database/sql,GO_IMPORT,dsh
services/dsh/backend/internal/dispatch/delivery_proof_media_fixture_test.go,5,fmt,GO_IMPORT,dsh
services/dsh/backend/internal/dispatch/delivery_proof_media_fixture_test.go,6,testing,GO_IMPORT,dsh
services/dsh/backend/internal/dispatch/delivery_proof_media_fixture_test.go,7,time,GO_IMPORT,dsh
services/dsh/backend/internal/dispatch/delivery_proof_media_fixture_test.go,9,github.com/google/uuid,GO_IMPORT,dsh
services/dsh/backend/internal/dispatch/delivery_proof_test.go,4,strings,GO_IMPORT,dsh
services/dsh/backend/internal/dispatch/delivery_proof_test.go,5,testing,GO_IMPORT,dsh
services/dsh/backend/internal/dispatch/delivery_proof_test.go,6,time,GO_IMPORT,dsh
services/dsh/backend/internal/dispatch/delivery_proof_test.go,8,golang.org/x/crypto/bcrypt,GO_IMPORT,dsh
services/dsh/backend/internal/dispatch/delivery_reassignment_db_test.go,4,errors,GO_IMPORT,dsh
services/dsh/backend/internal/dispatch/delivery_reassignment_db_test.go,5,strconv,GO_IMPORT,dsh
services/dsh/backend/internal/dispatch/delivery_reassignment_db_test.go,6,testing,GO_IMPORT,dsh
services/dsh/backend/internal/dispatch/delivery_reassignment_db_test.go,7,time,GO_IMPORT,dsh
services/dsh/backend/internal/dispatch/delivery_reassignment_db_test.go,9,github.com/google/uuid,GO_IMPORT,dsh
services/dsh/backend/internal/dispatch/delivery_return_db_test.go,4,errors,GO_IMPORT,dsh
services/dsh/backend/internal/dispatch/delivery_return_db_test.go,5,strconv,GO_IMPORT,dsh
services/dsh/backend/internal/dispatch/delivery_return_db_test.go,6,testing,GO_IMPORT,dsh
services/dsh/backend/internal/dispatch/delivery_return_db_test.go,7,time,GO_IMPORT,dsh
services/dsh/backend/internal/dispatch/delivery_return_db_test.go,9,github.com/google/uuid,GO_IMPORT,dsh
services/dsh/backend/internal/dispatch/dispatch.go,4,database/sql,GO_IMPORT,dsh
services/dsh/backend/internal/dispatch/dispatch.go,5,errors,GO_IMPORT,dsh
services/dsh/backend/internal/dispatch/dispatch.go,6,fmt,GO_IMPORT,dsh
services/dsh/backend/internal/dispatch/dispatch.go,7,time,GO_IMPORT,dsh
services/dsh/backend/internal/dispatch/dispatch.go,9,dsh-api/internal/orders,GO_IMPORT,dsh
services/dsh/backend/internal/dispatch/dispatch.go,10,dsh-api/internal/specialrequests,GO_IMPORT,dsh
services/dsh/backend/internal/dispatch/dispatch.go,11,dsh-api/internal/wltoutbox,GO_IMPORT,dsh
services/dsh/backend/internal/dispatch/dispatch.go,13,github.com/lib/pq,GO_IMPORT,dsh
services/dsh/backend/internal/dispatch/dispatch_db_test.go,4,context,GO_IMPORT,dsh
services/dsh/backend/internal/dispatch/dispatch_db_test.go,5,database/sql,GO_IMPORT,dsh
services/dsh/backend/internal/dispatch/dispatch_db_test.go,6,os,GO_IMPORT,dsh
services/dsh/backend/internal/dispatch/dispatch_db_test.go,7,strconv,GO_IMPORT,dsh
services/dsh/backend/internal/dispatch/dispatch_db_test.go,8,testing,GO_IMPORT,dsh
services/dsh/backend/internal/dispatch/dispatch_db_test.go,9,time,GO_IMPORT,dsh
services/dsh/backend/internal/dispatch/dispatch_db_test.go,11,github.com/lib/pq,GO_IMPORT,dsh
services/dsh/backend/internal/dispatch/dispatch_helpers.go,4,database/sql,GO_IMPORT,dsh
services/dsh/backend/internal/dispatch/dispatch_helpers.go,5,errors,GO_IMPORT,dsh
services/dsh/backend/internal/dispatch/dispatch_helpers.go,7,dsh-api/internal/orders,GO_IMPORT,dsh
services/dsh/backend/internal/dispatch/dispatch_helpers.go,8,dsh-api/internal/specialrequests,GO_IMPORT,dsh
services/dsh/backend/internal/dispatch/dispatch_test.go,4,errors,GO_IMPORT,dsh
services/dsh/backend/internal/dispatch/dispatch_test.go,5,fmt,GO_IMPORT,dsh
services/dsh/backend/internal/dispatch/dispatch_test.go,6,testing,GO_IMPORT,dsh
services/dsh/backend/internal/dispatch/dispatch_test.go,8,dsh-api/internal/orders,GO_IMPORT,dsh
services/dsh/backend/internal/dispatch/financial_eligibility.go,4,context,GO_IMPORT,dsh
services/dsh/backend/internal/dispatch/financial_eligibility.go,5,database/sql,GO_IMPORT,dsh
services/dsh/backend/internal/dispatch/financial_eligibility.go,6,errors,GO_IMPORT,dsh
services/dsh/backend/internal/dispatch/financial_eligibility.go,7,fmt,GO_IMPORT,dsh
services/dsh/backend/internal/dispatch/financial_eligibility.go,8,strings,GO_IMPORT,dsh
services/dsh/backend/internal/dispatch/financial_eligibility.go,9,time,GO_IMPORT,dsh
services/dsh/backend/internal/dispatch/financial_eligibility_db_test.go,4,context,GO_IMPORT,dsh
services/dsh/backend/internal/dispatch/financial_eligibility_db_test.go,5,fmt,GO_IMPORT,dsh
services/dsh/backend/internal/dispatch/financial_eligibility_db_test.go,6,testing,GO_IMPORT,dsh
services/dsh/backend/internal/dispatch/financial_eligibility_db_test.go,7,time,GO_IMPORT,dsh
services/dsh/backend/internal/dispatch/financial_eligibility_test.go,4,strings,GO_IMPORT,dsh
services/dsh/backend/internal/dispatch/financial_eligibility_test.go,5,testing,GO_IMPORT,dsh
services/dsh/backend/internal/dispatch/financial_eligibility_test.go,6,time,GO_IMPORT,dsh
services/dsh/backend/internal/dispatch/operator_context_context_test.go,3,dsh-api/internal/testdb,GO_IMPORT,dsh
services/dsh/backend/internal/dispatch/specialrequests_dispatch_db_test.go,4,context,GO_IMPORT,dsh
services/dsh/backend/internal/dispatch/specialrequests_dispatch_db_test.go,5,database/sql,GO_IMPORT,dsh
services/dsh/backend/internal/dispatch/specialrequests_dispatch_db_test.go,6,errors,GO_IMPORT,dsh
services/dsh/backend/internal/dispatch/specialrequests_dispatch_db_test.go,7,strconv,GO_IMPORT,dsh
services/dsh/backend/internal/dispatch/specialrequests_dispatch_db_test.go,8,testing,GO_IMPORT,dsh
services/dsh/backend/internal/dispatch/specialrequests_dispatch_db_test.go,9,time,GO_IMPORT,dsh
services/dsh/backend/internal/dispatch/specialrequests_dispatch_db_test.go,11,dsh-api/internal/specialrequests,GO_IMPORT,dsh
services/dsh/backend/internal/dispatch/specialrequests_dispatch_db_test.go,13,github.com/google/uuid,GO_IMPORT,dsh
services/dsh/backend/internal/dispatch/store_captain_handoff.go,4,database/sql,GO_IMPORT,dsh
services/dsh/backend/internal/dispatch/store_captain_handoff.go,5,errors,GO_IMPORT,dsh
services/dsh/backend/internal/dispatch/store_captain_handoff.go,6,fmt,GO_IMPORT,dsh
services/dsh/backend/internal/dispatch/store_captain_handoff.go,7,time,GO_IMPORT,dsh
services/dsh/backend/internal/dispatch/store_captain_handoff.go,9,dsh-api/internal/orders,GO_IMPORT,dsh
services/dsh/backend/internal/dispatch/store_captain_handoff_db_test.go,4,context,GO_IMPORT,dsh
services/dsh/backend/internal/dispatch/store_captain_handoff_db_test.go,5,database/sql,GO_IMPORT,dsh
services/dsh/backend/internal/dispatch/store_captain_handoff_db_test.go,6,errors,GO_IMPORT,dsh
services/dsh/backend/internal/dispatch/store_captain_handoff_db_test.go,7,strconv,GO_IMPORT,dsh
services/dsh/backend/internal/dispatch/store_captain_handoff_db_test.go,8,testing,GO_IMPORT,dsh
services/dsh/backend/internal/dispatch/store_captain_handoff_db_test.go,9,time,GO_IMPORT,dsh
services/dsh/backend/internal/dispatch/store_captain_handoff_exceptions.go,4,database/sql,GO_IMPORT,dsh
services/dsh/backend/internal/dispatch/store_captain_handoff_exceptions.go,5,errors,GO_IMPORT,dsh
services/dsh/backend/internal/dispatch/store_captain_handoff_exceptions.go,6,fmt,GO_IMPORT,dsh
services/dsh/backend/internal/dispatch/store_captain_handoff_exceptions.go,7,strings,GO_IMPORT,dsh
services/dsh/backend/internal/dispatch/store_captain_handoff_exceptions_db_test.go,4,errors,GO_IMPORT,dsh
services/dsh/backend/internal/dispatch/store_captain_handoff_exceptions_db_test.go,5,testing,GO_IMPORT,dsh
services/dsh/backend/internal/dispatch/store_captain_handoff_idempotency.go,4,database/sql,GO_IMPORT,dsh
services/dsh/backend/internal/dispatch/store_captain_handoff_idempotency.go,5,errors,GO_IMPORT,dsh
services/dsh/backend/internal/dispatch/store_captain_handoff_idempotency.go,6,fmt,GO_IMPORT,dsh
services/dsh/backend/internal/dispatch/store_captain_handoff_idempotency_db_test.go,4,testing,GO_IMPORT,dsh
services/dsh/backend/internal/dispatch/store_captain_handoff_resolution_db_test.go,3,testing,GO_IMPORT,dsh
services/dsh/backend/internal/fieldcommissionoutbox/fieldcommissionoutbox.go,13,database/sql,GO_IMPORT,dsh
services/dsh/backend/internal/fieldcommissionoutbox/fieldcommissionoutbox.go,14,fmt,GO_IMPORT,dsh
services/dsh/backend/internal/fieldcommissionoutbox/fieldcommissionoutbox.go,15,strings,GO_IMPORT,dsh
services/dsh/backend/internal/fieldcommissionoutbox/fieldcommissionoutbox.go,16,time,GO_IMPORT,dsh
services/dsh/backend/internal/fieldcommissionoutbox/operator_context_context_test.go,3,dsh-api/internal/testdb,GO_IMPORT,dsh
services/dsh/backend/internal/fieldcommissionoutbox/worker.go,4,context,GO_IMPORT,dsh
services/dsh/backend/internal/fieldcommissionoutbox/worker.go,5,database/sql,GO_IMPORT,dsh
services/dsh/backend/internal/fieldcommissionoutbox/worker.go,6,fmt,GO_IMPORT,dsh
services/dsh/backend/internal/fieldcommissionoutbox/worker.go,7,log,GO_IMPORT,dsh
services/dsh/backend/internal/fieldcommissionoutbox/worker.go,8,time,GO_IMPORT,dsh
services/dsh/backend/internal/fieldcommissionoutbox/worker.go,10,dsh-api/internal/wlt,GO_IMPORT,dsh
services/dsh/backend/internal/fieldcommissionoutbox/worker_test.go,4,context,GO_IMPORT,dsh
services/dsh/backend/internal/fieldcommissionoutbox/worker_test.go,5,database/sql,GO_IMPORT,dsh
services/dsh/backend/internal/fieldcommissionoutbox/worker_test.go,6,encoding/json,GO_IMPORT,dsh
services/dsh/backend/internal/fieldcommissionoutbox/worker_test.go,7,fmt,GO_IMPORT,dsh
services/dsh/backend/internal/fieldcommissionoutbox/worker_test.go,8,net/http,GO_IMPORT,dsh
services/dsh/backend/internal/fieldcommissionoutbox/worker_test.go,9,net/http/httptest,GO_IMPORT,dsh
services/dsh/backend/internal/fieldcommissionoutbox/worker_test.go,10,os,GO_IMPORT,dsh
services/dsh/backend/internal/fieldcommissionoutbox/worker_test.go,11,strconv,GO_IMPORT,dsh
services/dsh/backend/internal/fieldcommissionoutbox/worker_test.go,12,testing,GO_IMPORT,dsh
services/dsh/backend/internal/fieldcommissionoutbox/worker_test.go,13,time,GO_IMPORT,dsh
services/dsh/backend/internal/fieldcommissionoutbox/worker_test.go,15,github.com/lib/pq,GO_IMPORT,dsh
services/dsh/backend/internal/fieldcommissionoutbox/worker_test.go,17,dsh-api/internal/wlt,GO_IMPORT,dsh
services/dsh/backend/internal/fieldreadiness/authz.go,4,context,GO_IMPORT,dsh
services/dsh/backend/internal/fieldreadiness/authz.go,5,database/sql,GO_IMPORT,dsh
services/dsh/backend/internal/fieldreadiness/authz.go,7,dsh-api/internal/store,GO_IMPORT,dsh
services/dsh/backend/internal/fieldreadiness/authz_db_test.go,4,context,GO_IMPORT,dsh
services/dsh/backend/internal/fieldreadiness/authz_db_test.go,5,errors,GO_IMPORT,dsh
services/dsh/backend/internal/fieldreadiness/authz_db_test.go,6,testing,GO_IMPORT,dsh
services/dsh/backend/internal/fieldreadiness/authz_db_test.go,8,dsh-api/internal/store,GO_IMPORT,dsh
services/dsh/backend/internal/fieldreadiness/fieldreadiness.go,4,context,GO_IMPORT,dsh
services/dsh/backend/internal/fieldreadiness/fieldreadiness.go,5,database/sql,GO_IMPORT,dsh
services/dsh/backend/internal/fieldreadiness/fieldreadiness.go,6,errors,GO_IMPORT,dsh
services/dsh/backend/internal/fieldreadiness/fieldreadiness.go,7,fmt,GO_IMPORT,dsh
services/dsh/backend/internal/fieldreadiness/fieldreadiness.go,8,math,GO_IMPORT,dsh
services/dsh/backend/internal/fieldreadiness/fieldreadiness.go,9,strconv,GO_IMPORT,dsh
services/dsh/backend/internal/fieldreadiness/fieldreadiness.go,10,strings,GO_IMPORT,dsh
services/dsh/backend/internal/fieldreadiness/fieldreadiness.go,11,time,GO_IMPORT,dsh
services/dsh/backend/internal/fieldreadiness/fieldreadiness.go,13,github.com/lib/pq,GO_IMPORT,dsh
services/dsh/backend/internal/fieldreadiness/fieldreadiness.go,15,dsh-api/internal/fieldcommissionoutbox,GO_IMPORT,dsh
services/dsh/backend/internal/fieldreadiness/fieldreadiness.go,16,dsh-api/internal/store,GO_IMPORT,dsh
services/dsh/backend/internal/fieldreadiness/fieldreadiness_db_test.go,4,context,GO_IMPORT,dsh
services/dsh/backend/internal/fieldreadiness/fieldreadiness_db_test.go,5,database/sql,GO_IMPORT,dsh
services/dsh/backend/internal/fieldreadiness/fieldreadiness_db_test.go,6,errors,GO_IMPORT,dsh
services/dsh/backend/internal/fieldreadiness/fieldreadiness_db_test.go,7,fmt,GO_IMPORT,dsh
services/dsh/backend/internal/fieldreadiness/fieldreadiness_db_test.go,8,os,GO_IMPORT,dsh
services/dsh/backend/internal/fieldreadiness/fieldreadiness_db_test.go,9,strconv,GO_IMPORT,dsh
services/dsh/backend/internal/fieldreadiness/fieldreadiness_db_test.go,10,testing,GO_IMPORT,dsh
services/dsh/backend/internal/fieldreadiness/fieldreadiness_db_test.go,11,time,GO_IMPORT,dsh
services/dsh/backend/internal/fieldreadiness/fieldreadiness_db_test.go,13,github.com/lib/pq,GO_IMPORT,dsh
services/dsh/backend/internal/fieldreadiness/fieldreadiness_db_test.go,15,dsh-api/internal/store,GO_IMPORT,dsh
services/dsh/backend/internal/fieldreadiness/fieldreadiness_test.go,4,context,GO_IMPORT,dsh
services/dsh/backend/internal/fieldreadiness/fieldreadiness_test.go,5,testing,GO_IMPORT,dsh
services/dsh/backend/internal/fieldreadiness/fieldreadiness_test.go,6,time,GO_IMPORT,dsh
services/dsh/backend/internal/fieldreadiness/fieldreadiness_test.go,8,dsh-api/internal/store,GO_IMPORT,dsh
services/dsh/backend/internal/fieldreadiness/idempotent_mutations.go,4,context,GO_IMPORT,dsh
services/dsh/backend/internal/fieldreadiness/idempotent_mutations.go,5,database/sql,GO_IMPORT,dsh
services/dsh/backend/internal/fieldreadiness/idempotent_mutations.go,6,errors,GO_IMPORT,dsh
services/dsh/backend/internal/fieldreadiness/idempotent_mutations.go,7,fmt,GO_IMPORT,dsh
services/dsh/backend/internal/fieldreadiness/idempotent_mutations.go,8,strings,GO_IMPORT,dsh
services/dsh/backend/internal/fieldreadiness/idempotent_mutations.go,9,time,GO_IMPORT,dsh
services/dsh/backend/internal/fieldreadiness/idempotent_mutations.go,11,dsh-api/internal/fieldcommissionoutbox,GO_IMPORT,dsh
services/dsh/backend/internal/fieldreadiness/idempotent_mutations.go,12,dsh-api/internal/store,GO_IMPORT,dsh
services/dsh/backend/internal/fieldreadiness/journey024_governance_test.go,4,errors,GO_IMPORT,dsh
services/dsh/backend/internal/fieldreadiness/journey024_governance_test.go,5,math,GO_IMPORT,dsh
services/dsh/backend/internal/fieldreadiness/journey024_governance_test.go,6,testing,GO_IMPORT,dsh
services/dsh/backend/internal/fieldreadiness/journey024_governance_test.go,7,time,GO_IMPORT,dsh
services/dsh/backend/internal/fieldreadiness/mutation_idempotency.go,4,context,GO_IMPORT,dsh
services/dsh/backend/internal/fieldreadiness/mutation_idempotency.go,5,crypto/sha256,GO_IMPORT,dsh
services/dsh/backend/internal/fieldreadiness/mutation_idempotency.go,6,database/sql,GO_IMPORT,dsh
services/dsh/backend/internal/fieldreadiness/mutation_idempotency.go,7,encoding/hex,GO_IMPORT,dsh
services/dsh/backend/internal/fieldreadiness/mutation_idempotency.go,8,encoding/json,GO_IMPORT,dsh
services/dsh/backend/internal/fieldreadiness/mutation_idempotency.go,9,errors,GO_IMPORT,dsh
services/dsh/backend/internal/fieldreadiness/mutation_idempotency.go,10,fmt,GO_IMPORT,dsh
services/dsh/backend/internal/fieldreadiness/mutation_idempotency.go,11,strings,GO_IMPORT,dsh
services/dsh/backend/internal/fieldreadiness/mutation_idempotency.go,13,github.com/lib/pq,GO_IMPORT,dsh
services/dsh/backend/internal/fieldreadiness/mutation_idempotency_db_test.go,4,context,GO_IMPORT,dsh
services/dsh/backend/internal/fieldreadiness/mutation_idempotency_db_test.go,5,database/sql,GO_IMPORT,dsh
services/dsh/backend/internal/fieldreadiness/mutation_idempotency_db_test.go,6,errors,GO_IMPORT,dsh
services/dsh/backend/internal/fieldreadiness/mutation_idempotency_db_test.go,7,testing,GO_IMPORT,dsh
services/dsh/backend/internal/fieldreadiness/mutation_idempotency_test.go,4,errors,GO_IMPORT,dsh
services/dsh/backend/internal/fieldreadiness/mutation_idempotency_test.go,5,testing,GO_IMPORT,dsh
services/dsh/backend/internal/fieldreadiness/operator_context_context_test.go,3,dsh-api/internal/testdb,GO_IMPORT,dsh
services/dsh/backend/internal/fieldreadiness/partner_store_fixture_test.go,4,context,GO_IMPORT,dsh
services/dsh/backend/internal/fieldreadiness/partner_store_fixture_test.go,5,database/sql,GO_IMPORT,dsh
services/dsh/backend/internal/fieldreadiness/partner_store_fixture_test.go,6,testing,GO_IMPORT,dsh
services/dsh/backend/internal/fieldreadiness/visit_governance.go,4,context,GO_IMPORT,dsh
services/dsh/backend/internal/fieldreadiness/visit_governance.go,5,database/sql,GO_IMPORT,dsh
services/dsh/backend/internal/fieldreadiness/visit_governance.go,6,errors,GO_IMPORT,dsh
services/dsh/backend/internal/fieldreadiness/visit_governance.go,7,fmt,GO_IMPORT,dsh
services/dsh/backend/internal/fieldreadiness/visit_governance.go,8,math,GO_IMPORT,dsh
services/dsh/backend/internal/fieldreadiness/visit_governance.go,9,strings,GO_IMPORT,dsh
services/dsh/backend/internal/fieldreadiness/visit_governance.go,10,time,GO_IMPORT,dsh
services/dsh/backend/internal/fieldreadiness/visit_governance.go,12,dsh-api/internal/fieldcommissionoutbox,GO_IMPORT,dsh
services/dsh/backend/internal/fieldreadiness/visit_governance.go,13,dsh-api/internal/store,GO_IMPORT,dsh
services/dsh/backend/internal/fieldreadiness/visit_governance_db_test.go,4,context,GO_IMPORT,dsh
services/dsh/backend/internal/fieldreadiness/visit_governance_db_test.go,5,database/sql,GO_IMPORT,dsh
services/dsh/backend/internal/fieldreadiness/visit_governance_db_test.go,6,errors,GO_IMPORT,dsh
services/dsh/backend/internal/fieldreadiness/visit_governance_db_test.go,7,testing,GO_IMPORT,dsh
services/dsh/backend/internal/fieldreadiness/workforce_scope_resolver_test.go,4,context,GO_IMPORT,dsh
services/dsh/backend/internal/fieldreadiness/workforce_scope_resolver_test.go,5,database/sql,GO_IMPORT,dsh
services/dsh/backend/internal/fieldreadiness/workforce_scope_resolver_test.go,6,fmt,GO_IMPORT,dsh
services/dsh/backend/internal/fieldreadiness/workforce_scope_resolver_test.go,7,os,GO_IMPORT,dsh
services/dsh/backend/internal/fieldreadiness/workforce_scope_resolver_test.go,9,dsh-api/internal/workforceclient,GO_IMPORT,dsh
services/dsh/backend/internal/health/health.go,4,context,GO_IMPORT,dsh
services/dsh/backend/internal/health/health.go,5,database/sql,GO_IMPORT,dsh
services/dsh/backend/internal/health/health.go,6,net/http,GO_IMPORT,dsh
services/dsh/backend/internal/health/health.go,7,os,GO_IMPORT,dsh
services/dsh/backend/internal/health/health.go,8,strings,GO_IMPORT,dsh
services/dsh/backend/internal/health/health.go,9,time,GO_IMPORT,dsh
services/dsh/backend/internal/health/health.go,11,dsh-api/internal/media,GO_IMPORT,dsh
services/dsh/backend/internal/health/health.go,12,dsh-api/internal/store,GO_IMPORT,dsh
services/dsh/backend/internal/health/health_test.go,4,encoding/json,GO_IMPORT,dsh
services/dsh/backend/internal/health/health_test.go,5,net/http,GO_IMPORT,dsh
services/dsh/backend/internal/health/health_test.go,6,net/http/httptest,GO_IMPORT,dsh
services/dsh/backend/internal/health/health_test.go,7,testing,GO_IMPORT,dsh
services/dsh/backend/internal/health/readiness_test.go,4,context,GO_IMPORT,dsh
services/dsh/backend/internal/health/readiness_test.go,5,encoding/json,GO_IMPORT,dsh
services/dsh/backend/internal/health/readiness_test.go,6,errors,GO_IMPORT,dsh
services/dsh/backend/internal/health/readiness_test.go,7,net/http,GO_IMPORT,dsh
services/dsh/backend/internal/health/readiness_test.go,8,net/http/httptest,GO_IMPORT,dsh
services/dsh/backend/internal/health/readiness_test.go,9,os,GO_IMPORT,dsh
services/dsh/backend/internal/health/readiness_test.go,10,path/filepath,GO_IMPORT,dsh
services/dsh/backend/internal/health/readiness_test.go,11,runtime,GO_IMPORT,dsh
services/dsh/backend/internal/health/readiness_test.go,12,testing,GO_IMPORT,dsh
services/dsh/backend/internal/homediscovery/admin.go,4,context,GO_IMPORT,dsh
services/dsh/backend/internal/homediscovery/admin.go,5,database/sql,GO_IMPORT,dsh
services/dsh/backend/internal/homediscovery/admin.go,6,errors,GO_IMPORT,dsh
services/dsh/backend/internal/homediscovery/admin.go,7,fmt,GO_IMPORT,dsh
services/dsh/backend/internal/homediscovery/admin.go,8,net/url,GO_IMPORT,dsh
services/dsh/backend/internal/homediscovery/admin.go,9,strings,GO_IMPORT,dsh
services/dsh/backend/internal/homediscovery/admin.go,10,time,GO_IMPORT,dsh
services/dsh/backend/internal/homediscovery/events.go,4,context,GO_IMPORT,dsh
services/dsh/backend/internal/homediscovery/events.go,5,crypto/sha256,GO_IMPORT,dsh
services/dsh/backend/internal/homediscovery/events.go,6,database/sql,GO_IMPORT,dsh
services/dsh/backend/internal/homediscovery/events.go,7,encoding/json,GO_IMPORT,dsh
services/dsh/backend/internal/homediscovery/events.go,8,fmt,GO_IMPORT,dsh
services/dsh/backend/internal/homediscovery/events.go,9,net/http,GO_IMPORT,dsh
services/dsh/backend/internal/homediscovery/events.go,10,strings,GO_IMPORT,dsh
services/dsh/backend/internal/homediscovery/handler.go,4,context,GO_IMPORT,dsh
services/dsh/backend/internal/homediscovery/handler.go,5,database/sql,GO_IMPORT,dsh
services/dsh/backend/internal/homediscovery/handler.go,6,encoding/json,GO_IMPORT,dsh
services/dsh/backend/internal/homediscovery/handler.go,7,fmt,GO_IMPORT,dsh
services/dsh/backend/internal/homediscovery/handler.go,8,net/http,GO_IMPORT,dsh
services/dsh/backend/internal/homediscovery/handler.go,9,strconv,GO_IMPORT,dsh
services/dsh/backend/internal/homediscovery/handler.go,10,strings,GO_IMPORT,dsh
services/dsh/backend/internal/homediscovery/handler.go,11,time,GO_IMPORT,dsh
services/dsh/backend/internal/homediscovery/handler.go,13,dsh-api/internal/cache,GO_IMPORT,dsh
services/dsh/backend/internal/homediscovery/homediscovery_test.go,3,testing,GO_IMPORT,dsh
services/dsh/backend/internal/homediscovery/journey_007_test.go,4,context,GO_IMPORT,dsh
services/dsh/backend/internal/homediscovery/journey_007_test.go,5,reflect,GO_IMPORT,dsh
services/dsh/backend/internal/homediscovery/journey_007_test.go,6,testing,GO_IMPORT,dsh
services/dsh/backend/internal/homediscovery/marketing_projection.go,4,context,GO_IMPORT,dsh
services/dsh/backend/internal/homediscovery/marketing_projection.go,5,database/sql,GO_IMPORT,dsh
services/dsh/backend/internal/homediscovery/marketing_projection.go,6,fmt,GO_IMPORT,dsh
services/dsh/backend/internal/homediscovery/publication.go,3,dsh-api/internal/store,GO_IMPORT,dsh
services/dsh/backend/internal/homediscovery/repository.go,4,context,GO_IMPORT,dsh
services/dsh/backend/internal/homediscovery/repository.go,5,database/sql,GO_IMPORT,dsh
services/dsh/backend/internal/homediscovery/repository.go,6,fmt,GO_IMPORT,dsh
services/dsh/backend/internal/homediscovery/repository.go,7,time,GO_IMPORT,dsh
services/dsh/backend/internal/homediscovery/repository.go,9,dsh-api/internal/store,GO_IMPORT,dsh
services/dsh/backend/internal/homediscovery/repository.go,10,github.com/lib/pq,GO_IMPORT,dsh
services/dsh/backend/internal/homediscovery/targeting.go,4,context,GO_IMPORT,dsh
services/dsh/backend/internal/homediscovery/targeting.go,5,database/sql,GO_IMPORT,dsh
services/dsh/backend/internal/homediscovery/targeting.go,6,fmt,GO_IMPORT,dsh
services/dsh/backend/internal/homediscovery/targeting.go,7,regexp,GO_IMPORT,dsh
services/dsh/backend/internal/homediscovery/targeting.go,8,sort,GO_IMPORT,dsh
services/dsh/backend/internal/homediscovery/targeting.go,9,strings,GO_IMPORT,dsh
services/dsh/backend/internal/http/actor_finance_handlers.go,4,encoding/json,GO_IMPORT,dsh
services/dsh/backend/internal/http/actor_finance_handlers.go,5,net/http,GO_IMPORT,dsh
services/dsh/backend/internal/http/actor_finance_handlers.go,6,net/url,GO_IMPORT,dsh
services/dsh/backend/internal/http/actor_finance_handlers.go,7,strings,GO_IMPORT,dsh
services/dsh/backend/internal/http/actor_finance_handlers.go,9,dsh-api/internal/store,GO_IMPORT,dsh
services/dsh/backend/internal/http/administration.go,4,net/http,GO_IMPORT,dsh
services/dsh/backend/internal/http/administration.go,6,dsh-api/internal/administration,GO_IMPORT,dsh
services/dsh/backend/internal/http/administration.go,7,dsh-api/internal/store,GO_IMPORT,dsh
services/dsh/backend/internal/http/administration_approval_routes.go,4,database/sql,GO_IMPORT,dsh
services/dsh/backend/internal/http/administration_approval_routes.go,5,errors,GO_IMPORT,dsh
services/dsh/backend/internal/http/administration_approval_routes.go,6,net/http,GO_IMPORT,dsh
services/dsh/backend/internal/http/administration_approval_routes.go,8,dsh-api/internal/administration,GO_IMPORT,dsh
services/dsh/backend/internal/http/administration_approval_routes.go,9,dsh-api/internal/auth,GO_IMPORT,dsh
services/dsh/backend/internal/http/administration_approval_routes.go,10,dsh-api/internal/media,GO_IMPORT,dsh
services/dsh/backend/internal/http/administration_approval_routes.go,11,dsh-api/internal/store,GO_IMPORT,dsh
services/dsh/backend/internal/http/administration_approval_routes.go,12,dsh-api/internal/wlt,GO_IMPORT,dsh
services/dsh/backend/internal/http/administration_permission.go,4,errors,GO_IMPORT,dsh
services/dsh/backend/internal/http/administration_permission.go,5,net/http,GO_IMPORT,dsh
services/dsh/backend/internal/http/administration_permission.go,7,dsh-api/internal/administration,GO_IMPORT,dsh
services/dsh/backend/internal/http/administration_permission.go,8,dsh-api/internal/auth,GO_IMPORT,dsh
services/dsh/backend/internal/http/administration_permission.go,9,dsh-api/internal/store,GO_IMPORT,dsh
services/dsh/backend/internal/http/administration_rollback_diagnostics.go,4,net/http,GO_IMPORT,dsh
services/dsh/backend/internal/http/administration_rollback_diagnostics.go,6,dsh-api/internal/administration,GO_IMPORT,dsh
services/dsh/backend/internal/http/administration_rollback_diagnostics.go,7,dsh-api/internal/store,GO_IMPORT,dsh
services/dsh/backend/internal/http/administration_support_sessions.go,4,database/sql,GO_IMPORT,dsh
services/dsh/backend/internal/http/administration_support_sessions.go,5,errors,GO_IMPORT,dsh
services/dsh/backend/internal/http/administration_support_sessions.go,6,net/http,GO_IMPORT,dsh
services/dsh/backend/internal/http/administration_support_sessions.go,7,strings,GO_IMPORT,dsh
services/dsh/backend/internal/http/administration_support_sessions.go,9,dsh-api/internal/auth,GO_IMPORT,dsh
services/dsh/backend/internal/http/administration_support_sessions.go,10,dsh-api/internal/media,GO_IMPORT,dsh
services/dsh/backend/internal/http/administration_support_sessions.go,11,dsh-api/internal/store,GO_IMPORT,dsh
services/dsh/backend/internal/http/administration_support_sessions.go,12,dsh-api/internal/supportsession,GO_IMPORT,dsh
services/dsh/backend/internal/http/administration_support_sessions.go,13,dsh-api/internal/wlt,GO_IMPORT,dsh
services/dsh/backend/internal/http/analytics.go,4,net/http,GO_IMPORT,dsh
services/dsh/backend/internal/http/analytics.go,6,dsh-api/internal/analytics,GO_IMPORT,dsh
services/dsh/backend/internal/http/analytics.go,7,dsh-api/internal/store,GO_IMPORT,dsh
services/dsh/backend/internal/http/captain_financial_eligibility.go,4,errors,GO_IMPORT,dsh
services/dsh/backend/internal/http/captain_financial_eligibility.go,5,fmt,GO_IMPORT,dsh
services/dsh/backend/internal/http/captain_financial_eligibility.go,6,net/http,GO_IMPORT,dsh
services/dsh/backend/internal/http/captain_financial_eligibility.go,7,strings,GO_IMPORT,dsh
services/dsh/backend/internal/http/captain_financial_eligibility.go,9,dsh-api/internal/dispatch,GO_IMPORT,dsh
services/dsh/backend/internal/http/captain_financial_eligibility.go,10,dsh-api/internal/store,GO_IMPORT,dsh
services/dsh/backend/internal/http/captain_financial_eligibility.go,11,dsh-api/internal/wlt,GO_IMPORT,dsh
services/dsh/backend/internal/http/captain_financial_eligibility_error_test.go,4,errors,GO_IMPORT,dsh
services/dsh/backend/internal/http/captain_financial_eligibility_error_test.go,5,net/http,GO_IMPORT,dsh
services/dsh/backend/internal/http/captain_financial_eligibility_error_test.go,6,net/http/httptest,GO_IMPORT,dsh
services/dsh/backend/internal/http/captain_financial_eligibility_error_test.go,7,strings,GO_IMPORT,dsh
services/dsh/backend/internal/http/captain_financial_eligibility_error_test.go,8,testing,GO_IMPORT,dsh
services/dsh/backend/internal/http/captain_financial_eligibility_error_test.go,10,dsh-api/internal/dispatch,GO_IMPORT,dsh
services/dsh/backend/internal/http/captain_financial_eligibility_error_test.go,11,dsh-api/internal/wlt,GO_IMPORT,dsh
services/dsh/backend/internal/http/captain_readiness_closure.go,4,fmt,GO_IMPORT,dsh
services/dsh/backend/internal/http/captain_readiness_closure.go,5,net/http,GO_IMPORT,dsh
services/dsh/backend/internal/http/captain_readiness_closure.go,6,strings,GO_IMPORT,dsh
services/dsh/backend/internal/http/captain_readiness_closure.go,7,time,GO_IMPORT,dsh
services/dsh/backend/internal/http/captain_readiness_closure.go,9,dsh-api/internal/dispatch,GO_IMPORT,dsh
services/dsh/backend/internal/http/captain_readiness_closure.go,10,dsh-api/internal/store,GO_IMPORT,dsh
services/dsh/backend/internal/http/captain_readiness_closure.go,11,dsh-api/internal/wlt,GO_IMPORT,dsh
services/dsh/backend/internal/http/captain_readiness_closure_test.go,4,net/http,GO_IMPORT,dsh
services/dsh/backend/internal/http/captain_readiness_closure_test.go,5,testing,GO_IMPORT,dsh
services/dsh/backend/internal/http/cart.go,4,errors,GO_IMPORT,dsh
services/dsh/backend/internal/http/cart.go,5,net/http,GO_IMPORT,dsh
services/dsh/backend/internal/http/cart.go,6,strings,GO_IMPORT,dsh
services/dsh/backend/internal/http/cart.go,8,dsh-api/internal/cart,GO_IMPORT,dsh
services/dsh/backend/internal/http/cart.go,9,dsh-api/internal/clientaddress,GO_IMPORT,dsh
services/dsh/backend/internal/http/cart.go,10,dsh-api/internal/store,GO_IMPORT,dsh
services/dsh/backend/internal/http/catalog.go,4,database/sql,GO_IMPORT,dsh
services/dsh/backend/internal/http/catalog.go,5,errors,GO_IMPORT,dsh
services/dsh/backend/internal/http/catalog.go,6,io,GO_IMPORT,dsh
services/dsh/backend/internal/http/catalog.go,7,net/http,GO_IMPORT,dsh
services/dsh/backend/internal/http/catalog.go,8,strconv,GO_IMPORT,dsh
services/dsh/backend/internal/http/catalog.go,9,strings,GO_IMPORT,dsh
services/dsh/backend/internal/http/catalog.go,10,time,GO_IMPORT,dsh
services/dsh/backend/internal/http/catalog.go,12,dsh-api/internal/centralcatalog,GO_IMPORT,dsh
services/dsh/backend/internal/http/catalog.go,13,dsh-api/internal/media,GO_IMPORT,dsh
services/dsh/backend/internal/http/catalog.go,14,dsh-api/internal/partner,GO_IMPORT,dsh
services/dsh/backend/internal/http/catalog.go,15,dsh-api/internal/store,GO_IMPORT,dsh
services/dsh/backend/internal/http/catalog_approval.go,4,encoding/json,GO_IMPORT,dsh
services/dsh/backend/internal/http/catalog_approval.go,5,errors,GO_IMPORT,dsh
services/dsh/backend/internal/http/catalog_approval.go,6,net/http,GO_IMPORT,dsh
services/dsh/backend/internal/http/catalog_approval.go,7,strings,GO_IMPORT,dsh
services/dsh/backend/internal/http/catalog_approval.go,9,dsh-api/internal/catalogapproval,GO_IMPORT,dsh
services/dsh/backend/internal/http/catalog_approval.go,10,dsh-api/internal/store,GO_IMPORT,dsh
services/dsh/backend/internal/http/catalog_approval_routes.go,3,net/http,GO_IMPORT,dsh
services/dsh/backend/internal/http/catalog_conflict_safe_handlers.go,4,net/http,GO_IMPORT,dsh
services/dsh/backend/internal/http/catalog_conflict_safe_handlers.go,6,dsh-api/internal/centralcatalog,GO_IMPORT,dsh
services/dsh/backend/internal/http/catalog_conflict_safe_handlers.go,7,dsh-api/internal/store,GO_IMPORT,dsh
services/dsh/backend/internal/http/catalog_conflict_safe_handlers_test.go,4,encoding/json,GO_IMPORT,dsh
services/dsh/backend/internal/http/catalog_conflict_safe_handlers_test.go,5,net/http,GO_IMPORT,dsh
services/dsh/backend/internal/http/catalog_conflict_safe_handlers_test.go,6,net/http/httptest,GO_IMPORT,dsh
services/dsh/backend/internal/http/catalog_conflict_safe_handlers_test.go,7,strings,GO_IMPORT,dsh
services/dsh/backend/internal/http/catalog_conflict_safe_handlers_test.go,8,testing,GO_IMPORT,dsh
services/dsh/backend/internal/http/catalog_conflict_safe_handlers_test.go,10,dsh-api/internal/centralcatalog,GO_IMPORT,dsh
services/dsh/backend/internal/http/catalog_contract_fixture_test.go,4,os,GO_IMPORT,dsh
services/dsh/backend/internal/http/catalog_contract_fixture_test.go,5,path/filepath,GO_IMPORT,dsh
services/dsh/backend/internal/http/catalog_contract_fixture_test.go,6,testing,GO_IMPORT,dsh
services/dsh/backend/internal/http/catalog_field_batch.go,4,errors,GO_IMPORT,dsh
services/dsh/backend/internal/http/catalog_field_batch.go,5,net/http,GO_IMPORT,dsh
services/dsh/backend/internal/http/catalog_field_batch.go,6,strings,GO_IMPORT,dsh
services/dsh/backend/internal/http/catalog_field_batch.go,8,dsh-api/internal/centralcatalog,GO_IMPORT,dsh
services/dsh/backend/internal/http/catalog_field_batch.go,9,dsh-api/internal/store,GO_IMPORT,dsh
services/dsh/backend/internal/http/catalog_governance_handlers.go,4,net/http,GO_IMPORT,dsh
services/dsh/backend/internal/http/catalog_governance_handlers.go,5,strconv,GO_IMPORT,dsh
services/dsh/backend/internal/http/catalog_governance_handlers.go,7,dsh-api/internal/centralcatalog,GO_IMPORT,dsh
services/dsh/backend/internal/http/catalog_governance_handlers.go,8,dsh-api/internal/store,GO_IMPORT,dsh
services/dsh/backend/internal/http/catalog_governance_routes_test.go,4,net/http,GO_IMPORT,dsh
services/dsh/backend/internal/http/catalog_governance_routes_test.go,5,net/http/httptest,GO_IMPORT,dsh
services/dsh/backend/internal/http/catalog_governance_routes_test.go,6,testing,GO_IMPORT,dsh
services/dsh/backend/internal/http/catalog_handler_aliases.go,3,net/http,GO_IMPORT,dsh
services/dsh/backend/internal/http/catalog_master_product_read.go,4,net/http,GO_IMPORT,dsh
services/dsh/backend/internal/http/catalog_master_product_read.go,5,strings,GO_IMPORT,dsh
services/dsh/backend/internal/http/catalog_master_product_read.go,7,dsh-api/internal/centralcatalog,GO_IMPORT,dsh
services/dsh/backend/internal/http/catalog_master_product_read.go,8,dsh-api/internal/store,GO_IMPORT,dsh
services/dsh/backend/internal/http/catalog_occ_write_handlers.go,4,net/http,GO_IMPORT,dsh
services/dsh/backend/internal/http/catalog_occ_write_handlers.go,6,dsh-api/internal/centralcatalog,GO_IMPORT,dsh
services/dsh/backend/internal/http/catalog_occ_write_handlers.go,7,dsh-api/internal/store,GO_IMPORT,dsh
services/dsh/backend/internal/http/catalog_permission_boundary.go,4,net/http,GO_IMPORT,dsh
services/dsh/backend/internal/http/catalog_permission_boundary.go,6,dsh-api/internal/store,GO_IMPORT,dsh
services/dsh/backend/internal/http/catalog_proposal_occ_handlers.go,4,net/http,GO_IMPORT,dsh
services/dsh/backend/internal/http/catalog_proposal_occ_handlers.go,6,dsh-api/internal/centralcatalog,GO_IMPORT,dsh
services/dsh/backend/internal/http/catalog_proposal_occ_handlers.go,7,dsh-api/internal/store,GO_IMPORT,dsh
services/dsh/backend/internal/http/catalog_proposal_readback.go,4,net/http,GO_IMPORT,dsh
services/dsh/backend/internal/http/catalog_proposal_readback.go,5,strconv,GO_IMPORT,dsh
services/dsh/backend/internal/http/catalog_proposal_readback.go,7,dsh-api/internal/centralcatalog,GO_IMPORT,dsh
services/dsh/backend/internal/http/catalog_proposal_readback.go,8,dsh-api/internal/store,GO_IMPORT,dsh
services/dsh/backend/internal/http/catalog_proposal_readback_test.go,4,net/http,GO_IMPORT,dsh
services/dsh/backend/internal/http/catalog_proposal_readback_test.go,5,net/http/httptest,GO_IMPORT,dsh
services/dsh/backend/internal/http/catalog_proposal_readback_test.go,6,testing,GO_IMPORT,dsh
services/dsh/backend/internal/http/catalog_unified_routes.go,4,errors,GO_IMPORT,dsh
services/dsh/backend/internal/http/catalog_unified_routes.go,5,net/http,GO_IMPORT,dsh
services/dsh/backend/internal/http/catalog_unified_routes.go,7,dsh-api/internal/centralcatalog,GO_IMPORT,dsh
services/dsh/backend/internal/http/catalog_unified_routes.go,8,dsh-api/internal/store,GO_IMPORT,dsh
services/dsh/backend/internal/http/catalog_unified_routes_test.go,4,encoding/json,GO_IMPORT,dsh
services/dsh/backend/internal/http/catalog_unified_routes_test.go,5,net/http,GO_IMPORT,dsh
services/dsh/backend/internal/http/catalog_unified_routes_test.go,6,net/http/httptest,GO_IMPORT,dsh
services/dsh/backend/internal/http/catalog_unified_routes_test.go,7,testing,GO_IMPORT,dsh
services/dsh/backend/internal/http/catalog_unified_routes_test.go,9,dsh-api/internal/centralcatalog,GO_IMPORT,dsh
services/dsh/backend/internal/http/centralcatalog_assets.go,4,context,GO_IMPORT,dsh
services/dsh/backend/internal/http/centralcatalog_assets.go,5,database/sql,GO_IMPORT,dsh
services/dsh/backend/internal/http/centralcatalog_assets.go,6,errors,GO_IMPORT,dsh
services/dsh/backend/internal/http/centralcatalog_assets.go,7,net/http,GO_IMPORT,dsh
services/dsh/backend/internal/http/centralcatalog_assets.go,8,strconv,GO_IMPORT,dsh
services/dsh/backend/internal/http/centralcatalog_assets.go,10,dsh-api/internal/centralcatalog,GO_IMPORT,dsh
services/dsh/backend/internal/http/centralcatalog_assets.go,11,dsh-api/internal/store,GO_IMPORT,dsh
services/dsh/backend/internal/http/centralcatalog_catalog.go,4,net/http,GO_IMPORT,dsh
services/dsh/backend/internal/http/centralcatalog_catalog.go,5,strconv,GO_IMPORT,dsh
services/dsh/backend/internal/http/centralcatalog_catalog.go,7,dsh-api/internal/centralcatalog,GO_IMPORT,dsh
services/dsh/backend/internal/http/centralcatalog_catalog.go,8,dsh-api/internal/store,GO_IMPORT,dsh
services/dsh/backend/internal/http/centralcatalog_core.go,4,errors,GO_IMPORT,dsh
services/dsh/backend/internal/http/centralcatalog_core.go,5,net/http,GO_IMPORT,dsh
services/dsh/backend/internal/http/centralcatalog_core.go,7,dsh-api/internal/centralcatalog,GO_IMPORT,dsh
services/dsh/backend/internal/http/centralcatalog_core.go,8,dsh-api/internal/store,GO_IMPORT,dsh
services/dsh/backend/internal/http/centralcatalog_policy_assortment.go,4,net/http,GO_IMPORT,dsh
services/dsh/backend/internal/http/centralcatalog_policy_assortment.go,6,dsh-api/internal/centralcatalog,GO_IMPORT,dsh
services/dsh/backend/internal/http/centralcatalog_policy_assortment.go,7,dsh-api/internal/store,GO_IMPORT,dsh
services/dsh/backend/internal/http/checkout.go,4,crypto/sha256,GO_IMPORT,dsh
services/dsh/backend/internal/http/checkout.go,5,encoding/hex,GO_IMPORT,dsh
services/dsh/backend/internal/http/checkout.go,6,errors,GO_IMPORT,dsh
services/dsh/backend/internal/http/checkout.go,7,net/http,GO_IMPORT,dsh
services/dsh/backend/internal/http/checkout.go,8,strings,GO_IMPORT,dsh
services/dsh/backend/internal/http/checkout.go,9,time,GO_IMPORT,dsh
services/dsh/backend/internal/http/checkout.go,11,dsh-api/internal/cart,GO_IMPORT,dsh
services/dsh/backend/internal/http/checkout.go,12,dsh-api/internal/checkout,GO_IMPORT,dsh
services/dsh/backend/internal/http/checkout.go,13,dsh-api/internal/clientaddress,GO_IMPORT,dsh
services/dsh/backend/internal/http/checkout.go,14,dsh-api/internal/coupons,GO_IMPORT,dsh
services/dsh/backend/internal/http/checkout.go,15,dsh-api/internal/store,GO_IMPORT,dsh
services/dsh/backend/internal/http/checkout.go,16,dsh-api/internal/wlt,GO_IMPORT,dsh
services/dsh/backend/internal/http/client_address_privacy.go,4,errors,GO_IMPORT,dsh
services/dsh/backend/internal/http/client_address_privacy.go,5,net/http,GO_IMPORT,dsh
services/dsh/backend/internal/http/client_address_privacy.go,6,strconv,GO_IMPORT,dsh
services/dsh/backend/internal/http/client_address_privacy.go,7,strings,GO_IMPORT,dsh
services/dsh/backend/internal/http/client_address_privacy.go,9,dsh-api/internal/clientaddress,GO_IMPORT,dsh
services/dsh/backend/internal/http/client_address_privacy.go,10,dsh-api/internal/store,GO_IMPORT,dsh
services/dsh/backend/internal/http/client_address_service_area_test.go,4,net/http,GO_IMPORT,dsh
services/dsh/backend/internal/http/client_address_service_area_test.go,5,net/http/httptest,GO_IMPORT,dsh
services/dsh/backend/internal/http/client_address_service_area_test.go,6,strings,GO_IMPORT,dsh
services/dsh/backend/internal/http/client_address_service_area_test.go,7,testing,GO_IMPORT,dsh
services/dsh/backend/internal/http/client_address_service_area_test.go,9,dsh-api/internal/clientaddress,GO_IMPORT,dsh
services/dsh/backend/internal/http/client_address_service_area_test.go,10,github.com/lib/pq,GO_IMPORT,dsh
services/dsh/backend/internal/http/client_addresses.go,4,errors,GO_IMPORT,dsh
services/dsh/backend/internal/http/client_addresses.go,5,net/http,GO_IMPORT,dsh
services/dsh/backend/internal/http/client_addresses.go,6,strconv,GO_IMPORT,dsh
services/dsh/backend/internal/http/client_addresses.go,7,strings,GO_IMPORT,dsh
services/dsh/backend/internal/http/client_addresses.go,8,time,GO_IMPORT,dsh
services/dsh/backend/internal/http/client_addresses.go,10,dsh-api/internal/clientaddress,GO_IMPORT,dsh
services/dsh/backend/internal/http/client_addresses.go,11,dsh-api/internal/store,GO_IMPORT,dsh
services/dsh/backend/internal/http/client_addresses.go,12,github.com/lib/pq,GO_IMPORT,dsh
services/dsh/backend/internal/http/client_addresses_error_test.go,4,encoding/json,GO_IMPORT,dsh
services/dsh/backend/internal/http/client_addresses_error_test.go,5,net/http,GO_IMPORT,dsh
services/dsh/backend/internal/http/client_addresses_error_test.go,6,net/http/httptest,GO_IMPORT,dsh
services/dsh/backend/internal/http/client_addresses_error_test.go,7,testing,GO_IMPORT,dsh
services/dsh/backend/internal/http/client_addresses_error_test.go,9,dsh-api/internal/clientaddress,GO_IMPORT,dsh
services/dsh/backend/internal/http/client_addresses_error_test.go,10,dsh-api/internal/store,GO_IMPORT,dsh
services/dsh/backend/internal/http/client_addresses_error_test.go,11,github.com/lib/pq,GO_IMPORT,dsh
services/dsh/backend/internal/http/client_maps.go,4,errors,GO_IMPORT,dsh
services/dsh/backend/internal/http/client_maps.go,5,net/http,GO_IMPORT,dsh
services/dsh/backend/internal/http/client_maps.go,6,os,GO_IMPORT,dsh
services/dsh/backend/internal/http/client_maps.go,7,strings,GO_IMPORT,dsh
services/dsh/backend/internal/http/client_maps.go,9,dsh-api/internal/mapproviders,GO_IMPORT,dsh
services/dsh/backend/internal/http/client_maps.go,10,dsh-api/internal/servicearea,GO_IMPORT,dsh
services/dsh/backend/internal/http/client_maps.go,11,dsh-api/internal/store,GO_IMPORT,dsh
services/dsh/backend/internal/http/cod_finance_handlers.go,4,encoding/json,GO_IMPORT,dsh
services/dsh/backend/internal/http/cod_finance_handlers.go,5,net/http,GO_IMPORT,dsh
services/dsh/backend/internal/http/cod_finance_handlers.go,6,net/url,GO_IMPORT,dsh
services/dsh/backend/internal/http/cod_finance_handlers.go,7,strings,GO_IMPORT,dsh
services/dsh/backend/internal/http/cod_finance_handlers.go,9,dsh-api/internal/store,GO_IMPORT,dsh
services/dsh/backend/internal/http/cod_finance_routes.go,3,net/http,GO_IMPORT,dsh
services/dsh/backend/internal/http/commercial_program_routes_test.go,4,net/http/httptest,GO_IMPORT,dsh
services/dsh/backend/internal/http/commercial_program_routes_test.go,5,testing,GO_IMPORT,dsh
services/dsh/backend/internal/http/commercial_programs.go,4,errors,GO_IMPORT,dsh
services/dsh/backend/internal/http/commercial_programs.go,5,net/http,GO_IMPORT,dsh
services/dsh/backend/internal/http/commercial_programs.go,6,strings,GO_IMPORT,dsh
services/dsh/backend/internal/http/commercial_programs.go,8,dsh-api/internal/marketing,GO_IMPORT,dsh
services/dsh/backend/internal/http/commercial_programs.go,9,dsh-api/internal/store,GO_IMPORT,dsh
services/dsh/backend/internal/http/commercial_programs.go,10,dsh-api/internal/wlt,GO_IMPORT,dsh
services/dsh/backend/internal/http/cors.go,3,net/http,GO_IMPORT,dsh
services/dsh/backend/internal/http/coupon_funding_lifecycle.go,4,context,GO_IMPORT,dsh
services/dsh/backend/internal/http/coupon_funding_lifecycle.go,5,fmt,GO_IMPORT,dsh
services/dsh/backend/internal/http/coupon_funding_lifecycle.go,6,strings,GO_IMPORT,dsh
services/dsh/backend/internal/http/coupon_funding_lifecycle.go,8,dsh-api/internal/coupons,GO_IMPORT,dsh
services/dsh/backend/internal/http/coupon_funding_lifecycle.go,9,dsh-api/internal/wlt,GO_IMPORT,dsh
services/dsh/backend/internal/http/coupons.go,4,context,GO_IMPORT,dsh
services/dsh/backend/internal/http/coupons.go,5,errors,GO_IMPORT,dsh
services/dsh/backend/internal/http/coupons.go,6,net/http,GO_IMPORT,dsh
services/dsh/backend/internal/http/coupons.go,7,strings,GO_IMPORT,dsh
services/dsh/backend/internal/http/coupons.go,8,time,GO_IMPORT,dsh
services/dsh/backend/internal/http/coupons.go,10,dsh-api/internal/coupons,GO_IMPORT,dsh
services/dsh/backend/internal/http/coupons.go,11,dsh-api/internal/store,GO_IMPORT,dsh
services/dsh/backend/internal/http/delivery_exception_governance.go,4,database/sql,GO_IMPORT,dsh
services/dsh/backend/internal/http/delivery_exception_governance.go,5,fmt,GO_IMPORT,dsh
services/dsh/backend/internal/http/delivery_exception_governance.go,6,net/http,GO_IMPORT,dsh
services/dsh/backend/internal/http/delivery_exception_governance.go,7,strings,GO_IMPORT,dsh
services/dsh/backend/internal/http/delivery_exception_governance.go,9,dsh-api/internal/auth,GO_IMPORT,dsh
services/dsh/backend/internal/http/delivery_exception_governance.go,10,dsh-api/internal/dispatch,GO_IMPORT,dsh
services/dsh/backend/internal/http/delivery_exception_governance.go,11,dsh-api/internal/media,GO_IMPORT,dsh
services/dsh/backend/internal/http/delivery_exception_governance.go,12,dsh-api/internal/store,GO_IMPORT,dsh
services/dsh/backend/internal/http/delivery_exception_governance.go,13,dsh-api/internal/wlt,GO_IMPORT,dsh
services/dsh/backend/internal/http/delivery_exception_governance_test.go,4,errors,GO_IMPORT,dsh
services/dsh/backend/internal/http/delivery_exception_governance_test.go,5,testing,GO_IMPORT,dsh
services/dsh/backend/internal/http/delivery_exception_governance_test.go,7,dsh-api/internal/dispatch,GO_IMPORT,dsh
services/dsh/backend/internal/http/delivery_pricing.go,4,errors,GO_IMPORT,dsh
services/dsh/backend/internal/http/delivery_pricing.go,5,net/http,GO_IMPORT,dsh
services/dsh/backend/internal/http/delivery_pricing.go,6,strings,GO_IMPORT,dsh
services/dsh/backend/internal/http/delivery_pricing.go,8,dsh-api/internal/checkout,GO_IMPORT,dsh
services/dsh/backend/internal/http/delivery_pricing.go,9,dsh-api/internal/store,GO_IMPORT,dsh
services/dsh/backend/internal/http/delivery_proof_completion.go,4,errors,GO_IMPORT,dsh
services/dsh/backend/internal/http/delivery_proof_completion.go,5,net/http,GO_IMPORT,dsh
services/dsh/backend/internal/http/delivery_proof_completion.go,6,strconv,GO_IMPORT,dsh
services/dsh/backend/internal/http/delivery_proof_completion.go,7,strings,GO_IMPORT,dsh
services/dsh/backend/internal/http/delivery_proof_completion.go,8,time,GO_IMPORT,dsh
services/dsh/backend/internal/http/delivery_proof_completion.go,10,dsh-api/internal/dispatch,GO_IMPORT,dsh
services/dsh/backend/internal/http/delivery_proof_completion.go,11,dsh-api/internal/store,GO_IMPORT,dsh
services/dsh/backend/internal/http/delivery_proof_completion_test.go,4,net/http,GO_IMPORT,dsh
services/dsh/backend/internal/http/delivery_proof_completion_test.go,5,testing,GO_IMPORT,dsh
services/dsh/backend/internal/http/delivery_proof_completion_test.go,6,time,GO_IMPORT,dsh
services/dsh/backend/internal/http/delivery_proof_completion_test.go,8,dsh-api/internal/dispatch,GO_IMPORT,dsh
services/dsh/backend/internal/http/delivery_proof_routes.go,3,net/http,GO_IMPORT,dsh
services/dsh/backend/internal/http/delivery_proof_upload.go,4,fmt,GO_IMPORT,dsh
services/dsh/backend/internal/http/delivery_proof_upload.go,5,net/http,GO_IMPORT,dsh
services/dsh/backend/internal/http/delivery_proof_upload.go,6,strings,GO_IMPORT,dsh
services/dsh/backend/internal/http/delivery_proof_upload.go,7,time,GO_IMPORT,dsh
services/dsh/backend/internal/http/delivery_proof_upload.go,9,dsh-api/internal/media,GO_IMPORT,dsh
services/dsh/backend/internal/http/delivery_proof_upload.go,10,dsh-api/internal/partnerdelivery,GO_IMPORT,dsh
services/dsh/backend/internal/http/delivery_proof_upload.go,11,dsh-api/internal/store,GO_IMPORT,dsh
services/dsh/backend/internal/http/delivery_proof_upload.go,13,github.com/google/uuid,GO_IMPORT,dsh
services/dsh/backend/internal/http/delivery_sla_alerts.go,4,errors,GO_IMPORT,dsh
services/dsh/backend/internal/http/delivery_sla_alerts.go,5,net/http,GO_IMPORT,dsh
services/dsh/backend/internal/http/delivery_sla_alerts.go,6,strconv,GO_IMPORT,dsh
services/dsh/backend/internal/http/delivery_sla_alerts.go,7,strings,GO_IMPORT,dsh
services/dsh/backend/internal/http/delivery_sla_alerts.go,8,time,GO_IMPORT,dsh
services/dsh/backend/internal/http/delivery_sla_alerts.go,10,dsh-api/internal/partnerdelivery,GO_IMPORT,dsh
services/dsh/backend/internal/http/delivery_sla_alerts.go,11,dsh-api/internal/store,GO_IMPORT,dsh
services/dsh/backend/internal/http/dispatch.go,4,errors,GO_IMPORT,dsh
services/dsh/backend/internal/http/dispatch.go,5,net/http,GO_IMPORT,dsh
services/dsh/backend/internal/http/dispatch.go,6,time,GO_IMPORT,dsh
services/dsh/backend/internal/http/dispatch.go,8,dsh-api/internal/dispatch,GO_IMPORT,dsh
services/dsh/backend/internal/http/dispatch.go,9,dsh-api/internal/store,GO_IMPORT,dsh
services/dsh/backend/internal/http/dispatch_governance_handlers.go,4,errors,GO_IMPORT,dsh
services/dsh/backend/internal/http/dispatch_governance_handlers.go,5,net/http,GO_IMPORT,dsh
services/dsh/backend/internal/http/dispatch_governance_handlers.go,6,strconv,GO_IMPORT,dsh
services/dsh/backend/internal/http/dispatch_governance_handlers.go,7,strings,GO_IMPORT,dsh
services/dsh/backend/internal/http/dispatch_governance_handlers.go,8,time,GO_IMPORT,dsh
services/dsh/backend/internal/http/dispatch_governance_handlers.go,10,dsh-api/internal/dispatch,GO_IMPORT,dsh
services/dsh/backend/internal/http/dispatch_governance_handlers.go,11,dsh-api/internal/store,GO_IMPORT,dsh
services/dsh/backend/internal/http/dispatch_governance_handlers.go,12,dsh-api/internal/wlt,GO_IMPORT,dsh
services/dsh/backend/internal/http/dispatch_live_tracking.go,4,context,GO_IMPORT,dsh
services/dsh/backend/internal/http/dispatch_live_tracking.go,5,database/sql,GO_IMPORT,dsh
services/dsh/backend/internal/http/dispatch_live_tracking.go,6,errors,GO_IMPORT,dsh
services/dsh/backend/internal/http/dispatch_live_tracking.go,7,math,GO_IMPORT,dsh
services/dsh/backend/internal/http/dispatch_live_tracking.go,8,net/http,GO_IMPORT,dsh
services/dsh/backend/internal/http/dispatch_live_tracking.go,9,os,GO_IMPORT,dsh
services/dsh/backend/internal/http/dispatch_live_tracking.go,10,time,GO_IMPORT,dsh
services/dsh/backend/internal/http/dispatch_live_tracking.go,12,dsh-api/internal/dispatch,GO_IMPORT,dsh
services/dsh/backend/internal/http/dispatch_live_tracking.go,13,dsh-api/internal/mapproviders,GO_IMPORT,dsh
services/dsh/backend/internal/http/dispatch_live_tracking.go,14,dsh-api/internal/store,GO_IMPORT,dsh
services/dsh/backend/internal/http/dispatch_live_tracking_test.go,4,testing,GO_IMPORT,dsh
services/dsh/backend/internal/http/dispatch_live_tracking_test.go,5,time,GO_IMPORT,dsh
services/dsh/backend/internal/http/dispatch_live_tracking_test.go,7,dsh-api/internal/dispatch,GO_IMPORT,dsh
services/dsh/backend/internal/http/dispatch_location_integrity.go,4,bytes,GO_IMPORT,dsh
services/dsh/backend/internal/http/dispatch_location_integrity.go,5,database/sql,GO_IMPORT,dsh
services/dsh/backend/internal/http/dispatch_location_integrity.go,6,encoding/json,GO_IMPORT,dsh
services/dsh/backend/internal/http/dispatch_location_integrity.go,7,errors,GO_IMPORT,dsh
services/dsh/backend/internal/http/dispatch_location_integrity.go,8,io,GO_IMPORT,dsh
services/dsh/backend/internal/http/dispatch_location_integrity.go,9,math,GO_IMPORT,dsh
services/dsh/backend/internal/http/dispatch_location_integrity.go,10,net/http,GO_IMPORT,dsh
services/dsh/backend/internal/http/dispatch_location_integrity.go,11,time,GO_IMPORT,dsh
services/dsh/backend/internal/http/dispatch_location_integrity.go,13,dsh-api/internal/dispatch,GO_IMPORT,dsh
services/dsh/backend/internal/http/dispatch_location_integrity.go,14,dsh-api/internal/store,GO_IMPORT,dsh
services/dsh/backend/internal/http/dispatch_location_integrity_test.go,4,database/sql,GO_IMPORT,dsh
services/dsh/backend/internal/http/dispatch_location_integrity_test.go,5,testing,GO_IMPORT,dsh
services/dsh/backend/internal/http/dispatch_location_integrity_test.go,6,time,GO_IMPORT,dsh
services/dsh/backend/internal/http/dispatch_operator_context_boundary_test.go,4,bytes,GO_IMPORT,dsh
services/dsh/backend/internal/http/dispatch_operator_context_boundary_test.go,5,encoding/json,GO_IMPORT,dsh
services/dsh/backend/internal/http/dispatch_operator_context_boundary_test.go,6,net/http,GO_IMPORT,dsh
services/dsh/backend/internal/http/dispatch_operator_context_boundary_test.go,7,net/http/httptest,GO_IMPORT,dsh
services/dsh/backend/internal/http/dispatch_operator_context_boundary_test.go,8,testing,GO_IMPORT,dsh
services/dsh/backend/internal/http/dispatch_operator_context_boundary_test.go,10,dsh-api/internal/wlt,GO_IMPORT,dsh
services/dsh/backend/internal/http/employee_media.go,4,database/sql,GO_IMPORT,dsh
services/dsh/backend/internal/http/employee_media.go,5,fmt,GO_IMPORT,dsh
services/dsh/backend/internal/http/employee_media.go,6,net/http,GO_IMPORT,dsh
services/dsh/backend/internal/http/employee_media.go,7,strings,GO_IMPORT,dsh
services/dsh/backend/internal/http/employee_media.go,8,time,GO_IMPORT,dsh
services/dsh/backend/internal/http/employee_media.go,10,dsh-api/internal/auth,GO_IMPORT,dsh
services/dsh/backend/internal/http/employee_media.go,11,dsh-api/internal/media,GO_IMPORT,dsh
services/dsh/backend/internal/http/employee_media.go,12,dsh-api/internal/store,GO_IMPORT,dsh
services/dsh/backend/internal/http/employee_media.go,13,dsh-api/internal/wlt,GO_IMPORT,dsh
services/dsh/backend/internal/http/employee_media.go,15,github.com/google/uuid,GO_IMPORT,dsh
services/dsh/backend/internal/http/employee_permission_boundary_test.go,4,encoding/json,GO_IMPORT,dsh
services/dsh/backend/internal/http/employee_permission_boundary_test.go,5,net/http,GO_IMPORT,dsh
services/dsh/backend/internal/http/employee_permission_boundary_test.go,6,net/http/httptest,GO_IMPORT,dsh
services/dsh/backend/internal/http/employee_permission_boundary_test.go,7,testing,GO_IMPORT,dsh
services/dsh/backend/internal/http/employee_permission_boundary_test.go,9,dsh-api/internal/auth,GO_IMPORT,dsh
services/dsh/backend/internal/http/field_finance.go,4,encoding/json,GO_IMPORT,dsh
services/dsh/backend/internal/http/field_finance.go,5,net/http,GO_IMPORT,dsh
services/dsh/backend/internal/http/field_finance.go,6,net/url,GO_IMPORT,dsh
services/dsh/backend/internal/http/field_finance.go,7,strings,GO_IMPORT,dsh
services/dsh/backend/internal/http/field_finance.go,9,dsh-api/internal/store,GO_IMPORT,dsh
services/dsh/backend/internal/http/field_finance.go,10,dsh-api/internal/wlt,GO_IMPORT,dsh
services/dsh/backend/internal/http/field_finance_test.go,4,encoding/json,GO_IMPORT,dsh
services/dsh/backend/internal/http/field_finance_test.go,5,net/http,GO_IMPORT,dsh
services/dsh/backend/internal/http/field_finance_test.go,6,net/http/httptest,GO_IMPORT,dsh
services/dsh/backend/internal/http/field_finance_test.go,7,net/url,GO_IMPORT,dsh
services/dsh/backend/internal/http/field_finance_test.go,8,strings,GO_IMPORT,dsh
services/dsh/backend/internal/http/field_finance_test.go,9,testing,GO_IMPORT,dsh
services/dsh/backend/internal/http/field_finance_test.go,11,dsh-api/internal/auth,GO_IMPORT,dsh
services/dsh/backend/internal/http/field_finance_test.go,12,dsh-api/internal/wlt,GO_IMPORT,dsh
services/dsh/backend/internal/http/field_readiness_closure_test.go,4,net/http,GO_IMPORT,dsh
services/dsh/backend/internal/http/field_readiness_closure_test.go,5,testing,GO_IMPORT,dsh
services/dsh/backend/internal/http/field_readiness_closure_test.go,7,dsh-api/internal/wlt,GO_IMPORT,dsh
services/dsh/backend/internal/http/field_readiness_gate.go,3,net/http,GO_IMPORT,dsh
services/dsh/backend/internal/http/field_readiness_governed_handlers.go,4,errors,GO_IMPORT,dsh
services/dsh/backend/internal/http/field_readiness_governed_handlers.go,5,net/http,GO_IMPORT,dsh
services/dsh/backend/internal/http/field_readiness_governed_handlers.go,6,strings,GO_IMPORT,dsh
services/dsh/backend/internal/http/field_readiness_governed_handlers.go,8,dsh-api/internal/fieldreadiness,GO_IMPORT,dsh
services/dsh/backend/internal/http/field_readiness_governed_handlers.go,9,dsh-api/internal/store,GO_IMPORT,dsh
services/dsh/backend/internal/http/field_readiness_routes.go,4,database/sql,GO_IMPORT,dsh
services/dsh/backend/internal/http/field_readiness_routes.go,5,net/http,GO_IMPORT,dsh
services/dsh/backend/internal/http/field_readiness_routes.go,7,dsh-api/internal/auth,GO_IMPORT,dsh
services/dsh/backend/internal/http/field_readiness_routes.go,8,dsh-api/internal/media,GO_IMPORT,dsh
services/dsh/backend/internal/http/field_readiness_routes.go,9,dsh-api/internal/wlt,GO_IMPORT,dsh
services/dsh/backend/internal/http/fieldreadiness.go,4,errors,GO_IMPORT,dsh
services/dsh/backend/internal/http/fieldreadiness.go,5,net/http,GO_IMPORT,dsh
services/dsh/backend/internal/http/fieldreadiness.go,7,dsh-api/internal/fieldreadiness,GO_IMPORT,dsh
services/dsh/backend/internal/http/fieldreadiness.go,8,dsh-api/internal/store,GO_IMPORT,dsh
services/dsh/backend/internal/http/finance_commission_governance.go,4,encoding/json,GO_IMPORT,dsh
services/dsh/backend/internal/http/finance_commission_governance.go,5,net/http,GO_IMPORT,dsh
services/dsh/backend/internal/http/finance_commission_governance.go,6,net/url,GO_IMPORT,dsh
services/dsh/backend/internal/http/finance_commission_governance.go,7,strings,GO_IMPORT,dsh
services/dsh/backend/internal/http/finance_commission_governance.go,9,dsh-api/internal/store,GO_IMPORT,dsh
services/dsh/backend/internal/http/finance_mutation_routes_test.go,4,net/http,GO_IMPORT,dsh
services/dsh/backend/internal/http/finance_mutation_routes_test.go,5,testing,GO_IMPORT,dsh
services/dsh/backend/internal/http/finance_payment_platform_context_test.go,4,encoding/json,GO_IMPORT,dsh
services/dsh/backend/internal/http/finance_payment_platform_context_test.go,5,net/http/httptest,GO_IMPORT,dsh
services/dsh/backend/internal/http/finance_payment_platform_context_test.go,6,testing,GO_IMPORT,dsh
services/dsh/backend/internal/http/finance_payment_sessions.go,4,net/http,GO_IMPORT,dsh
services/dsh/backend/internal/http/finance_payment_sessions.go,5,strings,GO_IMPORT,dsh
services/dsh/backend/internal/http/finance_payment_sessions.go,7,dsh-api/internal/store,GO_IMPORT,dsh
services/dsh/backend/internal/http/finance_settlement_policy_read.go,4,net/http,GO_IMPORT,dsh
services/dsh/backend/internal/http/finance_settlement_policy_read.go,5,net/url,GO_IMPORT,dsh
services/dsh/backend/internal/http/finance_settlement_policy_read.go,6,strings,GO_IMPORT,dsh
services/dsh/backend/internal/http/finance_settlement_policy_read.go,8,dsh-api/internal/store,GO_IMPORT,dsh
services/dsh/backend/internal/http/finance_settlement_policy_read.go,9,dsh-api/internal/wlt,GO_IMPORT,dsh
services/dsh/backend/internal/http/finance_settlement_sources.go,4,bytes,GO_IMPORT,dsh
services/dsh/backend/internal/http/finance_settlement_sources.go,5,crypto/sha256,GO_IMPORT,dsh
services/dsh/backend/internal/http/finance_settlement_sources.go,6,encoding/hex,GO_IMPORT,dsh
services/dsh/backend/internal/http/finance_settlement_sources.go,7,encoding/json,GO_IMPORT,dsh
services/dsh/backend/internal/http/finance_settlement_sources.go,8,fmt,GO_IMPORT,dsh
services/dsh/backend/internal/http/finance_settlement_sources.go,9,net/http,GO_IMPORT,dsh
services/dsh/backend/internal/http/finance_settlement_sources.go,10,net/url,GO_IMPORT,dsh
services/dsh/backend/internal/http/finance_settlement_sources.go,11,strings,GO_IMPORT,dsh
services/dsh/backend/internal/http/finance_settlement_sources.go,12,time,GO_IMPORT,dsh
services/dsh/backend/internal/http/finance_settlement_sources.go,14,dsh-api/internal/store,GO_IMPORT,dsh
services/dsh/backend/internal/http/financeproxy.go,4,encoding/json,GO_IMPORT,dsh
services/dsh/backend/internal/http/financeproxy.go,5,net/http,GO_IMPORT,dsh
services/dsh/backend/internal/http/financeproxy.go,6,net/url,GO_IMPORT,dsh
services/dsh/backend/internal/http/financeproxy.go,8,dsh-api/internal/store,GO_IMPORT,dsh
services/dsh/backend/internal/http/financeproxy_payout_transitions.go,4,net/http,GO_IMPORT,dsh
services/dsh/backend/internal/http/financeproxy_payout_transitions.go,5,net/url,GO_IMPORT,dsh
services/dsh/backend/internal/http/financeproxy_payout_transitions.go,6,strings,GO_IMPORT,dsh
services/dsh/backend/internal/http/financeproxy_payout_transitions.go,8,dsh-api/internal/store,GO_IMPORT,dsh
services/dsh/backend/internal/http/first_five_journeys_routes_test.go,4,net/http,GO_IMPORT,dsh
services/dsh/backend/internal/http/first_five_journeys_routes_test.go,5,testing,GO_IMPORT,dsh
services/dsh/backend/internal/http/governed_incident_routes_test.go,4,net/http,GO_IMPORT,dsh
services/dsh/backend/internal/http/governed_incident_routes_test.go,5,net/http/httptest,GO_IMPORT,dsh
services/dsh/backend/internal/http/governed_incident_routes_test.go,6,testing,GO_IMPORT,dsh
services/dsh/backend/internal/http/governed_incidents.go,4,database/sql,GO_IMPORT,dsh
services/dsh/backend/internal/http/governed_incidents.go,5,net/http,GO_IMPORT,dsh
services/dsh/backend/internal/http/governed_incidents.go,6,strings,GO_IMPORT,dsh
services/dsh/backend/internal/http/governed_incidents.go,8,dsh-api/internal/auth,GO_IMPORT,dsh
services/dsh/backend/internal/http/governed_incidents.go,9,dsh-api/internal/media,GO_IMPORT,dsh
services/dsh/backend/internal/http/governed_incidents.go,10,dsh-api/internal/store,GO_IMPORT,dsh
services/dsh/backend/internal/http/governed_incidents.go,11,dsh-api/internal/support,GO_IMPORT,dsh
services/dsh/backend/internal/http/governed_incidents.go,12,dsh-api/internal/wlt,GO_IMPORT,dsh
services/dsh/backend/internal/http/governed_support.go,4,errors,GO_IMPORT,dsh
services/dsh/backend/internal/http/governed_support.go,5,net/http,GO_IMPORT,dsh
services/dsh/backend/internal/http/governed_support.go,8,dsh-api/internal/store,GO_IMPORT,dsh
services/dsh/backend/internal/http/governed_support.go,9,dsh-api/internal/support,GO_IMPORT,dsh
services/dsh/backend/internal/http/home_discovery_targeting_handlers.go,4,errors,GO_IMPORT,dsh
services/dsh/backend/internal/http/home_discovery_targeting_handlers.go,5,net/http,GO_IMPORT,dsh
services/dsh/backend/internal/http/home_discovery_targeting_handlers.go,7,dsh-api/internal/homediscovery,GO_IMPORT,dsh
services/dsh/backend/internal/http/home_discovery_targeting_handlers.go,8,dsh-api/internal/store,GO_IMPORT,dsh
services/dsh/backend/internal/http/incident.go,4,errors,GO_IMPORT,dsh
services/dsh/backend/internal/http/incident.go,5,net/http,GO_IMPORT,dsh
services/dsh/backend/internal/http/incident.go,6,strings,GO_IMPORT,dsh
services/dsh/backend/internal/http/incident.go,8,dsh-api/internal/incident,GO_IMPORT,dsh
services/dsh/backend/internal/http/incident.go,9,dsh-api/internal/store,GO_IMPORT,dsh
services/dsh/backend/internal/http/journey_007_routes_test.go,4,net/http,GO_IMPORT,dsh
services/dsh/backend/internal/http/journey_007_routes_test.go,5,net/http/httptest,GO_IMPORT,dsh
services/dsh/backend/internal/http/journey_007_routes_test.go,6,strings,GO_IMPORT,dsh
services/dsh/backend/internal/http/journey_007_routes_test.go,7,testing,GO_IMPORT,dsh
services/dsh/backend/internal/http/journey_031_routes_test.go,4,net/http,GO_IMPORT,dsh
services/dsh/backend/internal/http/journey_031_routes_test.go,5,testing,GO_IMPORT,dsh
services/dsh/backend/internal/http/journeys_015_020_test.go,4,net/http,GO_IMPORT,dsh
services/dsh/backend/internal/http/journeys_015_020_test.go,5,testing,GO_IMPORT,dsh
services/dsh/backend/internal/http/journeys_015_020_test.go,6,time,GO_IMPORT,dsh
services/dsh/backend/internal/http/journeys_020_025_routes_test.go,4,net/http,GO_IMPORT,dsh
services/dsh/backend/internal/http/journeys_020_025_routes_test.go,5,testing,GO_IMPORT,dsh
services/dsh/backend/internal/http/journeys_026_030_routes_test.go,4,net/http,GO_IMPORT,dsh
services/dsh/backend/internal/http/journeys_026_030_routes_test.go,5,testing,GO_IMPORT,dsh
services/dsh/backend/internal/http/loyalty_policy.go,4,errors,GO_IMPORT,dsh
services/dsh/backend/internal/http/loyalty_policy.go,5,net/http,GO_IMPORT,dsh
services/dsh/backend/internal/http/loyalty_policy.go,7,dsh-api/internal/marketing,GO_IMPORT,dsh
services/dsh/backend/internal/http/loyalty_policy.go,8,dsh-api/internal/store,GO_IMPORT,dsh
services/dsh/backend/internal/http/marketing.go,4,errors,GO_IMPORT,dsh
services/dsh/backend/internal/http/marketing.go,5,net/http,GO_IMPORT,dsh
services/dsh/backend/internal/http/marketing.go,7,dsh-api/internal/marketing,GO_IMPORT,dsh
services/dsh/backend/internal/http/marketing.go,8,dsh-api/internal/store,GO_IMPORT,dsh
services/dsh/backend/internal/http/marketing_routes_test.go,4,net/http,GO_IMPORT,dsh
services/dsh/backend/internal/http/marketing_routes_test.go,5,testing,GO_IMPORT,dsh
services/dsh/backend/internal/http/media_upload.go,4,bytes,GO_IMPORT,dsh
services/dsh/backend/internal/http/media_upload.go,5,context,GO_IMPORT,dsh
services/dsh/backend/internal/http/media_upload.go,6,database/sql,GO_IMPORT,dsh
services/dsh/backend/internal/http/media_upload.go,7,errors,GO_IMPORT,dsh
services/dsh/backend/internal/http/media_upload.go,8,fmt,GO_IMPORT,dsh
services/dsh/backend/internal/http/media_upload.go,9,io,GO_IMPORT,dsh
services/dsh/backend/internal/http/media_upload.go,10,net/http,GO_IMPORT,dsh
services/dsh/backend/internal/http/media_upload.go,11,strings,GO_IMPORT,dsh
services/dsh/backend/internal/http/media_upload.go,12,time,GO_IMPORT,dsh
services/dsh/backend/internal/http/media_upload.go,14,dsh-api/internal/fieldreadiness,GO_IMPORT,dsh
services/dsh/backend/internal/http/media_upload.go,15,dsh-api/internal/media,GO_IMPORT,dsh
services/dsh/backend/internal/http/media_upload.go,16,dsh-api/internal/partner,GO_IMPORT,dsh
services/dsh/backend/internal/http/media_upload.go,17,dsh-api/internal/store,GO_IMPORT,dsh
services/dsh/backend/internal/http/media_upload.go,19,github.com/google/uuid,GO_IMPORT,dsh
services/dsh/backend/internal/http/media_upload_test.go,4,bytes,GO_IMPORT,dsh
services/dsh/backend/internal/http/media_upload_test.go,5,context,GO_IMPORT,dsh
services/dsh/backend/internal/http/media_upload_test.go,6,database/sql,GO_IMPORT,dsh
services/dsh/backend/internal/http/media_upload_test.go,7,encoding/json,GO_IMPORT,dsh
services/dsh/backend/internal/http/media_upload_test.go,8,io,GO_IMPORT,dsh
services/dsh/backend/internal/http/media_upload_test.go,9,net/http,GO_IMPORT,dsh
services/dsh/backend/internal/http/media_upload_test.go,10,net/http/httptest,GO_IMPORT,dsh
services/dsh/backend/internal/http/media_upload_test.go,11,os,GO_IMPORT,dsh
services/dsh/backend/internal/http/media_upload_test.go,12,testing,GO_IMPORT,dsh
services/dsh/backend/internal/http/media_upload_test.go,14,dsh-api/internal/auth,GO_IMPORT,dsh
services/dsh/backend/internal/http/media_upload_test.go,15,dsh-api/internal/media,GO_IMPORT,dsh
services/dsh/backend/internal/http/media_upload_test.go,16,dsh-api/internal/store,GO_IMPORT,dsh
services/dsh/backend/internal/http/media_upload_test.go,17,github.com/lib/pq,GO_IMPORT,dsh
services/dsh/backend/internal/http/notification_contract_alignment_test.go,4,net/http,GO_IMPORT,dsh
services/dsh/backend/internal/http/notification_contract_alignment_test.go,5,os,GO_IMPORT,dsh
services/dsh/backend/internal/http/notification_contract_alignment_test.go,6,path/filepath,GO_IMPORT,dsh
services/dsh/backend/internal/http/notification_contract_alignment_test.go,7,runtime,GO_IMPORT,dsh
services/dsh/backend/internal/http/notification_contract_alignment_test.go,8,strings,GO_IMPORT,dsh
services/dsh/backend/internal/http/notification_contract_alignment_test.go,9,testing,GO_IMPORT,dsh
services/dsh/backend/internal/http/notification_delivery_audit.go,4,net/http,GO_IMPORT,dsh
services/dsh/backend/internal/http/notification_delivery_audit.go,5,strconv,GO_IMPORT,dsh
services/dsh/backend/internal/http/notification_delivery_audit.go,7,dsh-api/internal/notifications,GO_IMPORT,dsh
services/dsh/backend/internal/http/notification_delivery_audit.go,8,dsh-api/internal/store,GO_IMPORT,dsh
services/dsh/backend/internal/http/notification_delivery_audit_test.go,4,net/http,GO_IMPORT,dsh
services/dsh/backend/internal/http/notification_delivery_audit_test.go,5,testing,GO_IMPORT,dsh
services/dsh/backend/internal/http/notification_push_endpoints.go,4,errors,GO_IMPORT,dsh
services/dsh/backend/internal/http/notification_push_endpoints.go,5,net/http,GO_IMPORT,dsh
services/dsh/backend/internal/http/notification_push_endpoints.go,7,dsh-api/internal/notifications,GO_IMPORT,dsh
services/dsh/backend/internal/http/notification_push_endpoints.go,8,dsh-api/internal/store,GO_IMPORT,dsh
services/dsh/backend/internal/http/notification_routes.go,4,database/sql,GO_IMPORT,dsh
services/dsh/backend/internal/http/notification_routes.go,5,errors,GO_IMPORT,dsh
services/dsh/backend/internal/http/notification_routes.go,6,net/http,GO_IMPORT,dsh
services/dsh/backend/internal/http/notification_routes.go,8,dsh-api/internal/auth,GO_IMPORT,dsh
services/dsh/backend/internal/http/notification_routes.go,9,dsh-api/internal/media,GO_IMPORT,dsh
services/dsh/backend/internal/http/notification_routes.go,10,dsh-api/internal/notifications,GO_IMPORT,dsh
services/dsh/backend/internal/http/notification_routes.go,11,dsh-api/internal/store,GO_IMPORT,dsh
services/dsh/backend/internal/http/notification_routes.go,12,dsh-api/internal/wlt,GO_IMPORT,dsh
services/dsh/backend/internal/http/notifications.go,4,errors,GO_IMPORT,dsh
services/dsh/backend/internal/http/notifications.go,5,net/http,GO_IMPORT,dsh
services/dsh/backend/internal/http/notifications.go,7,dsh-api/internal/notifications,GO_IMPORT,dsh
services/dsh/backend/internal/http/notifications.go,8,dsh-api/internal/store,GO_IMPORT,dsh
services/dsh/backend/internal/http/operational_analytics.go,4,encoding/csv,GO_IMPORT,dsh
services/dsh/backend/internal/http/operational_analytics.go,5,errors,GO_IMPORT,dsh
services/dsh/backend/internal/http/operational_analytics.go,6,net/http,GO_IMPORT,dsh
services/dsh/backend/internal/http/operational_analytics.go,7,strconv,GO_IMPORT,dsh
services/dsh/backend/internal/http/operational_analytics.go,8,time,GO_IMPORT,dsh
services/dsh/backend/internal/http/operational_analytics.go,10,dsh-api/internal/analytics,GO_IMPORT,dsh
services/dsh/backend/internal/http/operational_analytics.go,11,dsh-api/internal/store,GO_IMPORT,dsh
services/dsh/backend/internal/http/operational_analytics_routes.go,4,database/sql,GO_IMPORT,dsh
services/dsh/backend/internal/http/operational_analytics_routes.go,5,net/http,GO_IMPORT,dsh
services/dsh/backend/internal/http/operational_analytics_routes.go,7,dsh-api/internal/auth,GO_IMPORT,dsh
services/dsh/backend/internal/http/operational_analytics_routes.go,8,dsh-api/internal/media,GO_IMPORT,dsh
services/dsh/backend/internal/http/operational_analytics_routes.go,9,dsh-api/internal/wlt,GO_IMPORT,dsh
services/dsh/backend/internal/http/operational_analytics_routes_test.go,4,net/http,GO_IMPORT,dsh
services/dsh/backend/internal/http/operational_analytics_routes_test.go,5,net/http/httptest,GO_IMPORT,dsh
services/dsh/backend/internal/http/operational_analytics_routes_test.go,6,testing,GO_IMPORT,dsh
services/dsh/backend/internal/http/operational_policy.go,4,net/http,GO_IMPORT,dsh
services/dsh/backend/internal/http/operational_policy.go,5,strconv,GO_IMPORT,dsh
services/dsh/backend/internal/http/operational_policy.go,7,dsh-api/internal/platformpolicies,GO_IMPORT,dsh
services/dsh/backend/internal/http/operational_policy.go,8,dsh-api/internal/store,GO_IMPORT,dsh
services/dsh/backend/internal/http/operational_policy_effects_middleware.go,4,bytes,GO_IMPORT,dsh
services/dsh/backend/internal/http/operational_policy_effects_middleware.go,5,database/sql,GO_IMPORT,dsh
services/dsh/backend/internal/http/operational_policy_effects_middleware.go,6,encoding/json,GO_IMPORT,dsh
services/dsh/backend/internal/http/operational_policy_effects_middleware.go,7,errors,GO_IMPORT,dsh
services/dsh/backend/internal/http/operational_policy_effects_middleware.go,8,io,GO_IMPORT,dsh
services/dsh/backend/internal/http/operational_policy_effects_middleware.go,9,net/http,GO_IMPORT,dsh
services/dsh/backend/internal/http/operational_policy_effects_middleware.go,10,strings,GO_IMPORT,dsh
services/dsh/backend/internal/http/operational_policy_effects_middleware.go,12,dsh-api/internal/platformpolicies,GO_IMPORT,dsh
services/dsh/backend/internal/http/operational_policy_effects_middleware.go,13,dsh-api/internal/store,GO_IMPORT,dsh
services/dsh/backend/internal/http/operational_policy_effects_middleware_test.go,4,testing,GO_IMPORT,dsh
services/dsh/backend/internal/http/operational_policy_effects_middleware_test.go,6,dsh-api/internal/platformpolicies,GO_IMPORT,dsh
services/dsh/backend/internal/http/operational_policy_permission_ownership_test.go,4,testing,GO_IMPORT,dsh
services/dsh/backend/internal/http/operational_policy_routes_test.go,4,net/http,GO_IMPORT,dsh
services/dsh/backend/internal/http/operational_policy_routes_test.go,5,net/http/httptest,GO_IMPORT,dsh
services/dsh/backend/internal/http/operational_policy_routes_test.go,6,testing,GO_IMPORT,dsh
services/dsh/backend/internal/http/operations_intelligence.go,4,bytes,GO_IMPORT,dsh
services/dsh/backend/internal/http/operations_intelligence.go,5,database/sql,GO_IMPORT,dsh
services/dsh/backend/internal/http/operations_intelligence.go,6,encoding/json,GO_IMPORT,dsh
services/dsh/backend/internal/http/operations_intelligence.go,7,io,GO_IMPORT,dsh
services/dsh/backend/internal/http/operations_intelligence.go,8,net/http,GO_IMPORT,dsh
services/dsh/backend/internal/http/operations_intelligence.go,9,net/http/httptest,GO_IMPORT,dsh
services/dsh/backend/internal/http/operations_intelligence.go,10,strings,GO_IMPORT,dsh
services/dsh/backend/internal/http/operations_intelligence.go,11,time,GO_IMPORT,dsh
services/dsh/backend/internal/http/operations_intelligence.go,13,dsh-api/internal/auth,GO_IMPORT,dsh
services/dsh/backend/internal/http/operations_intelligence.go,14,dsh-api/internal/dispatch,GO_IMPORT,dsh
services/dsh/backend/internal/http/operations_intelligence.go,15,dsh-api/internal/media,GO_IMPORT,dsh
services/dsh/backend/internal/http/operations_intelligence.go,16,dsh-api/internal/store,GO_IMPORT,dsh
services/dsh/backend/internal/http/operations_intelligence.go,17,dsh-api/internal/wlt,GO_IMPORT,dsh
services/dsh/backend/internal/http/operator_context_identity.go,4,strings,GO_IMPORT,dsh
services/dsh/backend/internal/http/operator_context_identity.go,6,dsh-api/internal/store,GO_IMPORT,dsh
services/dsh/backend/internal/http/operator_order_workboard.go,4,net/http,GO_IMPORT,dsh
services/dsh/backend/internal/http/operator_order_workboard.go,5,strings,GO_IMPORT,dsh
services/dsh/backend/internal/http/operator_order_workboard.go,6,time,GO_IMPORT,dsh
services/dsh/backend/internal/http/operator_order_workboard.go,8,dsh-api/internal/orders,GO_IMPORT,dsh
services/dsh/backend/internal/http/operator_order_workboard.go,9,dsh-api/internal/store,GO_IMPORT,dsh
services/dsh/backend/internal/http/order_cancellations.go,4,errors,GO_IMPORT,dsh
services/dsh/backend/internal/http/order_cancellations.go,5,net/http,GO_IMPORT,dsh
services/dsh/backend/internal/http/order_cancellations.go,6,strings,GO_IMPORT,dsh
services/dsh/backend/internal/http/order_cancellations.go,8,database/sql,GO_IMPORT,dsh
services/dsh/backend/internal/http/order_cancellations.go,9,dsh-api/internal/auth,GO_IMPORT,dsh
services/dsh/backend/internal/http/order_cancellations.go,10,dsh-api/internal/incident,GO_IMPORT,dsh
services/dsh/backend/internal/http/order_cancellations.go,11,dsh-api/internal/media,GO_IMPORT,dsh
services/dsh/backend/internal/http/order_cancellations.go,12,dsh-api/internal/orders,GO_IMPORT,dsh
services/dsh/backend/internal/http/order_cancellations.go,13,dsh-api/internal/store,GO_IMPORT,dsh
services/dsh/backend/internal/http/order_cancellations.go,14,dsh-api/internal/wlt,GO_IMPORT,dsh
services/dsh/backend/internal/http/order_cancellations_compatibility_test.go,4,net/http/httptest,GO_IMPORT,dsh
services/dsh/backend/internal/http/order_cancellations_compatibility_test.go,5,strings,GO_IMPORT,dsh
services/dsh/backend/internal/http/order_cancellations_compatibility_test.go,6,testing,GO_IMPORT,dsh
services/dsh/backend/internal/http/order_preparation.go,4,errors,GO_IMPORT,dsh
services/dsh/backend/internal/http/order_preparation.go,5,net/http,GO_IMPORT,dsh
services/dsh/backend/internal/http/order_preparation.go,6,strings,GO_IMPORT,dsh
services/dsh/backend/internal/http/order_preparation.go,7,time,GO_IMPORT,dsh
services/dsh/backend/internal/http/order_preparation.go,9,dsh-api/internal/orders,GO_IMPORT,dsh
services/dsh/backend/internal/http/order_preparation.go,10,dsh-api/internal/store,GO_IMPORT,dsh
services/dsh/backend/internal/http/order_preparation_access.go,4,context,GO_IMPORT,dsh
services/dsh/backend/internal/http/order_preparation_access.go,5,database/sql,GO_IMPORT,dsh
services/dsh/backend/internal/http/order_preparation_access.go,6,strings,GO_IMPORT,dsh
services/dsh/backend/internal/http/order_preparation_alerts.go,4,errors,GO_IMPORT,dsh
services/dsh/backend/internal/http/order_preparation_alerts.go,5,net/http,GO_IMPORT,dsh
services/dsh/backend/internal/http/order_preparation_alerts.go,6,strconv,GO_IMPORT,dsh
services/dsh/backend/internal/http/order_preparation_alerts.go,7,strings,GO_IMPORT,dsh
services/dsh/backend/internal/http/order_preparation_alerts.go,8,time,GO_IMPORT,dsh
services/dsh/backend/internal/http/order_preparation_alerts.go,10,dsh-api/internal/orders,GO_IMPORT,dsh
services/dsh/backend/internal/http/order_preparation_alerts.go,11,dsh-api/internal/store,GO_IMPORT,dsh
services/dsh/backend/internal/http/order_preparation_issues.go,4,errors,GO_IMPORT,dsh
services/dsh/backend/internal/http/order_preparation_issues.go,5,net/http,GO_IMPORT,dsh
services/dsh/backend/internal/http/order_preparation_issues.go,6,strings,GO_IMPORT,dsh
services/dsh/backend/internal/http/order_preparation_issues.go,8,dsh-api/internal/orders,GO_IMPORT,dsh
services/dsh/backend/internal/http/order_preparation_issues.go,9,dsh-api/internal/store,GO_IMPORT,dsh
services/dsh/backend/internal/http/order_rescue_routes.go,4,database/sql,GO_IMPORT,dsh
services/dsh/backend/internal/http/order_rescue_routes.go,5,net/http,GO_IMPORT,dsh
services/dsh/backend/internal/http/order_rescue_routes.go,7,dsh-api/internal/auth,GO_IMPORT,dsh
services/dsh/backend/internal/http/order_rescue_routes.go,8,dsh-api/internal/media,GO_IMPORT,dsh
services/dsh/backend/internal/http/order_rescue_routes.go,9,dsh-api/internal/store,GO_IMPORT,dsh
services/dsh/backend/internal/http/order_rescue_routes.go,10,dsh-api/internal/support,GO_IMPORT,dsh
services/dsh/backend/internal/http/order_rescue_routes.go,11,dsh-api/internal/wlt,GO_IMPORT,dsh
services/dsh/backend/internal/http/order_rescue_routes_test.go,4,net/http,GO_IMPORT,dsh
services/dsh/backend/internal/http/order_rescue_routes_test.go,5,testing,GO_IMPORT,dsh
services/dsh/backend/internal/http/order_routes.go,4,database/sql,GO_IMPORT,dsh
services/dsh/backend/internal/http/order_routes.go,5,net/http,GO_IMPORT,dsh
services/dsh/backend/internal/http/order_routes.go,7,dsh-api/internal/auth,GO_IMPORT,dsh
services/dsh/backend/internal/http/order_routes.go,8,dsh-api/internal/media,GO_IMPORT,dsh
services/dsh/backend/internal/http/order_routes.go,9,dsh-api/internal/wlt,GO_IMPORT,dsh
services/dsh/backend/internal/http/order_truth.go,4,errors,GO_IMPORT,dsh
services/dsh/backend/internal/http/order_truth.go,5,net/http,GO_IMPORT,dsh
services/dsh/backend/internal/http/order_truth.go,6,strconv,GO_IMPORT,dsh
services/dsh/backend/internal/http/order_truth.go,7,strings,GO_IMPORT,dsh
services/dsh/backend/internal/http/order_truth.go,9,dsh-api/internal/orders,GO_IMPORT,dsh
services/dsh/backend/internal/http/order_truth.go,10,dsh-api/internal/store,GO_IMPORT,dsh
services/dsh/backend/internal/http/order_truth.go,11,github.com/google/uuid,GO_IMPORT,dsh
services/dsh/backend/internal/http/order_truth_correlation.go,4,crypto/sha256,GO_IMPORT,dsh
services/dsh/backend/internal/http/order_truth_correlation.go,5,encoding/hex,GO_IMPORT,dsh
services/dsh/backend/internal/http/order_truth_correlation.go,6,strings,GO_IMPORT,dsh
services/dsh/backend/internal/http/order_truth_diagnostics.go,4,net/http,GO_IMPORT,dsh
services/dsh/backend/internal/http/order_truth_diagnostics.go,6,dsh-api/internal/orders,GO_IMPORT,dsh
services/dsh/backend/internal/http/order_truth_diagnostics.go,7,dsh-api/internal/store,GO_IMPORT,dsh
services/dsh/backend/internal/http/order_truth_validation_test.go,4,strings,GO_IMPORT,dsh
services/dsh/backend/internal/http/order_truth_validation_test.go,5,testing,GO_IMPORT,dsh
services/dsh/backend/internal/http/orders.go,4,errors,GO_IMPORT,dsh
services/dsh/backend/internal/http/orders.go,5,net/http,GO_IMPORT,dsh
services/dsh/backend/internal/http/orders.go,7,dsh-api/internal/orders,GO_IMPORT,dsh
services/dsh/backend/internal/http/orders.go,8,dsh-api/internal/store,GO_IMPORT,dsh
services/dsh/backend/internal/http/orders_currency_test.go,4,testing,GO_IMPORT,dsh
services/dsh/backend/internal/http/orders_currency_test.go,6,dsh-api/internal/orders,GO_IMPORT,dsh
services/dsh/backend/internal/http/partner_delivery.go,4,errors,GO_IMPORT,dsh
services/dsh/backend/internal/http/partner_delivery.go,5,net/http,GO_IMPORT,dsh
services/dsh/backend/internal/http/partner_delivery.go,6,strings,GO_IMPORT,dsh
services/dsh/backend/internal/http/partner_delivery.go,7,time,GO_IMPORT,dsh
services/dsh/backend/internal/http/partner_delivery.go,9,dsh-api/internal/dispatch,GO_IMPORT,dsh
services/dsh/backend/internal/http/partner_delivery.go,10,dsh-api/internal/incident,GO_IMPORT,dsh
services/dsh/backend/internal/http/partner_delivery.go,11,dsh-api/internal/partnerdelivery,GO_IMPORT,dsh
services/dsh/backend/internal/http/partner_delivery.go,12,dsh-api/internal/store,GO_IMPORT,dsh
services/dsh/backend/internal/http/partner_delivery.go,14,github.com/google/uuid,GO_IMPORT,dsh
services/dsh/backend/internal/http/partner_delivery_client.go,4,errors,GO_IMPORT,dsh
services/dsh/backend/internal/http/partner_delivery_client.go,5,net/http,GO_IMPORT,dsh
services/dsh/backend/internal/http/partner_delivery_client.go,7,dsh-api/internal/orders,GO_IMPORT,dsh
services/dsh/backend/internal/http/partner_delivery_client.go,8,dsh-api/internal/partnerdelivery,GO_IMPORT,dsh
services/dsh/backend/internal/http/partner_delivery_client.go,9,dsh-api/internal/store,GO_IMPORT,dsh
services/dsh/backend/internal/http/partner_fleet.go,4,errors,GO_IMPORT,dsh
services/dsh/backend/internal/http/partner_fleet.go,5,net/http,GO_IMPORT,dsh
services/dsh/backend/internal/http/partner_fleet.go,6,time,GO_IMPORT,dsh
services/dsh/backend/internal/http/partner_fleet.go,8,dsh-api/internal/partnerfleet,GO_IMPORT,dsh
services/dsh/backend/internal/http/partner_fleet.go,9,dsh-api/internal/store,GO_IMPORT,dsh
services/dsh/backend/internal/http/partner_fleet_membership_routes.go,4,database/sql,GO_IMPORT,dsh
services/dsh/backend/internal/http/partner_fleet_membership_routes.go,5,net/http,GO_IMPORT,dsh
services/dsh/backend/internal/http/partner_fleet_membership_routes.go,7,dsh-api/internal/auth,GO_IMPORT,dsh
services/dsh/backend/internal/http/partner_fleet_membership_routes.go,8,dsh-api/internal/media,GO_IMPORT,dsh
services/dsh/backend/internal/http/partner_fleet_membership_routes.go,9,dsh-api/internal/partnerfleet,GO_IMPORT,dsh
services/dsh/backend/internal/http/partner_fleet_membership_routes.go,10,dsh-api/internal/store,GO_IMPORT,dsh
services/dsh/backend/internal/http/partner_fleet_membership_routes.go,11,dsh-api/internal/wlt,GO_IMPORT,dsh
services/dsh/backend/internal/http/partner_fleet_operator.go,4,database/sql,GO_IMPORT,dsh
services/dsh/backend/internal/http/partner_fleet_operator.go,5,net/http,GO_IMPORT,dsh
services/dsh/backend/internal/http/partner_fleet_operator.go,6,strings,GO_IMPORT,dsh
services/dsh/backend/internal/http/partner_fleet_operator.go,8,dsh-api/internal/auth,GO_IMPORT,dsh
services/dsh/backend/internal/http/partner_fleet_operator.go,9,dsh-api/internal/media,GO_IMPORT,dsh
services/dsh/backend/internal/http/partner_fleet_operator.go,10,dsh-api/internal/partnerfleet,GO_IMPORT,dsh
services/dsh/backend/internal/http/partner_fleet_operator.go,11,dsh-api/internal/store,GO_IMPORT,dsh
services/dsh/backend/internal/http/partner_fleet_operator.go,12,dsh-api/internal/wlt,GO_IMPORT,dsh
services/dsh/backend/internal/http/partner_lifecycle_routes.go,4,database/sql,GO_IMPORT,dsh
services/dsh/backend/internal/http/partner_lifecycle_routes.go,5,net/http,GO_IMPORT,dsh
services/dsh/backend/internal/http/partner_lifecycle_routes.go,7,dsh-api/internal/auth,GO_IMPORT,dsh
services/dsh/backend/internal/http/partner_lifecycle_routes.go,8,dsh-api/internal/media,GO_IMPORT,dsh
services/dsh/backend/internal/http/partner_lifecycle_routes.go,9,dsh-api/internal/wlt,GO_IMPORT,dsh
services/dsh/backend/internal/http/partner_onboarding_integrity.go,4,net/http,GO_IMPORT,dsh
services/dsh/backend/internal/http/partner_onboarding_integrity.go,6,dsh-api/internal/partner,GO_IMPORT,dsh
services/dsh/backend/internal/http/partner_operator_context_boundary.go,4,errors,GO_IMPORT,dsh
services/dsh/backend/internal/http/partner_operator_context_boundary.go,5,net/http,GO_IMPORT,dsh
services/dsh/backend/internal/http/partner_operator_context_boundary.go,6,strings,GO_IMPORT,dsh
services/dsh/backend/internal/http/partner_operator_context_boundary.go,8,dsh-api/internal/auth,GO_IMPORT,dsh
services/dsh/backend/internal/http/partner_operator_context_boundary.go,9,dsh-api/internal/partner,GO_IMPORT,dsh
services/dsh/backend/internal/http/partner_operator_context_boundary.go,10,dsh-api/internal/store,GO_IMPORT,dsh
services/dsh/backend/internal/http/partner_operator_context_boundary_test.go,4,encoding/json,GO_IMPORT,dsh
services/dsh/backend/internal/http/partner_operator_context_boundary_test.go,5,net/http,GO_IMPORT,dsh
services/dsh/backend/internal/http/partner_operator_context_boundary_test.go,6,net/http/httptest,GO_IMPORT,dsh
services/dsh/backend/internal/http/partner_operator_context_boundary_test.go,7,testing,GO_IMPORT,dsh
services/dsh/backend/internal/http/partner_operator_context_boundary_test.go,9,dsh-api/internal/auth,GO_IMPORT,dsh
services/dsh/backend/internal/http/partner_operator_context_boundary_test.go,10,dsh-api/internal/partner,GO_IMPORT,dsh
services/dsh/backend/internal/http/partner_order_fulfillment_read.go,4,errors,GO_IMPORT,dsh
services/dsh/backend/internal/http/partner_order_fulfillment_read.go,5,net/http,GO_IMPORT,dsh
services/dsh/backend/internal/http/partner_order_fulfillment_read.go,7,dsh-api/internal/partnerdelivery,GO_IMPORT,dsh
services/dsh/backend/internal/http/partner_order_fulfillment_read.go,8,dsh-api/internal/store,GO_IMPORT,dsh
services/dsh/backend/internal/http/partner_order_scope.go,4,errors,GO_IMPORT,dsh
services/dsh/backend/internal/http/partner_order_scope.go,5,net/http,GO_IMPORT,dsh
services/dsh/backend/internal/http/partner_order_scope.go,7,dsh-api/internal/orders,GO_IMPORT,dsh
services/dsh/backend/internal/http/partner_order_scope.go,8,dsh-api/internal/store,GO_IMPORT,dsh
services/dsh/backend/internal/http/partner_order_workboard.go,4,encoding/json,GO_IMPORT,dsh
services/dsh/backend/internal/http/partner_order_workboard.go,5,net/http,GO_IMPORT,dsh
services/dsh/backend/internal/http/partner_order_workboard.go,6,strings,GO_IMPORT,dsh
services/dsh/backend/internal/http/partner_order_workboard.go,7,time,GO_IMPORT,dsh
services/dsh/backend/internal/http/partner_order_workboard.go,9,dsh-api/internal/orders,GO_IMPORT,dsh
services/dsh/backend/internal/http/partner_order_workboard.go,10,dsh-api/internal/store,GO_IMPORT,dsh
services/dsh/backend/internal/http/partner_order_workboard_test.go,4,reflect,GO_IMPORT,dsh
services/dsh/backend/internal/http/partner_order_workboard_test.go,5,testing,GO_IMPORT,dsh
services/dsh/backend/internal/http/partner_readiness_closure.go,4,net/http,GO_IMPORT,dsh
services/dsh/backend/internal/http/partner_readiness_closure.go,6,dsh-api/internal/partner,GO_IMPORT,dsh
services/dsh/backend/internal/http/partner_review_separation.go,4,net/http,GO_IMPORT,dsh
services/dsh/backend/internal/http/partner_review_separation.go,6,dsh-api/internal/partner,GO_IMPORT,dsh
services/dsh/backend/internal/http/partner_self.go,4,net/http,GO_IMPORT,dsh
services/dsh/backend/internal/http/partner_self.go,6,dsh-api/internal/partner,GO_IMPORT,dsh
services/dsh/backend/internal/http/partner_self_routes.go,4,database/sql,GO_IMPORT,dsh
services/dsh/backend/internal/http/partner_self_routes.go,5,net/http,GO_IMPORT,dsh
services/dsh/backend/internal/http/partner_self_routes.go,7,dsh-api/internal/auth,GO_IMPORT,dsh
services/dsh/backend/internal/http/partner_self_routes.go,8,dsh-api/internal/media,GO_IMPORT,dsh
services/dsh/backend/internal/http/partner_self_routes.go,9,dsh-api/internal/wlt,GO_IMPORT,dsh
services/dsh/backend/internal/http/partner_self_routes_test.go,4,net/http,GO_IMPORT,dsh
services/dsh/backend/internal/http/partner_self_routes_test.go,5,testing,GO_IMPORT,dsh
services/dsh/backend/internal/http/partner_team_audit.go,4,net/http,GO_IMPORT,dsh
services/dsh/backend/internal/http/partner_team_audit.go,6,dsh-api/internal/partner,GO_IMPORT,dsh
services/dsh/backend/internal/http/partner_team_audit.go,7,dsh-api/internal/store,GO_IMPORT,dsh
services/dsh/backend/internal/http/payout_finance_routes.go,3,net/http,GO_IMPORT,dsh
services/dsh/backend/internal/http/payout_routes.go,4,encoding/json,GO_IMPORT,dsh
services/dsh/backend/internal/http/payout_routes.go,5,io,GO_IMPORT,dsh
services/dsh/backend/internal/http/payout_routes.go,6,net/http,GO_IMPORT,dsh
services/dsh/backend/internal/http/payout_routes.go,7,net/url,GO_IMPORT,dsh
services/dsh/backend/internal/http/payout_routes.go,8,strings,GO_IMPORT,dsh
services/dsh/backend/internal/http/payout_routes.go,10,dsh-api/internal/store,GO_IMPORT,dsh
services/dsh/backend/internal/http/permission_test.go,4,encoding/json,GO_IMPORT,dsh
services/dsh/backend/internal/http/permission_test.go,5,net/http,GO_IMPORT,dsh
services/dsh/backend/internal/http/permission_test.go,6,net/http/httptest,GO_IMPORT,dsh
services/dsh/backend/internal/http/permission_test.go,7,testing,GO_IMPORT,dsh
services/dsh/backend/internal/http/permission_test.go,9,dsh-api/internal/auth,GO_IMPORT,dsh
services/dsh/backend/internal/http/pickup.go,4,errors,GO_IMPORT,dsh
services/dsh/backend/internal/http/pickup.go,5,net/http,GO_IMPORT,dsh
services/dsh/backend/internal/http/pickup.go,6,strings,GO_IMPORT,dsh
services/dsh/backend/internal/http/pickup.go,7,time,GO_IMPORT,dsh
services/dsh/backend/internal/http/pickup.go,9,dsh-api/internal/pickup,GO_IMPORT,dsh
services/dsh/backend/internal/http/pickup.go,10,dsh-api/internal/store,GO_IMPORT,dsh
services/dsh/backend/internal/http/pickup_client.go,4,errors,GO_IMPORT,dsh
services/dsh/backend/internal/http/pickup_client.go,5,net/http,GO_IMPORT,dsh
services/dsh/backend/internal/http/pickup_client.go,7,dsh-api/internal/orders,GO_IMPORT,dsh
services/dsh/backend/internal/http/pickup_client.go,8,dsh-api/internal/pickup,GO_IMPORT,dsh
services/dsh/backend/internal/http/pickup_client.go,9,dsh-api/internal/store,GO_IMPORT,dsh
services/dsh/backend/internal/http/pickup_mutation_guard.go,4,bytes,GO_IMPORT,dsh
services/dsh/backend/internal/http/pickup_mutation_guard.go,5,context,GO_IMPORT,dsh
services/dsh/backend/internal/http/pickup_mutation_guard.go,6,database/sql,GO_IMPORT,dsh
services/dsh/backend/internal/http/pickup_mutation_guard.go,7,encoding/json,GO_IMPORT,dsh
services/dsh/backend/internal/http/pickup_mutation_guard.go,8,errors,GO_IMPORT,dsh
services/dsh/backend/internal/http/pickup_mutation_guard.go,9,io,GO_IMPORT,dsh
services/dsh/backend/internal/http/pickup_mutation_guard.go,10,net/http,GO_IMPORT,dsh
services/dsh/backend/internal/http/pickup_mutation_guard.go,11,strings,GO_IMPORT,dsh
services/dsh/backend/internal/http/pickup_mutation_guard.go,13,dsh-api/internal/auth,GO_IMPORT,dsh
services/dsh/backend/internal/http/pickup_mutation_guard.go,14,dsh-api/internal/media,GO_IMPORT,dsh
services/dsh/backend/internal/http/pickup_mutation_guard.go,15,dsh-api/internal/pickup,GO_IMPORT,dsh
services/dsh/backend/internal/http/pickup_mutation_guard.go,16,dsh-api/internal/store,GO_IMPORT,dsh
services/dsh/backend/internal/http/pickup_mutation_guard.go,17,dsh-api/internal/wlt,GO_IMPORT,dsh
services/dsh/backend/internal/http/pickup_mutation_guard.go,19,github.com/google/uuid,GO_IMPORT,dsh
services/dsh/backend/internal/http/pickup_mutation_guard_test.go,4,net/http,GO_IMPORT,dsh
services/dsh/backend/internal/http/pickup_mutation_guard_test.go,5,net/http/httptest,GO_IMPORT,dsh
services/dsh/backend/internal/http/pickup_mutation_guard_test.go,6,testing,GO_IMPORT,dsh
services/dsh/backend/internal/http/pickup_path_context.go,3,net/http,GO_IMPORT,dsh
services/dsh/backend/internal/http/pickup_sla_alerts.go,4,errors,GO_IMPORT,dsh
services/dsh/backend/internal/http/pickup_sla_alerts.go,5,net/http,GO_IMPORT,dsh
services/dsh/backend/internal/http/pickup_sla_alerts.go,6,strconv,GO_IMPORT,dsh
services/dsh/backend/internal/http/pickup_sla_alerts.go,7,strings,GO_IMPORT,dsh
services/dsh/backend/internal/http/pickup_sla_alerts.go,8,time,GO_IMPORT,dsh
services/dsh/backend/internal/http/pickup_sla_alerts.go,10,dsh-api/internal/pickup,GO_IMPORT,dsh
services/dsh/backend/internal/http/pickup_sla_alerts.go,11,dsh-api/internal/store,GO_IMPORT,dsh
services/dsh/backend/internal/http/platform_operational_policy_compat.go,4,errors,GO_IMPORT,dsh
services/dsh/backend/internal/http/platform_operational_policy_compat.go,5,net/http,GO_IMPORT,dsh
services/dsh/backend/internal/http/platform_operational_policy_compat.go,6,strings,GO_IMPORT,dsh
services/dsh/backend/internal/http/platform_operational_policy_compat.go,8,dsh-api/internal/platformpolicies,GO_IMPORT,dsh
services/dsh/backend/internal/http/platform_operational_policy_compat.go,9,dsh-api/internal/store,GO_IMPORT,dsh
services/dsh/backend/internal/http/platform_operational_policy_ownership_test.go,4,os,GO_IMPORT,dsh
services/dsh/backend/internal/http/platform_operational_policy_ownership_test.go,5,path/filepath,GO_IMPORT,dsh
services/dsh/backend/internal/http/platform_operational_policy_ownership_test.go,6,runtime,GO_IMPORT,dsh
services/dsh/backend/internal/http/platform_operational_policy_ownership_test.go,7,strings,GO_IMPORT,dsh
services/dsh/backend/internal/http/platform_operational_policy_ownership_test.go,8,testing,GO_IMPORT,dsh
services/dsh/backend/internal/http/platformpolicies.go,4,errors,GO_IMPORT,dsh
services/dsh/backend/internal/http/platformpolicies.go,5,net/http,GO_IMPORT,dsh
services/dsh/backend/internal/http/platformpolicies.go,6,strconv,GO_IMPORT,dsh
services/dsh/backend/internal/http/platformpolicies.go,7,time,GO_IMPORT,dsh
services/dsh/backend/internal/http/platformpolicies.go,9,dsh-api/internal/platformpolicies,GO_IMPORT,dsh
services/dsh/backend/internal/http/platformpolicies.go,10,dsh-api/internal/store,GO_IMPORT,dsh
services/dsh/backend/internal/http/platformpolicies_routes.go,4,database/sql,GO_IMPORT,dsh
services/dsh/backend/internal/http/platformpolicies_routes.go,5,net/http,GO_IMPORT,dsh
services/dsh/backend/internal/http/platformpolicies_routes.go,7,dsh-api/internal/auth,GO_IMPORT,dsh
services/dsh/backend/internal/http/platformpolicies_routes.go,8,dsh-api/internal/media,GO_IMPORT,dsh
services/dsh/backend/internal/http/platformpolicies_routes.go,9,dsh-api/internal/wlt,GO_IMPORT,dsh
services/dsh/backend/internal/http/protected_store.go,4,context,GO_IMPORT,dsh
services/dsh/backend/internal/http/protected_store.go,5,database/sql,GO_IMPORT,dsh
services/dsh/backend/internal/http/protected_store.go,6,encoding/json,GO_IMPORT,dsh
services/dsh/backend/internal/http/protected_store.go,7,errors,GO_IMPORT,dsh
services/dsh/backend/internal/http/protected_store.go,8,net/http,GO_IMPORT,dsh
services/dsh/backend/internal/http/protected_store.go,9,os,GO_IMPORT,dsh
services/dsh/backend/internal/http/protected_store.go,10,strings,GO_IMPORT,dsh
services/dsh/backend/internal/http/protected_store.go,12,dsh-api/internal/auth,GO_IMPORT,dsh
services/dsh/backend/internal/http/protected_store.go,13,dsh-api/internal/homediscovery,GO_IMPORT,dsh
services/dsh/backend/internal/http/protected_store.go,14,dsh-api/internal/media,GO_IMPORT,dsh
services/dsh/backend/internal/http/protected_store.go,15,dsh-api/internal/partner,GO_IMPORT,dsh
services/dsh/backend/internal/http/protected_store.go,16,dsh-api/internal/store,GO_IMPORT,dsh
services/dsh/backend/internal/http/protected_store.go,17,dsh-api/internal/wlt,GO_IMPORT,dsh
services/dsh/backend/internal/http/protected_store.go,18,dsh-api/internal/workforceclient,GO_IMPORT,dsh
services/dsh/backend/internal/http/provider_rating_routes.go,4,database/sql,GO_IMPORT,dsh
services/dsh/backend/internal/http/provider_rating_routes.go,5,errors,GO_IMPORT,dsh
services/dsh/backend/internal/http/provider_rating_routes.go,6,net/http,GO_IMPORT,dsh
services/dsh/backend/internal/http/provider_rating_routes.go,8,dsh-api/internal/auth,GO_IMPORT,dsh
services/dsh/backend/internal/http/provider_rating_routes.go,9,dsh-api/internal/media,GO_IMPORT,dsh
services/dsh/backend/internal/http/provider_rating_routes.go,10,dsh-api/internal/ratings,GO_IMPORT,dsh
services/dsh/backend/internal/http/provider_rating_routes.go,11,dsh-api/internal/store,GO_IMPORT,dsh
services/dsh/backend/internal/http/provider_rating_routes.go,12,dsh-api/internal/wlt,GO_IMPORT,dsh
services/dsh/backend/internal/http/reconciliation_finance_routes.go,3,net/http,GO_IMPORT,dsh
services/dsh/backend/internal/http/reels_operator_preview.go,4,errors,GO_IMPORT,dsh
services/dsh/backend/internal/http/reels_operator_preview.go,5,io,GO_IMPORT,dsh
services/dsh/backend/internal/http/reels_operator_preview.go,6,net/http,GO_IMPORT,dsh
services/dsh/backend/internal/http/reels_operator_preview.go,8,dsh-api/internal/centralcatalog,GO_IMPORT,dsh
services/dsh/backend/internal/http/reels_operator_preview.go,9,dsh-api/internal/store,GO_IMPORT,dsh
services/dsh/backend/internal/http/reels_partner.go,4,net/http,GO_IMPORT,dsh
services/dsh/backend/internal/http/reels_partner.go,5,strconv,GO_IMPORT,dsh
services/dsh/backend/internal/http/reels_partner.go,6,strings,GO_IMPORT,dsh
services/dsh/backend/internal/http/reels_partner.go,8,dsh-api/internal/centralcatalog,GO_IMPORT,dsh
services/dsh/backend/internal/http/reels_partner.go,9,dsh-api/internal/store,GO_IMPORT,dsh
services/dsh/backend/internal/http/refund_finance_handlers.go,4,crypto/sha256,GO_IMPORT,dsh
services/dsh/backend/internal/http/refund_finance_handlers.go,5,encoding/hex,GO_IMPORT,dsh
services/dsh/backend/internal/http/refund_finance_handlers.go,6,encoding/json,GO_IMPORT,dsh
services/dsh/backend/internal/http/refund_finance_handlers.go,7,fmt,GO_IMPORT,dsh
services/dsh/backend/internal/http/refund_finance_handlers.go,8,net/http,GO_IMPORT,dsh
services/dsh/backend/internal/http/refund_finance_handlers.go,9,net/url,GO_IMPORT,dsh
services/dsh/backend/internal/http/refund_finance_handlers.go,10,strings,GO_IMPORT,dsh
services/dsh/backend/internal/http/refund_finance_handlers.go,12,dsh-api/internal/store,GO_IMPORT,dsh
services/dsh/backend/internal/http/refund_finance_routes.go,3,net/http,GO_IMPORT,dsh
services/dsh/backend/internal/http/representative_finance_routes.go,4,net/http,GO_IMPORT,dsh
services/dsh/backend/internal/http/representative_finance_routes.go,5,net/url,GO_IMPORT,dsh
services/dsh/backend/internal/http/representative_finance_routes.go,6,strings,GO_IMPORT,dsh
services/dsh/backend/internal/http/representative_finance_routes.go,8,dsh-api/internal/store,GO_IMPORT,dsh
services/dsh/backend/internal/http/representative_finance_routes.go,9,dsh-api/internal/wlt,GO_IMPORT,dsh
services/dsh/backend/internal/http/representative_finance_routes_test.go,4,encoding/json,GO_IMPORT,dsh
services/dsh/backend/internal/http/representative_finance_routes_test.go,5,net/http,GO_IMPORT,dsh
services/dsh/backend/internal/http/representative_finance_routes_test.go,6,net/http/httptest,GO_IMPORT,dsh
services/dsh/backend/internal/http/representative_finance_routes_test.go,7,strings,GO_IMPORT,dsh
services/dsh/backend/internal/http/representative_finance_routes_test.go,8,sync,GO_IMPORT,dsh
services/dsh/backend/internal/http/representative_finance_routes_test.go,9,testing,GO_IMPORT,dsh
services/dsh/backend/internal/http/representative_finance_routes_test.go,11,dsh-api/internal/auth,GO_IMPORT,dsh
services/dsh/backend/internal/http/representative_finance_routes_test.go,12,dsh-api/internal/wlt,GO_IMPORT,dsh
services/dsh/backend/internal/http/routes_test.go,4,net/http,GO_IMPORT,dsh
services/dsh/backend/internal/http/routes_test.go,5,testing,GO_IMPORT,dsh
services/dsh/backend/internal/http/server.go,4,database/sql,GO_IMPORT,dsh
services/dsh/backend/internal/http/server.go,5,net/http,GO_IMPORT,dsh
services/dsh/backend/internal/http/server.go,7,dsh-api/internal/auth,GO_IMPORT,dsh
services/dsh/backend/internal/http/server.go,8,dsh-api/internal/cache,GO_IMPORT,dsh
services/dsh/backend/internal/http/server.go,9,dsh-api/internal/health,GO_IMPORT,dsh
services/dsh/backend/internal/http/server.go,10,dsh-api/internal/homediscovery,GO_IMPORT,dsh
services/dsh/backend/internal/http/server.go,11,dsh-api/internal/media,GO_IMPORT,dsh
services/dsh/backend/internal/http/server.go,12,dsh-api/internal/store,GO_IMPORT,dsh
services/dsh/backend/internal/http/server.go,13,dsh-api/internal/wlt,GO_IMPORT,dsh
services/dsh/backend/internal/http/server_test.go,4,net/http,GO_IMPORT,dsh
services/dsh/backend/internal/http/server_test.go,5,net/http/httptest,GO_IMPORT,dsh
services/dsh/backend/internal/http/server_test.go,6,strings,GO_IMPORT,dsh
services/dsh/backend/internal/http/server_test.go,7,testing,GO_IMPORT,dsh
services/dsh/backend/internal/http/special_requests_routes_test.go,4,net/http,GO_IMPORT,dsh
services/dsh/backend/internal/http/special_requests_routes_test.go,5,testing,GO_IMPORT,dsh
services/dsh/backend/internal/http/specialrequests.go,4,bytes,GO_IMPORT,dsh
services/dsh/backend/internal/http/specialrequests.go,5,encoding/json,GO_IMPORT,dsh
services/dsh/backend/internal/http/specialrequests.go,6,errors,GO_IMPORT,dsh
services/dsh/backend/internal/http/specialrequests.go,7,fmt,GO_IMPORT,dsh
services/dsh/backend/internal/http/specialrequests.go,8,io,GO_IMPORT,dsh
services/dsh/backend/internal/http/specialrequests.go,9,net/http,GO_IMPORT,dsh
services/dsh/backend/internal/http/specialrequests.go,10,strconv,GO_IMPORT,dsh
services/dsh/backend/internal/http/specialrequests.go,11,strings,GO_IMPORT,dsh
services/dsh/backend/internal/http/specialrequests.go,12,time,GO_IMPORT,dsh
services/dsh/backend/internal/http/specialrequests.go,14,dsh-api/internal/dispatch,GO_IMPORT,dsh
services/dsh/backend/internal/http/specialrequests.go,15,dsh-api/internal/specialrequests,GO_IMPORT,dsh
services/dsh/backend/internal/http/specialrequests.go,16,dsh-api/internal/store,GO_IMPORT,dsh
services/dsh/backend/internal/http/specialrequests.go,17,dsh-api/internal/wlt,GO_IMPORT,dsh
services/dsh/backend/internal/http/specialrequests.go,19,github.com/google/uuid,GO_IMPORT,dsh
services/dsh/backend/internal/http/specialrequests_execution.go,4,context,GO_IMPORT,dsh
services/dsh/backend/internal/http/specialrequests_execution.go,5,net/http,GO_IMPORT,dsh
services/dsh/backend/internal/http/specialrequests_execution.go,7,dsh-api/internal/specialrequests,GO_IMPORT,dsh
services/dsh/backend/internal/http/specialrequests_execution.go,8,dsh-api/internal/store,GO_IMPORT,dsh
services/dsh/backend/internal/http/specialrequests_information.go,4,errors,GO_IMPORT,dsh
services/dsh/backend/internal/http/specialrequests_information.go,5,fmt,GO_IMPORT,dsh
services/dsh/backend/internal/http/specialrequests_information.go,6,net/http,GO_IMPORT,dsh
services/dsh/backend/internal/http/specialrequests_information.go,8,dsh-api/internal/specialrequests,GO_IMPORT,dsh
services/dsh/backend/internal/http/specialrequests_information.go,9,dsh-api/internal/store,GO_IMPORT,dsh
services/dsh/backend/internal/http/store_captain_handoff.go,4,errors,GO_IMPORT,dsh
services/dsh/backend/internal/http/store_captain_handoff.go,5,net/http,GO_IMPORT,dsh
services/dsh/backend/internal/http/store_captain_handoff.go,7,dsh-api/internal/dispatch,GO_IMPORT,dsh
services/dsh/backend/internal/http/store_captain_handoff.go,8,dsh-api/internal/store,GO_IMPORT,dsh
services/dsh/backend/internal/http/store_captain_handoff_exceptions.go,4,net/http,GO_IMPORT,dsh
services/dsh/backend/internal/http/store_captain_handoff_exceptions.go,6,dsh-api/internal/dispatch,GO_IMPORT,dsh
services/dsh/backend/internal/http/store_captain_handoff_exceptions.go,7,dsh-api/internal/store,GO_IMPORT,dsh
services/dsh/backend/internal/http/store_publication_diagnostics.go,4,net/http,GO_IMPORT,dsh
services/dsh/backend/internal/http/store_publication_diagnostics.go,6,dsh-api/internal/store,GO_IMPORT,dsh
services/dsh/backend/internal/http/subscription_purchases.go,4,crypto/sha256,GO_IMPORT,dsh
services/dsh/backend/internal/http/subscription_purchases.go,5,database/sql,GO_IMPORT,dsh
services/dsh/backend/internal/http/subscription_purchases.go,6,encoding/hex,GO_IMPORT,dsh
services/dsh/backend/internal/http/subscription_purchases.go,7,encoding/json,GO_IMPORT,dsh
services/dsh/backend/internal/http/subscription_purchases.go,8,errors,GO_IMPORT,dsh
services/dsh/backend/internal/http/subscription_purchases.go,9,net/http,GO_IMPORT,dsh
services/dsh/backend/internal/http/subscription_purchases.go,10,strings,GO_IMPORT,dsh
services/dsh/backend/internal/http/subscription_purchases.go,12,dsh-api/internal/marketing,GO_IMPORT,dsh
services/dsh/backend/internal/http/subscription_purchases.go,13,dsh-api/internal/store,GO_IMPORT,dsh
services/dsh/backend/internal/http/subscription_purchases.go,14,dsh-api/internal/wlt,GO_IMPORT,dsh
services/dsh/backend/internal/http/support.go,4,errors,GO_IMPORT,dsh
services/dsh/backend/internal/http/support.go,5,net/http,GO_IMPORT,dsh
services/dsh/backend/internal/http/support.go,7,strings,GO_IMPORT,dsh
services/dsh/backend/internal/http/support.go,9,dsh-api/internal/store,GO_IMPORT,dsh
services/dsh/backend/internal/http/support.go,10,dsh-api/internal/support,GO_IMPORT,dsh
services/dsh/backend/internal/http/support_actor_routes.go,4,net/http,GO_IMPORT,dsh
services/dsh/backend/internal/http/support_actor_routes.go,6,dsh-api/internal/store,GO_IMPORT,dsh
services/dsh/backend/internal/http/support_actor_routes.go,7,dsh-api/internal/support,GO_IMPORT,dsh
services/dsh/backend/internal/http/support_media_request.go,4,net/http,GO_IMPORT,dsh
services/dsh/backend/internal/http/support_media_request.go,5,strings,GO_IMPORT,dsh
services/dsh/backend/internal/http/support_media_request.go,7,dsh-api/internal/support,GO_IMPORT,dsh
services/dsh/backend/internal/http/support_message_delivery_routes.go,4,database/sql,GO_IMPORT,dsh
services/dsh/backend/internal/http/support_message_delivery_routes.go,5,net/http,GO_IMPORT,dsh
services/dsh/backend/internal/http/support_message_delivery_routes.go,7,dsh-api/internal/auth,GO_IMPORT,dsh
services/dsh/backend/internal/http/support_message_delivery_routes.go,8,dsh-api/internal/media,GO_IMPORT,dsh
services/dsh/backend/internal/http/support_message_delivery_routes.go,9,dsh-api/internal/store,GO_IMPORT,dsh
services/dsh/backend/internal/http/support_message_delivery_routes.go,10,dsh-api/internal/support,GO_IMPORT,dsh
services/dsh/backend/internal/http/support_message_delivery_routes.go,11,dsh-api/internal/wlt,GO_IMPORT,dsh
services/dsh/backend/internal/http/support_message_delivery_routes_test.go,4,net/http,GO_IMPORT,dsh
services/dsh/backend/internal/http/support_message_delivery_routes_test.go,5,testing,GO_IMPORT,dsh
services/dsh/backend/internal/http/trusted_operator_context_context.go,4,net/http,GO_IMPORT,dsh
services/dsh/backend/internal/http/trusted_operator_context_context.go,5,strings,GO_IMPORT,dsh
services/dsh/backend/internal/http/trusted_operator_context_context.go,7,dsh-api/internal/auth,GO_IMPORT,dsh
services/dsh/backend/internal/http/trusted_operator_context_context.go,8,dsh-api/internal/wlt,GO_IMPORT,dsh
services/dsh/backend/internal/http/unified_handler_aliases.go,4,net/http,GO_IMPORT,dsh
services/dsh/backend/internal/http/unified_handler_aliases.go,5,strings,GO_IMPORT,dsh
services/dsh/backend/internal/http/unified_handler_aliases.go,7,dsh-api/internal/analytics,GO_IMPORT,dsh
services/dsh/backend/internal/http/unified_handler_aliases.go,8,dsh-api/internal/clientaddress,GO_IMPORT,dsh
services/dsh/backend/internal/http/unified_handler_aliases.go,9,dsh-api/internal/store,GO_IMPORT,dsh
services/dsh/backend/internal/http/wlt_events.go,4,context,GO_IMPORT,dsh
services/dsh/backend/internal/http/wlt_events.go,5,database/sql,GO_IMPORT,dsh
services/dsh/backend/internal/http/wlt_events.go,6,encoding/json,GO_IMPORT,dsh
services/dsh/backend/internal/http/wlt_events.go,7,errors,GO_IMPORT,dsh
services/dsh/backend/internal/http/wlt_events.go,8,fmt,GO_IMPORT,dsh
services/dsh/backend/internal/http/wlt_events.go,9,net/http,GO_IMPORT,dsh
services/dsh/backend/internal/http/wlt_events.go,10,strings,GO_IMPORT,dsh
services/dsh/backend/internal/http/wlt_events.go,12,dsh-api/internal/checkout,GO_IMPORT,dsh
services/dsh/backend/internal/http/wlt_events.go,13,dsh-api/internal/coupons,GO_IMPORT,dsh
services/dsh/backend/internal/http/wlt_events.go,14,dsh-api/internal/specialrequests,GO_IMPORT,dsh
services/dsh/backend/internal/http/wlt_events.go,15,dsh-api/internal/store,GO_IMPORT,dsh
services/dsh/backend/internal/http/wlt_events_test.go,4,net/http,GO_IMPORT,dsh
services/dsh/backend/internal/http/wlt_events_test.go,5,net/http/httptest,GO_IMPORT,dsh
services/dsh/backend/internal/http/wlt_events_test.go,6,strings,GO_IMPORT,dsh
services/dsh/backend/internal/http/wlt_events_test.go,7,testing,GO_IMPORT,dsh
services/dsh/backend/internal/http/workforce_scopes.go,4,encoding/json,GO_IMPORT,dsh
services/dsh/backend/internal/http/workforce_scopes.go,5,net/http,GO_IMPORT,dsh
services/dsh/backend/internal/http/workforce_scopes.go,6,os,GO_IMPORT,dsh
services/dsh/backend/internal/http/workforce_scopes.go,8,dsh-api/internal/workforceclient,GO_IMPORT,dsh
services/dsh/backend/internal/incident/incident.go,9,database/sql,GO_IMPORT,dsh
services/dsh/backend/internal/incident/incident.go,10,encoding/json,GO_IMPORT,dsh
services/dsh/backend/internal/incident/incident.go,11,errors,GO_IMPORT,dsh
services/dsh/backend/internal/incident/incident.go,12,time,GO_IMPORT,dsh
services/dsh/backend/internal/incident/service.go,4,context,GO_IMPORT,dsh
services/dsh/backend/internal/incident/service.go,5,database/sql,GO_IMPORT,dsh
services/dsh/backend/internal/incident/service.go,6,encoding/json,GO_IMPORT,dsh
services/dsh/backend/internal/incident/service.go,7,fmt,GO_IMPORT,dsh
services/dsh/backend/internal/incident/service.go,8,strings,GO_IMPORT,dsh
services/dsh/backend/internal/incident/service.go,10,dsh-api/internal/orders,GO_IMPORT,dsh
services/dsh/backend/internal/incident/service.go,11,dsh-api/internal/partnerdelivery,GO_IMPORT,dsh
services/dsh/backend/internal/mapproviders/client.go,4,bytes,GO_IMPORT,dsh
services/dsh/backend/internal/mapproviders/client.go,5,context,GO_IMPORT,dsh
services/dsh/backend/internal/mapproviders/client.go,6,encoding/json,GO_IMPORT,dsh
services/dsh/backend/internal/mapproviders/client.go,7,errors,GO_IMPORT,dsh
services/dsh/backend/internal/mapproviders/client.go,8,fmt,GO_IMPORT,dsh
services/dsh/backend/internal/mapproviders/client.go,9,io,GO_IMPORT,dsh
services/dsh/backend/internal/mapproviders/client.go,10,math,GO_IMPORT,dsh
services/dsh/backend/internal/mapproviders/client.go,11,net,GO_IMPORT,dsh
services/dsh/backend/internal/mapproviders/client.go,12,net/http,GO_IMPORT,dsh
services/dsh/backend/internal/mapproviders/client.go,13,strings,GO_IMPORT,dsh
services/dsh/backend/internal/mapproviders/client.go,14,time,GO_IMPORT,dsh
services/dsh/backend/internal/mapproviders/health_test.go,4,context,GO_IMPORT,dsh
services/dsh/backend/internal/mapproviders/health_test.go,5,encoding/json,GO_IMPORT,dsh
services/dsh/backend/internal/mapproviders/health_test.go,6,errors,GO_IMPORT,dsh
services/dsh/backend/internal/mapproviders/health_test.go,7,net/http,GO_IMPORT,dsh
services/dsh/backend/internal/mapproviders/health_test.go,8,net/http/httptest,GO_IMPORT,dsh
services/dsh/backend/internal/mapproviders/health_test.go,9,testing,GO_IMPORT,dsh
services/dsh/backend/internal/mapproviders/health_test.go,10,time,GO_IMPORT,dsh
services/dsh/backend/internal/mapproviders/reverse_validation_test.go,4,context,GO_IMPORT,dsh
services/dsh/backend/internal/mapproviders/reverse_validation_test.go,5,encoding/json,GO_IMPORT,dsh
services/dsh/backend/internal/mapproviders/reverse_validation_test.go,6,errors,GO_IMPORT,dsh
services/dsh/backend/internal/mapproviders/reverse_validation_test.go,7,net/http,GO_IMPORT,dsh
services/dsh/backend/internal/mapproviders/reverse_validation_test.go,8,net/http/httptest,GO_IMPORT,dsh
services/dsh/backend/internal/mapproviders/reverse_validation_test.go,9,testing,GO_IMPORT,dsh
services/dsh/backend/internal/mapproviders/route.go,4,context,GO_IMPORT,dsh
services/dsh/backend/internal/mapproviders/route.go,5,math,GO_IMPORT,dsh
services/dsh/backend/internal/mapproviders/route.go,6,strings,GO_IMPORT,dsh
services/dsh/backend/internal/mapproviders/search_validation_test.go,4,context,GO_IMPORT,dsh
services/dsh/backend/internal/mapproviders/search_validation_test.go,5,encoding/json,GO_IMPORT,dsh
services/dsh/backend/internal/mapproviders/search_validation_test.go,6,errors,GO_IMPORT,dsh
services/dsh/backend/internal/mapproviders/search_validation_test.go,7,net/http,GO_IMPORT,dsh
services/dsh/backend/internal/mapproviders/search_validation_test.go,8,net/http/httptest,GO_IMPORT,dsh
services/dsh/backend/internal/mapproviders/search_validation_test.go,9,testing,GO_IMPORT,dsh
services/dsh/backend/internal/marketing/audit.go,4,database/sql,GO_IMPORT,dsh
services/dsh/backend/internal/marketing/audit.go,5,encoding/json,GO_IMPORT,dsh
services/dsh/backend/internal/marketing/audit.go,7,github.com/google/uuid,GO_IMPORT,dsh
services/dsh/backend/internal/marketing/campaign_region_test.go,4,errors,GO_IMPORT,dsh
services/dsh/backend/internal/marketing/campaign_region_test.go,5,testing,GO_IMPORT,dsh
services/dsh/backend/internal/marketing/commercial_programs.go,4,database/sql,GO_IMPORT,dsh
services/dsh/backend/internal/marketing/commercial_programs.go,5,encoding/json,GO_IMPORT,dsh
services/dsh/backend/internal/marketing/commercial_programs.go,6,errors,GO_IMPORT,dsh
services/dsh/backend/internal/marketing/commercial_programs.go,7,strings,GO_IMPORT,dsh
services/dsh/backend/internal/marketing/commercial_programs.go,8,time,GO_IMPORT,dsh
services/dsh/backend/internal/marketing/commercial_programs_create_safe.go,4,database/sql,GO_IMPORT,dsh
services/dsh/backend/internal/marketing/commercial_programs_create_safe.go,5,strings,GO_IMPORT,dsh
services/dsh/backend/internal/marketing/commercial_programs_test.go,4,errors,GO_IMPORT,dsh
services/dsh/backend/internal/marketing/commercial_programs_test.go,5,testing,GO_IMPORT,dsh
services/dsh/backend/internal/marketing/commercial_projection.go,4,database/sql,GO_IMPORT,dsh
services/dsh/backend/internal/marketing/commercial_projection.go,5,errors,GO_IMPORT,dsh
services/dsh/backend/internal/marketing/loyalty_policy.go,4,database/sql,GO_IMPORT,dsh
services/dsh/backend/internal/marketing/loyalty_policy.go,5,encoding/json,GO_IMPORT,dsh
services/dsh/backend/internal/marketing/loyalty_policy.go,6,errors,GO_IMPORT,dsh
services/dsh/backend/internal/marketing/loyalty_policy.go,7,strings,GO_IMPORT,dsh
services/dsh/backend/internal/marketing/loyalty_policy.go,8,time,GO_IMPORT,dsh
services/dsh/backend/internal/marketing/marketing.go,4,database/sql,GO_IMPORT,dsh
services/dsh/backend/internal/marketing/marketing.go,5,errors,GO_IMPORT,dsh
services/dsh/backend/internal/marketing/marketing.go,6,regexp,GO_IMPORT,dsh
services/dsh/backend/internal/marketing/marketing.go,7,strings,GO_IMPORT,dsh
services/dsh/backend/internal/marketing/marketing.go,8,time,GO_IMPORT,dsh
services/dsh/backend/internal/marketing/marketing_db_test.go,4,database/sql,GO_IMPORT,dsh
services/dsh/backend/internal/marketing/marketing_db_test.go,5,errors,GO_IMPORT,dsh
services/dsh/backend/internal/marketing/marketing_db_test.go,6,os,GO_IMPORT,dsh
services/dsh/backend/internal/marketing/marketing_db_test.go,7,strconv,GO_IMPORT,dsh
services/dsh/backend/internal/marketing/marketing_db_test.go,8,testing,GO_IMPORT,dsh
services/dsh/backend/internal/marketing/marketing_db_test.go,9,time,GO_IMPORT,dsh
services/dsh/backend/internal/marketing/marketing_db_test.go,11,github.com/lib/pq,GO_IMPORT,dsh
services/dsh/backend/internal/marketing/operator_context_context_test.go,3,dsh-api/internal/testdb,GO_IMPORT,dsh
services/dsh/backend/internal/marketing/partner_offers.go,4,database/sql,GO_IMPORT,dsh
services/dsh/backend/internal/marketing/partner_offers.go,5,encoding/json,GO_IMPORT,dsh
services/dsh/backend/internal/marketing/partner_offers.go,6,errors,GO_IMPORT,dsh
services/dsh/backend/internal/marketing/partner_offers.go,7,strings,GO_IMPORT,dsh
services/dsh/backend/internal/marketing/partner_offers.go,8,time,GO_IMPORT,dsh
services/dsh/backend/internal/marketing/partner_offers.go,10,dsh-api/internal/coupons,GO_IMPORT,dsh
services/dsh/backend/internal/marketing/ticker.go,4,database/sql,GO_IMPORT,dsh
services/dsh/backend/internal/marketing/ticker.go,5,encoding/json,GO_IMPORT,dsh
services/dsh/backend/internal/marketing/ticker.go,6,errors,GO_IMPORT,dsh
services/dsh/backend/internal/marketing/visibility_gate.go,4,database/sql,GO_IMPORT,dsh
services/dsh/backend/internal/marketing/visibility_gate.go,5,errors,GO_IMPORT,dsh
services/dsh/backend/internal/media/media.go,7,context,GO_IMPORT,dsh
services/dsh/backend/internal/media/media.go,8,crypto/sha256,GO_IMPORT,dsh
services/dsh/backend/internal/media/media.go,9,encoding/hex,GO_IMPORT,dsh
services/dsh/backend/internal/media/media.go,10,fmt,GO_IMPORT,dsh
services/dsh/backend/internal/media/media.go,11,io,GO_IMPORT,dsh
services/dsh/backend/internal/media/media.go,12,strings,GO_IMPORT,dsh
services/dsh/backend/internal/media/media.go,13,time,GO_IMPORT,dsh
services/dsh/backend/internal/media/media.go,15,github.com/minio/minio-go/v7,GO_IMPORT,dsh
services/dsh/backend/internal/media/media.go,16,github.com/minio/minio-go/v7/pkg/credentials,GO_IMPORT,dsh
services/dsh/backend/internal/media/media_test.go,4,context,GO_IMPORT,dsh
services/dsh/backend/internal/media/media_test.go,5,net/url,GO_IMPORT,dsh
services/dsh/backend/internal/media/media_test.go,6,testing,GO_IMPORT,dsh
services/dsh/backend/internal/media/media_test.go,7,time,GO_IMPORT,dsh
services/dsh/backend/internal/media/provider.go,4,context,GO_IMPORT,dsh
services/dsh/backend/internal/media/provider.go,5,sync/atomic,GO_IMPORT,dsh
services/dsh/backend/internal/media/provider.go,6,time,GO_IMPORT,dsh
services/dsh/backend/internal/notifications/delivery_audit.go,4,database/sql,GO_IMPORT,dsh
services/dsh/backend/internal/notifications/delivery_audit.go,5,strings,GO_IMPORT,dsh
services/dsh/backend/internal/notifications/delivery_audit.go,6,time,GO_IMPORT,dsh
services/dsh/backend/internal/notifications/delivery_audit_test.go,4,errors,GO_IMPORT,dsh
services/dsh/backend/internal/notifications/delivery_audit_test.go,5,testing,GO_IMPORT,dsh
services/dsh/backend/internal/notifications/notification_policy_test.go,4,errors,GO_IMPORT,dsh
services/dsh/backend/internal/notifications/notification_policy_test.go,5,reflect,GO_IMPORT,dsh
services/dsh/backend/internal/notifications/notification_policy_test.go,6,testing,GO_IMPORT,dsh
services/dsh/backend/internal/notifications/notifications.go,4,database/sql,GO_IMPORT,dsh
services/dsh/backend/internal/notifications/notifications.go,5,errors,GO_IMPORT,dsh
services/dsh/backend/internal/notifications/notifications.go,6,fmt,GO_IMPORT,dsh
services/dsh/backend/internal/notifications/notifications.go,7,strings,GO_IMPORT,dsh
services/dsh/backend/internal/notifications/notifications.go,8,time,GO_IMPORT,dsh
services/dsh/backend/internal/notifications/notifications_test.go,4,reflect,GO_IMPORT,dsh
services/dsh/backend/internal/notifications/notifications_test.go,5,testing,GO_IMPORT,dsh
services/dsh/backend/internal/notifications/preferences_read.go,3,database/sql,GO_IMPORT,dsh
services/dsh/backend/internal/notifications/push_endpoints.go,4,database/sql,GO_IMPORT,dsh
services/dsh/backend/internal/notifications/push_endpoints.go,5,errors,GO_IMPORT,dsh
services/dsh/backend/internal/notifications/push_endpoints.go,6,strings,GO_IMPORT,dsh
services/dsh/backend/internal/notifications/push_endpoints.go,7,time,GO_IMPORT,dsh
services/dsh/backend/internal/notifications/push_endpoints_test.go,4,errors,GO_IMPORT,dsh
services/dsh/backend/internal/notifications/push_endpoints_test.go,5,testing,GO_IMPORT,dsh
services/dsh/backend/internal/operationaloutbox/notification_policy.go,4,context,GO_IMPORT,dsh
services/dsh/backend/internal/operationaloutbox/notification_policy.go,5,database/sql,GO_IMPORT,dsh
services/dsh/backend/internal/operationaloutbox/notification_policy.go,6,encoding/json,GO_IMPORT,dsh
services/dsh/backend/internal/operationaloutbox/notification_policy.go,7,fmt,GO_IMPORT,dsh
services/dsh/backend/internal/operationaloutbox/notification_policy.go,8,strings,GO_IMPORT,dsh
services/dsh/backend/internal/operationaloutbox/notification_policy.go,9,time,GO_IMPORT,dsh
services/dsh/backend/internal/operationaloutbox/notification_policy.go,11,github.com/lib/pq,GO_IMPORT,dsh
services/dsh/backend/internal/operationaloutbox/notification_policy_test.go,4,testing,GO_IMPORT,dsh
services/dsh/backend/internal/operationaloutbox/notification_policy_test.go,5,time,GO_IMPORT,dsh
services/dsh/backend/internal/operationaloutbox/operationaloutbox.go,15,database/sql,GO_IMPORT,dsh
services/dsh/backend/internal/operationaloutbox/operationaloutbox.go,16,fmt,GO_IMPORT,dsh
services/dsh/backend/internal/operationaloutbox/operationaloutbox.go,17,time,GO_IMPORT,dsh
services/dsh/backend/internal/operationaloutbox/push_worker.go,4,bytes,GO_IMPORT,dsh
services/dsh/backend/internal/operationaloutbox/push_worker.go,5,context,GO_IMPORT,dsh
services/dsh/backend/internal/operationaloutbox/push_worker.go,6,database/sql,GO_IMPORT,dsh
services/dsh/backend/internal/operationaloutbox/push_worker.go,7,encoding/json,GO_IMPORT,dsh
services/dsh/backend/internal/operationaloutbox/push_worker.go,8,fmt,GO_IMPORT,dsh
services/dsh/backend/internal/operationaloutbox/push_worker.go,9,io,GO_IMPORT,dsh
services/dsh/backend/internal/operationaloutbox/push_worker.go,10,log,GO_IMPORT,dsh
services/dsh/backend/internal/operationaloutbox/push_worker.go,11,net/http,GO_IMPORT,dsh
services/dsh/backend/internal/operationaloutbox/push_worker.go,12,net/url,GO_IMPORT,dsh
services/dsh/backend/internal/operationaloutbox/push_worker.go,13,strings,GO_IMPORT,dsh
services/dsh/backend/internal/operationaloutbox/push_worker.go,14,time,GO_IMPORT,dsh
services/dsh/backend/internal/operationaloutbox/push_worker_test.go,4,context,GO_IMPORT,dsh
services/dsh/backend/internal/operationaloutbox/push_worker_test.go,5,encoding/json,GO_IMPORT,dsh
services/dsh/backend/internal/operationaloutbox/push_worker_test.go,6,net/http,GO_IMPORT,dsh
services/dsh/backend/internal/operationaloutbox/push_worker_test.go,7,net/http/httptest,GO_IMPORT,dsh
services/dsh/backend/internal/operationaloutbox/push_worker_test.go,8,strings,GO_IMPORT,dsh
services/dsh/backend/internal/operationaloutbox/push_worker_test.go,9,testing,GO_IMPORT,dsh
services/dsh/backend/internal/operationaloutbox/push_worker_test.go,10,time,GO_IMPORT,dsh
services/dsh/backend/internal/operationaloutbox/worker.go,4,context,GO_IMPORT,dsh
services/dsh/backend/internal/operationaloutbox/worker.go,5,database/sql,GO_IMPORT,dsh
services/dsh/backend/internal/operationaloutbox/worker.go,6,encoding/json,GO_IMPORT,dsh
services/dsh/backend/internal/operationaloutbox/worker.go,7,errors,GO_IMPORT,dsh
services/dsh/backend/internal/operationaloutbox/worker.go,8,fmt,GO_IMPORT,dsh
services/dsh/backend/internal/operationaloutbox/worker.go,9,log,GO_IMPORT,dsh
services/dsh/backend/internal/operationaloutbox/worker.go,10,time,GO_IMPORT,dsh
services/dsh/backend/internal/operationaloutbox/worker_test.go,3,testing,GO_IMPORT,dsh
services/dsh/backend/internal/orders/cancellation_db_test.go,4,errors,GO_IMPORT,dsh
services/dsh/backend/internal/orders/cancellation_db_test.go,5,fmt,GO_IMPORT,dsh
services/dsh/backend/internal/orders/cancellation_db_test.go,6,testing,GO_IMPORT,dsh
services/dsh/backend/internal/orders/cancellation_db_test.go,7,time,GO_IMPORT,dsh
services/dsh/backend/internal/orders/cancellation_policy_test.go,3,testing,GO_IMPORT,dsh
services/dsh/backend/internal/orders/cancellation_read.go,4,database/sql,GO_IMPORT,dsh
services/dsh/backend/internal/orders/cancellation_read.go,5,errors,GO_IMPORT,dsh
services/dsh/backend/internal/orders/lifecycle.go,4,database/sql,GO_IMPORT,dsh
services/dsh/backend/internal/orders/lifecycle.go,5,errors,GO_IMPORT,dsh
services/dsh/backend/internal/orders/lifecycle.go,6,fmt,GO_IMPORT,dsh
services/dsh/backend/internal/orders/lifecycle.go,7,strings,GO_IMPORT,dsh
services/dsh/backend/internal/orders/operator_context_context_test.go,3,dsh-api/internal/testdb,GO_IMPORT,dsh
services/dsh/backend/internal/orders/order_event_bridge_worker.go,4,context,GO_IMPORT,dsh
services/dsh/backend/internal/orders/order_event_bridge_worker.go,5,database/sql,GO_IMPORT,dsh
services/dsh/backend/internal/orders/order_event_bridge_worker.go,6,fmt,GO_IMPORT,dsh
services/dsh/backend/internal/orders/order_event_bridge_worker.go,7,log,GO_IMPORT,dsh
services/dsh/backend/internal/orders/order_event_bridge_worker.go,8,time,GO_IMPORT,dsh
services/dsh/backend/internal/orders/order_event_outbox.go,4,database/sql,GO_IMPORT,dsh
services/dsh/backend/internal/orders/order_event_outbox.go,5,encoding/json,GO_IMPORT,dsh
services/dsh/backend/internal/orders/order_event_outbox.go,6,errors,GO_IMPORT,dsh
services/dsh/backend/internal/orders/order_event_outbox.go,7,strings,GO_IMPORT,dsh
services/dsh/backend/internal/orders/order_event_outbox.go,8,time,GO_IMPORT,dsh
services/dsh/backend/internal/orders/order_truth.go,4,crypto/sha256,GO_IMPORT,dsh
services/dsh/backend/internal/orders/order_truth.go,5,database/sql,GO_IMPORT,dsh
services/dsh/backend/internal/orders/order_truth.go,6,encoding/hex,GO_IMPORT,dsh
services/dsh/backend/internal/orders/order_truth.go,7,encoding/json,GO_IMPORT,dsh
services/dsh/backend/internal/orders/order_truth.go,8,errors,GO_IMPORT,dsh
services/dsh/backend/internal/orders/order_truth.go,9,fmt,GO_IMPORT,dsh
services/dsh/backend/internal/orders/order_truth.go,10,strings,GO_IMPORT,dsh
services/dsh/backend/internal/orders/order_truth.go,11,time,GO_IMPORT,dsh
services/dsh/backend/internal/orders/order_truth_audit.go,4,database/sql,GO_IMPORT,dsh
services/dsh/backend/internal/orders/order_truth_audit.go,5,encoding/json,GO_IMPORT,dsh
services/dsh/backend/internal/orders/order_truth_audit.go,6,strings,GO_IMPORT,dsh
services/dsh/backend/internal/orders/order_truth_db_test.go,4,context,GO_IMPORT,dsh
services/dsh/backend/internal/orders/order_truth_db_test.go,5,database/sql,GO_IMPORT,dsh
services/dsh/backend/internal/orders/order_truth_db_test.go,6,encoding/json,GO_IMPORT,dsh
services/dsh/backend/internal/orders/order_truth_db_test.go,7,errors,GO_IMPORT,dsh
services/dsh/backend/internal/orders/order_truth_db_test.go,8,fmt,GO_IMPORT,dsh
services/dsh/backend/internal/orders/order_truth_db_test.go,9,strconv,GO_IMPORT,dsh
services/dsh/backend/internal/orders/order_truth_db_test.go,10,testing,GO_IMPORT,dsh
services/dsh/backend/internal/orders/order_truth_db_test.go,11,time,GO_IMPORT,dsh
services/dsh/backend/internal/orders/order_truth_diagnostics.go,4,database/sql,GO_IMPORT,dsh
services/dsh/backend/internal/orders/order_truth_diagnostics.go,5,errors,GO_IMPORT,dsh
services/dsh/backend/internal/orders/order_truth_diagnostics.go,6,strings,GO_IMPORT,dsh
services/dsh/backend/internal/orders/order_truth_diagnostics.go,7,time,GO_IMPORT,dsh
services/dsh/backend/internal/orders/order_truth_json.go,3,encoding/json,GO_IMPORT,dsh
services/dsh/backend/internal/orders/order_truth_json_test.go,4,encoding/json,GO_IMPORT,dsh
services/dsh/backend/internal/orders/order_truth_json_test.go,5,testing,GO_IMPORT,dsh
services/dsh/backend/internal/orders/order_truth_queries.go,4,database/sql,GO_IMPORT,dsh
services/dsh/backend/internal/orders/order_truth_queries.go,5,errors,GO_IMPORT,dsh
services/dsh/backend/internal/orders/order_truth_queries.go,6,strings,GO_IMPORT,dsh
services/dsh/backend/internal/orders/order_truth_queries.go,8,github.com/google/uuid,GO_IMPORT,dsh
services/dsh/backend/internal/orders/order_truth_test.go,4,encoding/json,GO_IMPORT,dsh
services/dsh/backend/internal/orders/order_truth_test.go,5,slices,GO_IMPORT,dsh
services/dsh/backend/internal/orders/order_truth_test.go,6,testing,GO_IMPORT,dsh
services/dsh/backend/internal/orders/orders.go,4,database/sql,GO_IMPORT,dsh
services/dsh/backend/internal/orders/orders.go,5,errors,GO_IMPORT,dsh
services/dsh/backend/internal/orders/orders.go,6,fmt,GO_IMPORT,dsh
services/dsh/backend/internal/orders/orders.go,7,strings,GO_IMPORT,dsh
services/dsh/backend/internal/orders/orders.go,8,time,GO_IMPORT,dsh
services/dsh/backend/internal/orders/orders_db_test.go,4,context,GO_IMPORT,dsh
services/dsh/backend/internal/orders/orders_db_test.go,5,database/sql,GO_IMPORT,dsh
services/dsh/backend/internal/orders/orders_db_test.go,6,os,GO_IMPORT,dsh
services/dsh/backend/internal/orders/orders_db_test.go,7,strconv,GO_IMPORT,dsh
services/dsh/backend/internal/orders/orders_db_test.go,8,testing,GO_IMPORT,dsh
services/dsh/backend/internal/orders/orders_db_test.go,9,time,GO_IMPORT,dsh
services/dsh/backend/internal/orders/orders_db_test.go,11,github.com/lib/pq,GO_IMPORT,dsh
services/dsh/backend/internal/orders/orders_test.go,3,testing,GO_IMPORT,dsh
services/dsh/backend/internal/orders/outbox_correlation_db_test.go,4,fmt,GO_IMPORT,dsh
services/dsh/backend/internal/orders/outbox_correlation_db_test.go,5,testing,GO_IMPORT,dsh
services/dsh/backend/internal/orders/outbox_correlation_db_test.go,6,time,GO_IMPORT,dsh
services/dsh/backend/internal/orders/partner_orders_readback_db_test.go,3,testing,GO_IMPORT,dsh
services/dsh/backend/internal/orders/preparation.go,4,database/sql,GO_IMPORT,dsh
services/dsh/backend/internal/orders/preparation.go,5,errors,GO_IMPORT,dsh
services/dsh/backend/internal/orders/preparation.go,6,fmt,GO_IMPORT,dsh
services/dsh/backend/internal/orders/preparation.go,7,strings,GO_IMPORT,dsh
services/dsh/backend/internal/orders/preparation.go,8,time,GO_IMPORT,dsh
services/dsh/backend/internal/orders/preparation_alerts.go,4,database/sql,GO_IMPORT,dsh
services/dsh/backend/internal/orders/preparation_alerts.go,5,errors,GO_IMPORT,dsh
services/dsh/backend/internal/orders/preparation_alerts.go,6,fmt,GO_IMPORT,dsh
services/dsh/backend/internal/orders/preparation_alerts.go,7,strings,GO_IMPORT,dsh
services/dsh/backend/internal/orders/preparation_alerts.go,8,time,GO_IMPORT,dsh
services/dsh/backend/internal/orders/preparation_issues.go,4,database/sql,GO_IMPORT,dsh
services/dsh/backend/internal/orders/preparation_issues.go,5,encoding/json,GO_IMPORT,dsh
services/dsh/backend/internal/orders/preparation_issues.go,6,errors,GO_IMPORT,dsh
services/dsh/backend/internal/orders/preparation_issues.go,7,fmt,GO_IMPORT,dsh
services/dsh/backend/internal/orders/preparation_issues.go,8,strings,GO_IMPORT,dsh
services/dsh/backend/internal/orders/preparation_issues.go,9,time,GO_IMPORT,dsh
services/dsh/backend/internal/orders/preparation_ready_guard.go,4,database/sql,GO_IMPORT,dsh
services/dsh/backend/internal/orders/preparation_ready_guard.go,5,errors,GO_IMPORT,dsh
services/dsh/backend/internal/orders/preparation_ready_guard.go,6,fmt,GO_IMPORT,dsh
services/dsh/backend/internal/orders/preparation_ready_guard.go,7,strings,GO_IMPORT,dsh
services/dsh/backend/internal/orders/preparation_sla.go,3,time,GO_IMPORT,dsh
services/dsh/backend/internal/orders/returned_cancellation_db_test.go,4,errors,GO_IMPORT,dsh
services/dsh/backend/internal/orders/returned_cancellation_db_test.go,5,fmt,GO_IMPORT,dsh
services/dsh/backend/internal/orders/returned_cancellation_db_test.go,6,testing,GO_IMPORT,dsh
services/dsh/backend/internal/orders/returned_cancellation_db_test.go,7,time,GO_IMPORT,dsh
services/dsh/backend/internal/orders/runtime.go,4,database/sql,GO_IMPORT,dsh
services/dsh/backend/internal/orders/runtime.go,5,errors,GO_IMPORT,dsh
services/dsh/backend/internal/orders/runtime.go,6,fmt,GO_IMPORT,dsh
services/dsh/backend/internal/orders/runtime.go,7,strings,GO_IMPORT,dsh
services/dsh/backend/internal/orders/runtime.go,8,unicode/utf8,GO_IMPORT,dsh
services/dsh/backend/internal/orders/runtime.go,10,dsh-api/internal/checkoutfinanceoutbox,GO_IMPORT,dsh
services/dsh/backend/internal/partner/handler.go,4,database/sql,GO_IMPORT,dsh
services/dsh/backend/internal/partner/handler.go,5,encoding/json,GO_IMPORT,dsh
services/dsh/backend/internal/partner/handler.go,6,errors,GO_IMPORT,dsh
services/dsh/backend/internal/partner/handler.go,7,net/http,GO_IMPORT,dsh
services/dsh/backend/internal/partner/handler.go,8,strconv,GO_IMPORT,dsh
services/dsh/backend/internal/partner/handler.go,10,dsh-api/internal/auth,GO_IMPORT,dsh
services/dsh/backend/internal/partner/handler.go,11,dsh-api/internal/store,GO_IMPORT,dsh
services/dsh/backend/internal/partner/handler_test.go,4,net/http/httptest,GO_IMPORT,dsh
services/dsh/backend/internal/partner/handler_test.go,5,testing,GO_IMPORT,dsh
services/dsh/backend/internal/partner/model.go,4,errors,GO_IMPORT,dsh
services/dsh/backend/internal/partner/model.go,5,strings,GO_IMPORT,dsh
services/dsh/backend/internal/partner/model.go,6,time,GO_IMPORT,dsh
services/dsh/backend/internal/partner/model_test.go,3,testing,GO_IMPORT,dsh
services/dsh/backend/internal/partner/onboarding_integrity_db_test.go,4,context,GO_IMPORT,dsh
services/dsh/backend/internal/partner/onboarding_integrity_db_test.go,5,errors,GO_IMPORT,dsh
services/dsh/backend/internal/partner/onboarding_integrity_db_test.go,6,testing,GO_IMPORT,dsh
services/dsh/backend/internal/partner/onboarding_integrity_handlers.go,4,database/sql,GO_IMPORT,dsh
services/dsh/backend/internal/partner/onboarding_integrity_handlers.go,5,encoding/json,GO_IMPORT,dsh
services/dsh/backend/internal/partner/onboarding_integrity_handlers.go,6,errors,GO_IMPORT,dsh
services/dsh/backend/internal/partner/onboarding_integrity_handlers.go,7,fmt,GO_IMPORT,dsh
services/dsh/backend/internal/partner/onboarding_integrity_handlers.go,8,net/http,GO_IMPORT,dsh
services/dsh/backend/internal/partner/onboarding_integrity_handlers.go,9,strconv,GO_IMPORT,dsh
services/dsh/backend/internal/partner/onboarding_integrity_handlers.go,10,strings,GO_IMPORT,dsh
services/dsh/backend/internal/partner/onboarding_integrity_handlers.go,12,dsh-api/internal/wlt,GO_IMPORT,dsh
services/dsh/backend/internal/partner/onboarding_integrity_repository.go,4,context,GO_IMPORT,dsh
services/dsh/backend/internal/partner/onboarding_integrity_repository.go,5,crypto/sha256,GO_IMPORT,dsh
services/dsh/backend/internal/partner/onboarding_integrity_repository.go,6,database/sql,GO_IMPORT,dsh
services/dsh/backend/internal/partner/onboarding_integrity_repository.go,7,encoding/hex,GO_IMPORT,dsh
services/dsh/backend/internal/partner/onboarding_integrity_repository.go,8,encoding/json,GO_IMPORT,dsh
services/dsh/backend/internal/partner/onboarding_integrity_repository.go,9,errors,GO_IMPORT,dsh
services/dsh/backend/internal/partner/onboarding_integrity_repository.go,10,fmt,GO_IMPORT,dsh
services/dsh/backend/internal/partner/onboarding_integrity_repository.go,11,strings,GO_IMPORT,dsh
services/dsh/backend/internal/partner/onboarding_integrity_repository.go,12,time,GO_IMPORT,dsh
services/dsh/backend/internal/partner/onboarding_integrity_test.go,3,testing,GO_IMPORT,dsh
services/dsh/backend/internal/partner/operator_context_context.go,4,context,GO_IMPORT,dsh
services/dsh/backend/internal/partner/operator_context_context.go,5,errors,GO_IMPORT,dsh
services/dsh/backend/internal/partner/operator_context_context.go,6,strings,GO_IMPORT,dsh
services/dsh/backend/internal/partner/operator_context_creation_handler.go,4,database/sql,GO_IMPORT,dsh
services/dsh/backend/internal/partner/operator_context_creation_handler.go,5,encoding/json,GO_IMPORT,dsh
services/dsh/backend/internal/partner/operator_context_creation_handler.go,6,errors,GO_IMPORT,dsh
services/dsh/backend/internal/partner/operator_context_creation_handler.go,7,net/http,GO_IMPORT,dsh
services/dsh/backend/internal/partner/operator_context_handler.go,4,database/sql,GO_IMPORT,dsh
services/dsh/backend/internal/partner/operator_context_handler.go,5,encoding/json,GO_IMPORT,dsh
services/dsh/backend/internal/partner/operator_context_handler.go,6,errors,GO_IMPORT,dsh
services/dsh/backend/internal/partner/operator_context_handler.go,7,net/http,GO_IMPORT,dsh
services/dsh/backend/internal/partner/operator_context_handler.go,8,strconv,GO_IMPORT,dsh
services/dsh/backend/internal/partner/operator_context_handler.go,9,strings,GO_IMPORT,dsh
services/dsh/backend/internal/partner/operator_context_isolation_db_test.go,4,errors,GO_IMPORT,dsh
services/dsh/backend/internal/partner/operator_context_isolation_db_test.go,5,strconv,GO_IMPORT,dsh
services/dsh/backend/internal/partner/operator_context_isolation_db_test.go,6,testing,GO_IMPORT,dsh
services/dsh/backend/internal/partner/operator_context_isolation_db_test.go,7,time,GO_IMPORT,dsh
services/dsh/backend/internal/partner/operator_context_list_closure.go,4,database/sql,GO_IMPORT,dsh
services/dsh/backend/internal/partner/operator_context_list_closure.go,5,strings,GO_IMPORT,dsh
services/dsh/backend/internal/partner/operator_context_repository.go,4,context,GO_IMPORT,dsh
services/dsh/backend/internal/partner/operator_context_repository.go,5,crypto/sha256,GO_IMPORT,dsh
services/dsh/backend/internal/partner/operator_context_repository.go,6,database/sql,GO_IMPORT,dsh
services/dsh/backend/internal/partner/operator_context_repository.go,7,encoding/hex,GO_IMPORT,dsh
services/dsh/backend/internal/partner/operator_context_repository.go,8,encoding/json,GO_IMPORT,dsh
services/dsh/backend/internal/partner/operator_context_repository.go,9,errors,GO_IMPORT,dsh
services/dsh/backend/internal/partner/operator_context_repository.go,10,sort,GO_IMPORT,dsh
services/dsh/backend/internal/partner/operator_context_repository.go,11,strings,GO_IMPORT,dsh
services/dsh/backend/internal/partner/operator_context_repository.go,13,dsh-api/internal/store,GO_IMPORT,dsh
services/dsh/backend/internal/partner/operator_context_scopes.go,3,database/sql,GO_IMPORT,dsh
services/dsh/backend/internal/partner/partner_creation_duplicate_phone_db_test.go,4,context,GO_IMPORT,dsh
services/dsh/backend/internal/partner/partner_creation_duplicate_phone_db_test.go,5,errors,GO_IMPORT,dsh
services/dsh/backend/internal/partner/partner_creation_duplicate_phone_db_test.go,6,fmt,GO_IMPORT,dsh
services/dsh/backend/internal/partner/partner_creation_duplicate_phone_db_test.go,7,testing,GO_IMPORT,dsh
services/dsh/backend/internal/partner/partner_creation_duplicate_phone_db_test.go,8,time,GO_IMPORT,dsh
services/dsh/backend/internal/partner/partner_creation_idempotency_db_test.go,4,context,GO_IMPORT,dsh
services/dsh/backend/internal/partner/partner_creation_idempotency_db_test.go,5,errors,GO_IMPORT,dsh
services/dsh/backend/internal/partner/partner_creation_idempotency_db_test.go,6,fmt,GO_IMPORT,dsh
services/dsh/backend/internal/partner/partner_creation_idempotency_db_test.go,7,testing,GO_IMPORT,dsh
services/dsh/backend/internal/partner/partner_creation_idempotency_db_test.go,8,time,GO_IMPORT,dsh
services/dsh/backend/internal/partner/partner_readiness_aggregate.go,4,database/sql,GO_IMPORT,dsh
services/dsh/backend/internal/partner/partner_readiness_aggregate.go,5,errors,GO_IMPORT,dsh
services/dsh/backend/internal/partner/partner_readiness_aggregate.go,6,fmt,GO_IMPORT,dsh
services/dsh/backend/internal/partner/partner_readiness_aggregate.go,7,net/http,GO_IMPORT,dsh
services/dsh/backend/internal/partner/partner_readiness_aggregate.go,8,strings,GO_IMPORT,dsh
services/dsh/backend/internal/partner/partner_readiness_aggregate.go,9,time,GO_IMPORT,dsh
services/dsh/backend/internal/partner/partner_readiness_aggregate.go,11,github.com/lib/pq,GO_IMPORT,dsh
services/dsh/backend/internal/partner/repository.go,4,database/sql,GO_IMPORT,dsh
services/dsh/backend/internal/partner/repository.go,5,errors,GO_IMPORT,dsh
services/dsh/backend/internal/partner/repository.go,6,strings,GO_IMPORT,dsh
services/dsh/backend/internal/partner/repository.go,7,time,GO_IMPORT,dsh
services/dsh/backend/internal/partner/repository.go,9,github.com/lib/pq,GO_IMPORT,dsh
services/dsh/backend/internal/partner/repository.go,11,dsh-api/internal/store,GO_IMPORT,dsh
services/dsh/backend/internal/partner/repository_authz_test.go,4,strconv,GO_IMPORT,dsh
services/dsh/backend/internal/partner/repository_authz_test.go,5,testing,GO_IMPORT,dsh
services/dsh/backend/internal/partner/repository_authz_test.go,6,time,GO_IMPORT,dsh
services/dsh/backend/internal/partner/repository_authz_test.go,8,github.com/lib/pq,GO_IMPORT,dsh
services/dsh/backend/internal/partner/repository_db_test.go,4,database/sql,GO_IMPORT,dsh
services/dsh/backend/internal/partner/repository_db_test.go,5,errors,GO_IMPORT,dsh
services/dsh/backend/internal/partner/repository_db_test.go,6,os,GO_IMPORT,dsh
services/dsh/backend/internal/partner/repository_db_test.go,7,strconv,GO_IMPORT,dsh
services/dsh/backend/internal/partner/repository_db_test.go,8,testing,GO_IMPORT,dsh
services/dsh/backend/internal/partner/repository_db_test.go,9,time,GO_IMPORT,dsh
services/dsh/backend/internal/partner/repository_db_test.go,11,github.com/lib/pq,GO_IMPORT,dsh
services/dsh/backend/internal/partner/review_separation_boundary.go,4,bytes,GO_IMPORT,dsh
services/dsh/backend/internal/partner/review_separation_boundary.go,5,database/sql,GO_IMPORT,dsh
services/dsh/backend/internal/partner/review_separation_boundary.go,6,encoding/json,GO_IMPORT,dsh
services/dsh/backend/internal/partner/review_separation_boundary.go,7,errors,GO_IMPORT,dsh
services/dsh/backend/internal/partner/review_separation_boundary.go,8,io,GO_IMPORT,dsh
services/dsh/backend/internal/partner/review_separation_boundary.go,9,net/http,GO_IMPORT,dsh
services/dsh/backend/internal/partner/review_separation_boundary.go,10,strings,GO_IMPORT,dsh
services/dsh/backend/internal/partner/review_separation_boundary_db_test.go,4,bytes,GO_IMPORT,dsh
services/dsh/backend/internal/partner/review_separation_boundary_db_test.go,5,context,GO_IMPORT,dsh
services/dsh/backend/internal/partner/review_separation_boundary_db_test.go,6,encoding/json,GO_IMPORT,dsh
services/dsh/backend/internal/partner/review_separation_boundary_db_test.go,7,errors,GO_IMPORT,dsh
services/dsh/backend/internal/partner/review_separation_boundary_db_test.go,8,fmt,GO_IMPORT,dsh
services/dsh/backend/internal/partner/review_separation_boundary_db_test.go,9,net/http,GO_IMPORT,dsh
services/dsh/backend/internal/partner/review_separation_boundary_db_test.go,10,net/http/httptest,GO_IMPORT,dsh
services/dsh/backend/internal/partner/review_separation_boundary_db_test.go,11,strings,GO_IMPORT,dsh
services/dsh/backend/internal/partner/review_separation_boundary_db_test.go,12,testing,GO_IMPORT,dsh
services/dsh/backend/internal/partner/review_separation_boundary_db_test.go,13,time,GO_IMPORT,dsh
services/dsh/backend/internal/partner/state_policy_handlers.go,4,database/sql,GO_IMPORT,dsh
services/dsh/backend/internal/partner/state_policy_handlers.go,5,errors,GO_IMPORT,dsh
services/dsh/backend/internal/partner/state_policy_handlers.go,6,net/http,GO_IMPORT,dsh
services/dsh/backend/internal/partner/state_policy_test.go,3,testing,GO_IMPORT,dsh
services/dsh/backend/internal/partner/store_ownership_closure.go,4,database/sql,GO_IMPORT,dsh
services/dsh/backend/internal/partner/store_ownership_closure.go,5,errors,GO_IMPORT,dsh
services/dsh/backend/internal/partner/store_ownership_closure.go,6,strings,GO_IMPORT,dsh
services/dsh/backend/internal/partner/store_ownership_eligibility_db_test.go,4,errors,GO_IMPORT,dsh
services/dsh/backend/internal/partner/store_ownership_eligibility_db_test.go,5,fmt,GO_IMPORT,dsh
services/dsh/backend/internal/partner/store_ownership_eligibility_db_test.go,6,testing,GO_IMPORT,dsh
services/dsh/backend/internal/partner/store_ownership_eligibility_db_test.go,7,time,GO_IMPORT,dsh
services/dsh/backend/internal/partner/store_ownership_eligibility_db_test.go,9,dsh-api/internal/store,GO_IMPORT,dsh
services/dsh/backend/internal/partner/team_invitation.go,4,context,GO_IMPORT,dsh
services/dsh/backend/internal/partner/team_invitation.go,5,database/sql,GO_IMPORT,dsh
services/dsh/backend/internal/partner/team_invitation.go,6,errors,GO_IMPORT,dsh
services/dsh/backend/internal/partner/team_invitation.go,7,strings,GO_IMPORT,dsh
services/dsh/backend/internal/partner/team_invitation.go,8,sync,GO_IMPORT,dsh
services/dsh/backend/internal/partner/team_invitation.go,10,dsh-api/internal/auth,GO_IMPORT,dsh
services/dsh/backend/internal/partner/team_member_access_test.go,3,testing,GO_IMPORT,dsh
services/dsh/backend/internal/partner/team_member_action_validation_test.go,3,testing,GO_IMPORT,dsh
services/dsh/backend/internal/partner/team_member_audit.go,4,context,GO_IMPORT,dsh
services/dsh/backend/internal/partner/team_member_audit.go,5,database/sql,GO_IMPORT,dsh
services/dsh/backend/internal/partner/team_member_audit.go,6,encoding/json,GO_IMPORT,dsh
services/dsh/backend/internal/partner/team_member_audit.go,7,errors,GO_IMPORT,dsh
services/dsh/backend/internal/partner/team_member_audit.go,8,fmt,GO_IMPORT,dsh
services/dsh/backend/internal/partner/team_member_audit.go,9,net/http,GO_IMPORT,dsh
services/dsh/backend/internal/partner/team_member_audit.go,10,strings,GO_IMPORT,dsh
services/dsh/backend/internal/partner/team_member_audit.go,12,dsh-api/internal/auth,GO_IMPORT,dsh
services/dsh/backend/internal/partnerdelivery/audit.go,4,database/sql,GO_IMPORT,dsh
services/dsh/backend/internal/partnerdelivery/audit.go,6,github.com/google/uuid,GO_IMPORT,dsh
services/dsh/backend/internal/partnerdelivery/cancellation_db_test.go,4,context,GO_IMPORT,dsh
services/dsh/backend/internal/partnerdelivery/cancellation_db_test.go,5,testing,GO_IMPORT,dsh
services/dsh/backend/internal/partnerdelivery/command_receipts.go,4,context,GO_IMPORT,dsh
services/dsh/backend/internal/partnerdelivery/command_receipts.go,5,crypto/sha256,GO_IMPORT,dsh
services/dsh/backend/internal/partnerdelivery/command_receipts.go,6,database/sql,GO_IMPORT,dsh
services/dsh/backend/internal/partnerdelivery/command_receipts.go,7,encoding/hex,GO_IMPORT,dsh
services/dsh/backend/internal/partnerdelivery/command_receipts.go,8,errors,GO_IMPORT,dsh
services/dsh/backend/internal/partnerdelivery/command_receipts.go,9,fmt,GO_IMPORT,dsh
services/dsh/backend/internal/partnerdelivery/command_receipts.go,10,strings,GO_IMPORT,dsh
services/dsh/backend/internal/partnerdelivery/commands_db_test.go,4,context,GO_IMPORT,dsh
services/dsh/backend/internal/partnerdelivery/commands_db_test.go,5,errors,GO_IMPORT,dsh
services/dsh/backend/internal/partnerdelivery/commands_db_test.go,6,testing,GO_IMPORT,dsh
services/dsh/backend/internal/partnerdelivery/exception_commands.go,4,context,GO_IMPORT,dsh
services/dsh/backend/internal/partnerdelivery/exception_commands.go,5,encoding/json,GO_IMPORT,dsh
services/dsh/backend/internal/partnerdelivery/exception_commands.go,6,fmt,GO_IMPORT,dsh
services/dsh/backend/internal/partnerdelivery/exception_commands.go,7,strings,GO_IMPORT,dsh
services/dsh/backend/internal/partnerdelivery/lifecycle_commands.go,4,context,GO_IMPORT,dsh
services/dsh/backend/internal/partnerdelivery/lifecycle_commands.go,5,errors,GO_IMPORT,dsh
services/dsh/backend/internal/partnerdelivery/lifecycle_commands.go,6,fmt,GO_IMPORT,dsh
services/dsh/backend/internal/partnerdelivery/lifecycle_commands.go,7,strings,GO_IMPORT,dsh
services/dsh/backend/internal/partnerdelivery/operator_context_context_test.go,3,dsh-api/internal/testdb,GO_IMPORT,dsh
services/dsh/backend/internal/partnerdelivery/partnerdelivery.go,9,database/sql,GO_IMPORT,dsh
services/dsh/backend/internal/partnerdelivery/partnerdelivery.go,10,encoding/json,GO_IMPORT,dsh
services/dsh/backend/internal/partnerdelivery/partnerdelivery.go,11,errors,GO_IMPORT,dsh
services/dsh/backend/internal/partnerdelivery/partnerdelivery.go,12,time,GO_IMPORT,dsh
services/dsh/backend/internal/partnerdelivery/partnerdelivery_db_test.go,4,context,GO_IMPORT,dsh
services/dsh/backend/internal/partnerdelivery/partnerdelivery_db_test.go,5,database/sql,GO_IMPORT,dsh
services/dsh/backend/internal/partnerdelivery/partnerdelivery_db_test.go,6,errors,GO_IMPORT,dsh
services/dsh/backend/internal/partnerdelivery/partnerdelivery_db_test.go,7,os,GO_IMPORT,dsh
services/dsh/backend/internal/partnerdelivery/partnerdelivery_db_test.go,8,strconv,GO_IMPORT,dsh
services/dsh/backend/internal/partnerdelivery/partnerdelivery_db_test.go,9,testing,GO_IMPORT,dsh
services/dsh/backend/internal/partnerdelivery/partnerdelivery_db_test.go,10,time,GO_IMPORT,dsh
services/dsh/backend/internal/partnerdelivery/partnerdelivery_db_test.go,12,github.com/lib/pq,GO_IMPORT,dsh
services/dsh/backend/internal/partnerdelivery/service.go,4,context,GO_IMPORT,dsh
services/dsh/backend/internal/partnerdelivery/service.go,5,database/sql,GO_IMPORT,dsh
services/dsh/backend/internal/partnerdelivery/service.go,6,encoding/json,GO_IMPORT,dsh
services/dsh/backend/internal/partnerdelivery/service.go,7,errors,GO_IMPORT,dsh
services/dsh/backend/internal/partnerdelivery/service.go,8,fmt,GO_IMPORT,dsh
services/dsh/backend/internal/partnerdelivery/service.go,9,strings,GO_IMPORT,dsh
services/dsh/backend/internal/partnerdelivery/service.go,11,dsh-api/internal/operationaloutbox,GO_IMPORT,dsh
services/dsh/backend/internal/partnerdelivery/service.go,12,dsh-api/internal/orders,GO_IMPORT,dsh
services/dsh/backend/internal/partnerdelivery/service.go,13,dsh-api/internal/wltoutbox,GO_IMPORT,dsh
services/dsh/backend/internal/partnerdelivery/sla.go,3,time,GO_IMPORT,dsh
services/dsh/backend/internal/partnerdelivery/sla_alerts.go,4,database/sql,GO_IMPORT,dsh
services/dsh/backend/internal/partnerdelivery/sla_alerts.go,5,errors,GO_IMPORT,dsh
services/dsh/backend/internal/partnerdelivery/sla_alerts.go,6,strings,GO_IMPORT,dsh
services/dsh/backend/internal/partnerdelivery/sla_alerts.go,7,time,GO_IMPORT,dsh
services/dsh/backend/internal/partnerfleet/audit.go,3,strings,GO_IMPORT,dsh
services/dsh/backend/internal/partnerfleet/courier_codes.go,4,context,GO_IMPORT,dsh
services/dsh/backend/internal/partnerfleet/courier_codes.go,5,crypto/rand,GO_IMPORT,dsh
services/dsh/backend/internal/partnerfleet/courier_codes.go,6,crypto/sha256,GO_IMPORT,dsh
services/dsh/backend/internal/partnerfleet/courier_codes.go,7,database/sql,GO_IMPORT,dsh
services/dsh/backend/internal/partnerfleet/courier_codes.go,8,encoding/hex,GO_IMPORT,dsh
services/dsh/backend/internal/partnerfleet/courier_codes.go,9,errors,GO_IMPORT,dsh
services/dsh/backend/internal/partnerfleet/courier_codes.go,10,math/big,GO_IMPORT,dsh
services/dsh/backend/internal/partnerfleet/courier_codes.go,11,strings,GO_IMPORT,dsh
services/dsh/backend/internal/partnerfleet/courier_codes.go,12,time,GO_IMPORT,dsh
services/dsh/backend/internal/partnerfleet/courier_codes_test.go,4,strings,GO_IMPORT,dsh
services/dsh/backend/internal/partnerfleet/courier_codes_test.go,5,testing,GO_IMPORT,dsh
services/dsh/backend/internal/partnerfleet/list.go,4,context,GO_IMPORT,dsh
services/dsh/backend/internal/partnerfleet/list.go,5,database/sql,GO_IMPORT,dsh
services/dsh/backend/internal/partnerfleet/list.go,6,fmt,GO_IMPORT,dsh
services/dsh/backend/internal/partnerfleet/list.go,7,strings,GO_IMPORT,dsh
services/dsh/backend/internal/partnerfleet/membership_disconnect.go,4,context,GO_IMPORT,dsh
services/dsh/backend/internal/partnerfleet/membership_disconnect.go,5,database/sql,GO_IMPORT,dsh
services/dsh/backend/internal/partnerfleet/membership_disconnect.go,6,errors,GO_IMPORT,dsh
services/dsh/backend/internal/partnerfleet/membership_disconnect.go,7,strconv,GO_IMPORT,dsh
services/dsh/backend/internal/partnerfleet/membership_disconnect.go,8,strings,GO_IMPORT,dsh
services/dsh/backend/internal/partnerfleet/operator.go,4,context,GO_IMPORT,dsh
services/dsh/backend/internal/partnerfleet/operator.go,5,database/sql,GO_IMPORT,dsh
services/dsh/backend/internal/partnerfleet/operator.go,6,fmt,GO_IMPORT,dsh
services/dsh/backend/internal/partnerfleet/operator.go,7,strings,GO_IMPORT,dsh
services/dsh/backend/internal/partnerfleet/operator_context_context_test.go,3,dsh-api/internal/testdb,GO_IMPORT,dsh
services/dsh/backend/internal/partnerfleet/partnerfleet_db_test.go,4,context,GO_IMPORT,dsh
services/dsh/backend/internal/partnerfleet/partnerfleet_db_test.go,5,database/sql,GO_IMPORT,dsh
services/dsh/backend/internal/partnerfleet/partnerfleet_db_test.go,6,errors,GO_IMPORT,dsh
services/dsh/backend/internal/partnerfleet/partnerfleet_db_test.go,7,fmt,GO_IMPORT,dsh
services/dsh/backend/internal/partnerfleet/partnerfleet_db_test.go,8,os,GO_IMPORT,dsh
services/dsh/backend/internal/partnerfleet/partnerfleet_db_test.go,9,testing,GO_IMPORT,dsh
services/dsh/backend/internal/partnerfleet/partnerfleet_db_test.go,10,time,GO_IMPORT,dsh
services/dsh/backend/internal/partnerfleet/partnerfleet_db_test.go,12,github.com/lib/pq,GO_IMPORT,dsh
services/dsh/backend/internal/partnerfleet/redeem.go,4,context,GO_IMPORT,dsh
services/dsh/backend/internal/partnerfleet/redeem.go,5,database/sql,GO_IMPORT,dsh
services/dsh/backend/internal/partnerfleet/redeem.go,6,errors,GO_IMPORT,dsh
services/dsh/backend/internal/partnerfleet/redeem.go,7,strings,GO_IMPORT,dsh
services/dsh/backend/internal/partnerfleet/redeem.go,8,time,GO_IMPORT,dsh
services/dsh/backend/internal/partnerwltoutbox/operator_context_context_test.go,3,dsh-api/internal/testdb,GO_IMPORT,dsh
services/dsh/backend/internal/partnerwltoutbox/outbox.go,4,context,GO_IMPORT,dsh
services/dsh/backend/internal/partnerwltoutbox/outbox.go,5,database/sql,GO_IMPORT,dsh
services/dsh/backend/internal/partnerwltoutbox/outbox.go,6,errors,GO_IMPORT,dsh
services/dsh/backend/internal/partnerwltoutbox/outbox.go,7,fmt,GO_IMPORT,dsh
services/dsh/backend/internal/partnerwltoutbox/outbox.go,8,log,GO_IMPORT,dsh
services/dsh/backend/internal/partnerwltoutbox/outbox.go,9,math,GO_IMPORT,dsh
services/dsh/backend/internal/partnerwltoutbox/outbox.go,10,strings,GO_IMPORT,dsh
services/dsh/backend/internal/partnerwltoutbox/outbox.go,11,time,GO_IMPORT,dsh
services/dsh/backend/internal/partnerwltoutbox/outbox.go,13,dsh-api/internal/wlt,GO_IMPORT,dsh
services/dsh/backend/internal/partnerwltoutbox/outbox_db_test.go,4,context,GO_IMPORT,dsh
services/dsh/backend/internal/partnerwltoutbox/outbox_db_test.go,5,database/sql,GO_IMPORT,dsh
services/dsh/backend/internal/partnerwltoutbox/outbox_db_test.go,6,encoding/json,GO_IMPORT,dsh
services/dsh/backend/internal/partnerwltoutbox/outbox_db_test.go,7,net/http,GO_IMPORT,dsh
services/dsh/backend/internal/partnerwltoutbox/outbox_db_test.go,8,net/http/httptest,GO_IMPORT,dsh
services/dsh/backend/internal/partnerwltoutbox/outbox_db_test.go,9,os,GO_IMPORT,dsh
services/dsh/backend/internal/partnerwltoutbox/outbox_db_test.go,10,strconv,GO_IMPORT,dsh
services/dsh/backend/internal/partnerwltoutbox/outbox_db_test.go,11,strings,GO_IMPORT,dsh
services/dsh/backend/internal/partnerwltoutbox/outbox_db_test.go,12,testing,GO_IMPORT,dsh
services/dsh/backend/internal/partnerwltoutbox/outbox_db_test.go,13,time,GO_IMPORT,dsh
services/dsh/backend/internal/partnerwltoutbox/outbox_db_test.go,15,github.com/lib/pq,GO_IMPORT,dsh
services/dsh/backend/internal/partnerwltoutbox/outbox_db_test.go,17,dsh-api/internal/wlt,GO_IMPORT,dsh
services/dsh/backend/internal/pickup/audit.go,4,database/sql,GO_IMPORT,dsh
services/dsh/backend/internal/pickup/audit.go,6,github.com/google/uuid,GO_IMPORT,dsh
services/dsh/backend/internal/pickup/cancellation_db_test.go,4,context,GO_IMPORT,dsh
services/dsh/backend/internal/pickup/cancellation_db_test.go,5,database/sql,GO_IMPORT,dsh
services/dsh/backend/internal/pickup/cancellation_db_test.go,6,errors,GO_IMPORT,dsh
services/dsh/backend/internal/pickup/cancellation_db_test.go,7,testing,GO_IMPORT,dsh
services/dsh/backend/internal/pickup/operator_context_context_test.go,3,dsh-api/internal/testdb,GO_IMPORT,dsh
services/dsh/backend/internal/pickup/otp_notification.go,4,context,GO_IMPORT,dsh
services/dsh/backend/internal/pickup/otp_notification.go,5,database/sql,GO_IMPORT,dsh
services/dsh/backend/internal/pickup/otp_notification.go,6,fmt,GO_IMPORT,dsh
services/dsh/backend/internal/pickup/otp_notification.go,7,strings,GO_IMPORT,dsh
services/dsh/backend/internal/pickup/partner_state.go,4,database/sql,GO_IMPORT,dsh
services/dsh/backend/internal/pickup/partner_state.go,5,errors,GO_IMPORT,dsh
services/dsh/backend/internal/pickup/partner_state.go,6,strings,GO_IMPORT,dsh
services/dsh/backend/internal/pickup/partner_state.go,7,time,GO_IMPORT,dsh
services/dsh/backend/internal/pickup/partner_state_db_test.go,4,context,GO_IMPORT,dsh
services/dsh/backend/internal/pickup/partner_state_db_test.go,5,testing,GO_IMPORT,dsh
services/dsh/backend/internal/pickup/partner_state_db_test.go,6,time,GO_IMPORT,dsh
services/dsh/backend/internal/pickup/pickup.go,4,database/sql,GO_IMPORT,dsh
services/dsh/backend/internal/pickup/pickup.go,5,errors,GO_IMPORT,dsh
services/dsh/backend/internal/pickup/pickup.go,6,time,GO_IMPORT,dsh
services/dsh/backend/internal/pickup/pickup_cancellation_db_test.go,4,context,GO_IMPORT,dsh
services/dsh/backend/internal/pickup/pickup_cancellation_db_test.go,5,errors,GO_IMPORT,dsh
services/dsh/backend/internal/pickup/pickup_cancellation_db_test.go,6,testing,GO_IMPORT,dsh
services/dsh/backend/internal/pickup/pickup_cancellation_db_test.go,7,time,GO_IMPORT,dsh
services/dsh/backend/internal/pickup/pickup_db_test.go,4,context,GO_IMPORT,dsh
services/dsh/backend/internal/pickup/pickup_db_test.go,5,database/sql,GO_IMPORT,dsh
services/dsh/backend/internal/pickup/pickup_db_test.go,6,errors,GO_IMPORT,dsh
services/dsh/backend/internal/pickup/pickup_db_test.go,7,os,GO_IMPORT,dsh
services/dsh/backend/internal/pickup/pickup_db_test.go,8,strconv,GO_IMPORT,dsh
services/dsh/backend/internal/pickup/pickup_db_test.go,9,testing,GO_IMPORT,dsh
services/dsh/backend/internal/pickup/pickup_db_test.go,10,time,GO_IMPORT,dsh
services/dsh/backend/internal/pickup/pickup_db_test.go,12,github.com/google/uuid,GO_IMPORT,dsh
services/dsh/backend/internal/pickup/pickup_db_test.go,13,github.com/lib/pq,GO_IMPORT,dsh
services/dsh/backend/internal/pickup/reschedule.go,4,context,GO_IMPORT,dsh
services/dsh/backend/internal/pickup/reschedule.go,5,database/sql,GO_IMPORT,dsh
services/dsh/backend/internal/pickup/reschedule.go,6,errors,GO_IMPORT,dsh
services/dsh/backend/internal/pickup/reschedule.go,7,fmt,GO_IMPORT,dsh
services/dsh/backend/internal/pickup/reschedule.go,8,strings,GO_IMPORT,dsh
services/dsh/backend/internal/pickup/reschedule.go,9,time,GO_IMPORT,dsh
services/dsh/backend/internal/pickup/reschedule.go,11,dsh-api/internal/orders,GO_IMPORT,dsh
services/dsh/backend/internal/pickup/reschedule_db_test.go,4,context,GO_IMPORT,dsh
services/dsh/backend/internal/pickup/reschedule_db_test.go,5,errors,GO_IMPORT,dsh
services/dsh/backend/internal/pickup/reschedule_db_test.go,6,testing,GO_IMPORT,dsh
services/dsh/backend/internal/pickup/reschedule_db_test.go,7,time,GO_IMPORT,dsh
services/dsh/backend/internal/pickup/service.go,4,context,GO_IMPORT,dsh
services/dsh/backend/internal/pickup/service.go,5,crypto/rand,GO_IMPORT,dsh
services/dsh/backend/internal/pickup/service.go,6,crypto/sha256,GO_IMPORT,dsh
services/dsh/backend/internal/pickup/service.go,7,crypto/subtle,GO_IMPORT,dsh
services/dsh/backend/internal/pickup/service.go,8,database/sql,GO_IMPORT,dsh
services/dsh/backend/internal/pickup/service.go,9,encoding/hex,GO_IMPORT,dsh
services/dsh/backend/internal/pickup/service.go,10,encoding/json,GO_IMPORT,dsh
services/dsh/backend/internal/pickup/service.go,11,errors,GO_IMPORT,dsh
services/dsh/backend/internal/pickup/service.go,12,fmt,GO_IMPORT,dsh
services/dsh/backend/internal/pickup/service.go,13,math/big,GO_IMPORT,dsh
services/dsh/backend/internal/pickup/service.go,14,strings,GO_IMPORT,dsh
services/dsh/backend/internal/pickup/service.go,15,time,GO_IMPORT,dsh
services/dsh/backend/internal/pickup/service.go,17,dsh-api/internal/operationaloutbox,GO_IMPORT,dsh
services/dsh/backend/internal/pickup/service.go,18,dsh-api/internal/orders,GO_IMPORT,dsh
services/dsh/backend/internal/pickup/sla.go,3,time,GO_IMPORT,dsh
services/dsh/backend/internal/pickup/sla_alerts.go,4,database/sql,GO_IMPORT,dsh
services/dsh/backend/internal/pickup/sla_alerts.go,5,errors,GO_IMPORT,dsh
services/dsh/backend/internal/pickup/sla_alerts.go,6,strings,GO_IMPORT,dsh
services/dsh/backend/internal/pickup/sla_alerts.go,7,time,GO_IMPORT,dsh
services/dsh/backend/internal/platformpolicies/closure_test.go,3,testing,GO_IMPORT,dsh
services/dsh/backend/internal/platformpolicies/dispatch_balance_policy.go,4,context,GO_IMPORT,dsh
services/dsh/backend/internal/platformpolicies/dispatch_balance_policy.go,5,database/sql,GO_IMPORT,dsh
services/dsh/backend/internal/platformpolicies/dispatch_balance_policy.go,6,errors,GO_IMPORT,dsh
services/dsh/backend/internal/platformpolicies/dispatch_balance_policy.go,7,strings,GO_IMPORT,dsh
services/dsh/backend/internal/platformpolicies/dispatch_balance_policy.go,8,time,GO_IMPORT,dsh
services/dsh/backend/internal/platformpolicies/operational_decision.go,4,context,GO_IMPORT,dsh
services/dsh/backend/internal/platformpolicies/operational_decision.go,5,database/sql,GO_IMPORT,dsh
services/dsh/backend/internal/platformpolicies/operational_decision.go,6,encoding/json,GO_IMPORT,dsh
services/dsh/backend/internal/platformpolicies/operational_decision.go,7,errors,GO_IMPORT,dsh
services/dsh/backend/internal/platformpolicies/operational_decision.go,8,math,GO_IMPORT,dsh
services/dsh/backend/internal/platformpolicies/operational_decision.go,9,strings,GO_IMPORT,dsh
services/dsh/backend/internal/platformpolicies/operational_decision.go,10,time,GO_IMPORT,dsh
services/dsh/backend/internal/platformpolicies/operator_context_context_test.go,3,dsh-api/internal/testdb,GO_IMPORT,dsh
services/dsh/backend/internal/platformpolicies/platformpolicies.go,4,context,GO_IMPORT,dsh
services/dsh/backend/internal/platformpolicies/platformpolicies.go,5,database/sql,GO_IMPORT,dsh
services/dsh/backend/internal/platformpolicies/platformpolicies.go,6,errors,GO_IMPORT,dsh
services/dsh/backend/internal/platformpolicies/platformpolicies.go,7,strings,GO_IMPORT,dsh
services/dsh/backend/internal/platformpolicies/platformpolicies.go,8,time,GO_IMPORT,dsh
services/dsh/backend/internal/platformpolicies/platformpolicies_test.go,4,context,GO_IMPORT,dsh
services/dsh/backend/internal/platformpolicies/platformpolicies_test.go,5,testing,GO_IMPORT,dsh
services/dsh/backend/internal/platformpolicies/policies.go,4,context,GO_IMPORT,dsh
services/dsh/backend/internal/platformpolicies/policies.go,5,crypto/sha256,GO_IMPORT,dsh
services/dsh/backend/internal/platformpolicies/policies.go,6,database/sql,GO_IMPORT,dsh
services/dsh/backend/internal/platformpolicies/policies.go,7,encoding/hex,GO_IMPORT,dsh
services/dsh/backend/internal/platformpolicies/policies.go,8,encoding/json,GO_IMPORT,dsh
services/dsh/backend/internal/platformpolicies/policies.go,9,errors,GO_IMPORT,dsh
services/dsh/backend/internal/platformpolicies/policies.go,10,strings,GO_IMPORT,dsh
services/dsh/backend/internal/platformpolicies/policies.go,11,time,GO_IMPORT,dsh
services/dsh/backend/internal/platformpolicies/postgres_test.go,4,context,GO_IMPORT,dsh
services/dsh/backend/internal/platformpolicies/postgres_test.go,5,database/sql,GO_IMPORT,dsh
services/dsh/backend/internal/platformpolicies/postgres_test.go,6,errors,GO_IMPORT,dsh
services/dsh/backend/internal/platformpolicies/postgres_test.go,7,fmt,GO_IMPORT,dsh
services/dsh/backend/internal/platformpolicies/postgres_test.go,8,os,GO_IMPORT,dsh
services/dsh/backend/internal/platformpolicies/postgres_test.go,9,testing,GO_IMPORT,dsh
services/dsh/backend/internal/platformpolicies/postgres_test.go,10,time,GO_IMPORT,dsh
services/dsh/backend/internal/platformpolicies/postgres_test.go,12,github.com/lib/pq,GO_IMPORT,dsh
services/dsh/backend/internal/platformpolicies/profile.go,4,context,GO_IMPORT,dsh
services/dsh/backend/internal/platformpolicies/profile.go,5,database/sql,GO_IMPORT,dsh
services/dsh/backend/internal/platformpolicies/profile.go,6,errors,GO_IMPORT,dsh
services/dsh/backend/internal/platformpolicies/profile.go,7,strings,GO_IMPORT,dsh
services/dsh/backend/internal/platformpolicies/store_effects.go,4,context,GO_IMPORT,dsh
services/dsh/backend/internal/platformpolicies/store_effects.go,5,database/sql,GO_IMPORT,dsh
services/dsh/backend/internal/platformpolicies/store_effects.go,6,errors,GO_IMPORT,dsh
services/dsh/backend/internal/platformpolicies/store_effects.go,7,strings,GO_IMPORT,dsh
services/dsh/backend/internal/platformpolicies/store_effects_test.go,3,testing,GO_IMPORT,dsh
services/dsh/backend/internal/promotionfundingoutbox/outbox.go,4,database/sql,GO_IMPORT,dsh
services/dsh/backend/internal/promotionfundingoutbox/outbox.go,5,fmt,GO_IMPORT,dsh
services/dsh/backend/internal/promotionfundingoutbox/outbox.go,6,strings,GO_IMPORT,dsh
services/dsh/backend/internal/promotionfundingoutbox/outbox.go,7,time,GO_IMPORT,dsh
services/dsh/backend/internal/promotionfundingoutbox/worker.go,4,context,GO_IMPORT,dsh
services/dsh/backend/internal/promotionfundingoutbox/worker.go,5,database/sql,GO_IMPORT,dsh
services/dsh/backend/internal/promotionfundingoutbox/worker.go,6,fmt,GO_IMPORT,dsh
services/dsh/backend/internal/promotionfundingoutbox/worker.go,7,log,GO_IMPORT,dsh
services/dsh/backend/internal/promotionfundingoutbox/worker.go,8,time,GO_IMPORT,dsh
services/dsh/backend/internal/promotionfundingoutbox/worker.go,10,dsh-api/internal/coupons,GO_IMPORT,dsh
services/dsh/backend/internal/promotionfundingoutbox/worker.go,11,dsh-api/internal/wlt,GO_IMPORT,dsh
services/dsh/backend/internal/ratings/pending.go,4,context,GO_IMPORT,dsh
services/dsh/backend/internal/ratings/pending.go,5,database/sql,GO_IMPORT,dsh
services/dsh/backend/internal/ratings/pending.go,6,errors,GO_IMPORT,dsh
services/dsh/backend/internal/ratings/pending.go,7,strings,GO_IMPORT,dsh
services/dsh/backend/internal/ratings/ratings.go,4,context,GO_IMPORT,dsh
services/dsh/backend/internal/ratings/ratings.go,5,database/sql,GO_IMPORT,dsh
services/dsh/backend/internal/ratings/ratings.go,6,errors,GO_IMPORT,dsh
services/dsh/backend/internal/ratings/ratings.go,7,fmt,GO_IMPORT,dsh
services/dsh/backend/internal/ratings/ratings.go,8,strings,GO_IMPORT,dsh
services/dsh/backend/internal/ratings/ratings.go,9,time,GO_IMPORT,dsh
services/dsh/backend/internal/servicearea/effectivity_overlap_db_test.go,4,context,GO_IMPORT,dsh
services/dsh/backend/internal/servicearea/effectivity_overlap_db_test.go,5,database/sql,GO_IMPORT,dsh
services/dsh/backend/internal/servicearea/effectivity_overlap_db_test.go,6,errors,GO_IMPORT,dsh
services/dsh/backend/internal/servicearea/effectivity_overlap_db_test.go,7,fmt,GO_IMPORT,dsh
services/dsh/backend/internal/servicearea/effectivity_overlap_db_test.go,8,os,GO_IMPORT,dsh
services/dsh/backend/internal/servicearea/effectivity_overlap_db_test.go,9,testing,GO_IMPORT,dsh
services/dsh/backend/internal/servicearea/effectivity_overlap_db_test.go,10,time,GO_IMPORT,dsh
services/dsh/backend/internal/servicearea/effectivity_overlap_db_test.go,12,github.com/lib/pq,GO_IMPORT,dsh
services/dsh/backend/internal/servicearea/geofence.go,4,context,GO_IMPORT,dsh
services/dsh/backend/internal/servicearea/geofence.go,5,crypto/sha256,GO_IMPORT,dsh
services/dsh/backend/internal/servicearea/geofence.go,6,database/sql,GO_IMPORT,dsh
services/dsh/backend/internal/servicearea/geofence.go,7,encoding/hex,GO_IMPORT,dsh
services/dsh/backend/internal/servicearea/geofence.go,8,encoding/json,GO_IMPORT,dsh
services/dsh/backend/internal/servicearea/geofence.go,9,errors,GO_IMPORT,dsh
services/dsh/backend/internal/servicearea/geofence.go,10,math,GO_IMPORT,dsh
services/dsh/backend/internal/servicearea/geofence.go,11,regexp,GO_IMPORT,dsh
services/dsh/backend/internal/servicearea/geofence.go,12,strings,GO_IMPORT,dsh
services/dsh/backend/internal/servicearea/geofence.go,13,time,GO_IMPORT,dsh
services/dsh/backend/internal/servicearea/geofence_test.go,3,testing,GO_IMPORT,dsh
services/dsh/backend/internal/servicearea/projection.go,4,context,GO_IMPORT,dsh
services/dsh/backend/internal/servicearea/projection.go,5,database/sql,GO_IMPORT,dsh
services/dsh/backend/internal/servicearea/projection.go,6,errors,GO_IMPORT,dsh
services/dsh/backend/internal/servicearea/projection.go,7,strings,GO_IMPORT,dsh
services/dsh/backend/internal/servicearea/projection_test.go,3,testing,GO_IMPORT,dsh
services/dsh/backend/internal/servicearea/topology.go,4,context,GO_IMPORT,dsh
services/dsh/backend/internal/servicearea/topology.go,5,database/sql,GO_IMPORT,dsh
services/dsh/backend/internal/servicearea/topology.go,6,math,GO_IMPORT,dsh
services/dsh/backend/internal/servicearea/topology_test.go,3,testing,GO_IMPORT,dsh
services/dsh/backend/internal/specialrequests/audit.go,4,database/sql,GO_IMPORT,dsh
services/dsh/backend/internal/specialrequests/audit.go,6,github.com/google/uuid,GO_IMPORT,dsh
services/dsh/backend/internal/specialrequests/execution.go,4,context,GO_IMPORT,dsh
services/dsh/backend/internal/specialrequests/execution.go,5,database/sql,GO_IMPORT,dsh
services/dsh/backend/internal/specialrequests/execution.go,6,errors,GO_IMPORT,dsh
services/dsh/backend/internal/specialrequests/execution.go,7,time,GO_IMPORT,dsh
services/dsh/backend/internal/specialrequests/information_exchange.go,4,context,GO_IMPORT,dsh
services/dsh/backend/internal/specialrequests/information_exchange.go,5,database/sql,GO_IMPORT,dsh
services/dsh/backend/internal/specialrequests/information_exchange.go,6,fmt,GO_IMPORT,dsh
services/dsh/backend/internal/specialrequests/information_exchange.go,7,strings,GO_IMPORT,dsh
services/dsh/backend/internal/specialrequests/information_exchange.go,8,time,GO_IMPORT,dsh
services/dsh/backend/internal/specialrequests/information_exchange.go,10,dsh-api/internal/operationaloutbox,GO_IMPORT,dsh
services/dsh/backend/internal/specialrequests/information_exchange.go,12,github.com/google/uuid,GO_IMPORT,dsh
services/dsh/backend/internal/specialrequests/information_exchange_test.go,3,testing,GO_IMPORT,dsh
services/dsh/backend/internal/specialrequests/service.go,4,context,GO_IMPORT,dsh
services/dsh/backend/internal/specialrequests/service.go,5,encoding/json,GO_IMPORT,dsh
services/dsh/backend/internal/specialrequests/service.go,6,fmt,GO_IMPORT,dsh
services/dsh/backend/internal/specialrequests/service.go,7,log,GO_IMPORT,dsh
services/dsh/backend/internal/specialrequests/service.go,8,net/url,GO_IMPORT,dsh
services/dsh/backend/internal/specialrequests/service.go,9,strings,GO_IMPORT,dsh
services/dsh/backend/internal/specialrequests/service.go,10,time,GO_IMPORT,dsh
services/dsh/backend/internal/specialrequests/service.go,12,dsh-api/internal/operationaloutbox,GO_IMPORT,dsh
services/dsh/backend/internal/specialrequests/service.go,13,dsh-api/internal/wlt,GO_IMPORT,dsh
services/dsh/backend/internal/specialrequests/specialrequests.go,4,context,GO_IMPORT,dsh
services/dsh/backend/internal/specialrequests/specialrequests.go,5,database/sql,GO_IMPORT,dsh
services/dsh/backend/internal/specialrequests/specialrequests.go,6,encoding/json,GO_IMPORT,dsh
services/dsh/backend/internal/specialrequests/specialrequests.go,7,errors,GO_IMPORT,dsh
services/dsh/backend/internal/specialrequests/specialrequests.go,8,fmt,GO_IMPORT,dsh
services/dsh/backend/internal/specialrequests/specialrequests.go,9,time,GO_IMPORT,dsh
services/dsh/backend/internal/specialrequests/specialrequests.go,11,github.com/google/uuid,GO_IMPORT,dsh
services/dsh/backend/internal/specialrequests/specialrequests_db_test.go,4,context,GO_IMPORT,dsh
services/dsh/backend/internal/specialrequests/specialrequests_db_test.go,5,database/sql,GO_IMPORT,dsh
services/dsh/backend/internal/specialrequests/specialrequests_db_test.go,6,errors,GO_IMPORT,dsh
services/dsh/backend/internal/specialrequests/specialrequests_db_test.go,7,os,GO_IMPORT,dsh
services/dsh/backend/internal/specialrequests/specialrequests_db_test.go,8,strconv,GO_IMPORT,dsh
services/dsh/backend/internal/specialrequests/specialrequests_db_test.go,9,testing,GO_IMPORT,dsh
services/dsh/backend/internal/specialrequests/specialrequests_db_test.go,10,time,GO_IMPORT,dsh
services/dsh/backend/internal/specialrequests/specialrequests_db_test.go,12,github.com/google/uuid,GO_IMPORT,dsh
services/dsh/backend/internal/specialrequests/specialrequests_db_test.go,13,github.com/lib/pq,GO_IMPORT,dsh
services/dsh/backend/internal/specialrequests/wlt_payment.go,4,context,GO_IMPORT,dsh
services/dsh/backend/internal/specialrequests/wlt_payment.go,5,database/sql,GO_IMPORT,dsh
services/dsh/backend/internal/specialrequests/wlt_payment.go,6,errors,GO_IMPORT,dsh
services/dsh/backend/internal/specialrequests/wlt_payment.go,7,fmt,GO_IMPORT,dsh
services/dsh/backend/internal/specialrequests/workflow_stages_test.go,3,testing,GO_IMPORT,dsh
services/dsh/backend/internal/store/governance.go,4,context,GO_IMPORT,dsh
services/dsh/backend/internal/store/governance.go,5,crypto/sha256,GO_IMPORT,dsh
services/dsh/backend/internal/store/governance.go,6,database/sql,GO_IMPORT,dsh
services/dsh/backend/internal/store/governance.go,7,encoding/hex,GO_IMPORT,dsh
services/dsh/backend/internal/store/governance.go,8,encoding/json,GO_IMPORT,dsh
services/dsh/backend/internal/store/governance.go,9,errors,GO_IMPORT,dsh
services/dsh/backend/internal/store/governance.go,10,fmt,GO_IMPORT,dsh
services/dsh/backend/internal/store/governance.go,11,strings,GO_IMPORT,dsh
services/dsh/backend/internal/store/governance.go,12,time,GO_IMPORT,dsh
services/dsh/backend/internal/store/governance.go,14,dsh-api/internal/workforceclient,GO_IMPORT,dsh
services/dsh/backend/internal/store/governance_db_test.go,4,context,GO_IMPORT,dsh
services/dsh/backend/internal/store/governance_db_test.go,5,database/sql,GO_IMPORT,dsh
services/dsh/backend/internal/store/governance_db_test.go,6,errors,GO_IMPORT,dsh
services/dsh/backend/internal/store/governance_db_test.go,7,os,GO_IMPORT,dsh
services/dsh/backend/internal/store/governance_db_test.go,8,strconv,GO_IMPORT,dsh
services/dsh/backend/internal/store/governance_db_test.go,9,testing,GO_IMPORT,dsh
services/dsh/backend/internal/store/governance_db_test.go,10,time,GO_IMPORT,dsh
services/dsh/backend/internal/store/governance_db_test.go,12,github.com/lib/pq,GO_IMPORT,dsh
services/dsh/backend/internal/store/governance_scope_test.go,4,context,GO_IMPORT,dsh
services/dsh/backend/internal/store/governance_scope_test.go,5,testing,GO_IMPORT,dsh
services/dsh/backend/internal/store/governance_test.go,3,testing,GO_IMPORT,dsh
services/dsh/backend/internal/store/handler.go,4,crypto/subtle,GO_IMPORT,dsh
services/dsh/backend/internal/store/handler.go,5,database/sql,GO_IMPORT,dsh
services/dsh/backend/internal/store/handler.go,6,encoding/json,GO_IMPORT,dsh
services/dsh/backend/internal/store/handler.go,7,net/http,GO_IMPORT,dsh
services/dsh/backend/internal/store/handler.go,8,net/url,GO_IMPORT,dsh
services/dsh/backend/internal/store/handler.go,9,os,GO_IMPORT,dsh
services/dsh/backend/internal/store/handler.go,10,strconv,GO_IMPORT,dsh
services/dsh/backend/internal/store/model.go,3,time,GO_IMPORT,dsh
services/dsh/backend/internal/store/operator_context_context_test.go,3,dsh-api/internal/testdb,GO_IMPORT,dsh
services/dsh/backend/internal/store/operator_context_repository.go,4,context,GO_IMPORT,dsh
services/dsh/backend/internal/store/operator_context_repository.go,5,database/sql,GO_IMPORT,dsh
services/dsh/backend/internal/store/operator_context_repository.go,6,errors,GO_IMPORT,dsh
services/dsh/backend/internal/store/operator_context_repository.go,7,fmt,GO_IMPORT,dsh
services/dsh/backend/internal/store/operator_context_repository.go,8,strings,GO_IMPORT,dsh
services/dsh/backend/internal/store/publication.go,4,fmt,GO_IMPORT,dsh
services/dsh/backend/internal/store/publication.go,5,strings,GO_IMPORT,dsh
services/dsh/backend/internal/store/publication_diagnostics.go,3,strings,GO_IMPORT,dsh
services/dsh/backend/internal/store/publication_diagnostics_test.go,4,strings,GO_IMPORT,dsh
services/dsh/backend/internal/store/publication_diagnostics_test.go,5,testing,GO_IMPORT,dsh
services/dsh/backend/internal/store/publication_test.go,4,strings,GO_IMPORT,dsh
services/dsh/backend/internal/store/publication_test.go,5,testing,GO_IMPORT,dsh
services/dsh/backend/internal/store/repository.go,4,context,GO_IMPORT,dsh
services/dsh/backend/internal/store/repository.go,5,database/sql,GO_IMPORT,dsh
services/dsh/backend/internal/store/repository.go,6,encoding/json,GO_IMPORT,dsh
services/dsh/backend/internal/store/repository.go,7,fmt,GO_IMPORT,dsh
services/dsh/backend/internal/store/repository.go,8,strings,GO_IMPORT,dsh
services/dsh/backend/internal/store/repository.go,9,time,GO_IMPORT,dsh
services/dsh/backend/internal/store/repository.go,11,github.com/lib/pq,GO_IMPORT,dsh
services/dsh/backend/internal/store/store_context_test.go,4,testing,GO_IMPORT,dsh
services/dsh/backend/internal/store/store_context_test.go,5,time,GO_IMPORT,dsh
services/dsh/backend/internal/store/store_test.go,4,net/url,GO_IMPORT,dsh
services/dsh/backend/internal/store/store_test.go,5,testing,GO_IMPORT,dsh
services/dsh/backend/internal/store/store_test.go,6,time,GO_IMPORT,dsh
services/dsh/backend/internal/support/actor.go,4,database/sql,GO_IMPORT,dsh
services/dsh/backend/internal/support/actor.go,5,errors,GO_IMPORT,dsh
services/dsh/backend/internal/support/actor.go,6,strings,GO_IMPORT,dsh
services/dsh/backend/internal/support/governed.go,4,database/sql,GO_IMPORT,dsh
services/dsh/backend/internal/support/governed.go,5,errors,GO_IMPORT,dsh
services/dsh/backend/internal/support/governed.go,6,strings,GO_IMPORT,dsh
services/dsh/backend/internal/support/governed.go,7,time,GO_IMPORT,dsh
services/dsh/backend/internal/support/incident_governance.go,4,database/sql,GO_IMPORT,dsh
services/dsh/backend/internal/support/incident_governance.go,5,errors,GO_IMPORT,dsh
services/dsh/backend/internal/support/incident_governance.go,6,strings,GO_IMPORT,dsh
services/dsh/backend/internal/support/incident_governance.go,7,time,GO_IMPORT,dsh
services/dsh/backend/internal/support/incident_governance_test.go,3,testing,GO_IMPORT,dsh
services/dsh/backend/internal/support/message_delivery.go,4,database/sql,GO_IMPORT,dsh
services/dsh/backend/internal/support/message_delivery.go,5,errors,GO_IMPORT,dsh
services/dsh/backend/internal/support/message_delivery.go,6,strings,GO_IMPORT,dsh
services/dsh/backend/internal/support/message_delivery.go,7,time,GO_IMPORT,dsh
services/dsh/backend/internal/support/message_delivery_test.go,4,errors,GO_IMPORT,dsh
services/dsh/backend/internal/support/message_delivery_test.go,5,testing,GO_IMPORT,dsh
services/dsh/backend/internal/support/order_rescue.go,4,database/sql,GO_IMPORT,dsh
services/dsh/backend/internal/support/order_rescue.go,5,errors,GO_IMPORT,dsh
services/dsh/backend/internal/support/order_rescue.go,6,strings,GO_IMPORT,dsh
services/dsh/backend/internal/support/order_rescue.go,7,time,GO_IMPORT,dsh
services/dsh/backend/internal/support/order_rescue_test.go,3,testing,GO_IMPORT,dsh
services/dsh/backend/internal/support/partner.go,4,database/sql,GO_IMPORT,dsh
services/dsh/backend/internal/support/partner.go,5,errors,GO_IMPORT,dsh
services/dsh/backend/internal/support/partner.go,6,strings,GO_IMPORT,dsh
services/dsh/backend/internal/support/rich_message_media.go,4,database/sql,GO_IMPORT,dsh
services/dsh/backend/internal/support/rich_message_media.go,5,errors,GO_IMPORT,dsh
services/dsh/backend/internal/support/rich_message_media.go,6,strings,GO_IMPORT,dsh
services/dsh/backend/internal/support/rich_message_media.go,7,time,GO_IMPORT,dsh
services/dsh/backend/internal/support/rich_message_media_test.go,3,testing,GO_IMPORT,dsh
services/dsh/backend/internal/support/support.go,4,database/sql,GO_IMPORT,dsh
services/dsh/backend/internal/support/support.go,5,errors,GO_IMPORT,dsh
services/dsh/backend/internal/support/support.go,6,time,GO_IMPORT,dsh
services/dsh/backend/internal/support/support_test.go,3,testing,GO_IMPORT,dsh
services/dsh/backend/internal/supportsession/client.go,4,bytes,GO_IMPORT,dsh
services/dsh/backend/internal/supportsession/client.go,5,context,GO_IMPORT,dsh
services/dsh/backend/internal/supportsession/client.go,6,encoding/json,GO_IMPORT,dsh
services/dsh/backend/internal/supportsession/client.go,7,errors,GO_IMPORT,dsh
services/dsh/backend/internal/supportsession/client.go,8,fmt,GO_IMPORT,dsh
services/dsh/backend/internal/supportsession/client.go,9,io,GO_IMPORT,dsh
services/dsh/backend/internal/supportsession/client.go,10,net/http,GO_IMPORT,dsh
services/dsh/backend/internal/supportsession/client.go,11,strings,GO_IMPORT,dsh
services/dsh/backend/internal/supportsession/client.go,12,time,GO_IMPORT,dsh
services/dsh/backend/internal/supportsession/repository.go,4,context,GO_IMPORT,dsh
services/dsh/backend/internal/supportsession/repository.go,5,database/sql,GO_IMPORT,dsh
services/dsh/backend/internal/supportsession/repository.go,6,errors,GO_IMPORT,dsh
services/dsh/backend/internal/supportsession/repository.go,7,strings,GO_IMPORT,dsh
services/dsh/backend/internal/supportsession/repository.go,8,time,GO_IMPORT,dsh
services/dsh/backend/internal/testdb/operator_context_context.go,4,fmt,GO_IMPORT,dsh
services/dsh/backend/internal/testdb/operator_context_context.go,5,os,GO_IMPORT,dsh
services/dsh/backend/internal/testdb/operator_context_context.go,6,regexp,GO_IMPORT,dsh
services/dsh/backend/internal/testdb/operator_context_context.go,7,strings,GO_IMPORT,dsh
services/dsh/backend/internal/testdb/operator_context_context_test.go,4,os,GO_IMPORT,dsh
services/dsh/backend/internal/testdb/operator_context_context_test.go,5,strings,GO_IMPORT,dsh
services/dsh/backend/internal/testdb/operator_context_context_test.go,6,testing,GO_IMPORT,dsh
services/dsh/backend/internal/wlt/actor_finance_client.go,4,bytes,GO_IMPORT,dsh
services/dsh/backend/internal/wlt/actor_finance_client.go,5,context,GO_IMPORT,dsh
services/dsh/backend/internal/wlt/actor_finance_client.go,6,fmt,GO_IMPORT,dsh
services/dsh/backend/internal/wlt/actor_finance_client.go,7,io,GO_IMPORT,dsh
services/dsh/backend/internal/wlt/actor_finance_client.go,8,net/http,GO_IMPORT,dsh
services/dsh/backend/internal/wlt/actor_finance_client.go,9,net/url,GO_IMPORT,dsh
services/dsh/backend/internal/wlt/actor_finance_client.go,10,strings,GO_IMPORT,dsh
services/dsh/backend/internal/wlt/analytics_read.go,4,context,GO_IMPORT,dsh
services/dsh/backend/internal/wlt/analytics_read.go,5,encoding/json,GO_IMPORT,dsh
services/dsh/backend/internal/wlt/analytics_read.go,6,fmt,GO_IMPORT,dsh
services/dsh/backend/internal/wlt/analytics_read.go,7,time,GO_IMPORT,dsh
services/dsh/backend/internal/wlt/analytics_read_test.go,4,context,GO_IMPORT,dsh
services/dsh/backend/internal/wlt/analytics_read_test.go,5,net/http,GO_IMPORT,dsh
services/dsh/backend/internal/wlt/analytics_read_test.go,6,net/http/httptest,GO_IMPORT,dsh
services/dsh/backend/internal/wlt/analytics_read_test.go,7,testing,GO_IMPORT,dsh
services/dsh/backend/internal/wlt/cancel_for_order.go,4,bytes,GO_IMPORT,dsh
services/dsh/backend/internal/wlt/cancel_for_order.go,5,context,GO_IMPORT,dsh
services/dsh/backend/internal/wlt/cancel_for_order.go,6,encoding/json,GO_IMPORT,dsh
services/dsh/backend/internal/wlt/cancel_for_order.go,7,fmt,GO_IMPORT,dsh
services/dsh/backend/internal/wlt/cancel_for_order.go,8,net/http,GO_IMPORT,dsh
services/dsh/backend/internal/wlt/cancel_for_order.go,9,strings,GO_IMPORT,dsh
services/dsh/backend/internal/wlt/cancel_for_order_test.go,4,context,GO_IMPORT,dsh
services/dsh/backend/internal/wlt/cancel_for_order_test.go,5,encoding/json,GO_IMPORT,dsh
services/dsh/backend/internal/wlt/cancel_for_order_test.go,6,net/http,GO_IMPORT,dsh
services/dsh/backend/internal/wlt/cancel_for_order_test.go,7,net/http/httptest,GO_IMPORT,dsh
services/dsh/backend/internal/wlt/cancel_for_order_test.go,8,strings,GO_IMPORT,dsh
services/dsh/backend/internal/wlt/cancel_for_order_test.go,9,testing,GO_IMPORT,dsh
services/dsh/backend/internal/wlt/client.go,4,bytes,GO_IMPORT,dsh
services/dsh/backend/internal/wlt/client.go,5,context,GO_IMPORT,dsh
services/dsh/backend/internal/wlt/client.go,6,encoding/json,GO_IMPORT,dsh
services/dsh/backend/internal/wlt/client.go,7,errors,GO_IMPORT,dsh
services/dsh/backend/internal/wlt/client.go,8,fmt,GO_IMPORT,dsh
services/dsh/backend/internal/wlt/client.go,9,net/http,GO_IMPORT,dsh
services/dsh/backend/internal/wlt/client.go,10,net/url,GO_IMPORT,dsh
services/dsh/backend/internal/wlt/client.go,11,strings,GO_IMPORT,dsh
services/dsh/backend/internal/wlt/client.go,12,time,GO_IMPORT,dsh
services/dsh/backend/internal/wlt/client_resilience_test.go,4,context,GO_IMPORT,dsh
services/dsh/backend/internal/wlt/client_resilience_test.go,5,net/http,GO_IMPORT,dsh
services/dsh/backend/internal/wlt/client_resilience_test.go,6,net/http/httptest,GO_IMPORT,dsh
services/dsh/backend/internal/wlt/client_resilience_test.go,7,strings,GO_IMPORT,dsh
services/dsh/backend/internal/wlt/client_resilience_test.go,8,testing,GO_IMPORT,dsh
services/dsh/backend/internal/wlt/client_resilience_test.go,9,time,GO_IMPORT,dsh
services/dsh/backend/internal/wlt/client_test.go,4,context,GO_IMPORT,dsh
services/dsh/backend/internal/wlt/client_test.go,5,encoding/json,GO_IMPORT,dsh
services/dsh/backend/internal/wlt/client_test.go,6,net/http,GO_IMPORT,dsh
services/dsh/backend/internal/wlt/client_test.go,7,net/http/httptest,GO_IMPORT,dsh
services/dsh/backend/internal/wlt/client_test.go,8,strings,GO_IMPORT,dsh
services/dsh/backend/internal/wlt/client_test.go,9,testing,GO_IMPORT,dsh
services/dsh/backend/internal/wlt/commercial.go,4,bytes,GO_IMPORT,dsh
services/dsh/backend/internal/wlt/commercial.go,5,context,GO_IMPORT,dsh
services/dsh/backend/internal/wlt/commercial.go,6,encoding/json,GO_IMPORT,dsh
services/dsh/backend/internal/wlt/commercial.go,7,fmt,GO_IMPORT,dsh
services/dsh/backend/internal/wlt/commercial.go,8,io,GO_IMPORT,dsh
services/dsh/backend/internal/wlt/commercial.go,9,net/http,GO_IMPORT,dsh
services/dsh/backend/internal/wlt/commercial.go,10,net/url,GO_IMPORT,dsh
services/dsh/backend/internal/wlt/commercial.go,11,strings,GO_IMPORT,dsh
services/dsh/backend/internal/wlt/commission_client.go,4,bytes,GO_IMPORT,dsh
services/dsh/backend/internal/wlt/commission_client.go,5,context,GO_IMPORT,dsh
services/dsh/backend/internal/wlt/commission_client.go,6,fmt,GO_IMPORT,dsh
services/dsh/backend/internal/wlt/commission_client.go,7,io,GO_IMPORT,dsh
services/dsh/backend/internal/wlt/commission_client.go,8,net/http,GO_IMPORT,dsh
services/dsh/backend/internal/wlt/commission_client.go,9,net/url,GO_IMPORT,dsh
services/dsh/backend/internal/wlt/commission_client.go,10,strings,GO_IMPORT,dsh
services/dsh/backend/internal/wlt/commission_client_test.go,4,context,GO_IMPORT,dsh
services/dsh/backend/internal/wlt/commission_client_test.go,5,io,GO_IMPORT,dsh
services/dsh/backend/internal/wlt/commission_client_test.go,6,net/http,GO_IMPORT,dsh
services/dsh/backend/internal/wlt/commission_client_test.go,7,net/http/httptest,GO_IMPORT,dsh
services/dsh/backend/internal/wlt/commission_client_test.go,8,testing,GO_IMPORT,dsh
services/dsh/backend/internal/wlt/dispatch_financial_eligibility.go,4,bytes,GO_IMPORT,dsh
services/dsh/backend/internal/wlt/dispatch_financial_eligibility.go,5,context,GO_IMPORT,dsh
services/dsh/backend/internal/wlt/dispatch_financial_eligibility.go,6,encoding/json,GO_IMPORT,dsh
services/dsh/backend/internal/wlt/dispatch_financial_eligibility.go,7,errors,GO_IMPORT,dsh
services/dsh/backend/internal/wlt/dispatch_financial_eligibility.go,8,fmt,GO_IMPORT,dsh
services/dsh/backend/internal/wlt/dispatch_financial_eligibility.go,9,io,GO_IMPORT,dsh
services/dsh/backend/internal/wlt/dispatch_financial_eligibility.go,10,net/http,GO_IMPORT,dsh
services/dsh/backend/internal/wlt/dispatch_financial_eligibility.go,11,strings,GO_IMPORT,dsh
services/dsh/backend/internal/wlt/dispatch_financial_eligibility.go,12,time,GO_IMPORT,dsh
services/dsh/backend/internal/wlt/dispatch_financial_eligibility_test.go,4,context,GO_IMPORT,dsh
services/dsh/backend/internal/wlt/dispatch_financial_eligibility_test.go,5,encoding/json,GO_IMPORT,dsh
services/dsh/backend/internal/wlt/dispatch_financial_eligibility_test.go,6,errors,GO_IMPORT,dsh
services/dsh/backend/internal/wlt/dispatch_financial_eligibility_test.go,7,net/http,GO_IMPORT,dsh
services/dsh/backend/internal/wlt/dispatch_financial_eligibility_test.go,8,net/http/httptest,GO_IMPORT,dsh
services/dsh/backend/internal/wlt/dispatch_financial_eligibility_test.go,9,testing,GO_IMPORT,dsh
services/dsh/backend/internal/wlt/dispatch_financial_eligibility_test.go,10,time,GO_IMPORT,dsh
services/dsh/backend/internal/wlt/field_category_commission.go,4,bytes,GO_IMPORT,dsh
services/dsh/backend/internal/wlt/field_category_commission.go,5,context,GO_IMPORT,dsh
services/dsh/backend/internal/wlt/field_category_commission.go,6,crypto/sha256,GO_IMPORT,dsh
services/dsh/backend/internal/wlt/field_category_commission.go,7,encoding/hex,GO_IMPORT,dsh
services/dsh/backend/internal/wlt/field_category_commission.go,8,encoding/json,GO_IMPORT,dsh
services/dsh/backend/internal/wlt/field_category_commission.go,9,fmt,GO_IMPORT,dsh
services/dsh/backend/internal/wlt/field_category_commission.go,10,net/http,GO_IMPORT,dsh
services/dsh/backend/internal/wlt/field_category_commission.go,11,strings,GO_IMPORT,dsh
services/dsh/backend/internal/wlt/finance_proxy.go,4,bytes,GO_IMPORT,dsh
services/dsh/backend/internal/wlt/finance_proxy.go,5,context,GO_IMPORT,dsh
services/dsh/backend/internal/wlt/finance_proxy.go,6,fmt,GO_IMPORT,dsh
services/dsh/backend/internal/wlt/finance_proxy.go,7,io,GO_IMPORT,dsh
services/dsh/backend/internal/wlt/finance_proxy.go,8,net/http,GO_IMPORT,dsh
services/dsh/backend/internal/wlt/finance_proxy.go,9,net/url,GO_IMPORT,dsh
services/dsh/backend/internal/wlt/finance_proxy.go,10,strings,GO_IMPORT,dsh
services/dsh/backend/internal/wlt/finance_proxy_allowlist_test.go,3,testing,GO_IMPORT,dsh
services/dsh/backend/internal/wlt/loyalty.go,4,context,GO_IMPORT,dsh
services/dsh/backend/internal/wlt/loyalty.go,5,net/http,GO_IMPORT,dsh
services/dsh/backend/internal/wlt/loyalty.go,6,strings,GO_IMPORT,dsh
services/dsh/backend/internal/wlt/mutation_headers.go,4,crypto/sha256,GO_IMPORT,dsh
services/dsh/backend/internal/wlt/mutation_headers.go,5,encoding/hex,GO_IMPORT,dsh
services/dsh/backend/internal/wlt/mutation_headers.go,6,fmt,GO_IMPORT,dsh
services/dsh/backend/internal/wlt/mutation_headers.go,7,net/http,GO_IMPORT,dsh
services/dsh/backend/internal/wlt/mutation_headers.go,8,strings,GO_IMPORT,dsh
services/dsh/backend/internal/wlt/mutation_headers_test.go,4,context,GO_IMPORT,dsh
services/dsh/backend/internal/wlt/mutation_headers_test.go,5,encoding/json,GO_IMPORT,dsh
services/dsh/backend/internal/wlt/mutation_headers_test.go,6,io,GO_IMPORT,dsh
services/dsh/backend/internal/wlt/mutation_headers_test.go,7,net/http,GO_IMPORT,dsh
services/dsh/backend/internal/wlt/mutation_headers_test.go,8,net/http/httptest,GO_IMPORT,dsh
services/dsh/backend/internal/wlt/mutation_headers_test.go,9,strings,GO_IMPORT,dsh
services/dsh/backend/internal/wlt/mutation_headers_test.go,10,testing,GO_IMPORT,dsh
services/dsh/backend/internal/wlt/operator_context_context.go,4,context,GO_IMPORT,dsh
services/dsh/backend/internal/wlt/operator_context_context.go,5,fmt,GO_IMPORT,dsh
services/dsh/backend/internal/wlt/operator_context_context.go,6,net/http,GO_IMPORT,dsh
services/dsh/backend/internal/wlt/operator_context_context.go,7,strings,GO_IMPORT,dsh
services/dsh/backend/internal/wlt/payment_scope_transport_test.go,4,encoding/json,GO_IMPORT,dsh
services/dsh/backend/internal/wlt/payment_scope_transport_test.go,5,net/http,GO_IMPORT,dsh
services/dsh/backend/internal/wlt/payment_scope_transport_test.go,6,net/http/httptest,GO_IMPORT,dsh
services/dsh/backend/internal/wlt/payment_scope_transport_test.go,7,testing,GO_IMPORT,dsh
services/dsh/backend/internal/wlt/payment_session.go,4,context,GO_IMPORT,dsh
services/dsh/backend/internal/wlt/payment_session.go,5,encoding/json,GO_IMPORT,dsh
services/dsh/backend/internal/wlt/payment_session.go,6,errors,GO_IMPORT,dsh
services/dsh/backend/internal/wlt/payment_session.go,7,fmt,GO_IMPORT,dsh
services/dsh/backend/internal/wlt/payment_session.go,8,net/http,GO_IMPORT,dsh
services/dsh/backend/internal/wlt/payment_session.go,9,strings,GO_IMPORT,dsh
services/dsh/backend/internal/wlt/payment_session.go,10,time,GO_IMPORT,dsh
services/dsh/backend/internal/wlt/payment_session_test.go,4,context,GO_IMPORT,dsh
services/dsh/backend/internal/wlt/payment_session_test.go,5,net/http,GO_IMPORT,dsh
services/dsh/backend/internal/wlt/payment_session_test.go,6,net/http/httptest,GO_IMPORT,dsh
services/dsh/backend/internal/wlt/payment_session_test.go,7,testing,GO_IMPORT,dsh
services/dsh/backend/internal/wlt/payment_session_test.go,8,time,GO_IMPORT,dsh
services/dsh/backend/internal/wlt/payment_sessions.go,4,context,GO_IMPORT,dsh
services/dsh/backend/internal/wlt/payment_sessions.go,5,fmt,GO_IMPORT,dsh
services/dsh/backend/internal/wlt/payment_sessions.go,6,io,GO_IMPORT,dsh
services/dsh/backend/internal/wlt/payment_sessions.go,7,net/http,GO_IMPORT,dsh
services/dsh/backend/internal/wlt/payment_sessions.go,8,net/url,GO_IMPORT,dsh
services/dsh/backend/internal/wlt/payment_sessions.go,9,strings,GO_IMPORT,dsh
services/dsh/backend/internal/wlt/payment_sessions_test.go,4,context,GO_IMPORT,dsh
services/dsh/backend/internal/wlt/payment_sessions_test.go,5,net/http,GO_IMPORT,dsh
services/dsh/backend/internal/wlt/payment_sessions_test.go,6,net/http/httptest,GO_IMPORT,dsh
services/dsh/backend/internal/wlt/payment_sessions_test.go,7,strings,GO_IMPORT,dsh
services/dsh/backend/internal/wlt/payment_sessions_test.go,8,testing,GO_IMPORT,dsh
services/dsh/backend/internal/wlt/payout_destination.go,4,bytes,GO_IMPORT,dsh
services/dsh/backend/internal/wlt/payout_destination.go,5,context,GO_IMPORT,dsh
services/dsh/backend/internal/wlt/payout_destination.go,6,encoding/json,GO_IMPORT,dsh
services/dsh/backend/internal/wlt/payout_destination.go,7,errors,GO_IMPORT,dsh
services/dsh/backend/internal/wlt/payout_destination.go,8,fmt,GO_IMPORT,dsh
services/dsh/backend/internal/wlt/payout_destination.go,9,net/http,GO_IMPORT,dsh
services/dsh/backend/internal/wlt/payout_destination.go,10,net/url,GO_IMPORT,dsh
services/dsh/backend/internal/wlt/payout_destination.go,11,strings,GO_IMPORT,dsh
services/dsh/backend/internal/wlt/payout_destination_contract_test.go,4,context,GO_IMPORT,dsh
services/dsh/backend/internal/wlt/payout_destination_contract_test.go,5,encoding/json,GO_IMPORT,dsh
services/dsh/backend/internal/wlt/payout_destination_contract_test.go,6,net/http,GO_IMPORT,dsh
services/dsh/backend/internal/wlt/payout_destination_contract_test.go,7,net/http/httptest,GO_IMPORT,dsh
services/dsh/backend/internal/wlt/payout_destination_contract_test.go,8,os,GO_IMPORT,dsh
services/dsh/backend/internal/wlt/payout_destination_contract_test.go,9,path/filepath,GO_IMPORT,dsh
services/dsh/backend/internal/wlt/payout_destination_contract_test.go,10,strings,GO_IMPORT,dsh
services/dsh/backend/internal/wlt/payout_destination_contract_test.go,11,testing,GO_IMPORT,dsh
services/dsh/backend/internal/wlt/promotion_funding.go,4,bytes,GO_IMPORT,dsh
services/dsh/backend/internal/wlt/promotion_funding.go,5,context,GO_IMPORT,dsh
services/dsh/backend/internal/wlt/promotion_funding.go,6,encoding/json,GO_IMPORT,dsh
services/dsh/backend/internal/wlt/promotion_funding.go,7,fmt,GO_IMPORT,dsh
services/dsh/backend/internal/wlt/promotion_funding.go,8,net/http,GO_IMPORT,dsh
services/dsh/backend/internal/wlt/promotion_funding.go,9,net/url,GO_IMPORT,dsh
services/dsh/backend/internal/wlt/promotion_funding.go,10,strings,GO_IMPORT,dsh
services/dsh/backend/internal/wlt/promotion_funding_outbox.go,4,bytes,GO_IMPORT,dsh
services/dsh/backend/internal/wlt/promotion_funding_outbox.go,5,context,GO_IMPORT,dsh
services/dsh/backend/internal/wlt/promotion_funding_outbox.go,6,encoding/json,GO_IMPORT,dsh
services/dsh/backend/internal/wlt/promotion_funding_outbox.go,7,fmt,GO_IMPORT,dsh
services/dsh/backend/internal/wlt/promotion_funding_outbox.go,8,net/http,GO_IMPORT,dsh
services/dsh/backend/internal/wlt/promotion_funding_outbox.go,9,net/url,GO_IMPORT,dsh
services/dsh/backend/internal/wlt/promotion_funding_outbox.go,10,strings,GO_IMPORT,dsh
services/dsh/backend/internal/wlt/promotion_funding_read.go,4,context,GO_IMPORT,dsh
services/dsh/backend/internal/wlt/promotion_funding_read.go,5,encoding/json,GO_IMPORT,dsh
services/dsh/backend/internal/wlt/promotion_funding_read.go,6,fmt,GO_IMPORT,dsh
services/dsh/backend/internal/wlt/promotion_funding_read.go,7,net/http,GO_IMPORT,dsh
services/dsh/backend/internal/wlt/promotion_funding_read.go,8,net/url,GO_IMPORT,dsh
services/dsh/backend/internal/wlt/promotion_funding_read.go,9,strings,GO_IMPORT,dsh
services/dsh/backend/internal/wlt/promotion_funding_validation.go,4,fmt,GO_IMPORT,dsh
services/dsh/backend/internal/wlt/promotion_funding_validation.go,5,strings,GO_IMPORT,dsh
services/dsh/backend/internal/wlt/promotion_funding_validation_test.go,3,testing,GO_IMPORT,dsh
services/dsh/backend/internal/wlt/refund_proxy.go,4,bytes,GO_IMPORT,dsh
services/dsh/backend/internal/wlt/refund_proxy.go,5,context,GO_IMPORT,dsh
services/dsh/backend/internal/wlt/refund_proxy.go,6,fmt,GO_IMPORT,dsh
services/dsh/backend/internal/wlt/refund_proxy.go,7,io,GO_IMPORT,dsh
services/dsh/backend/internal/wlt/refund_proxy.go,8,net/http,GO_IMPORT,dsh
services/dsh/backend/internal/wlt/refund_proxy.go,9,strings,GO_IMPORT,dsh
services/dsh/backend/internal/wlt/representative_wallet_test.go,4,context,GO_IMPORT,dsh
services/dsh/backend/internal/wlt/representative_wallet_test.go,5,net/http,GO_IMPORT,dsh
services/dsh/backend/internal/wlt/representative_wallet_test.go,6,net/http/httptest,GO_IMPORT,dsh
services/dsh/backend/internal/wlt/representative_wallet_test.go,7,testing,GO_IMPORT,dsh
services/dsh/backend/internal/wlt/settlement_client.go,4,bytes,GO_IMPORT,dsh
services/dsh/backend/internal/wlt/settlement_client.go,5,context,GO_IMPORT,dsh
services/dsh/backend/internal/wlt/settlement_client.go,6,fmt,GO_IMPORT,dsh
services/dsh/backend/internal/wlt/settlement_client.go,7,io,GO_IMPORT,dsh
services/dsh/backend/internal/wlt/settlement_client.go,8,net/http,GO_IMPORT,dsh
services/dsh/backend/internal/wlt/settlement_client.go,9,net/url,GO_IMPORT,dsh
services/dsh/backend/internal/wlt/settlement_client.go,10,strings,GO_IMPORT,dsh
services/dsh/backend/internal/wlt/subscription_lifecycle.go,4,context,GO_IMPORT,dsh
services/dsh/backend/internal/wlt/subscription_lifecycle.go,5,net/http,GO_IMPORT,dsh
services/dsh/backend/internal/wlt/subscription_lifecycle.go,6,net/url,GO_IMPORT,dsh
services/dsh/backend/internal/wlt/subscription_lifecycle.go,7,strings,GO_IMPORT,dsh
services/dsh/backend/internal/wlt/subscription_payment_bound.go,3,context,GO_IMPORT,dsh
services/dsh/backend/internal/wlt/subscription_purchase.go,4,bytes,GO_IMPORT,dsh
services/dsh/backend/internal/wlt/subscription_purchase.go,5,context,GO_IMPORT,dsh
services/dsh/backend/internal/wlt/subscription_purchase.go,6,encoding/json,GO_IMPORT,dsh
services/dsh/backend/internal/wlt/subscription_purchase.go,7,fmt,GO_IMPORT,dsh
services/dsh/backend/internal/wlt/subscription_purchase.go,8,io,GO_IMPORT,dsh
services/dsh/backend/internal/wlt/subscription_purchase.go,9,net/http,GO_IMPORT,dsh
services/dsh/backend/internal/wlt/subscription_purchase.go,10,net/url,GO_IMPORT,dsh
services/dsh/backend/internal/wlt/subscription_purchase.go,11,strings,GO_IMPORT,dsh
services/dsh/backend/internal/wltoutbox/operator_context_context_test.go,3,dsh-api/internal/testdb,GO_IMPORT,dsh
services/dsh/backend/internal/wltoutbox/wltoutbox.go,4,database/sql,GO_IMPORT,dsh
services/dsh/backend/internal/wltoutbox/wltoutbox.go,5,encoding/json,GO_IMPORT,dsh
services/dsh/backend/internal/wltoutbox/wltoutbox.go,6,errors,GO_IMPORT,dsh
services/dsh/backend/internal/wltoutbox/wltoutbox.go,7,fmt,GO_IMPORT,dsh
services/dsh/backend/internal/wltoutbox/wltoutbox.go,8,strings,GO_IMPORT,dsh
services/dsh/backend/internal/wltoutbox/wltoutbox.go,9,time,GO_IMPORT,dsh
services/dsh/backend/internal/wltoutbox/wltoutbox_db_test.go,4,context,GO_IMPORT,dsh
services/dsh/backend/internal/wltoutbox/wltoutbox_db_test.go,5,database/sql,GO_IMPORT,dsh
services/dsh/backend/internal/wltoutbox/wltoutbox_db_test.go,6,errors,GO_IMPORT,dsh
services/dsh/backend/internal/wltoutbox/wltoutbox_db_test.go,7,os,GO_IMPORT,dsh
services/dsh/backend/internal/wltoutbox/wltoutbox_db_test.go,8,strconv,GO_IMPORT,dsh
services/dsh/backend/internal/wltoutbox/wltoutbox_db_test.go,9,testing,GO_IMPORT,dsh
services/dsh/backend/internal/wltoutbox/wltoutbox_db_test.go,10,time,GO_IMPORT,dsh
services/dsh/backend/internal/wltoutbox/wltoutbox_db_test.go,12,github.com/lib/pq,GO_IMPORT,dsh
services/dsh/backend/internal/wltoutbox/worker.go,4,context,GO_IMPORT,dsh
services/dsh/backend/internal/wltoutbox/worker.go,5,database/sql,GO_IMPORT,dsh
services/dsh/backend/internal/wltoutbox/worker.go,6,fmt,GO_IMPORT,dsh
services/dsh/backend/internal/wltoutbox/worker.go,7,log,GO_IMPORT,dsh
services/dsh/backend/internal/wltoutbox/worker.go,8,time,GO_IMPORT,dsh
services/dsh/backend/internal/wltoutbox/worker.go,10,dsh-api/internal/wlt,GO_IMPORT,dsh
services/dsh/backend/internal/workforceclient/client.go,4,context,GO_IMPORT,dsh
services/dsh/backend/internal/workforceclient/client.go,5,encoding/json,GO_IMPORT,dsh
services/dsh/backend/internal/workforceclient/client.go,6,fmt,GO_IMPORT,dsh
services/dsh/backend/internal/workforceclient/client.go,7,net/http,GO_IMPORT,dsh
services/dsh/backend/internal/workforceclient/client.go,8,net/url,GO_IMPORT,dsh
services/dsh/backend/internal/workforceclient/client.go,9,strings,GO_IMPORT,dsh
services/dsh/backend/internal/workforceclient/client.go,10,time,GO_IMPORT,dsh
services/dsh/backend/internal/workforceclient/client_test.go,4,context,GO_IMPORT,dsh
services/dsh/backend/internal/workforceclient/client_test.go,5,encoding/json,GO_IMPORT,dsh
services/dsh/backend/internal/workforceclient/client_test.go,6,net/http,GO_IMPORT,dsh
services/dsh/backend/internal/workforceclient/client_test.go,7,net/http/httptest,GO_IMPORT,dsh
services/dsh/backend/internal/workforceclient/client_test.go,8,testing,GO_IMPORT,dsh
services/wlt/backend/cmd/wlt-api/main.go,4,context,GO_IMPORT,wlt
services/wlt/backend/cmd/wlt-api/main.go,5,database/sql,GO_IMPORT,wlt
services/wlt/backend/cmd/wlt-api/main.go,6,log,GO_IMPORT,wlt
services/wlt/backend/cmd/wlt-api/main.go,7,net/http,GO_IMPORT,wlt
services/wlt/backend/cmd/wlt-api/main.go,8,os,GO_IMPORT,wlt
services/wlt/backend/cmd/wlt-api/main.go,9,os/signal,GO_IMPORT,wlt
services/wlt/backend/cmd/wlt-api/main.go,10,syscall,GO_IMPORT,wlt
services/wlt/backend/cmd/wlt-api/main.go,11,time,GO_IMPORT,wlt
services/wlt/backend/cmd/wlt-api/main.go,13,github.com/lib/pq,GO_IMPORT,wlt
services/wlt/backend/cmd/wlt-api/main.go,15,wlt-api/internal/dshnotify,GO_IMPORT,wlt
services/wlt/backend/cmd/wlt-api/main.go,16,wlt-api/internal/dshoutbox,GO_IMPORT,wlt
services/wlt/backend/cmd/wlt-api/main.go,17,wlt-api/internal/http,GO_IMPORT,wlt
services/wlt/backend/internal/cod/canonical_commission_create.go,4,database/sql,GO_IMPORT,wlt
services/wlt/backend/internal/cod/canonical_commission_create.go,5,encoding/json,GO_IMPORT,wlt
services/wlt/backend/internal/cod/canonical_commission_create.go,6,errors,GO_IMPORT,wlt
services/wlt/backend/internal/cod/canonical_commission_create.go,7,fmt,GO_IMPORT,wlt
services/wlt/backend/internal/cod/canonical_commission_create.go,8,net/http,GO_IMPORT,wlt
services/wlt/backend/internal/cod/canonical_commission_create.go,9,strings,GO_IMPORT,wlt
services/wlt/backend/internal/cod/canonical_commission_create.go,11,wlt-api/internal/shared,GO_IMPORT,wlt
services/wlt/backend/internal/cod/canonical_commission_create_test.go,4,database/sql,GO_IMPORT,wlt
services/wlt/backend/internal/cod/canonical_commission_create_test.go,5,errors,GO_IMPORT,wlt
services/wlt/backend/internal/cod/canonical_commission_create_test.go,6,fmt,GO_IMPORT,wlt
services/wlt/backend/internal/cod/canonical_commission_create_test.go,7,testing,GO_IMPORT,wlt
services/wlt/backend/internal/cod/canonical_commission_create_test.go,8,time,GO_IMPORT,wlt
services/wlt/backend/internal/cod/canonical_commission_create_test.go,10,wlt-api/internal/reference,GO_IMPORT,wlt
services/wlt/backend/internal/cod/cod.go,4,context,GO_IMPORT,wlt
services/wlt/backend/internal/cod/cod.go,5,database/sql,GO_IMPORT,wlt
services/wlt/backend/internal/cod/cod.go,6,encoding/json,GO_IMPORT,wlt
services/wlt/backend/internal/cod/cod.go,7,errors,GO_IMPORT,wlt
services/wlt/backend/internal/cod/cod.go,8,fmt,GO_IMPORT,wlt
services/wlt/backend/internal/cod/cod.go,9,net/http,GO_IMPORT,wlt
services/wlt/backend/internal/cod/cod.go,10,strings,GO_IMPORT,wlt
services/wlt/backend/internal/cod/cod.go,12,wlt-api/internal/ledger,GO_IMPORT,wlt
services/wlt/backend/internal/cod/cod.go,13,wlt-api/internal/reference,GO_IMPORT,wlt
services/wlt/backend/internal/cod/cod.go,14,wlt-api/internal/shared,GO_IMPORT,wlt
services/wlt/backend/internal/cod/cod.go,15,wlt-api/internal/wallet,GO_IMPORT,wlt
services/wlt/backend/internal/cod/cod_atomic.go,4,database/sql,GO_IMPORT,wlt
services/wlt/backend/internal/cod/cod_atomic.go,5,errors,GO_IMPORT,wlt
services/wlt/backend/internal/cod/cod_atomic.go,6,fmt,GO_IMPORT,wlt
services/wlt/backend/internal/cod/cod_atomic.go,8,wlt-api/internal/reference,GO_IMPORT,wlt
services/wlt/backend/internal/cod/cod_collector.go,4,database/sql,GO_IMPORT,wlt
services/wlt/backend/internal/cod/cod_collector.go,5,errors,GO_IMPORT,wlt
services/wlt/backend/internal/cod/cod_collector.go,6,fmt,GO_IMPORT,wlt
services/wlt/backend/internal/cod/cod_collector.go,7,strings,GO_IMPORT,wlt
services/wlt/backend/internal/cod/cod_collector.go,9,wlt-api/internal/reference,GO_IMPORT,wlt
services/wlt/backend/internal/cod/cod_db_test.go,4,context,GO_IMPORT,wlt
services/wlt/backend/internal/cod/cod_db_test.go,5,database/sql,GO_IMPORT,wlt
services/wlt/backend/internal/cod/cod_db_test.go,6,fmt,GO_IMPORT,wlt
services/wlt/backend/internal/cod/cod_db_test.go,7,os,GO_IMPORT,wlt
services/wlt/backend/internal/cod/cod_db_test.go,8,testing,GO_IMPORT,wlt
services/wlt/backend/internal/cod/cod_db_test.go,9,time,GO_IMPORT,wlt
services/wlt/backend/internal/cod/cod_db_test.go,11,github.com/lib/pq,GO_IMPORT,wlt
services/wlt/backend/internal/cod/cod_db_test.go,13,wlt-api/internal/reference,GO_IMPORT,wlt
services/wlt/backend/internal/cod/cod_db_test.go,14,wlt-api/internal/shared,GO_IMPORT,wlt
services/wlt/backend/internal/cod/cod_record_operator_context.go,4,context,GO_IMPORT,wlt
services/wlt/backend/internal/cod/cod_record_operator_context.go,5,database/sql,GO_IMPORT,wlt
services/wlt/backend/internal/cod/cod_record_operator_context.go,6,encoding/json,GO_IMPORT,wlt
services/wlt/backend/internal/cod/cod_record_operator_context.go,7,errors,GO_IMPORT,wlt
services/wlt/backend/internal/cod/cod_record_operator_context.go,8,fmt,GO_IMPORT,wlt
services/wlt/backend/internal/cod/cod_record_operator_context.go,9,net/http,GO_IMPORT,wlt
services/wlt/backend/internal/cod/cod_record_operator_context.go,10,strings,GO_IMPORT,wlt
services/wlt/backend/internal/cod/cod_record_operator_context.go,12,wlt-api/internal/reference,GO_IMPORT,wlt
services/wlt/backend/internal/cod/cod_record_operator_context.go,13,wlt-api/internal/shared,GO_IMPORT,wlt
services/wlt/backend/internal/cod/cod_test.go,4,net/http,GO_IMPORT,wlt
services/wlt/backend/internal/cod/cod_test.go,5,net/http/httptest,GO_IMPORT,wlt
services/wlt/backend/internal/cod/cod_test.go,6,strings,GO_IMPORT,wlt
services/wlt/backend/internal/cod/cod_test.go,7,testing,GO_IMPORT,wlt
services/wlt/backend/internal/cod/commission_governance.go,4,context,GO_IMPORT,wlt
services/wlt/backend/internal/cod/commission_governance.go,5,crypto/sha256,GO_IMPORT,wlt
services/wlt/backend/internal/cod/commission_governance.go,6,database/sql,GO_IMPORT,wlt
services/wlt/backend/internal/cod/commission_governance.go,7,encoding/hex,GO_IMPORT,wlt
services/wlt/backend/internal/cod/commission_governance.go,8,encoding/json,GO_IMPORT,wlt
services/wlt/backend/internal/cod/commission_governance.go,9,errors,GO_IMPORT,wlt
services/wlt/backend/internal/cod/commission_governance.go,10,fmt,GO_IMPORT,wlt
services/wlt/backend/internal/cod/commission_governance.go,11,net/http,GO_IMPORT,wlt
services/wlt/backend/internal/cod/commission_governance.go,12,strings,GO_IMPORT,wlt
services/wlt/backend/internal/cod/commission_governance.go,14,wlt-api/internal/ledger,GO_IMPORT,wlt
services/wlt/backend/internal/cod/commission_governance.go,15,wlt-api/internal/shared,GO_IMPORT,wlt
services/wlt/backend/internal/cod/commission_governance_test.go,4,errors,GO_IMPORT,wlt
services/wlt/backend/internal/cod/commission_governance_test.go,5,testing,GO_IMPORT,wlt
services/wlt/backend/internal/cod/commission_lifecycle.go,4,context,GO_IMPORT,wlt
services/wlt/backend/internal/cod/commission_lifecycle.go,5,database/sql,GO_IMPORT,wlt
services/wlt/backend/internal/cod/commission_lifecycle.go,6,encoding/json,GO_IMPORT,wlt
services/wlt/backend/internal/cod/commission_lifecycle.go,7,errors,GO_IMPORT,wlt
services/wlt/backend/internal/cod/commission_lifecycle.go,8,fmt,GO_IMPORT,wlt
services/wlt/backend/internal/cod/commission_lifecycle.go,9,net/http,GO_IMPORT,wlt
services/wlt/backend/internal/cod/commission_lifecycle.go,10,strings,GO_IMPORT,wlt
services/wlt/backend/internal/cod/commission_lifecycle.go,12,wlt-api/internal/ledger,GO_IMPORT,wlt
services/wlt/backend/internal/cod/commission_lifecycle.go,13,wlt-api/internal/shared,GO_IMPORT,wlt
services/wlt/backend/internal/cod/commission_lifecycle_db_test.go,4,context,GO_IMPORT,wlt
services/wlt/backend/internal/cod/commission_lifecycle_db_test.go,5,database/sql,GO_IMPORT,wlt
services/wlt/backend/internal/cod/commission_lifecycle_db_test.go,6,fmt,GO_IMPORT,wlt
services/wlt/backend/internal/cod/commission_lifecycle_db_test.go,7,testing,GO_IMPORT,wlt
services/wlt/backend/internal/cod/commission_lifecycle_db_test.go,8,time,GO_IMPORT,wlt
services/wlt/backend/internal/cod/commission_lifecycle_db_test.go,10,wlt-api/internal/shared,GO_IMPORT,wlt
services/wlt/backend/internal/cod/commission_lifecycle_db_test.go,11,wlt-api/internal/wallet,GO_IMPORT,wlt
services/wlt/backend/internal/cod/commission_operator_context_isolation_test.go,11,context,GO_IMPORT,wlt
services/wlt/backend/internal/cod/commission_operator_context_isolation_test.go,12,database/sql,GO_IMPORT,wlt
services/wlt/backend/internal/cod/commission_operator_context_isolation_test.go,13,fmt,GO_IMPORT,wlt
services/wlt/backend/internal/cod/commission_operator_context_isolation_test.go,14,os,GO_IMPORT,wlt
services/wlt/backend/internal/cod/commission_operator_context_isolation_test.go,15,strings,GO_IMPORT,wlt
services/wlt/backend/internal/cod/commission_operator_context_isolation_test.go,16,testing,GO_IMPORT,wlt
services/wlt/backend/internal/cod/commission_operator_context_isolation_test.go,17,time,GO_IMPORT,wlt
services/wlt/backend/internal/cod/commission_operator_context_isolation_test.go,19,github.com/lib/pq,GO_IMPORT,wlt
services/wlt/backend/internal/cod/commission_operator_context_isolation_test.go,21,wlt-api/internal/shared,GO_IMPORT,wlt
services/wlt/backend/internal/cod/commission_policy_testmain_test.go,4,database/sql,GO_IMPORT,wlt
services/wlt/backend/internal/cod/commission_policy_testmain_test.go,5,fmt,GO_IMPORT,wlt
services/wlt/backend/internal/cod/commission_policy_testmain_test.go,6,os,GO_IMPORT,wlt
services/wlt/backend/internal/cod/commission_policy_testmain_test.go,7,testing,GO_IMPORT,wlt
services/wlt/backend/internal/cod/commission_policy_testmain_test.go,9,github.com/lib/pq,GO_IMPORT,wlt
services/wlt/backend/internal/cod/commission_query.go,4,database/sql,GO_IMPORT,wlt
services/wlt/backend/internal/cod/commission_query.go,5,fmt,GO_IMPORT,wlt
services/wlt/backend/internal/cod/commission_query.go,6,net/http,GO_IMPORT,wlt
services/wlt/backend/internal/cod/commission_query.go,7,strconv,GO_IMPORT,wlt
services/wlt/backend/internal/cod/commission_query.go,8,strings,GO_IMPORT,wlt
services/wlt/backend/internal/cod/commission_query.go,10,wlt-api/internal/shared,GO_IMPORT,wlt
services/wlt/backend/internal/cod/delivery_collection_handoff.go,4,database/sql,GO_IMPORT,wlt
services/wlt/backend/internal/cod/delivery_collection_handoff.go,5,encoding/json,GO_IMPORT,wlt
services/wlt/backend/internal/cod/delivery_collection_handoff.go,6,errors,GO_IMPORT,wlt
services/wlt/backend/internal/cod/delivery_collection_handoff.go,7,net/http,GO_IMPORT,wlt
services/wlt/backend/internal/cod/delivery_collection_handoff.go,9,wlt-api/internal/reference,GO_IMPORT,wlt
services/wlt/backend/internal/cod/delivery_collection_handoff.go,10,wlt-api/internal/shared,GO_IMPORT,wlt
services/wlt/backend/internal/cod/delivery_collection_operator_context.go,4,context,GO_IMPORT,wlt
services/wlt/backend/internal/cod/delivery_collection_operator_context.go,5,database/sql,GO_IMPORT,wlt
services/wlt/backend/internal/cod/delivery_collection_operator_context.go,6,errors,GO_IMPORT,wlt
services/wlt/backend/internal/cod/delivery_collection_operator_context.go,7,fmt,GO_IMPORT,wlt
services/wlt/backend/internal/cod/delivery_collection_operator_context.go,8,net/http,GO_IMPORT,wlt
services/wlt/backend/internal/cod/delivery_collection_operator_context.go,9,strings,GO_IMPORT,wlt
services/wlt/backend/internal/cod/delivery_collection_operator_context.go,11,wlt-api/internal/reference,GO_IMPORT,wlt
services/wlt/backend/internal/cod/delivery_collection_operator_context.go,12,wlt-api/internal/shared,GO_IMPORT,wlt
services/wlt/backend/internal/cod/field_category_commission.go,4,context,GO_IMPORT,wlt
services/wlt/backend/internal/cod/field_category_commission.go,5,database/sql,GO_IMPORT,wlt
services/wlt/backend/internal/cod/field_category_commission.go,6,encoding/json,GO_IMPORT,wlt
services/wlt/backend/internal/cod/field_category_commission.go,7,errors,GO_IMPORT,wlt
services/wlt/backend/internal/cod/field_category_commission.go,8,fmt,GO_IMPORT,wlt
services/wlt/backend/internal/cod/field_category_commission.go,9,net/http,GO_IMPORT,wlt
services/wlt/backend/internal/cod/field_category_commission.go,10,strings,GO_IMPORT,wlt
services/wlt/backend/internal/cod/field_category_commission.go,12,wlt-api/internal/ledger,GO_IMPORT,wlt
services/wlt/backend/internal/cod/field_category_commission.go,13,wlt-api/internal/shared,GO_IMPORT,wlt
services/wlt/backend/internal/cod/idempotent_lifecycle.go,4,context,GO_IMPORT,wlt
services/wlt/backend/internal/cod/idempotent_lifecycle.go,5,database/sql,GO_IMPORT,wlt
services/wlt/backend/internal/cod/idempotent_lifecycle.go,6,encoding/json,GO_IMPORT,wlt
services/wlt/backend/internal/cod/idempotent_lifecycle.go,7,errors,GO_IMPORT,wlt
services/wlt/backend/internal/cod/idempotent_lifecycle.go,8,fmt,GO_IMPORT,wlt
services/wlt/backend/internal/cod/idempotent_lifecycle.go,9,net/http,GO_IMPORT,wlt
services/wlt/backend/internal/cod/idempotent_lifecycle.go,10,strings,GO_IMPORT,wlt
services/wlt/backend/internal/cod/idempotent_lifecycle.go,12,wlt-api/internal/ledger,GO_IMPORT,wlt
services/wlt/backend/internal/cod/idempotent_lifecycle.go,13,wlt-api/internal/shared,GO_IMPORT,wlt
services/wlt/backend/internal/cod/idempotent_policy.go,4,context,GO_IMPORT,wlt
services/wlt/backend/internal/cod/idempotent_policy.go,5,database/sql,GO_IMPORT,wlt
services/wlt/backend/internal/cod/idempotent_policy.go,6,encoding/json,GO_IMPORT,wlt
services/wlt/backend/internal/cod/idempotent_policy.go,7,errors,GO_IMPORT,wlt
services/wlt/backend/internal/cod/idempotent_policy.go,8,fmt,GO_IMPORT,wlt
services/wlt/backend/internal/cod/idempotent_policy.go,9,net/http,GO_IMPORT,wlt
services/wlt/backend/internal/cod/idempotent_policy.go,10,strings,GO_IMPORT,wlt
services/wlt/backend/internal/cod/idempotent_policy.go,12,wlt-api/internal/shared,GO_IMPORT,wlt
services/wlt/backend/internal/cod/sovereign_cod.go,4,context,GO_IMPORT,wlt
services/wlt/backend/internal/cod/sovereign_cod.go,5,database/sql,GO_IMPORT,wlt
services/wlt/backend/internal/cod/sovereign_cod.go,6,encoding/json,GO_IMPORT,wlt
services/wlt/backend/internal/cod/sovereign_cod.go,7,errors,GO_IMPORT,wlt
services/wlt/backend/internal/cod/sovereign_cod.go,8,fmt,GO_IMPORT,wlt
services/wlt/backend/internal/cod/sovereign_cod.go,9,net/http,GO_IMPORT,wlt
services/wlt/backend/internal/cod/sovereign_cod.go,10,strings,GO_IMPORT,wlt
services/wlt/backend/internal/cod/sovereign_cod.go,12,wlt-api/internal/ledger,GO_IMPORT,wlt
services/wlt/backend/internal/cod/sovereign_cod.go,13,wlt-api/internal/shared,GO_IMPORT,wlt
services/wlt/backend/internal/cod/sovereign_cod_test.go,4,errors,GO_IMPORT,wlt
services/wlt/backend/internal/cod/sovereign_cod_test.go,5,testing,GO_IMPORT,wlt
services/wlt/backend/internal/commercial/commercial.go,4,database/sql,GO_IMPORT,wlt
services/wlt/backend/internal/commercial/commercial.go,5,encoding/json,GO_IMPORT,wlt
services/wlt/backend/internal/commercial/commercial.go,6,errors,GO_IMPORT,wlt
services/wlt/backend/internal/commercial/commercial.go,7,fmt,GO_IMPORT,wlt
services/wlt/backend/internal/commercial/commercial.go,8,net/http,GO_IMPORT,wlt
services/wlt/backend/internal/commercial/commercial.go,9,strings,GO_IMPORT,wlt
services/wlt/backend/internal/commercial/commercial.go,10,time,GO_IMPORT,wlt
services/wlt/backend/internal/commercial/commercial.go,12,wlt-api/internal/shared,GO_IMPORT,wlt
services/wlt/backend/internal/commercial/commercial_governed.go,4,context,GO_IMPORT,wlt
services/wlt/backend/internal/commercial/commercial_governed.go,5,database/sql,GO_IMPORT,wlt
services/wlt/backend/internal/commercial/commercial_governed.go,6,encoding/json,GO_IMPORT,wlt
services/wlt/backend/internal/commercial/commercial_governed.go,7,errors,GO_IMPORT,wlt
services/wlt/backend/internal/commercial/commercial_governed.go,8,net/http,GO_IMPORT,wlt
services/wlt/backend/internal/commercial/commercial_governed.go,9,strings,GO_IMPORT,wlt
services/wlt/backend/internal/commercial/commercial_governed.go,10,time,GO_IMPORT,wlt
services/wlt/backend/internal/commercial/commercial_governed.go,12,wlt-api/internal/shared,GO_IMPORT,wlt
services/wlt/backend/internal/commercial/commercial_test.go,4,testing,GO_IMPORT,wlt
services/wlt/backend/internal/commercial/commercial_test.go,5,time,GO_IMPORT,wlt
services/wlt/backend/internal/commercial/payment_session.go,4,database/sql,GO_IMPORT,wlt
services/wlt/backend/internal/commercial/payment_session.go,5,net/http,GO_IMPORT,wlt
services/wlt/backend/internal/commercial/payment_session.go,6,strings,GO_IMPORT,wlt
services/wlt/backend/internal/commercial/payment_session.go,8,wlt-api/internal/reference,GO_IMPORT,wlt
services/wlt/backend/internal/commercial/payment_session.go,9,wlt-api/internal/shared,GO_IMPORT,wlt
services/wlt/backend/internal/commercial/subscription_lifecycle.go,4,context,GO_IMPORT,wlt
services/wlt/backend/internal/commercial/subscription_lifecycle.go,5,database/sql,GO_IMPORT,wlt
services/wlt/backend/internal/commercial/subscription_lifecycle.go,6,encoding/json,GO_IMPORT,wlt
services/wlt/backend/internal/commercial/subscription_lifecycle.go,7,errors,GO_IMPORT,wlt
services/wlt/backend/internal/commercial/subscription_lifecycle.go,8,net/http,GO_IMPORT,wlt
services/wlt/backend/internal/commercial/subscription_lifecycle.go,9,strings,GO_IMPORT,wlt
services/wlt/backend/internal/commercial/subscription_lifecycle.go,10,time,GO_IMPORT,wlt
services/wlt/backend/internal/commercial/subscription_lifecycle.go,12,wlt-api/internal/shared,GO_IMPORT,wlt
services/wlt/backend/internal/commercial/summary.go,4,database/sql,GO_IMPORT,wlt
services/wlt/backend/internal/commercial/summary.go,5,net/http,GO_IMPORT,wlt
services/wlt/backend/internal/commercial/summary.go,7,wlt-api/internal/shared,GO_IMPORT,wlt
services/wlt/backend/internal/dispatchfinancialeligibility/decision.go,4,context,GO_IMPORT,wlt
services/wlt/backend/internal/dispatchfinancialeligibility/decision.go,5,database/sql,GO_IMPORT,wlt
services/wlt/backend/internal/dispatchfinancialeligibility/decision.go,6,encoding/json,GO_IMPORT,wlt
services/wlt/backend/internal/dispatchfinancialeligibility/decision.go,7,errors,GO_IMPORT,wlt
services/wlt/backend/internal/dispatchfinancialeligibility/decision.go,8,fmt,GO_IMPORT,wlt
services/wlt/backend/internal/dispatchfinancialeligibility/decision.go,9,net/http,GO_IMPORT,wlt
services/wlt/backend/internal/dispatchfinancialeligibility/decision.go,10,strings,GO_IMPORT,wlt
services/wlt/backend/internal/dispatchfinancialeligibility/decision.go,11,time,GO_IMPORT,wlt
services/wlt/backend/internal/dispatchfinancialeligibility/decision.go,13,wlt-api/internal/shared,GO_IMPORT,wlt
services/wlt/backend/internal/dispatchfinancialeligibility/decision_test.go,4,testing,GO_IMPORT,wlt
services/wlt/backend/internal/dispatchfinancialeligibility/decision_test.go,5,time,GO_IMPORT,wlt
services/wlt/backend/internal/dshnotify/client.go,7,bytes,GO_IMPORT,wlt
services/wlt/backend/internal/dshnotify/client.go,8,context,GO_IMPORT,wlt
services/wlt/backend/internal/dshnotify/client.go,9,encoding/json,GO_IMPORT,wlt
services/wlt/backend/internal/dshnotify/client.go,10,errors,GO_IMPORT,wlt
services/wlt/backend/internal/dshnotify/client.go,11,net/http,GO_IMPORT,wlt
services/wlt/backend/internal/dshnotify/client.go,12,strings,GO_IMPORT,wlt
services/wlt/backend/internal/dshnotify/client.go,13,time,GO_IMPORT,wlt
services/wlt/backend/internal/dshnotify/client_test.go,4,context,GO_IMPORT,wlt
services/wlt/backend/internal/dshnotify/client_test.go,5,encoding/json,GO_IMPORT,wlt
services/wlt/backend/internal/dshnotify/client_test.go,6,net/http,GO_IMPORT,wlt
services/wlt/backend/internal/dshnotify/client_test.go,7,net/http/httptest,GO_IMPORT,wlt
services/wlt/backend/internal/dshnotify/client_test.go,8,testing,GO_IMPORT,wlt
services/wlt/backend/internal/dshoutbox/dshoutbox.go,6,database/sql,GO_IMPORT,wlt
services/wlt/backend/internal/dshoutbox/dshoutbox.go,7,fmt,GO_IMPORT,wlt
services/wlt/backend/internal/dshoutbox/dshoutbox.go,8,time,GO_IMPORT,wlt
services/wlt/backend/internal/dshoutbox/worker.go,4,context,GO_IMPORT,wlt
services/wlt/backend/internal/dshoutbox/worker.go,5,database/sql,GO_IMPORT,wlt
services/wlt/backend/internal/dshoutbox/worker.go,6,log,GO_IMPORT,wlt
services/wlt/backend/internal/dshoutbox/worker.go,7,time,GO_IMPORT,wlt
services/wlt/backend/internal/dshoutbox/worker.go,9,wlt-api/internal/dshnotify,GO_IMPORT,wlt
services/wlt/backend/internal/health/health.go,4,context,GO_IMPORT,wlt
services/wlt/backend/internal/health/health.go,5,database/sql,GO_IMPORT,wlt
services/wlt/backend/internal/health/health.go,6,net/http,GO_IMPORT,wlt
services/wlt/backend/internal/health/health.go,7,os,GO_IMPORT,wlt
services/wlt/backend/internal/health/health.go,8,strings,GO_IMPORT,wlt
services/wlt/backend/internal/health/health.go,9,time,GO_IMPORT,wlt
services/wlt/backend/internal/health/health.go,11,wlt-api/internal/shared,GO_IMPORT,wlt
services/wlt/backend/internal/health/health_test.go,4,context,GO_IMPORT,wlt
services/wlt/backend/internal/health/health_test.go,5,encoding/json,GO_IMPORT,wlt
services/wlt/backend/internal/health/health_test.go,6,errors,GO_IMPORT,wlt
services/wlt/backend/internal/health/health_test.go,7,net/http,GO_IMPORT,wlt
services/wlt/backend/internal/health/health_test.go,8,net/http/httptest,GO_IMPORT,wlt
services/wlt/backend/internal/health/health_test.go,9,os,GO_IMPORT,wlt
services/wlt/backend/internal/health/health_test.go,10,path/filepath,GO_IMPORT,wlt
services/wlt/backend/internal/health/health_test.go,11,runtime,GO_IMPORT,wlt
services/wlt/backend/internal/health/health_test.go,12,testing,GO_IMPORT,wlt
services/wlt/backend/internal/http/commercial_routes_test.go,4,net/http/httptest,GO_IMPORT,wlt
services/wlt/backend/internal/http/commercial_routes_test.go,5,testing,GO_IMPORT,wlt
services/wlt/backend/internal/http/delivery_collection_routes.go,4,database/sql,GO_IMPORT,wlt
services/wlt/backend/internal/http/delivery_collection_routes.go,5,net/http,GO_IMPORT,wlt
services/wlt/backend/internal/http/delivery_collection_routes.go,7,wlt-api/internal/cod,GO_IMPORT,wlt
services/wlt/backend/internal/http/dispatch_financial_eligibility_routes.go,4,database/sql,GO_IMPORT,wlt
services/wlt/backend/internal/http/dispatch_financial_eligibility_routes.go,5,net/http,GO_IMPORT,wlt
services/wlt/backend/internal/http/dispatch_financial_eligibility_routes.go,7,wlt-api/internal/dispatchfinancialeligibility,GO_IMPORT,wlt
services/wlt/backend/internal/http/field_category_commission_routes.go,4,database/sql,GO_IMPORT,wlt
services/wlt/backend/internal/http/field_category_commission_routes.go,5,net/http,GO_IMPORT,wlt
services/wlt/backend/internal/http/field_category_commission_routes.go,7,wlt-api/internal/cod,GO_IMPORT,wlt
services/wlt/backend/internal/http/operator_context_scope_routes_db_test.go,4,database/sql,GO_IMPORT,wlt
services/wlt/backend/internal/http/operator_context_scope_routes_db_test.go,5,fmt,GO_IMPORT,wlt
services/wlt/backend/internal/http/operator_context_scope_routes_db_test.go,6,net/http,GO_IMPORT,wlt
services/wlt/backend/internal/http/operator_context_scope_routes_db_test.go,7,net/http/httptest,GO_IMPORT,wlt
services/wlt/backend/internal/http/operator_context_scope_routes_db_test.go,8,os,GO_IMPORT,wlt
services/wlt/backend/internal/http/operator_context_scope_routes_db_test.go,9,strings,GO_IMPORT,wlt
services/wlt/backend/internal/http/operator_context_scope_routes_db_test.go,10,testing,GO_IMPORT,wlt
services/wlt/backend/internal/http/operator_context_scope_routes_db_test.go,11,time,GO_IMPORT,wlt
services/wlt/backend/internal/http/operator_context_scope_routes_db_test.go,13,github.com/lib/pq,GO_IMPORT,wlt
services/wlt/backend/internal/http/order_cancellation_routes.go,4,database/sql,GO_IMPORT,wlt
services/wlt/backend/internal/http/order_cancellation_routes.go,5,net/http,GO_IMPORT,wlt
services/wlt/backend/internal/http/order_cancellation_routes.go,7,wlt-api/internal/payment,GO_IMPORT,wlt
services/wlt/backend/internal/http/promotion_funding_routes_test.go,4,net/http,GO_IMPORT,wlt
services/wlt/backend/internal/http/promotion_funding_routes_test.go,5,net/http/httptest,GO_IMPORT,wlt
services/wlt/backend/internal/http/promotion_funding_routes_test.go,6,testing,GO_IMPORT,wlt
services/wlt/backend/internal/http/reference_read_boundary.go,4,net/http,GO_IMPORT,wlt
services/wlt/backend/internal/http/reference_read_boundary.go,5,strings,GO_IMPORT,wlt
services/wlt/backend/internal/http/reference_read_boundary.go,7,wlt-api/internal/shared,GO_IMPORT,wlt
services/wlt/backend/internal/http/reference_read_boundary_test.go,4,net/http,GO_IMPORT,wlt
services/wlt/backend/internal/http/reference_read_boundary_test.go,5,net/http/httptest,GO_IMPORT,wlt
services/wlt/backend/internal/http/reference_read_boundary_test.go,6,testing,GO_IMPORT,wlt
services/wlt/backend/internal/http/retired_financial_routes_test.go,4,net/http,GO_IMPORT,wlt
services/wlt/backend/internal/http/retired_financial_routes_test.go,5,net/http/httptest,GO_IMPORT,wlt
services/wlt/backend/internal/http/retired_financial_routes_test.go,6,strings,GO_IMPORT,wlt
services/wlt/backend/internal/http/retired_financial_routes_test.go,7,testing,GO_IMPORT,wlt
services/wlt/backend/internal/http/routes_test.go,4,net/http,GO_IMPORT,wlt
services/wlt/backend/internal/http/routes_test.go,5,net/http/httptest,GO_IMPORT,wlt
services/wlt/backend/internal/http/routes_test.go,6,testing,GO_IMPORT,wlt
services/wlt/backend/internal/http/server.go,4,database/sql,GO_IMPORT,wlt
services/wlt/backend/internal/http/server.go,5,net/http,GO_IMPORT,wlt
services/wlt/backend/internal/http/server.go,7,wlt-api/internal/cod,GO_IMPORT,wlt
services/wlt/backend/internal/http/server.go,8,wlt-api/internal/commercial,GO_IMPORT,wlt
services/wlt/backend/internal/http/server.go,9,wlt-api/internal/health,GO_IMPORT,wlt
services/wlt/backend/internal/http/server.go,10,wlt-api/internal/ledger,GO_IMPORT,wlt
services/wlt/backend/internal/http/server.go,11,wlt-api/internal/payment,GO_IMPORT,wlt
services/wlt/backend/internal/http/server.go,12,wlt-api/internal/payout,GO_IMPORT,wlt
services/wlt/backend/internal/http/server.go,13,wlt-api/internal/penalty,GO_IMPORT,wlt
services/wlt/backend/internal/http/server.go,14,wlt-api/internal/promotionfunding,GO_IMPORT,wlt
services/wlt/backend/internal/http/server.go,15,wlt-api/internal/reconciliation,GO_IMPORT,wlt
services/wlt/backend/internal/http/server.go,16,wlt-api/internal/reference,GO_IMPORT,wlt
services/wlt/backend/internal/http/server.go,17,wlt-api/internal/refund,GO_IMPORT,wlt
services/wlt/backend/internal/http/server.go,18,wlt-api/internal/settlement,GO_IMPORT,wlt
services/wlt/backend/internal/http/server.go,19,wlt-api/internal/shared,GO_IMPORT,wlt
services/wlt/backend/internal/http/server.go,20,wlt-api/internal/wallet,GO_IMPORT,wlt
services/wlt/backend/internal/http/server_test.go,4,net/http,GO_IMPORT,wlt
services/wlt/backend/internal/http/server_test.go,5,net/http/httptest,GO_IMPORT,wlt
services/wlt/backend/internal/http/server_test.go,6,testing,GO_IMPORT,wlt
services/wlt/backend/internal/ledger/kernel.go,4,context,GO_IMPORT,wlt
services/wlt/backend/internal/ledger/kernel.go,5,database/sql,GO_IMPORT,wlt
services/wlt/backend/internal/ledger/kernel.go,6,errors,GO_IMPORT,wlt
services/wlt/backend/internal/ledger/kernel.go,7,fmt,GO_IMPORT,wlt
services/wlt/backend/internal/ledger/kernel.go,8,sort,GO_IMPORT,wlt
services/wlt/backend/internal/ledger/kernel.go,9,strings,GO_IMPORT,wlt
services/wlt/backend/internal/ledger/kernel.go,11,wlt-api/internal/shared,GO_IMPORT,wlt
services/wlt/backend/internal/ledger/kernel_read.go,4,context,GO_IMPORT,wlt
services/wlt/backend/internal/ledger/kernel_read.go,5,database/sql,GO_IMPORT,wlt
services/wlt/backend/internal/ledger/kernel_read.go,6,fmt,GO_IMPORT,wlt
services/wlt/backend/internal/ledger/kernel_read.go,7,net/http,GO_IMPORT,wlt
services/wlt/backend/internal/ledger/kernel_read.go,8,sort,GO_IMPORT,wlt
services/wlt/backend/internal/ledger/kernel_read.go,10,wlt-api/internal/shared,GO_IMPORT,wlt
services/wlt/backend/internal/ledger/kernel_read_test.go,4,testing,GO_IMPORT,wlt
services/wlt/backend/internal/ledger/kernel_test.go,4,context,GO_IMPORT,wlt
services/wlt/backend/internal/ledger/kernel_test.go,5,database/sql,GO_IMPORT,wlt
services/wlt/backend/internal/ledger/kernel_test.go,6,errors,GO_IMPORT,wlt
services/wlt/backend/internal/ledger/kernel_test.go,7,fmt,GO_IMPORT,wlt
services/wlt/backend/internal/ledger/kernel_test.go,8,os,GO_IMPORT,wlt
services/wlt/backend/internal/ledger/kernel_test.go,9,sync,GO_IMPORT,wlt
services/wlt/backend/internal/ledger/kernel_test.go,10,testing,GO_IMPORT,wlt
services/wlt/backend/internal/ledger/kernel_test.go,11,time,GO_IMPORT,wlt
services/wlt/backend/internal/ledger/kernel_test.go,13,github.com/lib/pq,GO_IMPORT,wlt
services/wlt/backend/internal/ledger/kernel_test.go,15,wlt-api/internal/shared,GO_IMPORT,wlt
services/wlt/backend/internal/ledger/ledger.go,4,context,GO_IMPORT,wlt
services/wlt/backend/internal/ledger/ledger.go,5,database/sql,GO_IMPORT,wlt
services/wlt/backend/internal/ledger/ledger.go,6,fmt,GO_IMPORT,wlt
services/wlt/backend/internal/ledger/ledger.go,7,net/http,GO_IMPORT,wlt
services/wlt/backend/internal/ledger/ledger.go,8,strconv,GO_IMPORT,wlt
services/wlt/backend/internal/ledger/ledger.go,9,strings,GO_IMPORT,wlt
services/wlt/backend/internal/ledger/ledger.go,11,wlt-api/internal/shared,GO_IMPORT,wlt
services/wlt/backend/internal/ledger/operator_context_isolation_test.go,11,context,GO_IMPORT,wlt
services/wlt/backend/internal/ledger/operator_context_isolation_test.go,12,strings,GO_IMPORT,wlt
services/wlt/backend/internal/ledger/operator_context_isolation_test.go,13,testing,GO_IMPORT,wlt
services/wlt/backend/internal/ledger/operator_context_isolation_test.go,15,wlt-api/internal/shared,GO_IMPORT,wlt
services/wlt/backend/internal/ledger/refund_operator_context_resolution_test.go,4,context,GO_IMPORT,wlt
services/wlt/backend/internal/ledger/refund_operator_context_resolution_test.go,5,database/sql,GO_IMPORT,wlt
services/wlt/backend/internal/ledger/refund_operator_context_resolution_test.go,6,errors,GO_IMPORT,wlt
services/wlt/backend/internal/ledger/refund_operator_context_resolution_test.go,7,fmt,GO_IMPORT,wlt
services/wlt/backend/internal/ledger/refund_operator_context_resolution_test.go,8,testing,GO_IMPORT,wlt
services/wlt/backend/internal/ledger/refund_operator_context_resolution_test.go,9,time,GO_IMPORT,wlt
services/wlt/backend/internal/ledger/refund_operator_context_resolution_test.go,11,wlt-api/internal/shared,GO_IMPORT,wlt
services/wlt/backend/internal/payment/cancel_for_order_db_test.go,4,fmt,GO_IMPORT,wlt
services/wlt/backend/internal/payment/cancel_for_order_db_test.go,5,testing,GO_IMPORT,wlt
services/wlt/backend/internal/payment/cancel_for_order_db_test.go,6,time,GO_IMPORT,wlt
services/wlt/backend/internal/payment/expire_db_test.go,4,errors,GO_IMPORT,wlt
services/wlt/backend/internal/payment/expire_db_test.go,5,fmt,GO_IMPORT,wlt
services/wlt/backend/internal/payment/expire_db_test.go,6,testing,GO_IMPORT,wlt
services/wlt/backend/internal/payment/expire_db_test.go,7,time,GO_IMPORT,wlt
services/wlt/backend/internal/payment/operation_idempotency.go,4,bytes,GO_IMPORT,wlt
services/wlt/backend/internal/payment/operation_idempotency.go,5,crypto/sha256,GO_IMPORT,wlt
services/wlt/backend/internal/payment/operation_idempotency.go,6,database/sql,GO_IMPORT,wlt
services/wlt/backend/internal/payment/operation_idempotency.go,7,encoding/hex,GO_IMPORT,wlt
services/wlt/backend/internal/payment/operation_idempotency.go,8,errors,GO_IMPORT,wlt
services/wlt/backend/internal/payment/operation_idempotency.go,9,net/http,GO_IMPORT,wlt
services/wlt/backend/internal/payment/operation_idempotency.go,10,strings,GO_IMPORT,wlt
services/wlt/backend/internal/payment/operation_idempotency.go,12,wlt-api/internal/shared,GO_IMPORT,wlt
services/wlt/backend/internal/payment/operator_context_guard.go,4,database/sql,GO_IMPORT,wlt
services/wlt/backend/internal/payment/operator_context_guard.go,5,net/http,GO_IMPORT,wlt
services/wlt/backend/internal/payment/operator_context_guard.go,6,strings,GO_IMPORT,wlt
services/wlt/backend/internal/payment/operator_context_guard.go,8,wlt-api/internal/shared,GO_IMPORT,wlt
services/wlt/backend/internal/payment/order_cancellation.go,4,database/sql,GO_IMPORT,wlt
services/wlt/backend/internal/payment/order_cancellation.go,5,encoding/json,GO_IMPORT,wlt
services/wlt/backend/internal/payment/order_cancellation.go,6,errors,GO_IMPORT,wlt
services/wlt/backend/internal/payment/order_cancellation.go,7,fmt,GO_IMPORT,wlt
services/wlt/backend/internal/payment/order_cancellation.go,8,net/http,GO_IMPORT,wlt
services/wlt/backend/internal/payment/order_cancellation.go,9,strings,GO_IMPORT,wlt
services/wlt/backend/internal/payment/order_cancellation.go,11,wlt-api/internal/refund,GO_IMPORT,wlt
services/wlt/backend/internal/payment/order_cancellation.go,12,wlt-api/internal/shared,GO_IMPORT,wlt
services/wlt/backend/internal/payment/payment.go,4,context,GO_IMPORT,wlt
services/wlt/backend/internal/payment/payment.go,5,database/sql,GO_IMPORT,wlt
services/wlt/backend/internal/payment/payment.go,6,errors,GO_IMPORT,wlt
services/wlt/backend/internal/payment/payment.go,7,fmt,GO_IMPORT,wlt
services/wlt/backend/internal/payment/payment.go,8,net/http,GO_IMPORT,wlt
services/wlt/backend/internal/payment/payment.go,10,wlt-api/internal/dshoutbox,GO_IMPORT,wlt
services/wlt/backend/internal/payment/payment.go,11,wlt-api/internal/provider,GO_IMPORT,wlt
services/wlt/backend/internal/payment/payment.go,12,wlt-api/internal/refund,GO_IMPORT,wlt
services/wlt/backend/internal/payment/payment.go,13,wlt-api/internal/shared,GO_IMPORT,wlt
services/wlt/backend/internal/payment/payment_concurrency_test.go,4,context,GO_IMPORT,wlt
services/wlt/backend/internal/payment/payment_concurrency_test.go,5,fmt,GO_IMPORT,wlt
services/wlt/backend/internal/payment/payment_concurrency_test.go,6,sync,GO_IMPORT,wlt
services/wlt/backend/internal/payment/payment_concurrency_test.go,7,sync/atomic,GO_IMPORT,wlt
services/wlt/backend/internal/payment/payment_concurrency_test.go,8,testing,GO_IMPORT,wlt
services/wlt/backend/internal/payment/payment_concurrency_test.go,9,time,GO_IMPORT,wlt
services/wlt/backend/internal/payment/payment_concurrency_test.go,11,wlt-api/internal/provider,GO_IMPORT,wlt
services/wlt/backend/internal/payment/payment_provider_db_test.go,4,context,GO_IMPORT,wlt
services/wlt/backend/internal/payment/payment_provider_db_test.go,5,database/sql,GO_IMPORT,wlt
services/wlt/backend/internal/payment/payment_provider_db_test.go,6,errors,GO_IMPORT,wlt
services/wlt/backend/internal/payment/payment_provider_db_test.go,7,fmt,GO_IMPORT,wlt
services/wlt/backend/internal/payment/payment_provider_db_test.go,8,os,GO_IMPORT,wlt
services/wlt/backend/internal/payment/payment_provider_db_test.go,9,testing,GO_IMPORT,wlt
services/wlt/backend/internal/payment/payment_provider_db_test.go,10,time,GO_IMPORT,wlt
services/wlt/backend/internal/payment/payment_provider_db_test.go,12,github.com/lib/pq,GO_IMPORT,wlt
services/wlt/backend/internal/payment/payment_provider_db_test.go,13,wlt-api/internal/provider,GO_IMPORT,wlt
services/wlt/backend/internal/payment/payment_provider_test.go,4,context,GO_IMPORT,wlt
services/wlt/backend/internal/payment/payment_provider_test.go,5,errors,GO_IMPORT,wlt
services/wlt/backend/internal/payment/payment_provider_test.go,6,fmt,GO_IMPORT,wlt
services/wlt/backend/internal/payment/payment_provider_test.go,7,testing,GO_IMPORT,wlt
services/wlt/backend/internal/payment/payment_provider_test.go,9,wlt-api/internal/provider,GO_IMPORT,wlt
services/wlt/backend/internal/payment/payment_security_test.go,4,crypto/hmac,GO_IMPORT,wlt
services/wlt/backend/internal/payment/payment_security_test.go,5,crypto/sha256,GO_IMPORT,wlt
services/wlt/backend/internal/payment/payment_security_test.go,6,encoding/hex,GO_IMPORT,wlt
services/wlt/backend/internal/payment/payment_security_test.go,7,strconv,GO_IMPORT,wlt
services/wlt/backend/internal/payment/payment_security_test.go,8,testing,GO_IMPORT,wlt
services/wlt/backend/internal/payment/payment_security_test.go,9,time,GO_IMPORT,wlt
services/wlt/backend/internal/payment/payment_session_capabilities.go,3,encoding/json,GO_IMPORT,wlt
services/wlt/backend/internal/payment/payment_session_capabilities_test.go,4,encoding/json,GO_IMPORT,wlt
services/wlt/backend/internal/payment/payment_session_capabilities_test.go,5,testing,GO_IMPORT,wlt
services/wlt/backend/internal/payment/provider_refresh.go,4,crypto/sha256,GO_IMPORT,wlt
services/wlt/backend/internal/payment/provider_refresh.go,5,database/sql,GO_IMPORT,wlt
services/wlt/backend/internal/payment/provider_refresh.go,6,encoding/hex,GO_IMPORT,wlt
services/wlt/backend/internal/payment/provider_refresh.go,7,errors,GO_IMPORT,wlt
services/wlt/backend/internal/payment/provider_refresh.go,8,fmt,GO_IMPORT,wlt
services/wlt/backend/internal/payment/provider_refresh.go,9,net/http,GO_IMPORT,wlt
services/wlt/backend/internal/payment/provider_refresh.go,10,strings,GO_IMPORT,wlt
services/wlt/backend/internal/payment/provider_refresh.go,11,time,GO_IMPORT,wlt
services/wlt/backend/internal/payment/provider_refresh.go,13,wlt-api/internal/provider,GO_IMPORT,wlt
services/wlt/backend/internal/payment/provider_refresh.go,14,wlt-api/internal/shared,GO_IMPORT,wlt
services/wlt/backend/internal/payment/provider_results.go,4,context,GO_IMPORT,wlt
services/wlt/backend/internal/payment/provider_results.go,5,database/sql,GO_IMPORT,wlt
services/wlt/backend/internal/payment/provider_results.go,6,errors,GO_IMPORT,wlt
services/wlt/backend/internal/payment/provider_results.go,7,fmt,GO_IMPORT,wlt
services/wlt/backend/internal/payment/provider_results.go,8,time,GO_IMPORT,wlt
services/wlt/backend/internal/payment/provider_results.go,10,wlt-api/internal/dshoutbox,GO_IMPORT,wlt
services/wlt/backend/internal/payment/provider_results.go,11,wlt-api/internal/ledger,GO_IMPORT,wlt
services/wlt/backend/internal/payment/provider_webhook.go,4,bytes,GO_IMPORT,wlt
services/wlt/backend/internal/payment/provider_webhook.go,5,crypto/hmac,GO_IMPORT,wlt
services/wlt/backend/internal/payment/provider_webhook.go,6,crypto/sha256,GO_IMPORT,wlt
services/wlt/backend/internal/payment/provider_webhook.go,7,database/sql,GO_IMPORT,wlt
services/wlt/backend/internal/payment/provider_webhook.go,8,encoding/hex,GO_IMPORT,wlt
services/wlt/backend/internal/payment/provider_webhook.go,9,encoding/json,GO_IMPORT,wlt
services/wlt/backend/internal/payment/provider_webhook.go,10,errors,GO_IMPORT,wlt
services/wlt/backend/internal/payment/provider_webhook.go,11,io,GO_IMPORT,wlt
services/wlt/backend/internal/payment/provider_webhook.go,12,net/http,GO_IMPORT,wlt
services/wlt/backend/internal/payment/provider_webhook.go,13,os,GO_IMPORT,wlt
services/wlt/backend/internal/payment/provider_webhook.go,14,strconv,GO_IMPORT,wlt
services/wlt/backend/internal/payment/provider_webhook.go,15,strings,GO_IMPORT,wlt
services/wlt/backend/internal/payment/provider_webhook.go,16,time,GO_IMPORT,wlt
services/wlt/backend/internal/payment/provider_webhook.go,18,wlt-api/internal/shared,GO_IMPORT,wlt
services/wlt/backend/internal/payment/reconciliation_operator_context_guard_test.go,4,os,GO_IMPORT,wlt
services/wlt/backend/internal/payment/reconciliation_operator_context_guard_test.go,5,strings,GO_IMPORT,wlt
services/wlt/backend/internal/payment/reconciliation_operator_context_guard_test.go,6,testing,GO_IMPORT,wlt
services/wlt/backend/internal/payment/sovereign_authorize.go,4,context,GO_IMPORT,wlt
services/wlt/backend/internal/payment/sovereign_authorize.go,5,database/sql,GO_IMPORT,wlt
services/wlt/backend/internal/payment/sovereign_authorize.go,6,errors,GO_IMPORT,wlt
services/wlt/backend/internal/payment/sovereign_authorize.go,7,fmt,GO_IMPORT,wlt
services/wlt/backend/internal/payment/sovereign_authorize.go,8,net/http,GO_IMPORT,wlt
services/wlt/backend/internal/payment/sovereign_authorize.go,10,wlt-api/internal/provider,GO_IMPORT,wlt
services/wlt/backend/internal/payment/sovereign_authorize.go,11,wlt-api/internal/shared,GO_IMPORT,wlt
services/wlt/backend/internal/payment/sovereign_capture.go,4,context,GO_IMPORT,wlt
services/wlt/backend/internal/payment/sovereign_capture.go,5,database/sql,GO_IMPORT,wlt
services/wlt/backend/internal/payment/sovereign_capture.go,6,errors,GO_IMPORT,wlt
services/wlt/backend/internal/payment/sovereign_capture.go,7,fmt,GO_IMPORT,wlt
services/wlt/backend/internal/payment/sovereign_capture.go,8,net/http,GO_IMPORT,wlt
services/wlt/backend/internal/payment/sovereign_capture.go,10,wlt-api/internal/dshoutbox,GO_IMPORT,wlt
services/wlt/backend/internal/payment/sovereign_capture.go,11,wlt-api/internal/ledger,GO_IMPORT,wlt
services/wlt/backend/internal/payment/sovereign_capture.go,12,wlt-api/internal/provider,GO_IMPORT,wlt
services/wlt/backend/internal/payment/sovereign_capture.go,13,wlt-api/internal/shared,GO_IMPORT,wlt
services/wlt/backend/internal/payment/timeline.go,4,database/sql,GO_IMPORT,wlt
services/wlt/backend/internal/payment/timeline.go,5,net/http,GO_IMPORT,wlt
services/wlt/backend/internal/payment/timeline.go,6,strings,GO_IMPORT,wlt
services/wlt/backend/internal/payment/timeline.go,7,time,GO_IMPORT,wlt
services/wlt/backend/internal/payment/timeline.go,9,wlt-api/internal/shared,GO_IMPORT,wlt
services/wlt/backend/internal/payout/canonical_payout_destination.go,4,crypto/sha256,GO_IMPORT,wlt
services/wlt/backend/internal/payout/canonical_payout_destination.go,5,database/sql,GO_IMPORT,wlt
services/wlt/backend/internal/payout/canonical_payout_destination.go,6,encoding/hex,GO_IMPORT,wlt
services/wlt/backend/internal/payout/canonical_payout_destination.go,7,encoding/json,GO_IMPORT,wlt
services/wlt/backend/internal/payout/canonical_payout_destination.go,8,errors,GO_IMPORT,wlt
services/wlt/backend/internal/payout/canonical_payout_destination.go,9,fmt,GO_IMPORT,wlt
services/wlt/backend/internal/payout/canonical_payout_destination.go,10,net/http,GO_IMPORT,wlt
services/wlt/backend/internal/payout/canonical_payout_destination.go,11,strings,GO_IMPORT,wlt
services/wlt/backend/internal/payout/canonical_payout_destination.go,13,wlt-api/internal/shared,GO_IMPORT,wlt
services/wlt/backend/internal/payout/model_request.go,3,time,GO_IMPORT,wlt
services/wlt/backend/internal/payout/operator_context_isolation_test.go,11,bytes,GO_IMPORT,wlt
services/wlt/backend/internal/payout/operator_context_isolation_test.go,12,context,GO_IMPORT,wlt
services/wlt/backend/internal/payout/operator_context_isolation_test.go,13,database/sql,GO_IMPORT,wlt
services/wlt/backend/internal/payout/operator_context_isolation_test.go,14,encoding/json,GO_IMPORT,wlt
services/wlt/backend/internal/payout/operator_context_isolation_test.go,15,fmt,GO_IMPORT,wlt
services/wlt/backend/internal/payout/operator_context_isolation_test.go,16,net/http,GO_IMPORT,wlt
services/wlt/backend/internal/payout/operator_context_isolation_test.go,17,net/http/httptest,GO_IMPORT,wlt
services/wlt/backend/internal/payout/operator_context_isolation_test.go,18,strings,GO_IMPORT,wlt
services/wlt/backend/internal/payout/operator_context_isolation_test.go,19,testing,GO_IMPORT,wlt
services/wlt/backend/internal/payout/operator_context_isolation_test.go,20,time,GO_IMPORT,wlt
services/wlt/backend/internal/payout/operator_context_isolation_test.go,22,wlt-api/internal/shared,GO_IMPORT,wlt
services/wlt/backend/internal/payout/payout.go,4,database/sql,GO_IMPORT,wlt
services/wlt/backend/internal/payout/payout.go,5,encoding/json,GO_IMPORT,wlt
services/wlt/backend/internal/payout/payout.go,6,fmt,GO_IMPORT,wlt
services/wlt/backend/internal/payout/payout.go,7,net/http,GO_IMPORT,wlt
services/wlt/backend/internal/payout/payout.go,8,os,GO_IMPORT,wlt
services/wlt/backend/internal/payout/payout.go,9,strings,GO_IMPORT,wlt
services/wlt/backend/internal/payout/payout.go,10,time,GO_IMPORT,wlt
services/wlt/backend/internal/payout/payout.go,12,wlt-api/internal/shared,GO_IMPORT,wlt
services/wlt/backend/internal/payout/payout_destination_operator_context_unique_repair_test.go,4,os,GO_IMPORT,wlt
services/wlt/backend/internal/payout/payout_destination_operator_context_unique_repair_test.go,5,strings,GO_IMPORT,wlt
services/wlt/backend/internal/payout/payout_destination_operator_context_unique_repair_test.go,6,testing,GO_IMPORT,wlt
services/wlt/backend/internal/payout/payout_governance.go,4,context,GO_IMPORT,wlt
services/wlt/backend/internal/payout/payout_governance.go,5,crypto/sha256,GO_IMPORT,wlt
services/wlt/backend/internal/payout/payout_governance.go,6,database/sql,GO_IMPORT,wlt
services/wlt/backend/internal/payout/payout_governance.go,7,encoding/hex,GO_IMPORT,wlt
services/wlt/backend/internal/payout/payout_governance.go,8,encoding/json,GO_IMPORT,wlt
services/wlt/backend/internal/payout/payout_governance.go,9,errors,GO_IMPORT,wlt
services/wlt/backend/internal/payout/payout_governance.go,10,fmt,GO_IMPORT,wlt
services/wlt/backend/internal/payout/payout_governance.go,11,net/http,GO_IMPORT,wlt
services/wlt/backend/internal/payout/payout_governance.go,12,net/url,GO_IMPORT,wlt
services/wlt/backend/internal/payout/payout_governance.go,13,strings,GO_IMPORT,wlt
services/wlt/backend/internal/payout/payout_governance.go,15,wlt-api/internal/provider,GO_IMPORT,wlt
services/wlt/backend/internal/payout/payout_governance.go,16,wlt-api/internal/shared,GO_IMPORT,wlt
services/wlt/backend/internal/payout/payout_governance_test.go,3,testing,GO_IMPORT,wlt
services/wlt/backend/internal/payout/provider_process.go,4,context,GO_IMPORT,wlt
services/wlt/backend/internal/payout/provider_process.go,5,database/sql,GO_IMPORT,wlt
services/wlt/backend/internal/payout/provider_process.go,6,encoding/json,GO_IMPORT,wlt
services/wlt/backend/internal/payout/provider_process.go,7,errors,GO_IMPORT,wlt
services/wlt/backend/internal/payout/provider_process.go,8,net/http,GO_IMPORT,wlt
services/wlt/backend/internal/payout/provider_process.go,9,strings,GO_IMPORT,wlt
services/wlt/backend/internal/payout/provider_process.go,11,wlt-api/internal/provider,GO_IMPORT,wlt
services/wlt/backend/internal/payout/provider_process.go,12,wlt-api/internal/shared,GO_IMPORT,wlt
services/wlt/backend/internal/payout/provider_process_test.go,3,testing,GO_IMPORT,wlt
services/wlt/backend/internal/payout/read_one_after_lock.go,3,database/sql,GO_IMPORT,wlt
services/wlt/backend/internal/payout/read_provider_proof.go,4,database/sql,GO_IMPORT,wlt
services/wlt/backend/internal/payout/read_provider_proof.go,5,fmt,GO_IMPORT,wlt
services/wlt/backend/internal/payout/read_provider_proof.go,6,net/http,GO_IMPORT,wlt
services/wlt/backend/internal/payout/read_provider_proof.go,7,strings,GO_IMPORT,wlt
services/wlt/backend/internal/payout/read_provider_proof.go,9,wlt-api/internal/shared,GO_IMPORT,wlt
services/wlt/backend/internal/payout/request.go,4,crypto/sha256,GO_IMPORT,wlt
services/wlt/backend/internal/payout/request.go,5,database/sql,GO_IMPORT,wlt
services/wlt/backend/internal/payout/request.go,6,encoding/hex,GO_IMPORT,wlt
services/wlt/backend/internal/payout/request.go,7,encoding/json,GO_IMPORT,wlt
services/wlt/backend/internal/payout/request.go,8,fmt,GO_IMPORT,wlt
services/wlt/backend/internal/payout/request.go,9,net/http,GO_IMPORT,wlt
services/wlt/backend/internal/payout/request.go,10,os,GO_IMPORT,wlt
services/wlt/backend/internal/payout/request.go,11,strings,GO_IMPORT,wlt
services/wlt/backend/internal/payout/request.go,13,wlt-api/internal/ledger,GO_IMPORT,wlt
services/wlt/backend/internal/payout/request.go,14,wlt-api/internal/shared,GO_IMPORT,wlt
services/wlt/backend/internal/payout/request_db_test.go,4,database/sql,GO_IMPORT,wlt
services/wlt/backend/internal/payout/request_db_test.go,5,os,GO_IMPORT,wlt
services/wlt/backend/internal/payout/request_db_test.go,6,strings,GO_IMPORT,wlt
services/wlt/backend/internal/payout/request_db_test.go,7,testing,GO_IMPORT,wlt
services/wlt/backend/internal/payout/request_db_test.go,9,github.com/lib/pq,GO_IMPORT,wlt
services/wlt/backend/internal/payout/sovereign_payout.go,4,context,GO_IMPORT,wlt
services/wlt/backend/internal/payout/sovereign_payout.go,5,database/sql,GO_IMPORT,wlt
services/wlt/backend/internal/payout/sovereign_payout.go,6,encoding/json,GO_IMPORT,wlt
services/wlt/backend/internal/payout/sovereign_payout.go,7,errors,GO_IMPORT,wlt
services/wlt/backend/internal/payout/sovereign_payout.go,8,fmt,GO_IMPORT,wlt
services/wlt/backend/internal/payout/sovereign_payout.go,9,net/http,GO_IMPORT,wlt
services/wlt/backend/internal/payout/sovereign_payout.go,10,strings,GO_IMPORT,wlt
services/wlt/backend/internal/payout/sovereign_payout.go,12,wlt-api/internal/ledger,GO_IMPORT,wlt
services/wlt/backend/internal/payout/sovereign_payout.go,13,wlt-api/internal/shared,GO_IMPORT,wlt
services/wlt/backend/internal/payout/upsert_governed.go,4,crypto/sha256,GO_IMPORT,wlt
services/wlt/backend/internal/payout/upsert_governed.go,5,database/sql,GO_IMPORT,wlt
services/wlt/backend/internal/payout/upsert_governed.go,6,encoding/hex,GO_IMPORT,wlt
services/wlt/backend/internal/payout/upsert_governed.go,7,encoding/json,GO_IMPORT,wlt
services/wlt/backend/internal/payout/upsert_governed.go,8,errors,GO_IMPORT,wlt
services/wlt/backend/internal/payout/upsert_governed.go,9,fmt,GO_IMPORT,wlt
services/wlt/backend/internal/payout/upsert_governed.go,10,net/http,GO_IMPORT,wlt
services/wlt/backend/internal/payout/upsert_governed.go,11,strings,GO_IMPORT,wlt
services/wlt/backend/internal/payout/upsert_governed.go,13,wlt-api/internal/shared,GO_IMPORT,wlt
services/wlt/backend/internal/payout/upsert_governed_db_test.go,4,bytes,GO_IMPORT,wlt
services/wlt/backend/internal/payout/upsert_governed_db_test.go,5,context,GO_IMPORT,wlt
services/wlt/backend/internal/payout/upsert_governed_db_test.go,6,database/sql,GO_IMPORT,wlt
services/wlt/backend/internal/payout/upsert_governed_db_test.go,7,encoding/json,GO_IMPORT,wlt
services/wlt/backend/internal/payout/upsert_governed_db_test.go,8,net/http,GO_IMPORT,wlt
services/wlt/backend/internal/payout/upsert_governed_db_test.go,9,net/http/httptest,GO_IMPORT,wlt
services/wlt/backend/internal/payout/upsert_governed_db_test.go,10,os,GO_IMPORT,wlt
services/wlt/backend/internal/payout/upsert_governed_db_test.go,11,strconv,GO_IMPORT,wlt
services/wlt/backend/internal/payout/upsert_governed_db_test.go,12,testing,GO_IMPORT,wlt
services/wlt/backend/internal/payout/upsert_governed_db_test.go,13,time,GO_IMPORT,wlt
services/wlt/backend/internal/payout/upsert_governed_db_test.go,15,github.com/lib/pq,GO_IMPORT,wlt
services/wlt/backend/internal/payout/upsert_governed_db_test.go,17,wlt-api/internal/shared,GO_IMPORT,wlt
services/wlt/backend/internal/payout/upsert_governed_test.go,3,testing,GO_IMPORT,wlt
services/wlt/backend/internal/penalty/penalty.go,4,context,GO_IMPORT,wlt
services/wlt/backend/internal/penalty/penalty.go,5,database/sql,GO_IMPORT,wlt
services/wlt/backend/internal/penalty/penalty.go,6,encoding/json,GO_IMPORT,wlt
services/wlt/backend/internal/penalty/penalty.go,7,errors,GO_IMPORT,wlt
services/wlt/backend/internal/penalty/penalty.go,8,fmt,GO_IMPORT,wlt
services/wlt/backend/internal/penalty/penalty.go,9,net/http,GO_IMPORT,wlt
services/wlt/backend/internal/penalty/penalty.go,10,strings,GO_IMPORT,wlt
services/wlt/backend/internal/penalty/penalty.go,11,time,GO_IMPORT,wlt
services/wlt/backend/internal/penalty/penalty.go,13,wlt-api/internal/ledger,GO_IMPORT,wlt
services/wlt/backend/internal/penalty/penalty.go,14,wlt-api/internal/shared,GO_IMPORT,wlt
services/wlt/backend/internal/promotionfunding/promotion_funding.go,4,context,GO_IMPORT,wlt
services/wlt/backend/internal/promotionfunding/promotion_funding.go,5,database/sql,GO_IMPORT,wlt
services/wlt/backend/internal/promotionfunding/promotion_funding.go,6,encoding/json,GO_IMPORT,wlt
services/wlt/backend/internal/promotionfunding/promotion_funding.go,7,errors,GO_IMPORT,wlt
services/wlt/backend/internal/promotionfunding/promotion_funding.go,8,fmt,GO_IMPORT,wlt
services/wlt/backend/internal/promotionfunding/promotion_funding.go,9,net/http,GO_IMPORT,wlt
services/wlt/backend/internal/promotionfunding/promotion_funding.go,10,strings,GO_IMPORT,wlt
services/wlt/backend/internal/promotionfunding/promotion_funding.go,11,time,GO_IMPORT,wlt
services/wlt/backend/internal/promotionfunding/promotion_funding.go,13,wlt-api/internal/shared,GO_IMPORT,wlt
services/wlt/backend/internal/promotionfunding/promotion_funding_test.go,3,testing,GO_IMPORT,wlt
services/wlt/backend/internal/promotionfunding/reservation_json.go,3,encoding/json,GO_IMPORT,wlt
services/wlt/backend/internal/promotionfunding/reservation_json_test.go,4,encoding/json,GO_IMPORT,wlt
services/wlt/backend/internal/promotionfunding/reservation_json_test.go,5,strings,GO_IMPORT,wlt
services/wlt/backend/internal/promotionfunding/reservation_json_test.go,6,testing,GO_IMPORT,wlt
services/wlt/backend/internal/promotionfunding/transition_retry_test.go,3,testing,GO_IMPORT,wlt
services/wlt/backend/internal/provider/financial_provider_client.go,4,bytes,GO_IMPORT,wlt
services/wlt/backend/internal/provider/financial_provider_client.go,5,context,GO_IMPORT,wlt
services/wlt/backend/internal/provider/financial_provider_client.go,6,encoding/json,GO_IMPORT,wlt
services/wlt/backend/internal/provider/financial_provider_client.go,7,fmt,GO_IMPORT,wlt
services/wlt/backend/internal/provider/financial_provider_client.go,8,io,GO_IMPORT,wlt
services/wlt/backend/internal/provider/financial_provider_client.go,9,net/http,GO_IMPORT,wlt
services/wlt/backend/internal/provider/financial_provider_client.go,10,strings,GO_IMPORT,wlt
services/wlt/backend/internal/provider/financial_provider_client.go,11,time,GO_IMPORT,wlt
services/wlt/backend/internal/provider/payment_provider.go,4,context,GO_IMPORT,wlt
services/wlt/backend/internal/provider/payment_provider.go,5,net/url,GO_IMPORT,wlt
services/wlt/backend/internal/provider/payment_provider_test.go,4,context,GO_IMPORT,wlt
services/wlt/backend/internal/provider/payment_provider_test.go,5,errors,GO_IMPORT,wlt
services/wlt/backend/internal/provider/payment_provider_test.go,6,net/http,GO_IMPORT,wlt
services/wlt/backend/internal/provider/payment_provider_test.go,7,net/http/httptest,GO_IMPORT,wlt
services/wlt/backend/internal/provider/payment_provider_test.go,8,testing,GO_IMPORT,wlt
services/wlt/backend/internal/provider/payout_inquiry.go,4,context,GO_IMPORT,wlt
services/wlt/backend/internal/provider/payout_inquiry.go,5,fmt,GO_IMPORT,wlt
services/wlt/backend/internal/provider/payout_inquiry.go,6,net/url,GO_IMPORT,wlt
services/wlt/backend/internal/provider/payout_inquiry.go,7,strings,GO_IMPORT,wlt
services/wlt/backend/internal/provider/payout_inquiry_test.go,4,context,GO_IMPORT,wlt
services/wlt/backend/internal/provider/payout_inquiry_test.go,5,net/http,GO_IMPORT,wlt
services/wlt/backend/internal/provider/payout_inquiry_test.go,6,net/http/httptest,GO_IMPORT,wlt
services/wlt/backend/internal/provider/payout_inquiry_test.go,7,net/url,GO_IMPORT,wlt
services/wlt/backend/internal/provider/payout_inquiry_test.go,8,strings,GO_IMPORT,wlt
services/wlt/backend/internal/provider/payout_inquiry_test.go,9,testing,GO_IMPORT,wlt
services/wlt/backend/internal/provider/production_payment_adapter.go,4,context,GO_IMPORT,wlt
services/wlt/backend/internal/provider/production_payment_adapter.go,5,errors,GO_IMPORT,wlt
services/wlt/backend/internal/provider/production_payment_adapter.go,6,fmt,GO_IMPORT,wlt
services/wlt/backend/internal/provider/provider_errors.go,3,fmt,GO_IMPORT,wlt
services/wlt/backend/internal/provider/provider_idempotency.go,4,crypto/rand,GO_IMPORT,wlt
services/wlt/backend/internal/provider/provider_idempotency.go,5,encoding/hex,GO_IMPORT,wlt
services/wlt/backend/internal/provider/provider_idempotency.go,6,fmt,GO_IMPORT,wlt
services/wlt/backend/internal/provider/provider_idempotency.go,7,net/http,GO_IMPORT,wlt
services/wlt/backend/internal/provider/provider_mode.go,4,fmt,GO_IMPORT,wlt
services/wlt/backend/internal/provider/provider_mode.go,5,os,GO_IMPORT,wlt
services/wlt/backend/internal/provider/provider_mode.go,6,strings,GO_IMPORT,wlt
services/wlt/backend/internal/provider/provider_mode_test.go,3,testing,GO_IMPORT,wlt
services/wlt/backend/internal/reconciliation/operator_context_isolation_test.go,11,context,GO_IMPORT,wlt
services/wlt/backend/internal/reconciliation/operator_context_isolation_test.go,12,database/sql,GO_IMPORT,wlt
services/wlt/backend/internal/reconciliation/operator_context_isolation_test.go,13,fmt,GO_IMPORT,wlt
services/wlt/backend/internal/reconciliation/operator_context_isolation_test.go,14,os,GO_IMPORT,wlt
services/wlt/backend/internal/reconciliation/operator_context_isolation_test.go,15,strings,GO_IMPORT,wlt
services/wlt/backend/internal/reconciliation/operator_context_isolation_test.go,16,testing,GO_IMPORT,wlt
services/wlt/backend/internal/reconciliation/operator_context_isolation_test.go,17,time,GO_IMPORT,wlt
services/wlt/backend/internal/reconciliation/operator_context_isolation_test.go,19,github.com/lib/pq,GO_IMPORT,wlt
services/wlt/backend/internal/reconciliation/operator_context_isolation_test.go,21,wlt-api/internal/reference,GO_IMPORT,wlt
services/wlt/backend/internal/reconciliation/operator_context_isolation_test.go,22,wlt-api/internal/shared,GO_IMPORT,wlt
services/wlt/backend/internal/reconciliation/reconciliation.go,4,context,GO_IMPORT,wlt
services/wlt/backend/internal/reconciliation/reconciliation.go,5,database/sql,GO_IMPORT,wlt
services/wlt/backend/internal/reconciliation/reconciliation.go,6,encoding/json,GO_IMPORT,wlt
services/wlt/backend/internal/reconciliation/reconciliation.go,7,errors,GO_IMPORT,wlt
services/wlt/backend/internal/reconciliation/reconciliation.go,8,fmt,GO_IMPORT,wlt
services/wlt/backend/internal/reconciliation/reconciliation.go,9,net/http,GO_IMPORT,wlt
services/wlt/backend/internal/reconciliation/reconciliation.go,10,strings,GO_IMPORT,wlt
services/wlt/backend/internal/reconciliation/reconciliation.go,12,wlt-api/internal/shared,GO_IMPORT,wlt
services/wlt/backend/internal/reconciliation/reconciliation_db_test.go,4,context,GO_IMPORT,wlt
services/wlt/backend/internal/reconciliation/reconciliation_db_test.go,5,database/sql,GO_IMPORT,wlt
services/wlt/backend/internal/reconciliation/reconciliation_db_test.go,6,fmt,GO_IMPORT,wlt
services/wlt/backend/internal/reconciliation/reconciliation_db_test.go,7,os,GO_IMPORT,wlt
services/wlt/backend/internal/reconciliation/reconciliation_db_test.go,8,testing,GO_IMPORT,wlt
services/wlt/backend/internal/reconciliation/reconciliation_db_test.go,9,time,GO_IMPORT,wlt
services/wlt/backend/internal/reconciliation/reconciliation_db_test.go,11,github.com/lib/pq,GO_IMPORT,wlt
services/wlt/backend/internal/reconciliation/reconciliation_db_test.go,13,wlt-api/internal/shared,GO_IMPORT,wlt
services/wlt/backend/internal/reference/handler.go,4,database/sql,GO_IMPORT,wlt
services/wlt/backend/internal/reference/handler.go,5,net/http,GO_IMPORT,wlt
services/wlt/backend/internal/reference/handler.go,7,wlt-api/internal/shared,GO_IMPORT,wlt
services/wlt/backend/internal/reference/payment_session.go,4,database/sql,GO_IMPORT,wlt
services/wlt/backend/internal/reference/payment_session.go,5,encoding/json,GO_IMPORT,wlt
services/wlt/backend/internal/reference/payment_session.go,6,errors,GO_IMPORT,wlt
services/wlt/backend/internal/reference/payment_session.go,7,fmt,GO_IMPORT,wlt
services/wlt/backend/internal/reference/payment_session.go,8,net/http,GO_IMPORT,wlt
services/wlt/backend/internal/reference/payment_session.go,9,strings,GO_IMPORT,wlt
services/wlt/backend/internal/reference/payment_session.go,11,wlt-api/internal/shared,GO_IMPORT,wlt
services/wlt/backend/internal/reference/payment_session_operator_context.go,4,database/sql,GO_IMPORT,wlt
services/wlt/backend/internal/reference/payment_session_operator_context.go,5,fmt,GO_IMPORT,wlt
services/wlt/backend/internal/reference/payment_session_operator_context.go,6,strings,GO_IMPORT,wlt
services/wlt/backend/internal/reference/payment_session_read.go,4,database/sql,GO_IMPORT,wlt
services/wlt/backend/internal/reference/payment_session_read.go,5,net/http,GO_IMPORT,wlt
services/wlt/backend/internal/reference/payment_session_read.go,6,strings,GO_IMPORT,wlt
services/wlt/backend/internal/reference/payment_session_read.go,8,wlt-api/internal/shared,GO_IMPORT,wlt
services/wlt/backend/internal/reference/payment_session_test.go,4,net/http,GO_IMPORT,wlt
services/wlt/backend/internal/reference/payment_session_test.go,5,net/http/httptest,GO_IMPORT,wlt
services/wlt/backend/internal/reference/payment_session_test.go,6,strings,GO_IMPORT,wlt
services/wlt/backend/internal/reference/payment_session_test.go,7,testing,GO_IMPORT,wlt
services/wlt/backend/internal/reference/payment_session_transport.go,4,bytes,GO_IMPORT,wlt
services/wlt/backend/internal/reference/payment_session_transport.go,5,encoding/json,GO_IMPORT,wlt
services/wlt/backend/internal/reference/payment_session_transport.go,6,fmt,GO_IMPORT,wlt
services/wlt/backend/internal/reference/payment_session_transport.go,7,io,GO_IMPORT,wlt
services/wlt/backend/internal/reference/payment_session_transport_test.go,4,encoding/json,GO_IMPORT,wlt
services/wlt/backend/internal/reference/payment_session_transport_test.go,5,strings,GO_IMPORT,wlt
services/wlt/backend/internal/reference/payment_session_transport_test.go,6,testing,GO_IMPORT,wlt
services/wlt/backend/internal/reference/repository.go,4,database/sql,GO_IMPORT,wlt
services/wlt/backend/internal/reference/repository.go,5,fmt,GO_IMPORT,wlt
services/wlt/backend/internal/reference/trusted_operator_context_handler.go,4,database/sql,GO_IMPORT,wlt
services/wlt/backend/internal/reference/trusted_operator_context_handler.go,5,errors,GO_IMPORT,wlt
services/wlt/backend/internal/reference/trusted_operator_context_handler.go,6,net/http,GO_IMPORT,wlt
services/wlt/backend/internal/reference/trusted_operator_context_handler.go,7,strings,GO_IMPORT,wlt
services/wlt/backend/internal/reference/trusted_operator_context_handler.go,9,wlt-api/internal/shared,GO_IMPORT,wlt
services/wlt/backend/internal/reference/trusted_operator_context_handler_test.go,4,net/http,GO_IMPORT,wlt
services/wlt/backend/internal/reference/trusted_operator_context_handler_test.go,5,net/http/httptest,GO_IMPORT,wlt
services/wlt/backend/internal/reference/trusted_operator_context_handler_test.go,6,strings,GO_IMPORT,wlt
services/wlt/backend/internal/reference/trusted_operator_context_handler_test.go,7,testing,GO_IMPORT,wlt
services/wlt/backend/internal/refund/governed_refund.go,4,context,GO_IMPORT,wlt
services/wlt/backend/internal/refund/governed_refund.go,5,database/sql,GO_IMPORT,wlt
services/wlt/backend/internal/refund/governed_refund.go,6,encoding/json,GO_IMPORT,wlt
services/wlt/backend/internal/refund/governed_refund.go,7,errors,GO_IMPORT,wlt
services/wlt/backend/internal/refund/governed_refund.go,8,fmt,GO_IMPORT,wlt
services/wlt/backend/internal/refund/governed_refund.go,9,net/http,GO_IMPORT,wlt
services/wlt/backend/internal/refund/governed_refund.go,10,strings,GO_IMPORT,wlt
services/wlt/backend/internal/refund/governed_refund.go,12,wlt-api/internal/dshoutbox,GO_IMPORT,wlt
services/wlt/backend/internal/refund/governed_refund.go,13,wlt-api/internal/ledger,GO_IMPORT,wlt
services/wlt/backend/internal/refund/governed_refund.go,14,wlt-api/internal/provider,GO_IMPORT,wlt
services/wlt/backend/internal/refund/governed_refund.go,15,wlt-api/internal/shared,GO_IMPORT,wlt
services/wlt/backend/internal/refund/governed_refund_durable_completion.go,4,context,GO_IMPORT,wlt
services/wlt/backend/internal/refund/governed_refund_durable_completion.go,5,database/sql,GO_IMPORT,wlt
services/wlt/backend/internal/refund/governed_refund_durable_completion.go,6,errors,GO_IMPORT,wlt
services/wlt/backend/internal/refund/governed_refund_durable_completion.go,7,fmt,GO_IMPORT,wlt
services/wlt/backend/internal/refund/governed_refund_durable_completion.go,8,net/http,GO_IMPORT,wlt
services/wlt/backend/internal/refund/governed_refund_durable_completion.go,10,wlt-api/internal/provider,GO_IMPORT,wlt
services/wlt/backend/internal/refund/governed_refund_durable_completion.go,11,wlt-api/internal/shared,GO_IMPORT,wlt
services/wlt/backend/internal/refund/governed_refund_durable_completion_db_test.go,4,context,GO_IMPORT,wlt
services/wlt/backend/internal/refund/governed_refund_durable_completion_db_test.go,5,errors,GO_IMPORT,wlt
services/wlt/backend/internal/refund/governed_refund_durable_completion_db_test.go,6,fmt,GO_IMPORT,wlt
services/wlt/backend/internal/refund/governed_refund_durable_completion_db_test.go,7,testing,GO_IMPORT,wlt
services/wlt/backend/internal/refund/governed_refund_durable_completion_db_test.go,8,time,GO_IMPORT,wlt
services/wlt/backend/internal/refund/governed_refund_runtime_db_test.go,4,context,GO_IMPORT,wlt
services/wlt/backend/internal/refund/governed_refund_runtime_db_test.go,5,database/sql,GO_IMPORT,wlt
services/wlt/backend/internal/refund/governed_refund_runtime_db_test.go,6,errors,GO_IMPORT,wlt
services/wlt/backend/internal/refund/governed_refund_runtime_db_test.go,7,fmt,GO_IMPORT,wlt
services/wlt/backend/internal/refund/governed_refund_runtime_db_test.go,8,testing,GO_IMPORT,wlt
services/wlt/backend/internal/refund/governed_refund_runtime_db_test.go,9,time,GO_IMPORT,wlt
services/wlt/backend/internal/refund/governed_refund_runtime_db_test.go,11,wlt-api/internal/dshoutbox,GO_IMPORT,wlt
services/wlt/backend/internal/refund/governed_refund_runtime_db_test.go,12,wlt-api/internal/provider,GO_IMPORT,wlt
services/wlt/backend/internal/refund/mutation_idempotency.go,4,bytes,GO_IMPORT,wlt
services/wlt/backend/internal/refund/mutation_idempotency.go,5,crypto/sha256,GO_IMPORT,wlt
services/wlt/backend/internal/refund/mutation_idempotency.go,6,database/sql,GO_IMPORT,wlt
services/wlt/backend/internal/refund/mutation_idempotency.go,7,encoding/hex,GO_IMPORT,wlt
services/wlt/backend/internal/refund/mutation_idempotency.go,8,encoding/json,GO_IMPORT,wlt
services/wlt/backend/internal/refund/mutation_idempotency.go,9,errors,GO_IMPORT,wlt
services/wlt/backend/internal/refund/mutation_idempotency.go,10,fmt,GO_IMPORT,wlt
services/wlt/backend/internal/refund/mutation_idempotency.go,11,io,GO_IMPORT,wlt
services/wlt/backend/internal/refund/mutation_idempotency.go,12,net/http,GO_IMPORT,wlt
services/wlt/backend/internal/refund/mutation_idempotency.go,13,strings,GO_IMPORT,wlt
services/wlt/backend/internal/refund/mutation_idempotency.go,15,wlt-api/internal/shared,GO_IMPORT,wlt
services/wlt/backend/internal/refund/mutation_idempotency_db_test.go,4,net/http,GO_IMPORT,wlt
services/wlt/backend/internal/refund/mutation_idempotency_db_test.go,5,net/http/httptest,GO_IMPORT,wlt
services/wlt/backend/internal/refund/mutation_idempotency_db_test.go,6,strings,GO_IMPORT,wlt
services/wlt/backend/internal/refund/mutation_idempotency_db_test.go,7,testing,GO_IMPORT,wlt
services/wlt/backend/internal/refund/mutation_idempotency_db_test.go,8,time,GO_IMPORT,wlt
services/wlt/backend/internal/refund/operator_context_guard.go,4,database/sql,GO_IMPORT,wlt
services/wlt/backend/internal/refund/operator_context_guard.go,5,net/http,GO_IMPORT,wlt
services/wlt/backend/internal/refund/operator_context_guard.go,7,wlt-api/internal/shared,GO_IMPORT,wlt
services/wlt/backend/internal/refund/refund.go,4,context,GO_IMPORT,wlt
services/wlt/backend/internal/refund/refund.go,5,database/sql,GO_IMPORT,wlt
services/wlt/backend/internal/refund/refund.go,6,errors,GO_IMPORT,wlt
services/wlt/backend/internal/refund/refund.go,7,fmt,GO_IMPORT,wlt
services/wlt/backend/internal/refund/refund.go,8,strings,GO_IMPORT,wlt
services/wlt/backend/internal/refund/refund.go,10,wlt-api/internal/provider,GO_IMPORT,wlt
services/wlt/backend/internal/refund/refund.go,11,wlt-api/internal/shared,GO_IMPORT,wlt
services/wlt/backend/internal/refund/refund_atomic.go,4,context,GO_IMPORT,wlt
services/wlt/backend/internal/refund/refund_atomic.go,5,database/sql,GO_IMPORT,wlt
services/wlt/backend/internal/refund/refund_atomic.go,6,errors,GO_IMPORT,wlt
services/wlt/backend/internal/refund/refund_atomic.go,7,fmt,GO_IMPORT,wlt
services/wlt/backend/internal/refund/refund_atomic.go,8,strings,GO_IMPORT,wlt
services/wlt/backend/internal/refund/refund_atomic.go,10,wlt-api/internal/shared,GO_IMPORT,wlt
services/wlt/backend/internal/refund/refund_atomic_db_test.go,4,errors,GO_IMPORT,wlt
services/wlt/backend/internal/refund/refund_atomic_db_test.go,5,fmt,GO_IMPORT,wlt
services/wlt/backend/internal/refund/refund_atomic_db_test.go,6,sync,GO_IMPORT,wlt
services/wlt/backend/internal/refund/refund_atomic_db_test.go,7,testing,GO_IMPORT,wlt
services/wlt/backend/internal/refund/refund_atomic_db_test.go,8,time,GO_IMPORT,wlt
services/wlt/backend/internal/refund/refund_db_test.go,4,database/sql,GO_IMPORT,wlt
services/wlt/backend/internal/refund/refund_db_test.go,5,errors,GO_IMPORT,wlt
services/wlt/backend/internal/refund/refund_db_test.go,6,fmt,GO_IMPORT,wlt
services/wlt/backend/internal/refund/refund_db_test.go,7,os,GO_IMPORT,wlt
services/wlt/backend/internal/refund/refund_db_test.go,8,testing,GO_IMPORT,wlt
services/wlt/backend/internal/refund/refund_db_test.go,9,time,GO_IMPORT,wlt
services/wlt/backend/internal/refund/refund_db_test.go,11,github.com/lib/pq,GO_IMPORT,wlt
services/wlt/backend/internal/refund/sovereign_refund.go,4,context,GO_IMPORT,wlt
services/wlt/backend/internal/refund/sovereign_refund.go,5,database/sql,GO_IMPORT,wlt
services/wlt/backend/internal/refund/sovereign_refund.go,7,wlt-api/internal/provider,GO_IMPORT,wlt
services/wlt/backend/internal/settlement/evidence_settlement.go,4,context,GO_IMPORT,wlt
services/wlt/backend/internal/settlement/evidence_settlement.go,5,crypto/sha256,GO_IMPORT,wlt
services/wlt/backend/internal/settlement/evidence_settlement.go,6,database/sql,GO_IMPORT,wlt
services/wlt/backend/internal/settlement/evidence_settlement.go,7,encoding/hex,GO_IMPORT,wlt
services/wlt/backend/internal/settlement/evidence_settlement.go,8,encoding/json,GO_IMPORT,wlt
services/wlt/backend/internal/settlement/evidence_settlement.go,9,errors,GO_IMPORT,wlt
services/wlt/backend/internal/settlement/evidence_settlement.go,10,fmt,GO_IMPORT,wlt
services/wlt/backend/internal/settlement/evidence_settlement.go,11,net/http,GO_IMPORT,wlt
services/wlt/backend/internal/settlement/evidence_settlement.go,12,sort,GO_IMPORT,wlt
services/wlt/backend/internal/settlement/evidence_settlement.go,13,strings,GO_IMPORT,wlt
services/wlt/backend/internal/settlement/evidence_settlement.go,14,time,GO_IMPORT,wlt
services/wlt/backend/internal/settlement/evidence_settlement.go,16,wlt-api/internal/shared,GO_IMPORT,wlt
services/wlt/backend/internal/settlement/evidence_settlement_test.go,4,errors,GO_IMPORT,wlt
services/wlt/backend/internal/settlement/evidence_settlement_test.go,5,testing,GO_IMPORT,wlt
services/wlt/backend/internal/settlement/evidence_settlement_test.go,6,time,GO_IMPORT,wlt
services/wlt/backend/internal/settlement/governed_source.go,4,context,GO_IMPORT,wlt
services/wlt/backend/internal/settlement/governed_source.go,5,database/sql,GO_IMPORT,wlt
services/wlt/backend/internal/settlement/governed_source.go,6,errors,GO_IMPORT,wlt
services/wlt/backend/internal/settlement/governed_source.go,7,fmt,GO_IMPORT,wlt
services/wlt/backend/internal/settlement/governed_source.go,8,strings,GO_IMPORT,wlt
services/wlt/backend/internal/settlement/governed_source.go,9,time,GO_IMPORT,wlt
services/wlt/backend/internal/settlement/governed_source.go,11,github.com/lib/pq,GO_IMPORT,wlt
services/wlt/backend/internal/settlement/idempotent_policy.go,4,context,GO_IMPORT,wlt
services/wlt/backend/internal/settlement/idempotent_policy.go,5,database/sql,GO_IMPORT,wlt
services/wlt/backend/internal/settlement/idempotent_policy.go,6,encoding/json,GO_IMPORT,wlt
services/wlt/backend/internal/settlement/idempotent_policy.go,7,errors,GO_IMPORT,wlt
services/wlt/backend/internal/settlement/idempotent_policy.go,8,fmt,GO_IMPORT,wlt
services/wlt/backend/internal/settlement/idempotent_policy.go,9,net/http,GO_IMPORT,wlt
services/wlt/backend/internal/settlement/idempotent_policy.go,10,strings,GO_IMPORT,wlt
services/wlt/backend/internal/settlement/idempotent_policy.go,12,wlt-api/internal/shared,GO_IMPORT,wlt
services/wlt/backend/internal/settlement/operator_context_isolation_test.go,11,context,GO_IMPORT,wlt
services/wlt/backend/internal/settlement/operator_context_isolation_test.go,12,database/sql,GO_IMPORT,wlt
services/wlt/backend/internal/settlement/operator_context_isolation_test.go,13,fmt,GO_IMPORT,wlt
services/wlt/backend/internal/settlement/operator_context_isolation_test.go,14,os,GO_IMPORT,wlt
services/wlt/backend/internal/settlement/operator_context_isolation_test.go,15,strings,GO_IMPORT,wlt
services/wlt/backend/internal/settlement/operator_context_isolation_test.go,16,testing,GO_IMPORT,wlt
services/wlt/backend/internal/settlement/operator_context_isolation_test.go,17,time,GO_IMPORT,wlt
services/wlt/backend/internal/settlement/operator_context_isolation_test.go,19,github.com/lib/pq,GO_IMPORT,wlt
services/wlt/backend/internal/settlement/operator_context_isolation_test.go,21,wlt-api/internal/shared,GO_IMPORT,wlt
services/wlt/backend/internal/settlement/runtime_operator_context_isolation_test.go,11,context,GO_IMPORT,wlt
services/wlt/backend/internal/settlement/runtime_operator_context_isolation_test.go,12,fmt,GO_IMPORT,wlt
services/wlt/backend/internal/settlement/runtime_operator_context_isolation_test.go,13,testing,GO_IMPORT,wlt
services/wlt/backend/internal/settlement/runtime_operator_context_isolation_test.go,14,time,GO_IMPORT,wlt
services/wlt/backend/internal/settlement/runtime_operator_context_isolation_test.go,16,wlt-api/internal/shared,GO_IMPORT,wlt
services/wlt/backend/internal/settlement/settlement.go,4,context,GO_IMPORT,wlt
services/wlt/backend/internal/settlement/settlement.go,5,database/sql,GO_IMPORT,wlt
services/wlt/backend/internal/settlement/settlement.go,6,errors,GO_IMPORT,wlt
services/wlt/backend/internal/settlement/settlement.go,7,fmt,GO_IMPORT,wlt
services/wlt/backend/internal/settlement/settlement.go,8,net/http,GO_IMPORT,wlt
services/wlt/backend/internal/settlement/settlement.go,9,strings,GO_IMPORT,wlt
services/wlt/backend/internal/settlement/settlement.go,11,wlt-api/internal/ledger,GO_IMPORT,wlt
services/wlt/backend/internal/settlement/settlement.go,12,wlt-api/internal/shared,GO_IMPORT,wlt
services/wlt/backend/internal/settlement/settlement_db_test.go,4,context,GO_IMPORT,wlt
services/wlt/backend/internal/settlement/settlement_db_test.go,5,database/sql,GO_IMPORT,wlt
services/wlt/backend/internal/settlement/settlement_db_test.go,6,errors,GO_IMPORT,wlt
services/wlt/backend/internal/settlement/settlement_db_test.go,7,fmt,GO_IMPORT,wlt
services/wlt/backend/internal/settlement/settlement_db_test.go,8,os,GO_IMPORT,wlt
services/wlt/backend/internal/settlement/settlement_db_test.go,9,testing,GO_IMPORT,wlt
services/wlt/backend/internal/settlement/settlement_db_test.go,10,time,GO_IMPORT,wlt
services/wlt/backend/internal/settlement/settlement_db_test.go,12,github.com/lib/pq,GO_IMPORT,wlt
services/wlt/backend/internal/settlement/settlement_db_test.go,14,wlt-api/internal/shared,GO_IMPORT,wlt
services/wlt/backend/internal/settlement/summary_governed.go,4,context,GO_IMPORT,wlt
services/wlt/backend/internal/settlement/summary_governed.go,5,database/sql,GO_IMPORT,wlt
services/wlt/backend/internal/settlement/summary_governed.go,6,fmt,GO_IMPORT,wlt
services/wlt/backend/internal/settlement/summary_governed.go,7,net/http,GO_IMPORT,wlt
services/wlt/backend/internal/settlement/summary_governed.go,8,strings,GO_IMPORT,wlt
services/wlt/backend/internal/settlement/summary_governed.go,10,wlt-api/internal/shared,GO_IMPORT,wlt
services/wlt/backend/internal/settlement/summary_governed_db_test.go,4,context,GO_IMPORT,wlt
services/wlt/backend/internal/settlement/summary_governed_db_test.go,5,fmt,GO_IMPORT,wlt
services/wlt/backend/internal/settlement/summary_governed_db_test.go,6,testing,GO_IMPORT,wlt
services/wlt/backend/internal/settlement/summary_governed_db_test.go,7,time,GO_IMPORT,wlt
services/wlt/backend/internal/settlement/summary_governed_db_test.go,9,wlt-api/internal/shared,GO_IMPORT,wlt
services/wlt/backend/internal/shared/mutation_receipt.go,4,context,GO_IMPORT,wlt
services/wlt/backend/internal/shared/mutation_receipt.go,5,database/sql,GO_IMPORT,wlt
services/wlt/backend/internal/shared/mutation_receipt.go,6,encoding/json,GO_IMPORT,wlt
services/wlt/backend/internal/shared/mutation_receipt.go,7,errors,GO_IMPORT,wlt
services/wlt/backend/internal/shared/mutation_receipt.go,8,fmt,GO_IMPORT,wlt
services/wlt/backend/internal/shared/mutation_receipt.go,9,strings,GO_IMPORT,wlt
services/wlt/backend/internal/shared/operator_context_scope.go,4,database/sql,GO_IMPORT,wlt
services/wlt/backend/internal/shared/operator_context_scope.go,5,errors,GO_IMPORT,wlt
services/wlt/backend/internal/shared/operator_context_scope.go,6,fmt,GO_IMPORT,wlt
services/wlt/backend/internal/shared/operator_context_scope.go,7,net/http,GO_IMPORT,wlt
services/wlt/backend/internal/shared/operator_context_scope.go,8,strings,GO_IMPORT,wlt
services/wlt/backend/internal/shared/operator_contextcontext.go,4,context,GO_IMPORT,wlt
services/wlt/backend/internal/shared/operator_contextcontext.go,5,fmt,GO_IMPORT,wlt
services/wlt/backend/internal/shared/operator_contextcontext.go,6,strings,GO_IMPORT,wlt
services/wlt/backend/internal/shared/referenceauth.go,4,context,GO_IMPORT,wlt
services/wlt/backend/internal/shared/referenceauth.go,5,encoding/json,GO_IMPORT,wlt
services/wlt/backend/internal/shared/referenceauth.go,6,net/http,GO_IMPORT,wlt
services/wlt/backend/internal/shared/referenceauth.go,7,os,GO_IMPORT,wlt
services/wlt/backend/internal/shared/referenceauth.go,8,strings,GO_IMPORT,wlt
services/wlt/backend/internal/shared/referenceauth.go,9,time,GO_IMPORT,wlt
services/wlt/backend/internal/shared/referenceauth_test.go,4,encoding/json,GO_IMPORT,wlt
services/wlt/backend/internal/shared/referenceauth_test.go,5,net/http,GO_IMPORT,wlt
services/wlt/backend/internal/shared/referenceauth_test.go,6,net/http/httptest,GO_IMPORT,wlt
services/wlt/backend/internal/shared/referenceauth_test.go,7,strings,GO_IMPORT,wlt
services/wlt/backend/internal/shared/referenceauth_test.go,8,testing,GO_IMPORT,wlt
services/wlt/backend/internal/shared/response.go,4,encoding/json,GO_IMPORT,wlt
services/wlt/backend/internal/shared/response.go,5,net/http,GO_IMPORT,wlt
services/wlt/backend/internal/shared/response.go,6,wlt-api/internal/provider,GO_IMPORT,wlt
services/wlt/backend/internal/shared/serviceauth.go,4,crypto/subtle,GO_IMPORT,wlt
services/wlt/backend/internal/shared/serviceauth.go,5,net/http,GO_IMPORT,wlt
services/wlt/backend/internal/shared/serviceauth.go,6,os,GO_IMPORT,wlt
services/wlt/backend/internal/shared/serviceauth.go,7,strings,GO_IMPORT,wlt
services/wlt/backend/internal/shared/serviceauth_test.go,4,context,GO_IMPORT,wlt
services/wlt/backend/internal/shared/serviceauth_test.go,5,net/http,GO_IMPORT,wlt
services/wlt/backend/internal/shared/serviceauth_test.go,6,net/http/httptest,GO_IMPORT,wlt
services/wlt/backend/internal/shared/serviceauth_test.go,7,strings,GO_IMPORT,wlt
services/wlt/backend/internal/shared/serviceauth_test.go,8,testing,GO_IMPORT,wlt
services/wlt/backend/internal/wallet/handler.go,4,database/sql,GO_IMPORT,wlt
services/wlt/backend/internal/wallet/handler.go,5,net/http,GO_IMPORT,wlt
services/wlt/backend/internal/wallet/handler.go,6,strings,GO_IMPORT,wlt
services/wlt/backend/internal/wallet/handler.go,8,wlt-api/internal/shared,GO_IMPORT,wlt
services/wlt/backend/internal/wallet/handler_test.go,4,net/http,GO_IMPORT,wlt
services/wlt/backend/internal/wallet/handler_test.go,5,net/http/httptest,GO_IMPORT,wlt
services/wlt/backend/internal/wallet/handler_test.go,6,strings,GO_IMPORT,wlt
services/wlt/backend/internal/wallet/handler_test.go,7,testing,GO_IMPORT,wlt
services/wlt/backend/internal/wallet/model.go,3,time,GO_IMPORT,wlt
services/wlt/backend/internal/wallet/operator_context_identity_test.go,4,context,GO_IMPORT,wlt
services/wlt/backend/internal/wallet/operator_context_identity_test.go,5,database/sql,GO_IMPORT,wlt
services/wlt/backend/internal/wallet/operator_context_identity_test.go,6,fmt,GO_IMPORT,wlt
services/wlt/backend/internal/wallet/operator_context_identity_test.go,7,os,GO_IMPORT,wlt
services/wlt/backend/internal/wallet/operator_context_identity_test.go,8,strings,GO_IMPORT,wlt
services/wlt/backend/internal/wallet/operator_context_identity_test.go,9,testing,GO_IMPORT,wlt
services/wlt/backend/internal/wallet/operator_context_identity_test.go,10,time,GO_IMPORT,wlt
services/wlt/backend/internal/wallet/operator_context_identity_test.go,12,github.com/lib/pq,GO_IMPORT,wlt
services/wlt/backend/internal/wallet/operator_context_identity_test.go,14,wlt-api/internal/shared,GO_IMPORT,wlt
services/wlt/backend/internal/wallet/repository.go,4,context,GO_IMPORT,wlt
services/wlt/backend/internal/wallet/repository.go,5,database/sql,GO_IMPORT,wlt
services/wlt/backend/internal/wallet/repository.go,6,fmt,GO_IMPORT,wlt
services/wlt/backend/internal/wallet/repository.go,7,strings,GO_IMPORT,wlt
services/wlt/backend/internal/wallet/repository.go,9,wlt-api/internal/shared,GO_IMPORT,wlt
tools/guards/extract_routes.go,4,encoding/json,GO_IMPORT,tools
tools/guards/extract_routes.go,5,fmt,GO_IMPORT,tools
tools/guards/extract_routes.go,6,go/ast,GO_IMPORT,tools
tools/guards/extract_routes.go,7,go/parser,GO_IMPORT,tools
tools/guards/extract_routes.go,8,go/token,GO_IMPORT,tools
tools/guards/extract_routes.go,9,os,GO_IMPORT,tools
tools/guards/extract_routes.go,10,path/filepath,GO_IMPORT,tools
tools/guards/extract_routes.go,11,sort,GO_IMPORT,tools
tools/guards/extract_routes.go,12,strings,GO_IMPORT,tools
