source,line,specifier,edge_kind,owner
apps/app-captain/runtime/app.config.ts,1,../../../tools/mobile/defineBthwaniExpoApp,IMPORT_OR_EXPORT,app-captain
apps/app-captain/runtime/fingerprint.config.js,1,@expo/fingerprint,IMPORT_OR_EXPORT,app-captain
apps/app-captain/runtime/index.js,2,./src/index.ts,IMPORT_OR_EXPORT,app-captain
apps/app-captain/runtime/metro.config.cjs,2,@sentry/react-native/metro,IMPORT_OR_EXPORT,app-captain
apps/app-captain/runtime/metro.config.cjs,3,path,IMPORT_OR_EXPORT,app-captain
apps/app-captain/runtime/src/App.tsx,1,react,IMPORT_OR_EXPORT,app-captain
apps/app-captain/runtime/src/App.tsx,2,react-native,IMPORT_OR_EXPORT,app-captain
apps/app-captain/runtime/src/App.tsx,3,expo-secure-store,IMPORT_OR_EXPORT,app-captain
apps/app-captain/runtime/src/App.tsx,10,@bthwani/ui-kit,IMPORT_OR_EXPORT,app-captain
apps/app-captain/runtime/src/App.tsx,12,../../../../services/dsh/frontend/app-captain,IMPORT_OR_EXPORT,app-captain
apps/app-captain/runtime/src/App.tsx,13,../../../../services/dsh/frontend/shared/session/IdentitySessionGate,IMPORT_OR_EXPORT,app-captain
apps/app-captain/runtime/src/App.tsx,14,../../../../services/dsh/frontend/shared/notifications/use-mobile-push-registration,IMPORT_OR_EXPORT,app-captain
apps/app-captain/runtime/src/config/sentry-config.ts,1,expo-constants,IMPORT_OR_EXPORT,app-captain
apps/app-captain/runtime/src/index.ts,1,react,IMPORT_OR_EXPORT,app-captain
apps/app-captain/runtime/src/index.ts,2,expo,IMPORT_OR_EXPORT,app-captain
apps/app-captain/runtime/src/index.ts,3,@sentry/react-native,IMPORT_OR_EXPORT,app-captain
apps/app-captain/runtime/src/index.ts,4,react-native-safe-area-context,IMPORT_OR_EXPORT,app-captain
apps/app-captain/runtime/src/index.ts,5,@bthwani/ui-kit,IMPORT_OR_EXPORT,app-captain
apps/app-captain/runtime/src/index.ts,6,@bthwani/core-identity,IMPORT_OR_EXPORT,app-captain
apps/app-captain/runtime/src/index.ts,15,./observability/sentry,IMPORT_OR_EXPORT,app-captain
apps/app-captain/runtime/src/index.ts,16,./App,IMPORT_OR_EXPORT,app-captain
apps/app-captain/runtime/src/observability/sentry.ts,1,expo-constants,IMPORT_OR_EXPORT,app-captain
apps/app-captain/runtime/src/observability/sentry.ts,2,@sentry/react-native,IMPORT_OR_EXPORT,app-captain
apps/app-captain/runtime/src/observability/sentry.ts,3,../config/sentry-config,IMPORT_OR_EXPORT,app-captain
apps/app-client/runtime/app.config.ts,1,expo/config,IMPORT_OR_EXPORT,app-client
apps/app-client/runtime/app.config.ts,2,../../../tools/mobile/defineBthwaniExpoApp,IMPORT_OR_EXPORT,app-client
apps/app-client/runtime/fingerprint.config.js,1,@expo/fingerprint,IMPORT_OR_EXPORT,app-client
apps/app-client/runtime/index.js,1,expo,IMPORT_OR_EXPORT,app-client
apps/app-client/runtime/index.js,2,./src/App,IMPORT_OR_EXPORT,app-client
apps/app-client/runtime/metro.config.cjs,2,@sentry/react-native/metro,IMPORT_OR_EXPORT,app-client
apps/app-client/runtime/metro.config.cjs,3,path,IMPORT_OR_EXPORT,app-client
apps/app-client/runtime/src/App.tsx,1,react,IMPORT_OR_EXPORT,app-client
apps/app-client/runtime/src/App.tsx,2,react-native,IMPORT_OR_EXPORT,app-client
apps/app-client/runtime/src/App.tsx,3,expo-secure-store,IMPORT_OR_EXPORT,app-client
apps/app-client/runtime/src/App.tsx,4,../../../../services/dsh/frontend/app-client,IMPORT_OR_EXPORT,app-client
apps/app-client/runtime/src/App.tsx,5,../../../../services/dsh/frontend/app-client/ratings/ClientOrderRatingGate,IMPORT_OR_EXPORT,app-client
apps/app-client/runtime/src/App.tsx,13,../../../../services/dsh/frontend/shared/session/IdentitySessionGate,IMPORT_OR_EXPORT,app-client
apps/app-client/runtime/src/App.tsx,14,../../../../services/dsh/frontend/shared/notifications/use-mobile-push-registration,IMPORT_OR_EXPORT,app-client
apps/app-client/runtime/src/config/sentry-config.ts,1,expo-constants,IMPORT_OR_EXPORT,app-client
apps/app-client/runtime/src/index.ts,1,react,IMPORT_OR_EXPORT,app-client
apps/app-client/runtime/src/index.ts,2,expo,IMPORT_OR_EXPORT,app-client
apps/app-client/runtime/src/index.ts,3,@sentry/react-native,IMPORT_OR_EXPORT,app-client
apps/app-client/runtime/src/index.ts,4,react-native-safe-area-context,IMPORT_OR_EXPORT,app-client
apps/app-client/runtime/src/index.ts,5,@bthwani/ui-kit,IMPORT_OR_EXPORT,app-client
apps/app-client/runtime/src/index.ts,6,@bthwani/core-identity,IMPORT_OR_EXPORT,app-client
apps/app-client/runtime/src/index.ts,14,./observability/sentry,IMPORT_OR_EXPORT,app-client
apps/app-client/runtime/src/index.ts,15,./App,IMPORT_OR_EXPORT,app-client
apps/app-client/runtime/src/media/ClientRemoteImage.tsx,1,react,IMPORT_OR_EXPORT,app-client
apps/app-client/runtime/src/media/ClientRemoteImage.tsx,2,react-native,IMPORT_OR_EXPORT,app-client
apps/app-client/runtime/src/media/ClientRemoteImage.tsx,3,expo-image,IMPORT_OR_EXPORT,app-client
apps/app-client/runtime/src/observability/sentry.ts,1,expo-constants,IMPORT_OR_EXPORT,app-client
apps/app-client/runtime/src/observability/sentry.ts,2,@sentry/react-native,IMPORT_OR_EXPORT,app-client
apps/app-client/runtime/src/observability/sentry.ts,3,../config/sentry-config,IMPORT_OR_EXPORT,app-client
apps/app-client/runtime/src/platform/client-platform-actions.ts,1,expo-crypto,IMPORT_OR_EXPORT,app-client
apps/app-client/runtime/src/platform/client-platform-actions.ts,2,expo-file-system,IMPORT_OR_EXPORT,app-client
apps/app-client/runtime/src/platform/client-platform-actions.ts,3,expo-haptics,IMPORT_OR_EXPORT,app-client
apps/app-client/runtime/src/platform/client-platform-actions.ts,4,expo-sharing,IMPORT_OR_EXPORT,app-client
apps/app-client/runtime/src/platform/client-platform-actions.ts,5,expo-web-browser,IMPORT_OR_EXPORT,app-client
apps/app-client/runtime/src/shell/AppHeader.tsx,1,react,IMPORT_OR_EXPORT,app-client
apps/app-client/runtime/src/shell/AppHeader.tsx,2,react-native,IMPORT_OR_EXPORT,app-client
apps/app-client/runtime/src/shell/AppHeader.tsx,3,@bthwani/ui-kit,IMPORT_OR_EXPORT,app-client
apps/app-client/runtime/src/shell/BottomNavBar.tsx,1,react,IMPORT_OR_EXPORT,app-client
apps/app-client/runtime/src/shell/BottomNavBar.tsx,2,react-native,IMPORT_OR_EXPORT,app-client
apps/app-client/runtime/src/shell/BottomNavBar.tsx,3,@bthwani/ui-kit,IMPORT_OR_EXPORT,app-client
apps/app-client/runtime/tests/client-operational-experience-contract.test.mjs,1,node:assert/strict,IMPORT_OR_EXPORT,app-client
apps/app-client/runtime/tests/client-operational-experience-contract.test.mjs,2,node:fs,IMPORT_OR_EXPORT,app-client
apps/app-client/runtime/tests/client-operational-experience-contract.test.mjs,3,node:path,IMPORT_OR_EXPORT,app-client
apps/app-client/runtime/tests/client-operational-experience-contract.test.mjs,4,node:test,IMPORT_OR_EXPORT,app-client
apps/app-client/runtime/tests/client-operational-experience-contract.test.mjs,5,node:url,IMPORT_OR_EXPORT,app-client
apps/app-client/runtime/tests/mobile-dev-runtime-contract.test.mjs,1,node:assert/strict,IMPORT_OR_EXPORT,app-client
apps/app-client/runtime/tests/mobile-dev-runtime-contract.test.mjs,2,node:fs,IMPORT_OR_EXPORT,app-client
apps/app-client/runtime/tests/mobile-dev-runtime-contract.test.mjs,3,node:path,IMPORT_OR_EXPORT,app-client
apps/app-client/runtime/tests/mobile-dev-runtime-contract.test.mjs,4,node:child_process,IMPORT_OR_EXPORT,app-client
apps/app-client/runtime/tests/mobile-dev-runtime-contract.test.mjs,5,node:module,IMPORT_OR_EXPORT,app-client
apps/app-client/runtime/tests/mobile-dev-runtime-contract.test.mjs,6,node:url,IMPORT_OR_EXPORT,app-client
apps/app-client/runtime/tests/mobile-dev-runtime-contract.test.mjs,7,node:test,IMPORT_OR_EXPORT,app-client
apps/app-client/runtime/tests/mobile-development-provider-contract.test.mjs,1,node:assert/strict,IMPORT_OR_EXPORT,app-client
apps/app-client/runtime/tests/mobile-development-provider-contract.test.mjs,2,node:module,IMPORT_OR_EXPORT,app-client
apps/app-client/runtime/tests/mobile-development-provider-contract.test.mjs,3,node:fs,IMPORT_OR_EXPORT,app-client
apps/app-client/runtime/tests/mobile-development-provider-contract.test.mjs,4,node:path,IMPORT_OR_EXPORT,app-client
apps/app-client/runtime/tests/mobile-development-provider-contract.test.mjs,5,node:test,IMPORT_OR_EXPORT,app-client
apps/app-client/runtime/tests/mobile-development-provider-contract.test.mjs,6,node:url,IMPORT_OR_EXPORT,app-client
apps/app-client/runtime/tests/mobile-eas-hardening-contract.test.mjs,1,node:assert/strict,IMPORT_OR_EXPORT,app-client
apps/app-client/runtime/tests/mobile-eas-hardening-contract.test.mjs,2,node:fs,IMPORT_OR_EXPORT,app-client
apps/app-client/runtime/tests/mobile-eas-hardening-contract.test.mjs,3,node:path,IMPORT_OR_EXPORT,app-client
apps/app-client/runtime/tests/mobile-eas-hardening-contract.test.mjs,4,node:test,IMPORT_OR_EXPORT,app-client
apps/app-client/runtime/tests/mobile-eas-hardening-contract.test.mjs,5,node:url,IMPORT_OR_EXPORT,app-client
apps/app-client/runtime/tests/mobile-eas-hardening-contract.test.mjs,100,../../apps/mobile/eas-build-mobile.mjs,IMPORT_OR_EXPORT,app-client
apps/app-client/runtime/tests/mobile-eas-hardening-contract.test.mjs,117,../../../apps/mobile/lib/package-manager-invocation.mjs,IMPORT_OR_EXPORT,app-client
apps/app-client/runtime/tests/mobile-layout-and-quota-contract.test.mjs,1,node:assert/strict,IMPORT_OR_EXPORT,app-client
apps/app-client/runtime/tests/mobile-layout-and-quota-contract.test.mjs,2,node:fs,IMPORT_OR_EXPORT,app-client
apps/app-client/runtime/tests/mobile-layout-and-quota-contract.test.mjs,3,node:path,IMPORT_OR_EXPORT,app-client
apps/app-client/runtime/tests/mobile-layout-and-quota-contract.test.mjs,4,node:test,IMPORT_OR_EXPORT,app-client
apps/app-client/runtime/tests/mobile-layout-and-quota-contract.test.mjs,5,node:url,IMPORT_OR_EXPORT,app-client
apps/app-client/runtime/tests/mobile-native-config-contract.test.mjs,1,node:assert/strict,IMPORT_OR_EXPORT,app-client
apps/app-client/runtime/tests/mobile-native-config-contract.test.mjs,2,node:module,IMPORT_OR_EXPORT,app-client
apps/app-client/runtime/tests/mobile-native-config-contract.test.mjs,3,node:fs,IMPORT_OR_EXPORT,app-client
apps/app-client/runtime/tests/mobile-native-config-contract.test.mjs,4,node:path,IMPORT_OR_EXPORT,app-client
apps/app-client/runtime/tests/mobile-native-config-contract.test.mjs,5,node:test,IMPORT_OR_EXPORT,app-client
apps/app-client/runtime/tests/mobile-native-config-contract.test.mjs,8,../../../../tools/mobile/defineBthwaniExpoApp.js,IMPORT_OR_EXPORT,app-client
apps/app-client/runtime/tests/mobile-runtime-contract.test.mjs,1,node:assert/strict,IMPORT_OR_EXPORT,app-client
apps/app-client/runtime/tests/mobile-runtime-contract.test.mjs,2,node:child_process,IMPORT_OR_EXPORT,app-client
apps/app-client/runtime/tests/mobile-runtime-contract.test.mjs,3,node:fs,IMPORT_OR_EXPORT,app-client
apps/app-client/runtime/tests/mobile-runtime-contract.test.mjs,4,node:path,IMPORT_OR_EXPORT,app-client
apps/app-client/runtime/tests/mobile-runtime-contract.test.mjs,5,node:test,IMPORT_OR_EXPORT,app-client
apps/app-client/runtime/tests/runtime-bootstrap-regression-contract.test.mjs,1,node:assert/strict,IMPORT_OR_EXPORT,app-client
apps/app-client/runtime/tests/runtime-bootstrap-regression-contract.test.mjs,2,node:fs,IMPORT_OR_EXPORT,app-client
apps/app-client/runtime/tests/runtime-bootstrap-regression-contract.test.mjs,3,node:path,IMPORT_OR_EXPORT,app-client
apps/app-client/runtime/tests/runtime-bootstrap-regression-contract.test.mjs,4,node:test,IMPORT_OR_EXPORT,app-client
apps/app-client/runtime/tests/runtime-bootstrap-regression-contract.test.mjs,5,node:url,IMPORT_OR_EXPORT,app-client
apps/app-client/runtime/tests/sentry-env-contract.test.mjs,1,node:assert/strict,IMPORT_OR_EXPORT,app-client
apps/app-client/runtime/tests/sentry-env-contract.test.mjs,2,node:module,IMPORT_OR_EXPORT,app-client
apps/app-client/runtime/tests/sentry-env-contract.test.mjs,3,node:test,IMPORT_OR_EXPORT,app-client
apps/app-client/runtime/tests/sentry-env-contract.test.mjs,9,../../../../tools/mobile/sentry-env.js,IMPORT_OR_EXPORT,app-client
apps/app-client/runtime/tests/sentry-env-contract.test.mjs,10,../../../../tools/mobile/defineBthwaniExpoApp.js,IMPORT_OR_EXPORT,app-client
apps/app-field/runtime/app.config.ts,1,../../../tools/mobile/defineBthwaniExpoApp,IMPORT_OR_EXPORT,app-field
apps/app-field/runtime/fingerprint.config.js,1,@expo/fingerprint,IMPORT_OR_EXPORT,app-field
apps/app-field/runtime/index.js,2,./src/index.ts,IMPORT_OR_EXPORT,app-field
apps/app-field/runtime/metro.config.cjs,2,@sentry/react-native/metro,IMPORT_OR_EXPORT,app-field
apps/app-field/runtime/metro.config.cjs,3,path,IMPORT_OR_EXPORT,app-field
apps/app-field/runtime/src/App.tsx,1,react-native,IMPORT_OR_EXPORT,app-field
apps/app-field/runtime/src/App.tsx,3,expo-crypto,IMPORT_OR_EXPORT,app-field
apps/app-field/runtime/src/App.tsx,4,expo-secure-store,IMPORT_OR_EXPORT,app-field
apps/app-field/runtime/src/App.tsx,5,react,IMPORT_OR_EXPORT,app-field
apps/app-field/runtime/src/App.tsx,6,@bthwani/ui-kit,IMPORT_OR_EXPORT,app-field
apps/app-field/runtime/src/App.tsx,7,../../../../services/dsh/frontend/app-field,IMPORT_OR_EXPORT,app-field
apps/app-field/runtime/src/App.tsx,8,../../../../services/dsh/frontend/app-field/dsh-field.routes,IMPORT_OR_EXPORT,app-field
apps/app-field/runtime/src/App.tsx,9,../../../../services/dsh/frontend/app-field/account/DshFieldProfileCompletionScreen,IMPORT_OR_EXPORT,app-field
apps/app-field/runtime/src/App.tsx,10,../../../../services/dsh/frontend/shared/notifications/use-mobile-push-registration,IMPORT_OR_EXPORT,app-field
apps/app-field/runtime/src/App.tsx,23,../../../../services/dsh/frontend/shared/session/IdentitySessionGate,IMPORT_OR_EXPORT,app-field
apps/app-field/runtime/src/config/sentry-config.ts,1,expo-constants,IMPORT_OR_EXPORT,app-field
apps/app-field/runtime/src/index.ts,1,react,IMPORT_OR_EXPORT,app-field
apps/app-field/runtime/src/index.ts,2,react-native,IMPORT_OR_EXPORT,app-field
apps/app-field/runtime/src/index.ts,3,expo,IMPORT_OR_EXPORT,app-field
apps/app-field/runtime/src/index.ts,4,expo-secure-store,IMPORT_OR_EXPORT,app-field
apps/app-field/runtime/src/index.ts,5,@sentry/react-native,IMPORT_OR_EXPORT,app-field
apps/app-field/runtime/src/index.ts,6,react-native-safe-area-context,IMPORT_OR_EXPORT,app-field
apps/app-field/runtime/src/index.ts,7,@bthwani/ui-kit,IMPORT_OR_EXPORT,app-field
apps/app-field/runtime/src/index.ts,8,@bthwani/core-identity,IMPORT_OR_EXPORT,app-field
apps/app-field/runtime/src/index.ts,21,./observability/sentry,IMPORT_OR_EXPORT,app-field
apps/app-field/runtime/src/index.ts,22,./App,IMPORT_OR_EXPORT,app-field
apps/app-field/runtime/src/observability/sentry.ts,1,expo-constants,IMPORT_OR_EXPORT,app-field
apps/app-field/runtime/src/observability/sentry.ts,2,@sentry/react-native,IMPORT_OR_EXPORT,app-field
apps/app-field/runtime/src/observability/sentry.ts,3,../config/sentry-config,IMPORT_OR_EXPORT,app-field
apps/app-partner/runtime/app.config.ts,1,../../../tools/mobile/defineBthwaniExpoApp,IMPORT_OR_EXPORT,app-partner
apps/app-partner/runtime/fingerprint.config.js,1,@expo/fingerprint,IMPORT_OR_EXPORT,app-partner
apps/app-partner/runtime/index.js,1,expo,IMPORT_OR_EXPORT,app-partner
apps/app-partner/runtime/index.js,2,./src/App,IMPORT_OR_EXPORT,app-partner
apps/app-partner/runtime/metro.config.cjs,2,@sentry/react-native/metro,IMPORT_OR_EXPORT,app-partner
apps/app-partner/runtime/metro.config.cjs,3,path,IMPORT_OR_EXPORT,app-partner
apps/app-partner/runtime/src/App.tsx,1,react,IMPORT_OR_EXPORT,app-partner
apps/app-partner/runtime/src/App.tsx,2,react-native,IMPORT_OR_EXPORT,app-partner
apps/app-partner/runtime/src/App.tsx,3,react-native-safe-area-context,IMPORT_OR_EXPORT,app-partner
apps/app-partner/runtime/src/App.tsx,4,@bthwani/ui-kit,IMPORT_OR_EXPORT,app-partner
apps/app-partner/runtime/src/App.tsx,5,expo-file-system,IMPORT_OR_EXPORT,app-partner
apps/app-partner/runtime/src/App.tsx,6,expo-document-picker,IMPORT_OR_EXPORT,app-partner
apps/app-partner/runtime/src/App.tsx,7,../../../../services/dsh/frontend/app-partner,IMPORT_OR_EXPORT,app-partner
apps/app-partner/runtime/src/App.tsx,8,../../../../services/dsh/frontend/app-partner/ratings/PartnerFieldRatingGate,IMPORT_OR_EXPORT,app-partner
apps/app-partner/runtime/src/App.tsx,14,expo-secure-store,IMPORT_OR_EXPORT,app-partner
apps/app-partner/runtime/src/App.tsx,22,../../../../services/dsh/frontend/shared/session/IdentitySessionGate,IMPORT_OR_EXPORT,app-partner
apps/app-partner/runtime/src/App.tsx,23,../../../../services/dsh/frontend/shared/notifications/use-mobile-push-registration,IMPORT_OR_EXPORT,app-partner
apps/app-partner/runtime/src/config/sentry-config.ts,1,expo-constants,IMPORT_OR_EXPORT,app-partner
apps/app-partner/runtime/src/index.ts,1,react,IMPORT_OR_EXPORT,app-partner
apps/app-partner/runtime/src/index.ts,2,expo,IMPORT_OR_EXPORT,app-partner
apps/app-partner/runtime/src/index.ts,3,@sentry/react-native,IMPORT_OR_EXPORT,app-partner
apps/app-partner/runtime/src/index.ts,4,react-native-safe-area-context,IMPORT_OR_EXPORT,app-partner
apps/app-partner/runtime/src/index.ts,5,@bthwani/ui-kit,IMPORT_OR_EXPORT,app-partner
apps/app-partner/runtime/src/index.ts,6,@bthwani/core-identity,IMPORT_OR_EXPORT,app-partner
apps/app-partner/runtime/src/index.ts,14,./observability/sentry,IMPORT_OR_EXPORT,app-partner
apps/app-partner/runtime/src/index.ts,15,./App,IMPORT_OR_EXPORT,app-partner
apps/app-partner/runtime/src/observability/sentry.ts,1,expo-constants,IMPORT_OR_EXPORT,app-partner
apps/app-partner/runtime/src/observability/sentry.ts,2,@sentry/react-native,IMPORT_OR_EXPORT,app-partner
apps/app-partner/runtime/src/observability/sentry.ts,3,../config/sentry-config,IMPORT_OR_EXPORT,app-partner
apps/control-panel/runtime/next.config.mjs,1,path,IMPORT_OR_EXPORT,control-panel
apps/control-panel/runtime/next.config.mjs,2,url,IMPORT_OR_EXPORT,control-panel
apps/control-panel/runtime/next.config.mjs,41,next,IMPORT_OR_EXPORT,control-panel
apps/control-panel/runtime/src/app/(shell)/dsh/administration/page.tsx,3,@bthwani/dsh/control-panel/administration,IMPORT_OR_EXPORT,control-panel
apps/control-panel/runtime/src/app/(shell)/dsh/analytics/operational/page.tsx,3,react,IMPORT_OR_EXPORT,control-panel
apps/control-panel/runtime/src/app/(shell)/dsh/analytics/operational/page.tsx,4,@bthwani/dsh/control-panel/analytics,IMPORT_OR_EXPORT,control-panel
apps/control-panel/runtime/src/app/(shell)/dsh/analytics/page.tsx,3,react,IMPORT_OR_EXPORT,control-panel
apps/control-panel/runtime/src/app/(shell)/dsh/analytics/page.tsx,4,@bthwani/dsh/control-panel/analytics,IMPORT_OR_EXPORT,control-panel
apps/control-panel/runtime/src/app/(shell)/dsh/catalogs/governance/page.tsx,3,@bthwani/dsh/control-panel/catalogs,IMPORT_OR_EXPORT,control-panel
apps/control-panel/runtime/src/app/(shell)/dsh/catalogs/page.tsx,3,@bthwani/dsh/control-panel/catalogs,IMPORT_OR_EXPORT,control-panel
apps/control-panel/runtime/src/app/(shell)/dsh/dashboard/page.tsx,3,@bthwani/dsh/control-panel/dashboard,IMPORT_OR_EXPORT,control-panel
apps/control-panel/runtime/src/app/(shell)/dsh/hr/page.tsx,3,@bthwani/dsh/control-panel/hr,IMPORT_OR_EXPORT,control-panel
apps/control-panel/runtime/src/app/(shell)/dsh/login/page.tsx,3,react,IMPORT_OR_EXPORT,control-panel
apps/control-panel/runtime/src/app/(shell)/dsh/login/page.tsx,4,next/navigation,IMPORT_OR_EXPORT,control-panel
apps/control-panel/runtime/src/app/(shell)/dsh/login/page.tsx,5,@bthwani/dsh/control-panel/session,IMPORT_OR_EXPORT,control-panel
apps/control-panel/runtime/src/app/(shell)/dsh/login/page.tsx,6,@bthwani/core-identity,IMPORT_OR_EXPORT,control-panel
apps/control-panel/runtime/src/app/(shell)/dsh/login/page.tsx,7,@bthwani/ui-kit,IMPORT_OR_EXPORT,control-panel
apps/control-panel/runtime/src/app/(shell)/dsh/marketing/page.tsx,3,@bthwani/dsh/control-panel/marketing,IMPORT_OR_EXPORT,control-panel
apps/control-panel/runtime/src/app/(shell)/dsh/operations/page.tsx,3,react,IMPORT_OR_EXPORT,control-panel
apps/control-panel/runtime/src/app/(shell)/dsh/operations/page.tsx,4,@bthwani/dsh/control-panel/operations,IMPORT_OR_EXPORT,control-panel
apps/control-panel/runtime/src/app/(shell)/dsh/partners/[partnerId]/page.tsx,3,@bthwani/dsh/control-panel/partners,IMPORT_OR_EXPORT,control-panel
apps/control-panel/runtime/src/app/(shell)/dsh/partners/[partnerId]/page.tsx,4,next/navigation,IMPORT_OR_EXPORT,control-panel
apps/control-panel/runtime/src/app/(shell)/dsh/partners/page.tsx,3,react,IMPORT_OR_EXPORT,control-panel
apps/control-panel/runtime/src/app/(shell)/dsh/partners/page.tsx,4,@bthwani/dsh/control-panel/partners,IMPORT_OR_EXPORT,control-panel
apps/control-panel/runtime/src/app/(shell)/dsh/partners/page.tsx,5,next/navigation,IMPORT_OR_EXPORT,control-panel
apps/control-panel/runtime/src/app/(shell)/dsh/partners/stores/page.tsx,3,@bthwani/dsh/control-panel/partners/stores,IMPORT_OR_EXPORT,control-panel
apps/control-panel/runtime/src/app/(shell)/dsh/platform/page.tsx,3,react,IMPORT_OR_EXPORT,control-panel
apps/control-panel/runtime/src/app/(shell)/dsh/platform/page.tsx,4,@bthwani/control-panel/components,IMPORT_OR_EXPORT,control-panel
apps/control-panel/runtime/src/app/(shell)/dsh/platform/page.tsx,5,@bthwani/dsh/control-panel/dashboard,IMPORT_OR_EXPORT,control-panel
apps/control-panel/runtime/src/app/(shell)/dsh/platform/policies/page.tsx,3,@bthwani/dsh/control-panel/platform,IMPORT_OR_EXPORT,control-panel
apps/control-panel/runtime/src/app/(shell)/dsh/support/page.tsx,3,@bthwani/dsh/control-panel/support,IMPORT_OR_EXPORT,control-panel
apps/control-panel/runtime/src/app/(shell)/layout.tsx,3,react,IMPORT_OR_EXPORT,control-panel
apps/control-panel/runtime/src/app/(shell)/layout.tsx,4,next/navigation,IMPORT_OR_EXPORT,control-panel
apps/control-panel/runtime/src/app/(shell)/layout.tsx,5,@bthwani/dsh/control-panel/navigation,IMPORT_OR_EXPORT,control-panel
apps/control-panel/runtime/src/app/(shell)/layout.tsx,12,@bthwani/dsh/control-panel/session,IMPORT_OR_EXPORT,control-panel
apps/control-panel/runtime/src/app/(shell)/layout.tsx,13,@bthwani/dsh/control-panel/session,IMPORT_OR_EXPORT,control-panel
apps/control-panel/runtime/src/app/(shell)/layout.tsx,14,@bthwani/dsh/control-panel/session,IMPORT_OR_EXPORT,control-panel
apps/control-panel/runtime/src/app/(shell)/layout.tsx,15,@bthwani/dsh/control-panel/session,IMPORT_OR_EXPORT,control-panel
apps/control-panel/runtime/src/app/(shell)/layout.tsx,16,@bthwani/dsh/control-panel/session,IMPORT_OR_EXPORT,control-panel
apps/control-panel/runtime/src/app/(shell)/wlt/finance/page.tsx,3,react,IMPORT_OR_EXPORT,control-panel
apps/control-panel/runtime/src/app/(shell)/wlt/finance/page.tsx,4,@bthwani/dsh/control-panel/finance,IMPORT_OR_EXPORT,control-panel
apps/control-panel/runtime/src/app/(shell)/wlt/finance/payment-sessions/page.tsx,1,@bthwani/dsh/control-panel/finance,IMPORT_OR_EXPORT,control-panel
apps/control-panel/runtime/src/app/api/[service]/[...path]/route.ts,1,next/server,IMPORT_OR_EXPORT,control-panel
apps/control-panel/runtime/src/app/api/adapters/upstream-proxy.adapter.ts,1,next/headers,IMPORT_OR_EXPORT,control-panel
apps/control-panel/runtime/src/app/api/adapters/upstream-proxy.adapter.ts,2,next/server,IMPORT_OR_EXPORT,control-panel
apps/control-panel/runtime/src/app/api/adapters/upstream-proxy.adapter.ts,10,../auth/_lib/identity-server,IMPORT_OR_EXPORT,control-panel
apps/control-panel/runtime/src/app/api/adapters/upstream-proxy.adapter.ts,11,../_kernel/upstream-http-request,IMPORT_OR_EXPORT,control-panel
apps/control-panel/runtime/src/app/api/auth/_lib/env.ts,3,./server-config,IMPORT_OR_EXPORT,control-panel
apps/control-panel/runtime/src/app/api/auth/_lib/identity-activation.api.ts,1,@bthwani/core-identity,IMPORT_OR_EXPORT,control-panel
apps/control-panel/runtime/src/app/api/auth/_lib/identity-activation.api.ts,2,./identity-server-http.adapter,IMPORT_OR_EXPORT,control-panel
apps/control-panel/runtime/src/app/api/auth/_lib/identity-server.ts,1,@bthwani/core-identity/server,IMPORT_OR_EXPORT,control-panel
apps/control-panel/runtime/src/app/api/auth/_lib/identity-server.ts,2,./env,IMPORT_OR_EXPORT,control-panel
apps/control-panel/runtime/src/app/api/auth/_lib/session.ts,1,@bthwani/core-identity/server,IMPORT_OR_EXPORT,control-panel
apps/control-panel/runtime/src/app/api/auth/_lib/session.ts,2,./identity-server,IMPORT_OR_EXPORT,control-panel
apps/control-panel/runtime/src/app/api/auth/activate/route.ts,1,next/server,IMPORT_OR_EXPORT,control-panel
apps/control-panel/runtime/src/app/api/auth/activate/route.ts,2,../_lib/cookies,IMPORT_OR_EXPORT,control-panel
apps/control-panel/runtime/src/app/api/auth/activate/route.ts,3,../_lib/env,IMPORT_OR_EXPORT,control-panel
apps/control-panel/runtime/src/app/api/auth/activate/route.ts,4,../_lib/identity-activation.api,IMPORT_OR_EXPORT,control-panel
apps/control-panel/runtime/src/app/api/auth/login/route.ts,1,next/server,IMPORT_OR_EXPORT,control-panel
apps/control-panel/runtime/src/app/api/auth/login/route.ts,2,../_lib/cookies,IMPORT_OR_EXPORT,control-panel
apps/control-panel/runtime/src/app/api/auth/login/route.ts,3,../_lib/identity-server,IMPORT_OR_EXPORT,control-panel
apps/control-panel/runtime/src/app/api/auth/logout/route.ts,1,next/headers,IMPORT_OR_EXPORT,control-panel
apps/control-panel/runtime/src/app/api/auth/logout/route.ts,2,next/server,IMPORT_OR_EXPORT,control-panel
apps/control-panel/runtime/src/app/api/auth/logout/route.ts,3,../_lib/cookies,IMPORT_OR_EXPORT,control-panel
apps/control-panel/runtime/src/app/api/auth/logout/route.ts,4,../_lib/identity-server,IMPORT_OR_EXPORT,control-panel
apps/control-panel/runtime/src/app/api/auth/refresh/route.ts,1,next/headers,IMPORT_OR_EXPORT,control-panel
apps/control-panel/runtime/src/app/api/auth/refresh/route.ts,2,next/server,IMPORT_OR_EXPORT,control-panel
apps/control-panel/runtime/src/app/api/auth/refresh/route.ts,9,../_lib/identity-server,IMPORT_OR_EXPORT,control-panel
apps/control-panel/runtime/src/app/api/auth/session/route.ts,1,next/headers,IMPORT_OR_EXPORT,control-panel
apps/control-panel/runtime/src/app/api/auth/session/route.ts,2,next/server,IMPORT_OR_EXPORT,control-panel
apps/control-panel/runtime/src/app/api/auth/session/route.ts,3,../_lib/cookies,IMPORT_OR_EXPORT,control-panel
apps/control-panel/runtime/src/app/api/auth/session/route.ts,4,../_lib/session,IMPORT_OR_EXPORT,control-panel
apps/control-panel/runtime/src/app/api/dsh/[...path]/route.ts,1,../../adapters/upstream-proxy.adapter,IMPORT_OR_EXPORT,control-panel
apps/control-panel/runtime/src/app/api/dsh/[...path]/route.ts,2,../../auth/_lib/env,IMPORT_OR_EXPORT,control-panel
apps/control-panel/runtime/src/app/api/platform-control/[...path]/route.ts,1,../../adapters/upstream-proxy.adapter,IMPORT_OR_EXPORT,control-panel
apps/control-panel/runtime/src/app/api/platform-control/[...path]/route.ts,2,../../auth/_lib/env,IMPORT_OR_EXPORT,control-panel
apps/control-panel/runtime/src/app/api/providers/[...path]/route.ts,1,../../adapters/upstream-proxy.adapter,IMPORT_OR_EXPORT,control-panel
apps/control-panel/runtime/src/app/api/providers/[...path]/route.ts,2,../../auth/_lib/env,IMPORT_OR_EXPORT,control-panel
apps/control-panel/runtime/src/app/api/workforce/[...path]/route.ts,1,../../adapters/upstream-proxy.adapter,IMPORT_OR_EXPORT,control-panel
apps/control-panel/runtime/src/app/api/workforce/[...path]/route.ts,2,../../auth/_lib/env,IMPORT_OR_EXPORT,control-panel
apps/control-panel/runtime/src/app/layout.tsx,1,next,IMPORT_OR_EXPORT,control-panel
apps/control-panel/runtime/src/app/layout.tsx,2,react,IMPORT_OR_EXPORT,control-panel
apps/control-panel/runtime/src/app/layout.tsx,3,next/font/google,IMPORT_OR_EXPORT,control-panel
apps/control-panel/runtime/src/app/layout.tsx,4,./providers,IMPORT_OR_EXPORT,control-panel
apps/control-panel/runtime/src/app/layout.tsx,5,@bthwani/ui-kit/web,IMPORT_OR_EXPORT,control-panel
apps/control-panel/runtime/src/app/layout.tsx,6,../styles/cp-css-vars,IMPORT_OR_EXPORT,control-panel
apps/control-panel/runtime/src/app/page.tsx,1,next/navigation,IMPORT_OR_EXPORT,control-panel
apps/control-panel/runtime/src/app/providers.tsx,7,@bthwani/ui-kit,IMPORT_OR_EXPORT,control-panel
apps/control-panel/runtime/src/app/providers.tsx,8,react,IMPORT_OR_EXPORT,control-panel
apps/control-panel/runtime/src/server/bff-proxy.adapter.ts,1,next/headers,IMPORT_OR_EXPORT,control-panel
apps/control-panel/runtime/src/server/bff-proxy.adapter.ts,2,next/server,IMPORT_OR_EXPORT,control-panel
apps/control-panel/runtime/src/server/bff-proxy.ts,1,./bff-proxy.adapter,IMPORT_OR_EXPORT,control-panel
apps/control-panel/runtime/src/server/session-cookies.ts,1,next/server,IMPORT_OR_EXPORT,control-panel
apps/control-panel/runtime/src/shell/ControlPanelNavigation.tsx,3,react,IMPORT_OR_EXPORT,control-panel
apps/control-panel/runtime/src/shell/ControlPanelNavigation.tsx,4,react,IMPORT_OR_EXPORT,control-panel
apps/control-panel/runtime/src/shell/ControlPanelNavigation.tsx,83,react,IMPORT_OR_EXPORT,control-panel
apps/control-panel/runtime/src/shell/ControlPanelNavigation.tsx,84,@bthwani/ui-kit,IMPORT_OR_EXPORT,control-panel
apps/control-panel/runtime/src/shell/ControlPanelNavigation.tsx,85,@bthwani/ui-kit/web,IMPORT_OR_EXPORT,control-panel
apps/control-panel/runtime/src/shell/ControlPanelShell.tsx,1,react,IMPORT_OR_EXPORT,control-panel
apps/control-panel/runtime/src/shell/ControlPanelShell.tsx,2,@bthwani/ui-kit,IMPORT_OR_EXPORT,control-panel
apps/control-panel/runtime/src/shell/ControlPanelShell.tsx,3,@bthwani/ui-kit/web,IMPORT_OR_EXPORT,control-panel
apps/control-panel/runtime/src/shell/ControlPanelTopBar.tsx,1,react,IMPORT_OR_EXPORT,control-panel
apps/control-panel/runtime/src/shell/ControlPanelTopBar.tsx,2,@bthwani/ui-kit,IMPORT_OR_EXPORT,control-panel
apps/control-panel/runtime/src/shell/ControlPanelTopBar.tsx,3,@bthwani/ui-kit/web,IMPORT_OR_EXPORT,control-panel
apps/control-panel/runtime/src/shell/index.ts,1,./ControlPanelShell,IMPORT_OR_EXPORT,control-panel
apps/control-panel/runtime/src/shell/index.ts,2,./ControlPanelNavigation,IMPORT_OR_EXPORT,control-panel
apps/control-panel/runtime/src/shell/index.ts,3,./ControlPanelTopBar,IMPORT_OR_EXPORT,control-panel
apps/control-panel/runtime/src/shell/index.ts,4,./useDshNavigation,IMPORT_OR_EXPORT,control-panel
apps/control-panel/runtime/src/shell/useDshNavigation.ts,3,react,IMPORT_OR_EXPORT,control-panel
apps/control-panel/runtime/src/shell/useDshNavigation.ts,4,next/navigation,IMPORT_OR_EXPORT,control-panel
apps/control-panel/runtime/src/shell/useDshNavigation.ts,5,@bthwani/dsh/control-panel/navigation,IMPORT_OR_EXPORT,control-panel
apps/control-panel/runtime/src/shell/useDshNavigation.ts,6,@bthwani/dsh/control-panel/session,IMPORT_OR_EXPORT,control-panel
apps/control-panel/runtime/src/styles/dsh-colors.ts,17,@bthwani/ui-kit/tokens,IMPORT_OR_EXPORT,control-panel
apps/control-panel/runtime/src/styles/dsh-colors.ts,18,@bthwani/ui-kit,IMPORT_OR_EXPORT,control-panel
apps/control-panel/runtime/stubs/ionicons-stub.js,1,react,IMPORT_OR_EXPORT,control-panel
apps/control-panel/runtime/tests/bff-boundary.test.mjs,1,node:assert/strict,IMPORT_OR_EXPORT,control-panel
apps/control-panel/runtime/tests/bff-boundary.test.mjs,2,node:fs,IMPORT_OR_EXPORT,control-panel
apps/control-panel/runtime/tests/bff-boundary.test.mjs,3,node:path,IMPORT_OR_EXPORT,control-panel
apps/control-panel/runtime/tests/bff-boundary.test.mjs,4,node:test,IMPORT_OR_EXPORT,control-panel
apps/control-panel/runtime/tests/platform-access-code-login.test.mjs,1,node:assert/strict,IMPORT_OR_EXPORT,control-panel
apps/control-panel/runtime/tests/platform-access-code-login.test.mjs,2,node:fs,IMPORT_OR_EXPORT,control-panel
apps/control-panel/runtime/tests/platform-access-code-login.test.mjs,3,node:path,IMPORT_OR_EXPORT,control-panel
apps/control-panel/runtime/tests/platform-access-code-login.test.mjs,4,node:test,IMPORT_OR_EXPORT,control-panel
apps/control-panel/runtime/tests/runtime-security.test.mjs,1,node:assert/strict,IMPORT_OR_EXPORT,control-panel
apps/control-panel/runtime/tests/runtime-security.test.mjs,2,node:fs,IMPORT_OR_EXPORT,control-panel
apps/control-panel/runtime/tests/runtime-security.test.mjs,3,node:path,IMPORT_OR_EXPORT,control-panel
apps/control-panel/runtime/tests/runtime-security.test.mjs,4,node:test,IMPORT_OR_EXPORT,control-panel
apps/control-panel/runtime/tests/start-runtime-contract.test.mjs,1,node:assert/strict,IMPORT_OR_EXPORT,control-panel
apps/control-panel/runtime/tests/start-runtime-contract.test.mjs,2,node:child_process,IMPORT_OR_EXPORT,control-panel
apps/control-panel/runtime/tests/start-runtime-contract.test.mjs,3,node:fs,IMPORT_OR_EXPORT,control-panel
apps/control-panel/runtime/tests/start-runtime-contract.test.mjs,4,node:path,IMPORT_OR_EXPORT,control-panel
apps/control-panel/runtime/tests/start-runtime-contract.test.mjs,5,node:test,IMPORT_OR_EXPORT,control-panel
apps/control-panel/runtime/tests/upstream-proxy-session.test.mjs,1,node:assert/strict,IMPORT_OR_EXPORT,control-panel
apps/control-panel/runtime/tests/upstream-proxy-session.test.mjs,2,node:fs,IMPORT_OR_EXPORT,control-panel
apps/control-panel/runtime/tests/upstream-proxy-session.test.mjs,3,node:path,IMPORT_OR_EXPORT,control-panel
apps/control-panel/runtime/tests/upstream-proxy-session.test.mjs,4,node:test,IMPORT_OR_EXPORT,control-panel
apps/mobile/eas-build-mobile.mjs,1,node:module,IMPORT_OR_EXPORT,repository
apps/mobile/eas-build-mobile.mjs,2,node:child_process,IMPORT_OR_EXPORT,repository
apps/mobile/eas-build-mobile.mjs,3,node:fs,IMPORT_OR_EXPORT,repository
apps/mobile/eas-build-mobile.mjs,4,node:path,IMPORT_OR_EXPORT,repository
apps/mobile/eas-build-mobile.mjs,5,./lib/package-manager-invocation.mjs,IMPORT_OR_EXPORT,repository
apps/mobile/eas-build-mobile.mjs,11,../mobile/sentry-env.js,IMPORT_OR_EXPORT,repository
apps/mobile/lib/package-manager-invocation.mjs,1,node:fs,IMPORT_OR_EXPORT,repository
apps/mobile/mobile-dev-data.mjs,19,../../tools/dev/local-actors.mjs,IMPORT_OR_EXPORT,repository
apps/mobile/sentry-env.js,3,fs,IMPORT_OR_EXPORT,repository
apps/mobile/sentry-env.js,4,path,IMPORT_OR_EXPORT,repository
apps/mobile/test-mobile-runtime-contract.mjs,1,node:child_process,IMPORT_OR_EXPORT,repository
apps/mobile/test-mobile-runtime-contract.mjs,2,node:fs,IMPORT_OR_EXPORT,repository
apps/mobile/test-mobile-runtime-contract.mjs,3,node:path,IMPORT_OR_EXPORT,repository
apps/mobile/test-mobile-runtime-contract.mjs,4,node:url,IMPORT_OR_EXPORT,repository
apps/mobile/verify-eas-provider-inputs.mjs,1,node:fs,IMPORT_OR_EXPORT,repository
apps/mobile/verify-eas-provider-inputs.mjs,2,node:path,IMPORT_OR_EXPORT,repository
apps/mobile/verify-eas-provider-inputs.mjs,3,node:url,IMPORT_OR_EXPORT,repository
apps/mobile/verify-eas-provider-inputs.mjs,4,../../tools/mobile/google-services-config.mjs,IMPORT_OR_EXPORT,repository
apps/mobile/verify-mobile-export.mjs,1,node:child_process,IMPORT_OR_EXPORT,repository
apps/mobile/verify-mobile-export.mjs,2,node:fs,IMPORT_OR_EXPORT,repository
apps/mobile/verify-mobile-export.mjs,3,node:os,IMPORT_OR_EXPORT,repository
apps/mobile/verify-mobile-export.mjs,4,node:path,IMPORT_OR_EXPORT,repository
apps/mobile/verify-mobile-export.mjs,5,node:url,IMPORT_OR_EXPORT,repository
apps/mobile/verify-mobile-native.mjs,1,node:child_process,IMPORT_OR_EXPORT,repository
apps/mobile/verify-mobile-native.mjs,2,node:fs,IMPORT_OR_EXPORT,repository
apps/mobile/verify-mobile-native.mjs,3,node:os,IMPORT_OR_EXPORT,repository
apps/mobile/verify-mobile-native.mjs,4,node:path,IMPORT_OR_EXPORT,repository
apps/mobile/verify-mobile-native.mjs,5,node:url,IMPORT_OR_EXPORT,repository
apps/mobile/verify-mobile-source.mjs,1,node:fs,IMPORT_OR_EXPORT,repository
apps/mobile/verify-mobile-source.mjs,2,node:path,IMPORT_OR_EXPORT,repository
apps/mobile/verify-mobile-source.mjs,3,node:url,IMPORT_OR_EXPORT,repository
apps/mobile/verify-mobile-source.mjs,4,typescript,IMPORT_OR_EXPORT,repository
core/identity/clients/identity-client.ts,1,./generated/identity-api.ts,IMPORT_OR_EXPORT,identity
core/identity/clients/identity-session-policy.ts,1,./identity-session-store.ts,IMPORT_OR_EXPORT,identity
core/identity/clients/index.ts,1,./identity-api-config.ts,IMPORT_OR_EXPORT,identity
core/identity/clients/index.ts,2,./identity-client.ts,IMPORT_OR_EXPORT,identity
core/identity/clients/index.ts,3,./identity-session-policy.ts,IMPORT_OR_EXPORT,identity
core/identity/clients/index.ts,4,./identity-session-storage.ts,IMPORT_OR_EXPORT,identity
core/identity/clients/index.ts,5,./identity-session-store.ts,IMPORT_OR_EXPORT,identity
core/identity/clients/index.ts,6,./use-identity-runtime-status.ts,IMPORT_OR_EXPORT,identity
core/identity/clients/index.ts,7,./use-identity-session.ts,IMPORT_OR_EXPORT,identity
core/identity/clients/index.ts,8,./generated/identity-api.ts,IMPORT_OR_EXPORT,identity
core/identity/clients/use-identity-runtime-status.ts,3,react,IMPORT_OR_EXPORT,identity
core/identity/clients/use-identity-runtime-status.ts,9,./identity-api-config.ts,IMPORT_OR_EXPORT,identity
core/identity/clients/use-identity-session.ts,1,react,IMPORT_OR_EXPORT,identity
core/identity/clients/use-identity-session.ts,2,./identity-client.ts,IMPORT_OR_EXPORT,identity
core/identity/tests/identity-hydration-snapshot.test.mjs,1,node:assert/strict,IMPORT_OR_EXPORT,identity
core/identity/tests/identity-hydration-snapshot.test.mjs,2,node:fs/promises,IMPORT_OR_EXPORT,identity
core/identity/tests/identity-hydration-snapshot.test.mjs,3,node:test,IMPORT_OR_EXPORT,identity
core/identity/tests/identity-session-outage.test.mjs,1,node:assert/strict,IMPORT_OR_EXPORT,identity
core/identity/tests/identity-session-outage.test.mjs,2,node:test,IMPORT_OR_EXPORT,identity
core/identity/tests/session-surface.test.mjs,1,node:assert/strict,IMPORT_OR_EXPORT,identity
core/identity/tests/session-surface.test.mjs,2,node:fs,IMPORT_OR_EXPORT,identity
core/identity/tests/session-surface.test.mjs,3,node:fs/promises,IMPORT_OR_EXPORT,identity
core/identity/tests/session-surface.test.mjs,4,node:test,IMPORT_OR_EXPORT,identity
eslint.config.mjs,1,eslint-plugin-react-compiler,IMPORT_OR_EXPORT,repository
services/dsh/capabilities.ts,1,./capability-map,IMPORT_OR_EXPORT,dsh
services/dsh/capability-map.extensions.ts,1,./capability-map,IMPORT_OR_EXPORT,dsh
services/dsh/frontend/app-captain/DshCaptainOrderJourneyRenderer.tsx,1,react,IMPORT_OR_EXPORT,dsh
services/dsh/frontend/app-captain/DshCaptainOrderJourneyRenderer.tsx,2,react-native,IMPORT_OR_EXPORT,dsh
services/dsh/frontend/app-captain/DshCaptainOrderJourneyRenderer.tsx,3,@bthwani/ui-kit,IMPORT_OR_EXPORT,dsh
services/dsh/frontend/app-captain/DshCaptainOrderJourneyRenderer.tsx,4,../shared/dispatch,IMPORT_OR_EXPORT,dsh
services/dsh/frontend/app-captain/DshCaptainOrderJourneyRenderer.tsx,5,./dsh-captain.types,IMPORT_OR_EXPORT,dsh
services/dsh/frontend/app-captain/DshCaptainOrderJourneyRenderer.tsx,10,./orders/OperationalCaptainExecutionScreen,IMPORT_OR_EXPORT,dsh
services/dsh/frontend/app-captain/DshCaptainRouteRenderer.tsx,1,react,IMPORT_OR_EXPORT,dsh
services/dsh/frontend/app-captain/DshCaptainRouteRenderer.tsx,2,react-native,IMPORT_OR_EXPORT,dsh
services/dsh/frontend/app-captain/DshCaptainRouteRenderer.tsx,3,@bthwani/core-identity,IMPORT_OR_EXPORT,dsh
services/dsh/frontend/app-captain/DshCaptainRouteRenderer.tsx,17,./dsh-captain.types,IMPORT_OR_EXPORT,dsh
services/dsh/frontend/app-captain/DshCaptainRouteRenderer.tsx,24,./account/DshCaptainEntryScreen,IMPORT_OR_EXPORT,dsh
services/dsh/frontend/app-captain/DshCaptainRouteRenderer.tsx,31,./orders/DshCaptainMapScreen,IMPORT_OR_EXPORT,dsh
services/dsh/frontend/app-captain/DshCaptainRouteRenderer.tsx,32,./orders/DshCaptainPoDSubmissionScreen,IMPORT_OR_EXPORT,dsh
services/dsh/frontend/app-captain/DshCaptainRouteRenderer.tsx,33,./finance/WltCaptainFinanceScreen,IMPORT_OR_EXPORT,dsh
services/dsh/frontend/app-captain/DshCaptainRouteRenderer.tsx,34,./account/DshCaptainOperationsScreen,IMPORT_OR_EXPORT,dsh
services/dsh/frontend/app-captain/DshCaptainRouteRenderer.tsx,35,./account/DshCaptainAccountSettingsContent,IMPORT_OR_EXPORT,dsh
services/dsh/frontend/app-captain/DshCaptainRouteRenderer.tsx,36,./account/CaptainAccountNavRow,IMPORT_OR_EXPORT,dsh
services/dsh/frontend/app-captain/DshCaptainRouteRenderer.tsx,37,./store/CaptainStorePickupContextScreen,IMPORT_OR_EXPORT,dsh
services/dsh/frontend/app-captain/DshCaptainRouteRenderer.tsx,38,./orders/OfferDeclineSheet,IMPORT_OR_EXPORT,dsh
services/dsh/frontend/app-captain/DshCaptainRouteRenderer.tsx,39,./account/CaptainSupportScreenRouter,IMPORT_OR_EXPORT,dsh
services/dsh/frontend/app-captain/DshCaptainRouteRenderer.tsx,40,../shared/orders,IMPORT_OR_EXPORT,dsh
services/dsh/frontend/app-captain/DshCaptainRouteRenderer.tsx,41,../shared/dispatch,IMPORT_OR_EXPORT,dsh
services/dsh/frontend/app-captain/DshCaptainRouteRenderer.tsx,42,../shared/notifications,IMPORT_OR_EXPORT,dsh
services/dsh/frontend/app-captain/DshCaptainRouteRenderer.tsx,43,../shared/provider-ratings/ProviderRatingSummaryPanel,IMPORT_OR_EXPORT,dsh
services/dsh/frontend/app-captain/DshCaptainRouteRenderer.tsx,44,../shared/workforce/ProviderAvailabilityNoticesPanel,IMPORT_OR_EXPORT,dsh
services/dsh/frontend/app-captain/DshCaptainSurface.tsx,1,react,IMPORT_OR_EXPORT,dsh
services/dsh/frontend/app-captain/DshCaptainSurface.tsx,2,react-native,IMPORT_OR_EXPORT,dsh
services/dsh/frontend/app-captain/DshCaptainSurface.tsx,3,@bthwani/ui-kit,IMPORT_OR_EXPORT,dsh
services/dsh/frontend/app-captain/DshCaptainSurface.tsx,4,@bthwani/core-identity,IMPORT_OR_EXPORT,dsh
services/dsh/frontend/app-captain/DshCaptainSurface.tsx,5,./DshCaptainOrderJourneyRenderer,IMPORT_OR_EXPORT,dsh
services/dsh/frontend/app-captain/DshCaptainSurface.tsx,6,./useDshCaptainSurfaceModel,IMPORT_OR_EXPORT,dsh
services/dsh/frontend/app-captain/DshCaptainSurface.tsx,7,./dsh-captain.types,IMPORT_OR_EXPORT,dsh
services/dsh/frontend/app-captain/DshCaptainSurface.tsx,8,../shared/delivery/captain.surface.types,IMPORT_OR_EXPORT,dsh
services/dsh/frontend/app-captain/DshCaptainSurface.tsx,9,../shared/media/useCameraPhotoCapture,IMPORT_OR_EXPORT,dsh
services/dsh/frontend/app-captain/DshCaptainSurface.tsx,10,./orders/CaptainAssignmentOfferPanel,IMPORT_OR_EXPORT,dsh
services/dsh/frontend/app-captain/DshCaptainSurface.tsx,11,./components/BottomNavBar,IMPORT_OR_EXPORT,dsh
services/dsh/frontend/app-captain/DshCaptainSurface.tsx,12,./components/ModernPremiumHeader,IMPORT_OR_EXPORT,dsh
services/dsh/frontend/app-captain/DshOperationScreen.tsx,1,react,IMPORT_OR_EXPORT,dsh
services/dsh/frontend/app-captain/DshOperationScreen.tsx,2,@bthwani/ui-kit,IMPORT_OR_EXPORT,dsh
services/dsh/frontend/app-captain/account/CaptainAccountNavRow.tsx,1,react,IMPORT_OR_EXPORT,dsh
services/dsh/frontend/app-captain/account/CaptainAccountNavRow.tsx,2,react-native,IMPORT_OR_EXPORT,dsh
services/dsh/frontend/app-captain/account/CaptainAccountNavRow.tsx,3,@bthwani/ui-kit,IMPORT_OR_EXPORT,dsh
services/dsh/frontend/app-captain/account/CaptainSupportScreenRouter.tsx,1,react,IMPORT_OR_EXPORT,dsh
services/dsh/frontend/app-captain/account/CaptainSupportScreenRouter.tsx,2,../../shared/delivery,IMPORT_OR_EXPORT,dsh
services/dsh/frontend/app-captain/account/CaptainSupportScreenRouter.tsx,13,../orders/CaptainOrderSupportConversationScreen,IMPORT_OR_EXPORT,dsh
services/dsh/frontend/app-captain/account/CaptainSupportScreenRouter.tsx,14,../finance/WltCaptainFinanceScreen,IMPORT_OR_EXPORT,dsh
services/dsh/frontend/app-captain/account/DshCaptainAccountSettingsContent.tsx,1,react,IMPORT_OR_EXPORT,dsh
services/dsh/frontend/app-captain/account/DshCaptainAccountSettingsContent.tsx,2,react-native,IMPORT_OR_EXPORT,dsh
services/dsh/frontend/app-captain/account/DshCaptainAccountSettingsContent.tsx,13,./PartnerFleetConnectionCard,IMPORT_OR_EXPORT,dsh
services/dsh/frontend/app-captain/account/DshCaptainEntryScreen.tsx,1,react,IMPORT_OR_EXPORT,dsh
services/dsh/frontend/app-captain/account/DshCaptainEntryScreen.tsx,9,../DshOperationScreen,IMPORT_OR_EXPORT,dsh
services/dsh/frontend/app-captain/account/DshCaptainOperationsScreen.tsx,1,react,IMPORT_OR_EXPORT,dsh
services/dsh/frontend/app-captain/account/DshCaptainOperationsScreen.tsx,2,react-native,IMPORT_OR_EXPORT,dsh
services/dsh/frontend/app-captain/account/DshCaptainOperationsScreen.tsx,6,../DshOperationScreen,IMPORT_OR_EXPORT,dsh
services/dsh/frontend/app-captain/account/DshCaptainOperationsScreen.tsx,7,../../shared/orders,IMPORT_OR_EXPORT,dsh
services/dsh/frontend/app-captain/account/DshCaptainOperationsScreen.tsx,8,../dsh-captain.types,IMPORT_OR_EXPORT,dsh
services/dsh/frontend/app-captain/account/DshCaptainOperationsScreen.tsx,9,../../shared,IMPORT_OR_EXPORT,dsh
services/dsh/frontend/app-captain/account/DshCaptainOperationsScreen.tsx,10,../dsh-captain-binding.contracts,IMPORT_OR_EXPORT,dsh
services/dsh/frontend/app-captain/account/DshCaptainOperationsScreen.tsx,11,../finance/WltCaptainCodCustodyScreen,IMPORT_OR_EXPORT,dsh
services/dsh/frontend/app-captain/account/DshCaptainProfileScreen.tsx,1,react,IMPORT_OR_EXPORT,dsh
services/dsh/frontend/app-captain/account/DshCaptainProfileScreen.tsx,2,@bthwani/core-identity,IMPORT_OR_EXPORT,dsh
services/dsh/frontend/app-captain/account/DshCaptainProfileScreen.tsx,6,../DshOperationScreen,IMPORT_OR_EXPORT,dsh
services/dsh/frontend/app-captain/account/DshCaptainProfileScreen.tsx,7,../dsh-captain.types,IMPORT_OR_EXPORT,dsh
services/dsh/frontend/app-captain/account/DshCaptainProfileScreen.tsx,8,../../shared/delivery,IMPORT_OR_EXPORT,dsh
services/dsh/frontend/app-captain/account/DshCaptainProfileScreen.tsx,9,../../shared/dispatch,IMPORT_OR_EXPORT,dsh
services/dsh/frontend/app-captain/account/PartnerFleetConnectionCard.tsx,1,react,IMPORT_OR_EXPORT,dsh
services/dsh/frontend/app-captain/account/PartnerFleetConnectionCard.tsx,2,react-native,IMPORT_OR_EXPORT,dsh
services/dsh/frontend/app-captain/account/PartnerFleetConnectionCard.tsx,3,@bthwani/ui-kit,IMPORT_OR_EXPORT,dsh
services/dsh/frontend/app-captain/components/BottomNavBar.tsx,10,react,IMPORT_OR_EXPORT,dsh
services/dsh/frontend/app-captain/components/BottomNavBar.tsx,11,react-native,IMPORT_OR_EXPORT,dsh
services/dsh/frontend/app-captain/components/BottomNavBar.tsx,12,@bthwani/ui-kit,IMPORT_OR_EXPORT,dsh
services/dsh/frontend/app-captain/components/BottomNavBar.tsx,13,@bthwani/ui-kit,IMPORT_OR_EXPORT,dsh
services/dsh/frontend/app-captain/components/MobileWorkspaceHeader.tsx,1,react,IMPORT_OR_EXPORT,dsh
services/dsh/frontend/app-captain/components/MobileWorkspaceHeader.tsx,2,react-native,IMPORT_OR_EXPORT,dsh
services/dsh/frontend/app-captain/components/MobileWorkspaceHeader.tsx,3,@bthwani/ui-kit,IMPORT_OR_EXPORT,dsh
services/dsh/frontend/app-captain/components/ModernPremiumHeader.tsx,1,react,IMPORT_OR_EXPORT,dsh
services/dsh/frontend/app-captain/components/ModernPremiumHeader.tsx,2,react-native,IMPORT_OR_EXPORT,dsh
services/dsh/frontend/app-captain/components/ModernPremiumHeader.tsx,3,@bthwani/ui-kit,IMPORT_OR_EXPORT,dsh
services/dsh/frontend/app-captain/dispatch/index.ts,1,./DshCaptainOrdersScreen,IMPORT_OR_EXPORT,dsh
services/dsh/frontend/app-captain/dsh-captain-binding.contracts.ts,1,../shared/delivery,IMPORT_OR_EXPORT,dsh
services/dsh/frontend/app-captain/finance/WltCaptainCodCustodyScreen.tsx,1,react,IMPORT_OR_EXPORT,dsh
services/dsh/frontend/app-captain/finance/WltCaptainCodCustodyScreen.tsx,2,react-native,IMPORT_OR_EXPORT,dsh
services/dsh/frontend/app-captain/finance/WltCaptainCodCustodyScreen.tsx,3,@bthwani/ui-kit,IMPORT_OR_EXPORT,dsh
services/dsh/frontend/app-captain/finance/WltCaptainCodCustodyScreen.tsx,4,@bthwani/wlt/dsh,IMPORT_OR_EXPORT,dsh
services/dsh/frontend/app-captain/finance/WltCaptainCodCustodyScreen.tsx,8,@bthwani/wlt/dsh,IMPORT_OR_EXPORT,dsh
services/dsh/frontend/app-captain/finance/WltCaptainFinanceScreen.tsx,1,react,IMPORT_OR_EXPORT,dsh
services/dsh/frontend/app-captain/finance/WltCaptainFinanceScreen.tsx,2,react-native,IMPORT_OR_EXPORT,dsh
services/dsh/frontend/app-captain/finance/WltCaptainFinanceScreen.tsx,3,@bthwani/ui-kit,IMPORT_OR_EXPORT,dsh
services/dsh/frontend/app-captain/finance/WltCaptainFinanceScreen.tsx,4,@bthwani/wlt/dsh,IMPORT_OR_EXPORT,dsh
services/dsh/frontend/app-captain/finance/WltCaptainFinanceScreen.tsx,5,@bthwani/wlt/dsh,IMPORT_OR_EXPORT,dsh
services/dsh/frontend/app-captain/finance/WltCaptainFinanceScreen.tsx,6,@bthwani/wlt/dsh,IMPORT_OR_EXPORT,dsh
services/dsh/frontend/app-captain/finance/WltCaptainFinanceScreen.tsx,7,@bthwani/wlt/dsh,IMPORT_OR_EXPORT,dsh
services/dsh/frontend/app-captain/finance/WltCaptainFinanceScreen.tsx,8,../../../../dsh/frontend/shared/dispatch,IMPORT_OR_EXPORT,dsh
services/dsh/frontend/app-captain/finance/WltCaptainFinanceScreen.tsx,9,../../../../dsh/frontend/shared/workforce/ProviderIncidentsPanel,IMPORT_OR_EXPORT,dsh
services/dsh/frontend/app-captain/finance/WltCaptainFinanceScreen.tsx,10,../../../../dsh/frontend/app-captain/DshOperationScreen,IMPORT_OR_EXPORT,dsh
services/dsh/frontend/app-captain/finance/WltCaptainFinanceScreen.tsx,11,./WltCaptainCodCustodyScreen,IMPORT_OR_EXPORT,dsh
services/dsh/frontend/app-captain/index.ts,9,./DshCaptainSurface,IMPORT_OR_EXPORT,dsh
services/dsh/frontend/app-captain/index.ts,30,./dsh-captain.screen-registry,IMPORT_OR_EXPORT,dsh
services/dsh/frontend/app-captain/orders/CaptainAssignmentOfferPanel.tsx,1,react,IMPORT_OR_EXPORT,dsh
services/dsh/frontend/app-captain/orders/CaptainAssignmentOfferPanel.tsx,2,react-native,IMPORT_OR_EXPORT,dsh
services/dsh/frontend/app-captain/orders/CaptainAssignmentOfferPanel.tsx,13,../../shared/dispatch,IMPORT_OR_EXPORT,dsh
services/dsh/frontend/app-captain/orders/CaptainOrderSupportConversationScreen.tsx,1,react,IMPORT_OR_EXPORT,dsh
services/dsh/frontend/app-captain/orders/CompactOrderChatBubble.tsx,1,react,IMPORT_OR_EXPORT,dsh
services/dsh/frontend/app-captain/orders/CompactOrderChatBubble.tsx,2,@bthwani/ui-kit,IMPORT_OR_EXPORT,dsh
services/dsh/frontend/app-captain/orders/CompactOrderChatBubble.tsx,3,../../shared/delivery,IMPORT_OR_EXPORT,dsh
services/dsh/frontend/app-captain/orders/DshCaptainHomeOrderPanel.tsx,1,react,IMPORT_OR_EXPORT,dsh
services/dsh/frontend/app-captain/orders/DshCaptainHomeOrderPanel.tsx,2,@bthwani/ui-kit,IMPORT_OR_EXPORT,dsh
services/dsh/frontend/app-captain/orders/DshCaptainHomeOrderPanel.tsx,3,../../shared/delivery,IMPORT_OR_EXPORT,dsh
services/dsh/frontend/app-captain/orders/DshCaptainHomeOrderPanel.tsx,4,./CompactOrderChatBubble,IMPORT_OR_EXPORT,dsh
services/dsh/frontend/app-captain/orders/DshCaptainMapLayer.tsx,1,react,IMPORT_OR_EXPORT,dsh
services/dsh/frontend/app-captain/orders/DshCaptainMapLayer.tsx,2,react-native,IMPORT_OR_EXPORT,dsh
services/dsh/frontend/app-captain/orders/DshCaptainMapLayer.tsx,3,@bthwani/ui-kit,IMPORT_OR_EXPORT,dsh
services/dsh/frontend/app-captain/orders/DshCaptainMapScreen.tsx,1,react,IMPORT_OR_EXPORT,dsh
services/dsh/frontend/app-captain/orders/DshCaptainMapScreen.tsx,2,react-native,IMPORT_OR_EXPORT,dsh
services/dsh/frontend/app-captain/orders/DshCaptainMapScreen.tsx,3,expo-constants,IMPORT_OR_EXPORT,dsh
services/dsh/frontend/app-captain/orders/DshCaptainMapScreen.tsx,14,../DshOperationScreen,IMPORT_OR_EXPORT,dsh
services/dsh/frontend/app-captain/orders/DshCaptainMapScreen.tsx,15,../dsh-captain-binding.contracts,IMPORT_OR_EXPORT,dsh
services/dsh/frontend/app-captain/orders/DshCaptainMapScreen.tsx,16,../../shared/operations/dsh-operational-registry,IMPORT_OR_EXPORT,dsh
services/dsh/frontend/app-captain/orders/DshCaptainMapScreen.tsx,21,../../shared/maps,IMPORT_OR_EXPORT,dsh
services/dsh/frontend/app-captain/orders/DshCaptainOrdersScreen.tsx,1,react,IMPORT_OR_EXPORT,dsh
services/dsh/frontend/app-captain/orders/DshCaptainOrdersScreen.tsx,2,@bthwani/ui-kit,IMPORT_OR_EXPORT,dsh
services/dsh/frontend/app-captain/orders/DshCaptainOrdersScreen.tsx,3,../DshOperationScreen,IMPORT_OR_EXPORT,dsh
services/dsh/frontend/app-captain/orders/DshCaptainOrdersScreen.tsx,4,./OrderInboxSection,IMPORT_OR_EXPORT,dsh
services/dsh/frontend/app-captain/orders/DshCaptainOrdersScreen.tsx,5,./OrderDetailSection,IMPORT_OR_EXPORT,dsh
services/dsh/frontend/app-captain/orders/DshCaptainOrdersScreen.tsx,6,./OrderChatSection,IMPORT_OR_EXPORT,dsh
services/dsh/frontend/app-captain/orders/DshCaptainOrdersScreen.tsx,7,./OrderBellSection,IMPORT_OR_EXPORT,dsh
services/dsh/frontend/app-captain/orders/DshCaptainOrdersScreen.tsx,8,./OrderActionSection,IMPORT_OR_EXPORT,dsh
services/dsh/frontend/app-captain/orders/DshCaptainOrdersScreen.tsx,9,./OrderProofSection,IMPORT_OR_EXPORT,dsh
services/dsh/frontend/app-captain/orders/DshCaptainOrdersScreen.tsx,10,./SimpleSupportScreen,IMPORT_OR_EXPORT,dsh
services/dsh/frontend/app-captain/orders/DshCaptainOrdersScreen.tsx,21,../../shared/dispatch,IMPORT_OR_EXPORT,dsh
services/dsh/frontend/app-captain/orders/DshCaptainOrdersScreen.tsx,25,../../shared/orders,IMPORT_OR_EXPORT,dsh
services/dsh/frontend/app-captain/orders/DshCaptainPickupDropoffScreen.tsx,1,react,IMPORT_OR_EXPORT,dsh
services/dsh/frontend/app-captain/orders/DshCaptainPickupDropoffScreen.tsx,2,react-native,IMPORT_OR_EXPORT,dsh
services/dsh/frontend/app-captain/orders/DshCaptainPickupDropoffScreen.tsx,20,../DshOperationScreen,IMPORT_OR_EXPORT,dsh
services/dsh/frontend/app-captain/orders/DshCaptainPickupDropoffScreen.tsx,21,../dsh-captain-binding.contracts,IMPORT_OR_EXPORT,dsh
services/dsh/frontend/app-captain/orders/DshCaptainPickupDropoffScreen.tsx,22,../../shared/operations/dsh-operational-registry,IMPORT_OR_EXPORT,dsh
services/dsh/frontend/app-captain/orders/DshCaptainPickupDropoffScreen.tsx,23,../../shared,IMPORT_OR_EXPORT,dsh
services/dsh/frontend/app-captain/orders/DshCaptainPoDSubmissionScreen.tsx,1,react,IMPORT_OR_EXPORT,dsh
services/dsh/frontend/app-captain/orders/DshCaptainPoDSubmissionScreen.tsx,2,react-native,IMPORT_OR_EXPORT,dsh
services/dsh/frontend/app-captain/orders/DshCaptainPoDSubmissionScreen.tsx,18,../DshOperationScreen,IMPORT_OR_EXPORT,dsh
services/dsh/frontend/app-captain/orders/DshCaptainPoDSubmissionScreen.tsx,25,../../shared/delivery-proof,IMPORT_OR_EXPORT,dsh
services/dsh/frontend/app-captain/orders/DshCaptainPoDSubmissionScreen.tsx,26,../../shared/media/pod/delivery-proof-media.api,IMPORT_OR_EXPORT,dsh
services/dsh/frontend/app-captain/orders/DshCaptainPoDSubmissionScreen.tsx,27,../../shared/delivery/use-captain-order-runtime,IMPORT_OR_EXPORT,dsh
services/dsh/frontend/app-captain/orders/OfferDeclineSheet.tsx,1,react,IMPORT_OR_EXPORT,dsh
services/dsh/frontend/app-captain/orders/OperationalCaptainExecutionScreen.tsx,1,react,IMPORT_OR_EXPORT,dsh
services/dsh/frontend/app-captain/orders/OperationalCaptainExecutionScreen.tsx,2,react-native,IMPORT_OR_EXPORT,dsh
services/dsh/frontend/app-captain/orders/OperationalCaptainExecutionScreen.tsx,3,@bthwani/ui-kit,IMPORT_OR_EXPORT,dsh
services/dsh/frontend/app-captain/orders/OperationalCaptainExecutionScreen.tsx,18,./DshCaptainMapLayer,IMPORT_OR_EXPORT,dsh
services/dsh/frontend/app-captain/orders/OrderActionSection.tsx,1,react,IMPORT_OR_EXPORT,dsh
services/dsh/frontend/app-captain/orders/OrderActionSection.tsx,2,@bthwani/ui-kit,IMPORT_OR_EXPORT,dsh
services/dsh/frontend/app-captain/orders/OrderActionSection.tsx,3,../DshOperationScreen,IMPORT_OR_EXPORT,dsh
services/dsh/frontend/app-captain/orders/OrderBellSection.tsx,1,react,IMPORT_OR_EXPORT,dsh
services/dsh/frontend/app-captain/orders/OrderBellSection.tsx,2,react-native,IMPORT_OR_EXPORT,dsh
services/dsh/frontend/app-captain/orders/OrderBellSection.tsx,13,../DshOperationScreen,IMPORT_OR_EXPORT,dsh
services/dsh/frontend/app-captain/orders/OrderBellSection.tsx,14,../../shared/orders,IMPORT_OR_EXPORT,dsh
services/dsh/frontend/app-captain/orders/OrderBellSection.tsx,15,./OrderInboxSection,IMPORT_OR_EXPORT,dsh
services/dsh/frontend/app-captain/orders/OrderChatSection.tsx,1,react,IMPORT_OR_EXPORT,dsh
services/dsh/frontend/app-captain/orders/OrderChatSection.tsx,2,./CaptainOrderSupportConversationScreen,IMPORT_OR_EXPORT,dsh
services/dsh/frontend/app-captain/orders/OrderChatSection.tsx,3,../../shared/orders,IMPORT_OR_EXPORT,dsh
services/dsh/frontend/app-captain/orders/OrderDetailSection.tsx,1,react,IMPORT_OR_EXPORT,dsh
services/dsh/frontend/app-captain/orders/OrderDetailSection.tsx,2,react-native,IMPORT_OR_EXPORT,dsh
services/dsh/frontend/app-captain/orders/OrderDetailSection.tsx,16,../DshOperationScreen,IMPORT_OR_EXPORT,dsh
services/dsh/frontend/app-captain/orders/OrderDetailSection.tsx,17,../../shared/orders,IMPORT_OR_EXPORT,dsh
services/dsh/frontend/app-captain/orders/OrderInboxSection.tsx,1,react,IMPORT_OR_EXPORT,dsh
services/dsh/frontend/app-captain/orders/OrderInboxSection.tsx,2,react-native,IMPORT_OR_EXPORT,dsh
services/dsh/frontend/app-captain/orders/OrderInboxSection.tsx,12,../DshOperationScreen,IMPORT_OR_EXPORT,dsh
services/dsh/frontend/app-captain/orders/OrderProofSection.tsx,1,react,IMPORT_OR_EXPORT,dsh
services/dsh/frontend/app-captain/orders/OrderProofSection.tsx,2,@bthwani/ui-kit,IMPORT_OR_EXPORT,dsh
services/dsh/frontend/app-captain/orders/OrderProofSection.tsx,3,../DshOperationScreen,IMPORT_OR_EXPORT,dsh
services/dsh/frontend/app-captain/orders/SimpleSupportScreen.tsx,1,react,IMPORT_OR_EXPORT,dsh
services/dsh/frontend/app-captain/orders/SimpleSupportScreen.tsx,2,react-native,IMPORT_OR_EXPORT,dsh
services/dsh/frontend/app-captain/store/CaptainStorePickupContextScreen.tsx,1,react,IMPORT_OR_EXPORT,dsh
services/dsh/frontend/app-captain/store/CaptainStorePickupContextScreen.tsx,2,react-native,IMPORT_OR_EXPORT,dsh
services/dsh/frontend/app-captain/store/CaptainStorePickupContextScreen.tsx,3,@bthwani/core-identity,IMPORT_OR_EXPORT,dsh
services/dsh/frontend/app-captain/store/CaptainStorePickupContextScreen.tsx,17,../../shared/auth/AuthLoginCard,IMPORT_OR_EXPORT,dsh
services/dsh/frontend/app-captain/store/DshCaptainStoreCourierHomeContent.tsx,1,react,IMPORT_OR_EXPORT,dsh
services/dsh/frontend/app-captain/store/DshCaptainStoreCourierHomeContent.tsx,2,@bthwani/ui-kit,IMPORT_OR_EXPORT,dsh
services/dsh/frontend/app-captain/store/index.ts,1,./CaptainStorePickupContextScreen,IMPORT_OR_EXPORT,dsh
services/dsh/frontend/app-captain/store/index.ts,2,./DshCaptainStoreCourierHomeContent,IMPORT_OR_EXPORT,dsh
services/dsh/frontend/app-client/DshClientSurface.tsx,1,react,IMPORT_OR_EXPORT,dsh
services/dsh/frontend/app-client/DshClientSurface.tsx,2,react-native,IMPORT_OR_EXPORT,dsh
services/dsh/frontend/app-client/DshClientSurface.tsx,3,react-native-safe-area-context,IMPORT_OR_EXPORT,dsh
services/dsh/frontend/app-client/DshClientSurface.tsx,4,../../../../apps/app-client/runtime/src/shell/AppHeader,IMPORT_OR_EXPORT,dsh
services/dsh/frontend/app-client/DshClientSurface.tsx,13,@bthwani/ui-kit,IMPORT_OR_EXPORT,dsh
services/dsh/frontend/app-client/DshClientSurface.tsx,14,./home-discovery/HomeDiscoveryRoute,IMPORT_OR_EXPORT,dsh
services/dsh/frontend/app-client/DshClientSurface.tsx,15,./store/StoreDiscoveryRoute,IMPORT_OR_EXPORT,dsh
services/dsh/frontend/app-client/DshClientSurface.tsx,16,./store/StoreDetailRoute,IMPORT_OR_EXPORT,dsh
services/dsh/frontend/app-client/DshClientSurface.tsx,17,./checkout/ClientCheckoutRoute,IMPORT_OR_EXPORT,dsh
services/dsh/frontend/app-client/DshClientSurface.tsx,18,./orders/OrdersListScreen,IMPORT_OR_EXPORT,dsh
services/dsh/frontend/app-client/DshClientSurface.tsx,19,./account/MySpaceScreen,IMPORT_OR_EXPORT,dsh
services/dsh/frontend/app-client/DshClientSurface.tsx,20,./account/AddressLocationScreen,IMPORT_OR_EXPORT,dsh
services/dsh/frontend/app-client/DshClientSurface.tsx,21,./account/IdentityHubScreen,IMPORT_OR_EXPORT,dsh
services/dsh/frontend/app-client/DshClientSurface.tsx,22,./account/BenefitsHubScreen,IMPORT_OR_EXPORT,dsh
services/dsh/frontend/app-client/DshClientSurface.tsx,23,./account/PreferencesHubScreen,IMPORT_OR_EXPORT,dsh
services/dsh/frontend/app-client/DshClientSurface.tsx,24,./notifications/NotificationCenterScreen,IMPORT_OR_EXPORT,dsh
services/dsh/frontend/app-client/DshClientSurface.tsx,25,./orders/OrderTrackingScreen,IMPORT_OR_EXPORT,dsh
services/dsh/frontend/app-client/DshClientSurface.tsx,26,./orders/PickupSessionScreen,IMPORT_OR_EXPORT,dsh
services/dsh/frontend/app-client/DshClientSurface.tsx,27,./support/SupportTicketScreen,IMPORT_OR_EXPORT,dsh
services/dsh/frontend/app-client/DshClientSurface.tsx,28,./support/TicketDetailScreen,IMPORT_OR_EXPORT,dsh
services/dsh/frontend/app-client/DshClientSurface.tsx,29,../shared/shein/SheinForm,IMPORT_OR_EXPORT,dsh
services/dsh/frontend/app-client/DshClientSurface.tsx,30,../shared/awnak/AwnakForm,IMPORT_OR_EXPORT,dsh
services/dsh/frontend/app-client/DshClientSurface.tsx,35,../shared/special-requests/special-requests.idempotency,IMPORT_OR_EXPORT,dsh
services/dsh/frontend/app-client/DshClientSurface.tsx,36,../shared/home-discovery,IMPORT_OR_EXPORT,dsh
services/dsh/frontend/app-client/DshClientSurface.tsx,37,../shared/notifications/client-notification-deep-link,IMPORT_OR_EXPORT,dsh
services/dsh/frontend/app-client/account/AddressLocationScreen.tsx,1,react,IMPORT_OR_EXPORT,dsh
services/dsh/frontend/app-client/account/AddressLocationScreen.tsx,2,react-native,IMPORT_OR_EXPORT,dsh
services/dsh/frontend/app-client/account/AddressLocationScreen.tsx,3,expo-location,IMPORT_OR_EXPORT,dsh
services/dsh/frontend/app-client/account/BenefitsHubScreen.tsx,1,react,IMPORT_OR_EXPORT,dsh
services/dsh/frontend/app-client/account/BenefitsHubScreen.tsx,2,react-native,IMPORT_OR_EXPORT,dsh
services/dsh/frontend/app-client/account/BenefitsHubScreen.tsx,3,@bthwani/ui-kit,IMPORT_OR_EXPORT,dsh
services/dsh/frontend/app-client/account/BenefitsHubScreen.tsx,4,@bthwani/wlt/dsh,IMPORT_OR_EXPORT,dsh
services/dsh/frontend/app-client/account/BenefitsHubScreen.tsx,5,../../shared/marketing/use-subscription-lifecycle-controller,IMPORT_OR_EXPORT,dsh
services/dsh/frontend/app-client/account/IdentityHubScreen.tsx,4,react,IMPORT_OR_EXPORT,dsh
services/dsh/frontend/app-client/account/IdentityHubScreen.tsx,5,react-native,IMPORT_OR_EXPORT,dsh
services/dsh/frontend/app-client/account/MySpaceScreen.tsx,1,react,IMPORT_OR_EXPORT,dsh
services/dsh/frontend/app-client/account/MySpaceScreen.tsx,2,react-native,IMPORT_OR_EXPORT,dsh
services/dsh/frontend/app-client/account/MySpaceScreen.tsx,12,@bthwani/wlt/dsh,IMPORT_OR_EXPORT,dsh
services/dsh/frontend/app-client/account/PreferencesHubScreen.tsx,1,react,IMPORT_OR_EXPORT,dsh
services/dsh/frontend/app-client/account/PreferencesHubScreen.tsx,2,react-native,IMPORT_OR_EXPORT,dsh
services/dsh/frontend/app-client/account/PreferencesHubScreen.tsx,3,@bthwani/core-identity,IMPORT_OR_EXPORT,dsh
services/dsh/frontend/app-client/account/index.ts,3,./MySpaceScreen,IMPORT_OR_EXPORT,dsh
services/dsh/frontend/app-client/account/index.ts,4,./MySpaceScreen,IMPORT_OR_EXPORT,dsh
services/dsh/frontend/app-client/account/index.ts,6,./IdentityHubScreen,IMPORT_OR_EXPORT,dsh
services/dsh/frontend/app-client/account/index.ts,7,./IdentityHubScreen,IMPORT_OR_EXPORT,dsh
services/dsh/frontend/app-client/account/index.ts,9,./AddressLocationScreen,IMPORT_OR_EXPORT,dsh
services/dsh/frontend/app-client/account/index.ts,10,./AddressLocationScreen,IMPORT_OR_EXPORT,dsh
services/dsh/frontend/app-client/account/index.ts,12,./PreferencesHubScreen,IMPORT_OR_EXPORT,dsh
services/dsh/frontend/app-client/account/index.ts,13,./PreferencesHubScreen,IMPORT_OR_EXPORT,dsh
services/dsh/frontend/app-client/account/index.ts,15,./BenefitsHubScreen,IMPORT_OR_EXPORT,dsh
services/dsh/frontend/app-client/account/index.ts,16,./BenefitsHubScreen,IMPORT_OR_EXPORT,dsh
services/dsh/frontend/app-client/cart/CartScreen.tsx,1,react,IMPORT_OR_EXPORT,dsh
services/dsh/frontend/app-client/cart/CartScreen.tsx,2,react-native,IMPORT_OR_EXPORT,dsh
services/dsh/frontend/app-client/cart/CartScreen.tsx,27,../../shared/checkout,IMPORT_OR_EXPORT,dsh
services/dsh/frontend/app-client/cart/CartScreen.tsx,28,../../shared/client-address,IMPORT_OR_EXPORT,dsh
services/dsh/frontend/app-client/cart/CartScreen.tsx,29,@bthwani/wlt/dsh,IMPORT_OR_EXPORT,dsh
services/dsh/frontend/app-client/cart/CartScreen.tsx,30,./PaymentDecisionSection,IMPORT_OR_EXPORT,dsh
services/dsh/frontend/app-client/cart/GovernedCartScreen.tsx,1,react,IMPORT_OR_EXPORT,dsh
services/dsh/frontend/app-client/cart/GovernedCartScreen.tsx,2,react-native,IMPORT_OR_EXPORT,dsh
services/dsh/frontend/app-client/cart/GovernedCartScreen.tsx,14,../../shared/cart,IMPORT_OR_EXPORT,dsh
services/dsh/frontend/app-client/cart/GovernedCartScreen.tsx,15,../../shared/cart,IMPORT_OR_EXPORT,dsh
services/dsh/frontend/app-client/cart/GovernedCartScreen.tsx,16,../../shared/checkout,IMPORT_OR_EXPORT,dsh
services/dsh/frontend/app-client/cart/GovernedCartScreen.tsx,17,@bthwani/wlt/dsh,IMPORT_OR_EXPORT,dsh
services/dsh/frontend/app-client/cart/GovernedCartScreen.tsx,18,./PaymentDecisionSection,IMPORT_OR_EXPORT,dsh
services/dsh/frontend/app-client/cart/PaymentDecisionSection.tsx,1,react,IMPORT_OR_EXPORT,dsh
services/dsh/frontend/app-client/cart/PaymentDecisionSection.tsx,2,react-native,IMPORT_OR_EXPORT,dsh
services/dsh/frontend/app-client/cart/index.ts,1,./CartScreen,IMPORT_OR_EXPORT,dsh
services/dsh/frontend/app-client/cart/index.ts,2,./GovernedCartScreen,IMPORT_OR_EXPORT,dsh
services/dsh/frontend/app-client/checkout/ClientCheckoutRoute.tsx,1,react,IMPORT_OR_EXPORT,dsh
services/dsh/frontend/app-client/checkout/ClientCheckoutRoute.tsx,2,react-native,IMPORT_OR_EXPORT,dsh
services/dsh/frontend/app-client/checkout/ClientCheckoutRoute.tsx,3,@bthwani/core-identity,IMPORT_OR_EXPORT,dsh
services/dsh/frontend/app-client/checkout/ClientCheckoutRoute.tsx,10,../../shared/auth/AuthLoginCard,IMPORT_OR_EXPORT,dsh
services/dsh/frontend/app-client/checkout/ClientCheckoutRoute.tsx,11,../../shared/store,IMPORT_OR_EXPORT,dsh
services/dsh/frontend/app-client/checkout/ClientCheckoutRoute.tsx,12,../../shared/client-address,IMPORT_OR_EXPORT,dsh
services/dsh/frontend/app-client/checkout/ClientCheckoutRoute.tsx,13,../cart,IMPORT_OR_EXPORT,dsh
services/dsh/frontend/app-client/checkout/ClientCheckoutRoute.tsx,14,./GovernedCheckoutScreen,IMPORT_OR_EXPORT,dsh
services/dsh/frontend/app-client/checkout/ClientCheckoutRoute.tsx,15,../../shared/cart,IMPORT_OR_EXPORT,dsh
services/dsh/frontend/app-client/checkout/ClientCheckoutRoute.tsx,16,../../shared/checkout,IMPORT_OR_EXPORT,dsh
services/dsh/frontend/app-client/checkout/GovernedCheckoutScreen.tsx,1,react,IMPORT_OR_EXPORT,dsh
services/dsh/frontend/app-client/checkout/GovernedCheckoutScreen.tsx,2,react-native,IMPORT_OR_EXPORT,dsh
services/dsh/frontend/app-client/checkout/GovernedCheckoutScreen.tsx,14,@bthwani/wlt/dsh,IMPORT_OR_EXPORT,dsh
services/dsh/frontend/app-client/checkout/GovernedCheckoutScreen.tsx,15,../../shared/checkout,IMPORT_OR_EXPORT,dsh
services/dsh/frontend/app-client/checkout/GovernedCheckoutScreen.tsx,16,../../shared/cart,IMPORT_OR_EXPORT,dsh
services/dsh/frontend/app-client/checkout/GovernedCheckoutScreen.tsx,17,../../shared/checkout,IMPORT_OR_EXPORT,dsh
services/dsh/frontend/app-client/checkout/index.ts,1,./GovernedCheckoutScreen,IMPORT_OR_EXPORT,dsh
services/dsh/frontend/app-client/finance/WltClientWalletPanel.tsx,4,react,IMPORT_OR_EXPORT,dsh
services/dsh/frontend/app-client/finance/WltClientWalletPanel.tsx,5,@bthwani/wlt/dsh,IMPORT_OR_EXPORT,dsh
services/dsh/frontend/app-client/finance/index.ts,1,./WltClientWalletPanel,IMPORT_OR_EXPORT,dsh
services/dsh/frontend/app-client/home-discovery/HomeDiscoveryRoute.tsx,1,react,IMPORT_OR_EXPORT,dsh
services/dsh/frontend/app-client/home-discovery/HomeDiscoveryRoute.tsx,2,./HomeDiscoveryScreen,IMPORT_OR_EXPORT,dsh
services/dsh/frontend/app-client/home-discovery/HomeDiscoveryRoute.tsx,3,../../shared/home-discovery,IMPORT_OR_EXPORT,dsh
services/dsh/frontend/app-client/home-discovery/HomeDiscoveryScreen.tsx,1,react,IMPORT_OR_EXPORT,dsh
services/dsh/frontend/app-client/home-discovery/HomeDiscoveryScreen.tsx,2,../../shared/client-address,IMPORT_OR_EXPORT,dsh
services/dsh/frontend/app-client/home-discovery/HomeDiscoveryScreen.tsx,8,./HomeDiscoveryShell,IMPORT_OR_EXPORT,dsh
services/dsh/frontend/app-client/home-discovery/HomeDiscoveryShell.tsx,1,react,IMPORT_OR_EXPORT,dsh
services/dsh/frontend/app-client/home-discovery/HomeDiscoveryShell.tsx,25,../../../../../apps/app-client/runtime/src/media/ClientRemoteImage,IMPORT_OR_EXPORT,dsh
services/dsh/frontend/app-client/home-discovery/HomeDiscoveryShell.tsx,26,../../../../../apps/app-client/runtime/src/platform/client-platform-actions,IMPORT_OR_EXPORT,dsh
services/dsh/frontend/app-client/home-discovery/HomeDiscoveryShell.tsx,39,./HomeFilterRailSection,IMPORT_OR_EXPORT,dsh
services/dsh/frontend/app-client/home-discovery/HomeDiscoveryShell.tsx,40,./HomeHeroBannerSection,IMPORT_OR_EXPORT,dsh
services/dsh/frontend/app-client/home-discovery/HomeDiscoveryShell.tsx,41,./HomePromoSection,IMPORT_OR_EXPORT,dsh
services/dsh/frontend/app-client/home-discovery/HomeDiscoveryShell.tsx,42,./HomeReelsSection,IMPORT_OR_EXPORT,dsh
services/dsh/frontend/app-client/home-discovery/HomeDiscoveryShell.tsx,43,./HomeStoreFeedSection,IMPORT_OR_EXPORT,dsh
services/dsh/frontend/app-client/home-discovery/HomeFilterRailSection.tsx,1,react,IMPORT_OR_EXPORT,dsh
services/dsh/frontend/app-client/home-discovery/HomeFilterRailSection.tsx,2,react-native,IMPORT_OR_EXPORT,dsh
services/dsh/frontend/app-client/home-discovery/HomeFilterRailSection.tsx,3,@bthwani/ui-kit,IMPORT_OR_EXPORT,dsh
services/dsh/frontend/app-client/home-discovery/HomeHeroBannerSection.tsx,1,react,IMPORT_OR_EXPORT,dsh
services/dsh/frontend/app-client/home-discovery/HomeHeroBannerSection.tsx,22,../../../../../apps/app-client/runtime/src/media/ClientRemoteImage,IMPORT_OR_EXPORT,dsh
services/dsh/frontend/app-client/home-discovery/HomeHeroBannerSection.tsx,23,../../shared/home-discovery,IMPORT_OR_EXPORT,dsh
services/dsh/frontend/app-client/home-discovery/HomePromoSection.tsx,1,react,IMPORT_OR_EXPORT,dsh
services/dsh/frontend/app-client/home-discovery/HomePromoSection.tsx,2,react-native,IMPORT_OR_EXPORT,dsh
services/dsh/frontend/app-client/home-discovery/HomePromoSection.tsx,12,../../../../../apps/app-client/runtime/src/media/ClientRemoteImage,IMPORT_OR_EXPORT,dsh
services/dsh/frontend/app-client/home-discovery/HomePromoSection.tsx,13,../../shared/home-discovery,IMPORT_OR_EXPORT,dsh
services/dsh/frontend/app-client/home-discovery/HomeReelsSection.tsx,1,react,IMPORT_OR_EXPORT,dsh
services/dsh/frontend/app-client/home-discovery/HomeReelsSection.tsx,13,expo-video,IMPORT_OR_EXPORT,dsh
services/dsh/frontend/app-client/home-discovery/HomeReelsSection.tsx,25,../../../../../apps/app-client/runtime/src/media/ClientRemoteImage,IMPORT_OR_EXPORT,dsh
services/dsh/frontend/app-client/home-discovery/HomeReelsSection.tsx,26,../../shared/home-discovery,IMPORT_OR_EXPORT,dsh
services/dsh/frontend/app-client/home-discovery/HomeReelsSection.tsx,27,../../shared/home-discovery/playable-video-url.adapter,IMPORT_OR_EXPORT,dsh
services/dsh/frontend/app-client/home-discovery/HomeStoreCard.tsx,1,react,IMPORT_OR_EXPORT,dsh
services/dsh/frontend/app-client/home-discovery/HomeStoreCard.tsx,6,../store/StoreCardPremium,IMPORT_OR_EXPORT,dsh
services/dsh/frontend/app-client/home-discovery/HomeStoreFeedSection.tsx,1,react,IMPORT_OR_EXPORT,dsh
services/dsh/frontend/app-client/home-discovery/HomeStoreFeedSection.tsx,2,react-native,IMPORT_OR_EXPORT,dsh
services/dsh/frontend/app-client/home-discovery/HomeStoreFeedSection.tsx,3,@bthwani/ui-kit,IMPORT_OR_EXPORT,dsh
services/dsh/frontend/app-client/home-discovery/HomeStoreFeedSection.tsx,4,../../shared/home-discovery,IMPORT_OR_EXPORT,dsh
services/dsh/frontend/app-client/home-discovery/HomeStoreFeedSection.tsx,5,./HomeStoreCard,IMPORT_OR_EXPORT,dsh
services/dsh/frontend/app-client/home-discovery/index.ts,1,./HomeDiscoveryRoute,IMPORT_OR_EXPORT,dsh
services/dsh/frontend/app-client/home-discovery/index.ts,2,./HomeDiscoveryScreen,IMPORT_OR_EXPORT,dsh
services/dsh/frontend/app-client/home-discovery/index.ts,3,./HomeDiscoveryShell,IMPORT_OR_EXPORT,dsh
services/dsh/frontend/app-client/index.ts,1,./DshClientSurface,IMPORT_OR_EXPORT,dsh
services/dsh/frontend/app-client/notifications/NotificationCenterScreen.tsx,1,react,IMPORT_OR_EXPORT,dsh
services/dsh/frontend/app-client/notifications/NotificationCenterScreen.tsx,2,react-native,IMPORT_OR_EXPORT,dsh
services/dsh/frontend/app-client/notifications/NotificationCenterScreen.tsx,3,@bthwani/core-identity,IMPORT_OR_EXPORT,dsh
services/dsh/frontend/app-client/notifications/NotificationCenterScreen.tsx,10,../../shared/notifications,IMPORT_OR_EXPORT,dsh
services/dsh/frontend/app-client/orders/ClientDeliveryProofPanel.tsx,1,react,IMPORT_OR_EXPORT,dsh
services/dsh/frontend/app-client/orders/ClientDeliveryProofPanel.tsx,2,react-native,IMPORT_OR_EXPORT,dsh
services/dsh/frontend/app-client/orders/ClientDeliveryProofPanel.tsx,13,../../shared/delivery-proof,IMPORT_OR_EXPORT,dsh
services/dsh/frontend/app-client/orders/ClientLiveTrackingCard.tsx,1,react,IMPORT_OR_EXPORT,dsh
services/dsh/frontend/app-client/orders/ClientLiveTrackingCard.tsx,2,react-native,IMPORT_OR_EXPORT,dsh
services/dsh/frontend/app-client/orders/ClientLiveTrackingCard.tsx,3,@bthwani/ui-kit,IMPORT_OR_EXPORT,dsh
services/dsh/frontend/app-client/orders/ClientLiveTrackingCard.tsx,4,../../shared/dispatch/dispatch-tracking.api,IMPORT_OR_EXPORT,dsh
services/dsh/frontend/app-client/orders/ClientLiveTrackingCard.tsx,5,./ClientDeliveryProofPanel,IMPORT_OR_EXPORT,dsh
services/dsh/frontend/app-client/orders/ClientPreparationDecisionPanel.tsx,1,react,IMPORT_OR_EXPORT,dsh
services/dsh/frontend/app-client/orders/ClientPreparationDecisionPanel.tsx,2,@bthwani/ui-kit,IMPORT_OR_EXPORT,dsh
services/dsh/frontend/app-client/orders/OrderTrackingScreen.tsx,1,react,IMPORT_OR_EXPORT,dsh
services/dsh/frontend/app-client/orders/OrderTrackingScreen.tsx,2,react-native,IMPORT_OR_EXPORT,dsh
services/dsh/frontend/app-client/orders/OrderTrackingScreen.tsx,33,../../shared/dispatch,IMPORT_OR_EXPORT,dsh
services/dsh/frontend/app-client/orders/OrderTrackingScreen.tsx,34,../../shared/partner-delivery/partner-delivery.types,IMPORT_OR_EXPORT,dsh
services/dsh/frontend/app-client/orders/OrderTrackingScreen.tsx,35,./ClientLiveTrackingCard,IMPORT_OR_EXPORT,dsh
services/dsh/frontend/app-client/orders/OrderTrackingScreen.tsx,36,./ClientPreparationDecisionPanel,IMPORT_OR_EXPORT,dsh
services/dsh/frontend/app-client/orders/OrderTrackingScreen.tsx,37,./useClientOrderController,IMPORT_OR_EXPORT,dsh
services/dsh/frontend/app-client/orders/OrdersListScreen.tsx,1,react,IMPORT_OR_EXPORT,dsh
services/dsh/frontend/app-client/orders/OrdersListScreen.tsx,2,react-native,IMPORT_OR_EXPORT,dsh
services/dsh/frontend/app-client/orders/OrdersListScreen.tsx,15,../../../../../apps/app-client/runtime/src/platform/client-platform-actions,IMPORT_OR_EXPORT,dsh
services/dsh/frontend/app-client/orders/OrdersListScreen.tsx,25,@bthwani/wlt/dsh,IMPORT_OR_EXPORT,dsh
services/dsh/frontend/app-client/orders/PickupSessionScreen.tsx,1,react,IMPORT_OR_EXPORT,dsh
services/dsh/frontend/app-client/orders/PickupSessionScreen.tsx,2,react-native,IMPORT_OR_EXPORT,dsh
services/dsh/frontend/app-client/orders/PickupSessionScreen.tsx,13,../../shared/pickup/use-pickup-controller,IMPORT_OR_EXPORT,dsh
services/dsh/frontend/app-client/orders/PickupSessionScreen.tsx,14,../../shared/pickup/use-pickup-controller,IMPORT_OR_EXPORT,dsh
services/dsh/frontend/app-client/orders/index.ts,1,./OrdersListScreen,IMPORT_OR_EXPORT,dsh
services/dsh/frontend/app-client/orders/index.ts,2,./OrderTrackingScreen,IMPORT_OR_EXPORT,dsh
services/dsh/frontend/app-client/orders/index.ts,3,./PickupSessionScreen,IMPORT_OR_EXPORT,dsh
services/dsh/frontend/app-client/ratings/ClientOrderRatingGate.tsx,1,react,IMPORT_OR_EXPORT,dsh
services/dsh/frontend/app-client/ratings/ClientOrderRatingGate.tsx,2,react-native,IMPORT_OR_EXPORT,dsh
services/dsh/frontend/app-client/ratings/ClientOrderRatingGate.tsx,3,@bthwani/ui-kit,IMPORT_OR_EXPORT,dsh
services/dsh/frontend/app-client/react-native-style-sheet-compat.d.ts,1,react-native,IMPORT_OR_EXPORT,dsh
services/dsh/frontend/app-client/shared/ui/BannerCarousel.tsx,1,react,IMPORT_OR_EXPORT,dsh
services/dsh/frontend/app-client/shared/ui/BannerCarousel.tsx,11,@bthwani/ui-kit,IMPORT_OR_EXPORT,dsh
services/dsh/frontend/app-client/shared/ui/Icons.tsx,1,react,IMPORT_OR_EXPORT,dsh
services/dsh/frontend/app-client/shared/ui/Icons.tsx,2,react-native-svg,IMPORT_OR_EXPORT,dsh
services/dsh/frontend/app-client/shared/ui/index.ts,1,./BannerCarousel,IMPORT_OR_EXPORT,dsh
services/dsh/frontend/app-client/shared/ui/index.ts,2,./BannerCarousel,IMPORT_OR_EXPORT,dsh
services/dsh/frontend/app-client/shared/ui/index.ts,3,./Icons,IMPORT_OR_EXPORT,dsh
services/dsh/frontend/app-client/store/StoreCardPremium.tsx,1,react,IMPORT_OR_EXPORT,dsh
services/dsh/frontend/app-client/store/StoreCardPremium.tsx,16,../../../../../apps/app-client/runtime/src/media/ClientRemoteImage,IMPORT_OR_EXPORT,dsh
services/dsh/frontend/app-client/store/StoreCardPremium.tsx,17,../../shared/store,IMPORT_OR_EXPORT,dsh
services/dsh/frontend/app-client/store/StoreDetailCarousel.tsx,1,react-native,IMPORT_OR_EXPORT,dsh
services/dsh/frontend/app-client/store/StoreDetailCarousel.tsx,2,../shared/ui,IMPORT_OR_EXPORT,dsh
services/dsh/frontend/app-client/store/StoreDetailCategoryRail.tsx,1,react,IMPORT_OR_EXPORT,dsh
services/dsh/frontend/app-client/store/StoreDetailCategoryRail.tsx,2,react-native,IMPORT_OR_EXPORT,dsh
services/dsh/frontend/app-client/store/StoreDetailCategoryRail.tsx,3,@bthwani/ui-kit,IMPORT_OR_EXPORT,dsh
services/dsh/frontend/app-client/store/StoreDetailCategoryRail.tsx,4,../../shared/catalog/client-catalog.types,IMPORT_OR_EXPORT,dsh
services/dsh/frontend/app-client/store/StoreDetailHeroSection.tsx,1,react,IMPORT_OR_EXPORT,dsh
services/dsh/frontend/app-client/store/StoreDetailHeroSection.tsx,2,react-native,IMPORT_OR_EXPORT,dsh
services/dsh/frontend/app-client/store/StoreDetailHeroSection.tsx,3,./StoreHero,IMPORT_OR_EXPORT,dsh
services/dsh/frontend/app-client/store/StoreDetailInfoCard.tsx,1,react,IMPORT_OR_EXPORT,dsh
services/dsh/frontend/app-client/store/StoreDetailInfoCard.tsx,2,react-native,IMPORT_OR_EXPORT,dsh
services/dsh/frontend/app-client/store/StoreDetailInfoCard.tsx,3,@bthwani/ui-kit,IMPORT_OR_EXPORT,dsh
services/dsh/frontend/app-client/store/StoreDetailRoute.tsx,1,react,IMPORT_OR_EXPORT,dsh
services/dsh/frontend/app-client/store/StoreDetailRoute.tsx,2,./StoreDetailScreen,IMPORT_OR_EXPORT,dsh
services/dsh/frontend/app-client/store/StoreDetailScreen.tsx,1,react,IMPORT_OR_EXPORT,dsh
services/dsh/frontend/app-client/store/StoreDetailScreen.tsx,2,react-native,IMPORT_OR_EXPORT,dsh
services/dsh/frontend/app-client/store/StoreDetailScreen.tsx,3,@bthwani/ui-kit,IMPORT_OR_EXPORT,dsh
services/dsh/frontend/app-client/store/StoreDetailScreen.tsx,4,../../shared/store,IMPORT_OR_EXPORT,dsh
services/dsh/frontend/app-client/store/StoreDetailScreen.tsx,5,../../shared/catalog,IMPORT_OR_EXPORT,dsh
services/dsh/frontend/app-client/store/StoreDetailScreen.tsx,10,../../shared/delivery/delivery.contract,IMPORT_OR_EXPORT,dsh
services/dsh/frontend/app-client/store/StoreDetailScreen.tsx,11,./StoreDetailShell,IMPORT_OR_EXPORT,dsh
services/dsh/frontend/app-client/store/StoreDetailScreen.tsx,12,./StoreDetailInfoCard,IMPORT_OR_EXPORT,dsh
services/dsh/frontend/app-client/store/StoreDetailScreen.tsx,13,@bthwani/core-identity,IMPORT_OR_EXPORT,dsh
services/dsh/frontend/app-client/store/StoreDetailScreen.tsx,14,../../shared/cart,IMPORT_OR_EXPORT,dsh
services/dsh/frontend/app-client/store/StoreDetailShell.tsx,1,react,IMPORT_OR_EXPORT,dsh
services/dsh/frontend/app-client/store/StoreDetailShell.tsx,10,@bthwani/ui-kit,IMPORT_OR_EXPORT,dsh
services/dsh/frontend/app-client/store/StoreDetailShell.tsx,11,../../shared/store,IMPORT_OR_EXPORT,dsh
services/dsh/frontend/app-client/store/StoreDetailShell.tsx,16,../../shared/catalog/catalog.types,IMPORT_OR_EXPORT,dsh
services/dsh/frontend/app-client/store/StoreDetailShell.tsx,17,../../shared/delivery/delivery.contract,IMPORT_OR_EXPORT,dsh
services/dsh/frontend/app-client/store/StoreDetailShell.tsx,18,./StoreDetailHeroSection,IMPORT_OR_EXPORT,dsh
services/dsh/frontend/app-client/store/StoreDetailShell.tsx,19,./StoreDetailCarousel,IMPORT_OR_EXPORT,dsh
services/dsh/frontend/app-client/store/StoreDetailShell.tsx,20,./StoreDetailCategoryRail,IMPORT_OR_EXPORT,dsh
services/dsh/frontend/app-client/store/StoreDetailShell.tsx,21,./StoreMeasurementSheet,IMPORT_OR_EXPORT,dsh
services/dsh/frontend/app-client/store/StoreDiscoveryCard.tsx,1,react,IMPORT_OR_EXPORT,dsh
services/dsh/frontend/app-client/store/StoreDiscoveryCard.tsx,2,./StoreCardPremium,IMPORT_OR_EXPORT,dsh
services/dsh/frontend/app-client/store/StoreDiscoveryCard.tsx,3,../../shared/store,IMPORT_OR_EXPORT,dsh
services/dsh/frontend/app-client/store/StoreDiscoveryEmptyState.tsx,1,react,IMPORT_OR_EXPORT,dsh
services/dsh/frontend/app-client/store/StoreDiscoveryEmptyState.tsx,2,@bthwani/ui-kit,IMPORT_OR_EXPORT,dsh
services/dsh/frontend/app-client/store/StoreDiscoveryErrorState.tsx,1,react,IMPORT_OR_EXPORT,dsh
services/dsh/frontend/app-client/store/StoreDiscoveryErrorState.tsx,2,@bthwani/ui-kit,IMPORT_OR_EXPORT,dsh
services/dsh/frontend/app-client/store/StoreDiscoveryList.tsx,1,react,IMPORT_OR_EXPORT,dsh
services/dsh/frontend/app-client/store/StoreDiscoveryList.tsx,2,react-native,IMPORT_OR_EXPORT,dsh
services/dsh/frontend/app-client/store/StoreDiscoveryList.tsx,3,@bthwani/ui-kit,IMPORT_OR_EXPORT,dsh
services/dsh/frontend/app-client/store/StoreDiscoveryList.tsx,4,./StoreDiscoveryCard,IMPORT_OR_EXPORT,dsh
services/dsh/frontend/app-client/store/StoreDiscoveryList.tsx,5,./StoreDiscoveryEmptyState,IMPORT_OR_EXPORT,dsh
services/dsh/frontend/app-client/store/StoreDiscoveryList.tsx,6,./StoreDiscoveryErrorState,IMPORT_OR_EXPORT,dsh
services/dsh/frontend/app-client/store/StoreDiscoveryList.tsx,7,../../shared/store,IMPORT_OR_EXPORT,dsh
services/dsh/frontend/app-client/store/StoreDiscoveryRoute.tsx,1,react,IMPORT_OR_EXPORT,dsh
services/dsh/frontend/app-client/store/StoreDiscoveryRoute.tsx,2,./StoreDiscoveryScreen,IMPORT_OR_EXPORT,dsh
services/dsh/frontend/app-client/store/StoreDiscoveryScreen.tsx,1,react,IMPORT_OR_EXPORT,dsh
services/dsh/frontend/app-client/store/StoreDiscoveryScreen.tsx,9,@bthwani/ui-kit,IMPORT_OR_EXPORT,dsh
services/dsh/frontend/app-client/store/StoreDiscoveryScreen.tsx,10,./StoreDiscoveryList,IMPORT_OR_EXPORT,dsh
services/dsh/frontend/app-client/store/StoreHero.tsx,1,react,IMPORT_OR_EXPORT,dsh
services/dsh/frontend/app-client/store/StoreHero.tsx,13,@bthwani/ui-kit,IMPORT_OR_EXPORT,dsh
services/dsh/frontend/app-client/store/StoreHero.tsx,14,../../shared/store,IMPORT_OR_EXPORT,dsh
services/dsh/frontend/app-client/store/StoreHero.tsx,15,../shared/ui,IMPORT_OR_EXPORT,dsh
services/dsh/frontend/app-client/store/StoreMeasurementSheet.tsx,1,react,IMPORT_OR_EXPORT,dsh
services/dsh/frontend/app-client/store/StoreMeasurementSheet.tsx,11,@bthwani/ui-kit,IMPORT_OR_EXPORT,dsh
services/dsh/frontend/app-client/store/StoreMeasurementSheet.tsx,12,../../shared/catalog/client-catalog.types,IMPORT_OR_EXPORT,dsh
services/dsh/frontend/app-client/store/index.ts,1,./StoreDiscoveryScreen,IMPORT_OR_EXPORT,dsh
services/dsh/frontend/app-client/store/index.ts,2,./StoreDiscoveryRoute,IMPORT_OR_EXPORT,dsh
services/dsh/frontend/app-client/store/index.ts,3,./StoreDiscoveryList,IMPORT_OR_EXPORT,dsh
services/dsh/frontend/app-client/store/index.ts,4,./StoreDiscoveryCard,IMPORT_OR_EXPORT,dsh
services/dsh/frontend/app-client/store/index.ts,5,./StoreDiscoveryEmptyState,IMPORT_OR_EXPORT,dsh
services/dsh/frontend/app-client/store/index.ts,6,./StoreDiscoveryErrorState,IMPORT_OR_EXPORT,dsh
services/dsh/frontend/app-client/store/index.ts,7,./StoreDetailRoute,IMPORT_OR_EXPORT,dsh
services/dsh/frontend/app-client/store/index.ts,8,./StoreDetailScreen,IMPORT_OR_EXPORT,dsh
services/dsh/frontend/app-client/support/SupportTicketScreen.tsx,1,react,IMPORT_OR_EXPORT,dsh
services/dsh/frontend/app-client/support/SupportTicketScreen.tsx,2,react-native,IMPORT_OR_EXPORT,dsh
services/dsh/frontend/app-client/support/SupportTicketScreen.tsx,3,@bthwani/core-identity,IMPORT_OR_EXPORT,dsh
services/dsh/frontend/app-client/support/TicketDetailScreen.tsx,1,react,IMPORT_OR_EXPORT,dsh
services/dsh/frontend/app-client/support/TicketDetailScreen.tsx,2,react-native,IMPORT_OR_EXPORT,dsh
services/dsh/frontend/app-client/support/TicketDetailScreen.tsx,3,@bthwani/core-identity,IMPORT_OR_EXPORT,dsh
services/dsh/frontend/app-client/support/TicketDetailScreen.tsx,16,../../shared/support,IMPORT_OR_EXPORT,dsh
services/dsh/frontend/app-client/support/index.ts,1,./SupportTicketScreen,IMPORT_OR_EXPORT,dsh
services/dsh/frontend/app-client/support/index.ts,2,./TicketDetailScreen,IMPORT_OR_EXPORT,dsh
services/dsh/frontend/app-field/account/DshFieldProfileCompletionScreen.tsx,1,react,IMPORT_OR_EXPORT,dsh
services/dsh/frontend/app-field/account/DshFieldProfileCompletionScreen.tsx,2,react-native,IMPORT_OR_EXPORT,dsh
services/dsh/frontend/app-field/account/DshFieldProfileCompletionScreen.tsx,3,@bthwani/ui-kit,IMPORT_OR_EXPORT,dsh
services/dsh/frontend/app-field/account/DshFieldProfileCompletionScreen.tsx,5,../../shared/workforce,IMPORT_OR_EXPORT,dsh
services/dsh/frontend/app-field/account/DshFieldProfileHomeScreen.tsx,3,react,IMPORT_OR_EXPORT,dsh
services/dsh/frontend/app-field/account/DshFieldProfileHomeScreen.tsx,4,react-native,IMPORT_OR_EXPORT,dsh
services/dsh/frontend/app-field/account/DshFieldProfileHomeScreen.tsx,15,../../shared/workforce/use-workforce-profile,IMPORT_OR_EXPORT,dsh
services/dsh/frontend/app-field/account/DshFieldProfileHomeScreen.tsx,16,../../shared/workforce,IMPORT_OR_EXPORT,dsh
services/dsh/frontend/app-field/account/DshFieldProfileHomeScreen.tsx,17,../../shared/workforce/ProviderAvailabilityNoticesPanel,IMPORT_OR_EXPORT,dsh
services/dsh/frontend/app-field/account/DshFieldProfileHomeScreen.tsx,18,../../shared/provider-ratings/ProviderRatingSummaryPanel,IMPORT_OR_EXPORT,dsh
services/dsh/frontend/app-field/account/DshFieldProfileScreen.tsx,3,react,IMPORT_OR_EXPORT,dsh
services/dsh/frontend/app-field/account/DshFieldProfileScreen.tsx,4,react-native,IMPORT_OR_EXPORT,dsh
services/dsh/frontend/app-field/account/DshFieldProfileScreen.tsx,5,@bthwani/ui-kit,IMPORT_OR_EXPORT,dsh
services/dsh/frontend/app-field/account/DshFieldProfileScreen.tsx,6,../../shared/workforce/use-workforce-profile,IMPORT_OR_EXPORT,dsh
services/dsh/frontend/app-field/account/DshFieldProfileScreen.tsx,7,../../shared/workforce,IMPORT_OR_EXPORT,dsh
services/dsh/frontend/app-field/components/DshFieldActivationCard.tsx,1,react,IMPORT_OR_EXPORT,dsh
services/dsh/frontend/app-field/components/DshFieldActivationCard.tsx,2,react-native,IMPORT_OR_EXPORT,dsh
services/dsh/frontend/app-field/components/DshFieldActivationCard.tsx,3,@bthwani/core-identity,IMPORT_OR_EXPORT,dsh
services/dsh/frontend/app-field/components/DshFieldActivationCard.tsx,4,@bthwani/ui-kit,IMPORT_OR_EXPORT,dsh
services/dsh/frontend/app-field/components/DshFieldAssortmentPauseScreen.tsx,1,react,IMPORT_OR_EXPORT,dsh
services/dsh/frontend/app-field/components/DshFieldAssortmentPauseScreen.tsx,2,react-native,IMPORT_OR_EXPORT,dsh
services/dsh/frontend/app-field/components/DshFieldAssortmentPauseScreen.tsx,21,../../shared/catalog/central-catalog.api,IMPORT_OR_EXPORT,dsh
services/dsh/frontend/app-field/components/DshFieldCatalogOperationsScreen.tsx,1,react,IMPORT_OR_EXPORT,dsh
services/dsh/frontend/app-field/components/DshFieldCatalogOperationsScreen.tsx,2,react-native,IMPORT_OR_EXPORT,dsh
services/dsh/frontend/app-field/components/DshFieldCatalogOperationsScreen.tsx,3,@bthwani/ui-kit,IMPORT_OR_EXPORT,dsh
services/dsh/frontend/app-field/components/DshFieldCatalogOperationsScreen.tsx,4,./DshFieldPartnerProductsScreen,IMPORT_OR_EXPORT,dsh
services/dsh/frontend/app-field/components/DshFieldCatalogOperationsScreen.tsx,5,./DshFieldAssortmentPauseScreen,IMPORT_OR_EXPORT,dsh
services/dsh/frontend/app-field/components/DshFieldPartnerCard.tsx,4,react,IMPORT_OR_EXPORT,dsh
services/dsh/frontend/app-field/components/DshFieldPartnerCard.tsx,5,react-native,IMPORT_OR_EXPORT,dsh
services/dsh/frontend/app-field/components/DshFieldPartnerCard.tsx,6,@bthwani/ui-kit,IMPORT_OR_EXPORT,dsh
services/dsh/frontend/app-field/components/DshFieldPartnerCard.tsx,7,../../shared/partner,IMPORT_OR_EXPORT,dsh
services/dsh/frontend/app-field/components/DshFieldPartnerCard.tsx,8,../../shared/partner,IMPORT_OR_EXPORT,dsh
services/dsh/frontend/app-field/components/DshFieldPartnerProductsScreen.tsx,5,react,IMPORT_OR_EXPORT,dsh
services/dsh/frontend/app-field/components/DshFieldPartnerProductsScreen.tsx,6,react-native,IMPORT_OR_EXPORT,dsh
services/dsh/frontend/app-field/components/DshFieldPartnerProductsScreen.tsx,7,react-native-safe-area-context,IMPORT_OR_EXPORT,dsh
services/dsh/frontend/app-field/components/DshFieldPartnerProductsScreen.tsx,21,../../shared/catalog,IMPORT_OR_EXPORT,dsh
services/dsh/frontend/app-field/components/DshFieldPartnerProductsScreen.tsx,22,../../shared/partner,IMPORT_OR_EXPORT,dsh
services/dsh/frontend/app-field/components/DshFieldPartnerProductsScreen.tsx,23,../../shared/catalog/central-catalog.types,IMPORT_OR_EXPORT,dsh
services/dsh/frontend/app-field/components/DshFieldReferenceTag.tsx,5,react,IMPORT_OR_EXPORT,dsh
services/dsh/frontend/app-field/components/DshFieldReferenceTag.tsx,6,react-native,IMPORT_OR_EXPORT,dsh
services/dsh/frontend/app-field/components/DshFieldReferenceTag.tsx,7,@bthwani/ui-kit,IMPORT_OR_EXPORT,dsh
services/dsh/frontend/app-field/components/DshFieldRouteRenderer.tsx,3,react,IMPORT_OR_EXPORT,dsh
services/dsh/frontend/app-field/components/DshFieldRouteRenderer.tsx,4,../onboarding/DshFieldOnboardingScreen,IMPORT_OR_EXPORT,dsh
services/dsh/frontend/app-field/components/DshFieldRouteRenderer.tsx,5,../escalation/DshFieldVisitScreen,IMPORT_OR_EXPORT,dsh
services/dsh/frontend/app-field/components/DshFieldRouteRenderer.tsx,6,../escalation/DshFieldReadinessChecklistScreen,IMPORT_OR_EXPORT,dsh
services/dsh/frontend/app-field/components/DshFieldRouteRenderer.tsx,7,../escalation/DshFieldEscalationScreen,IMPORT_OR_EXPORT,dsh
services/dsh/frontend/app-field/components/DshFieldRouteRenderer.tsx,8,../escalation/DshFieldWorkQueueScreen,IMPORT_OR_EXPORT,dsh
services/dsh/frontend/app-field/components/DshFieldRouteRenderer.tsx,9,../stores/DshFieldPartnersScreen,IMPORT_OR_EXPORT,dsh
services/dsh/frontend/app-field/components/DshFieldRouteRenderer.tsx,10,../stores/DshFieldStoreVerificationScreen,IMPORT_OR_EXPORT,dsh
services/dsh/frontend/app-field/components/DshFieldRouteRenderer.tsx,11,../stores/DshFieldPartnerProgressScreen,IMPORT_OR_EXPORT,dsh
services/dsh/frontend/app-field/components/DshFieldRouteRenderer.tsx,12,../account/DshFieldProfileHomeScreen,IMPORT_OR_EXPORT,dsh
services/dsh/frontend/app-field/components/DshFieldRouteRenderer.tsx,13,../account/DshFieldProfileScreen,IMPORT_OR_EXPORT,dsh
services/dsh/frontend/app-field/components/DshFieldRouteRenderer.tsx,14,../account/DshFieldProfileCompletionScreen,IMPORT_OR_EXPORT,dsh
services/dsh/frontend/app-field/components/DshFieldRouteRenderer.tsx,15,../stores/DshFieldStoresHistoryScreen,IMPORT_OR_EXPORT,dsh
services/dsh/frontend/app-field/components/DshFieldRouteRenderer.tsx,16,../finance/WltFieldFinanceScreen,IMPORT_OR_EXPORT,dsh
services/dsh/frontend/app-field/components/DshFieldRouteRenderer.tsx,17,./DshFieldCatalogOperationsScreen,IMPORT_OR_EXPORT,dsh
services/dsh/frontend/app-field/components/DshFieldRouteRenderer.tsx,18,../field.surface-model,IMPORT_OR_EXPORT,dsh
services/dsh/frontend/app-field/components/DshFieldRouteRenderer.tsx,19,../../shared/field-onboarding,IMPORT_OR_EXPORT,dsh
services/dsh/frontend/app-field/components/DshFieldRouteRenderer.tsx,20,@bthwani/core-identity,IMPORT_OR_EXPORT,dsh
services/dsh/frontend/app-field/components/DshFieldSurface.tsx,3,react,IMPORT_OR_EXPORT,dsh
services/dsh/frontend/app-field/components/DshFieldSurface.tsx,4,react-native,IMPORT_OR_EXPORT,dsh
services/dsh/frontend/app-field/components/DshFieldSurface.tsx,5,react-native-safe-area-context,IMPORT_OR_EXPORT,dsh
services/dsh/frontend/app-field/components/DshFieldSurface.tsx,6,@bthwani/ui-kit,IMPORT_OR_EXPORT,dsh
services/dsh/frontend/app-field/components/DshFieldSurface.tsx,7,../field.surface-model,IMPORT_OR_EXPORT,dsh
services/dsh/frontend/app-field/components/DshFieldSurface.tsx,8,../dsh-field.routes,IMPORT_OR_EXPORT,dsh
services/dsh/frontend/app-field/components/DshFieldSurface.tsx,9,./DshFieldRouteRenderer,IMPORT_OR_EXPORT,dsh
services/dsh/frontend/app-field/components/DshFieldSurface.tsx,10,@bthwani/core-identity,IMPORT_OR_EXPORT,dsh
services/dsh/frontend/app-field/components/DshFieldSurface.tsx,11,../../shared/field-onboarding,IMPORT_OR_EXPORT,dsh
services/dsh/frontend/app-field/components/OnboardingAgreementSection.tsx,3,react,IMPORT_OR_EXPORT,dsh
services/dsh/frontend/app-field/components/OnboardingAgreementSection.tsx,4,react-native,IMPORT_OR_EXPORT,dsh
services/dsh/frontend/app-field/components/OnboardingAgreementSection.tsx,5,@bthwani/ui-kit,IMPORT_OR_EXPORT,dsh
services/dsh/frontend/app-field/components/OnboardingAgreementSection.tsx,6,../../shared/field-onboarding,IMPORT_OR_EXPORT,dsh
services/dsh/frontend/app-field/components/OnboardingBasicsSection.tsx,3,react,IMPORT_OR_EXPORT,dsh
services/dsh/frontend/app-field/components/OnboardingBasicsSection.tsx,4,react-native,IMPORT_OR_EXPORT,dsh
services/dsh/frontend/app-field/components/OnboardingBasicsSection.tsx,5,@bthwani/ui-kit,IMPORT_OR_EXPORT,dsh
services/dsh/frontend/app-field/components/OnboardingBasicsSection.tsx,6,../../shared/field-onboarding,IMPORT_OR_EXPORT,dsh
services/dsh/frontend/app-field/components/OnboardingEvidenceSection.tsx,5,react,IMPORT_OR_EXPORT,dsh
services/dsh/frontend/app-field/components/OnboardingEvidenceSection.tsx,6,react-native,IMPORT_OR_EXPORT,dsh
services/dsh/frontend/app-field/components/OnboardingEvidenceSection.tsx,7,@bthwani/ui-kit,IMPORT_OR_EXPORT,dsh
services/dsh/frontend/app-field/components/OnboardingLocationSection.tsx,4,react,IMPORT_OR_EXPORT,dsh
services/dsh/frontend/app-field/components/OnboardingLocationSection.tsx,5,react-native,IMPORT_OR_EXPORT,dsh
services/dsh/frontend/app-field/components/OnboardingLocationSection.tsx,6,expo-location,IMPORT_OR_EXPORT,dsh
services/dsh/frontend/app-field/dsh-field.routes.ts,5,../shared/partner,IMPORT_OR_EXPORT,dsh
services/dsh/frontend/app-field/escalation/DshFieldEscalationScreen.tsx,1,react,IMPORT_OR_EXPORT,dsh
services/dsh/frontend/app-field/escalation/DshFieldEscalationScreen.tsx,2,react-native,IMPORT_OR_EXPORT,dsh
services/dsh/frontend/app-field/escalation/DshFieldEscalationScreen.tsx,3,@bthwani/core-identity,IMPORT_OR_EXPORT,dsh
services/dsh/frontend/app-field/escalation/DshFieldEscalationScreen.tsx,25,../components/DshFieldReferenceTag,IMPORT_OR_EXPORT,dsh
services/dsh/frontend/app-field/escalation/DshFieldReadinessChecklistScreen.tsx,1,react,IMPORT_OR_EXPORT,dsh
services/dsh/frontend/app-field/escalation/DshFieldReadinessChecklistScreen.tsx,2,react-native,IMPORT_OR_EXPORT,dsh
services/dsh/frontend/app-field/escalation/DshFieldReadinessChecklistScreen.tsx,3,expo-image-picker,IMPORT_OR_EXPORT,dsh
services/dsh/frontend/app-field/escalation/DshFieldReadinessChecklistScreen.tsx,4,@bthwani/core-identity,IMPORT_OR_EXPORT,dsh
services/dsh/frontend/app-field/escalation/DshFieldReadinessChecklistScreen.tsx,25,../../shared/media,IMPORT_OR_EXPORT,dsh
services/dsh/frontend/app-field/escalation/DshFieldReadinessChecklistScreen.tsx,26,../components/DshFieldReferenceTag,IMPORT_OR_EXPORT,dsh
services/dsh/frontend/app-field/escalation/DshFieldVisitScreen.tsx,3,react,IMPORT_OR_EXPORT,dsh
services/dsh/frontend/app-field/escalation/DshFieldVisitScreen.tsx,4,react-native,IMPORT_OR_EXPORT,dsh
services/dsh/frontend/app-field/escalation/DshFieldVisitScreen.tsx,5,expo-location,IMPORT_OR_EXPORT,dsh
services/dsh/frontend/app-field/escalation/DshFieldVisitScreen.tsx,6,@bthwani/core-identity,IMPORT_OR_EXPORT,dsh
services/dsh/frontend/app-field/escalation/DshFieldVisitScreen.tsx,24,../components/DshFieldReferenceTag,IMPORT_OR_EXPORT,dsh
services/dsh/frontend/app-field/escalation/DshFieldWorkQueueScreen.tsx,3,react,IMPORT_OR_EXPORT,dsh
services/dsh/frontend/app-field/escalation/DshFieldWorkQueueScreen.tsx,4,react-native,IMPORT_OR_EXPORT,dsh
services/dsh/frontend/app-field/escalation/DshFieldWorkQueueScreen.tsx,5,@bthwani/core-identity,IMPORT_OR_EXPORT,dsh
services/dsh/frontend/app-field/field.surface-model.ts,4,react,IMPORT_OR_EXPORT,dsh
services/dsh/frontend/app-field/finance/WltFieldFinanceScreen.tsx,3,react,IMPORT_OR_EXPORT,dsh
services/dsh/frontend/app-field/finance/WltFieldFinanceScreen.tsx,4,react-native,IMPORT_OR_EXPORT,dsh
services/dsh/frontend/app-field/finance/WltFieldFinanceScreen.tsx,16,@bthwani/wlt/dsh,IMPORT_OR_EXPORT,dsh
services/dsh/frontend/app-field/finance/WltFieldFinanceScreen.tsx,24,../../../../dsh/frontend/shared/workforce/ProviderIncidentsPanel,IMPORT_OR_EXPORT,dsh
services/dsh/frontend/app-field/finance/WltFieldFinanceScreen.tsx,25,../../../../dsh/frontend/app-field/components/DshFieldReferenceTag,IMPORT_OR_EXPORT,dsh
services/dsh/frontend/app-field/index.ts,2,./components/DshFieldSurface,IMPORT_OR_EXPORT,dsh
services/dsh/frontend/app-field/onboarding/DshFieldOnboardingScreen.tsx,5,react,IMPORT_OR_EXPORT,dsh
services/dsh/frontend/app-field/onboarding/DshFieldOnboardingScreen.tsx,6,react-native,IMPORT_OR_EXPORT,dsh
services/dsh/frontend/app-field/onboarding/DshFieldOnboardingScreen.tsx,7,react-native-safe-area-context,IMPORT_OR_EXPORT,dsh
services/dsh/frontend/app-field/onboarding/DshFieldOnboardingScreen.tsx,8,expo-image-picker,IMPORT_OR_EXPORT,dsh
services/dsh/frontend/app-field/onboarding/DshFieldOnboardingScreen.tsx,9,expo-document-picker,IMPORT_OR_EXPORT,dsh
services/dsh/frontend/app-field/onboarding/DshFieldOnboardingScreen.tsx,23,@bthwani/core-identity,IMPORT_OR_EXPORT,dsh
services/dsh/frontend/app-field/onboarding/DshFieldOnboardingScreen.tsx,24,../components/DshFieldActivationCard,IMPORT_OR_EXPORT,dsh
services/dsh/frontend/app-field/onboarding/DshFieldOnboardingScreen.tsx,39,../../shared/partner,IMPORT_OR_EXPORT,dsh
services/dsh/frontend/app-field/onboarding/DshFieldOnboardingScreen.tsx,40,../../shared/media,IMPORT_OR_EXPORT,dsh
services/dsh/frontend/app-field/onboarding/DshFieldOnboardingScreen.tsx,41,../../shared/platform,IMPORT_OR_EXPORT,dsh
services/dsh/frontend/app-field/onboarding/DshFieldOnboardingScreen.tsx,42,../components/OnboardingBasicsSection,IMPORT_OR_EXPORT,dsh
services/dsh/frontend/app-field/onboarding/DshFieldOnboardingScreen.tsx,43,../components/OnboardingLocationSection,IMPORT_OR_EXPORT,dsh
services/dsh/frontend/app-field/onboarding/DshFieldOnboardingScreen.tsx,49,../components/OnboardingAgreementSection,IMPORT_OR_EXPORT,dsh
services/dsh/frontend/app-field/stores/DshFieldPartnerProgressScreen.tsx,6,react,IMPORT_OR_EXPORT,dsh
services/dsh/frontend/app-field/stores/DshFieldPartnerProgressScreen.tsx,7,react-native,IMPORT_OR_EXPORT,dsh
services/dsh/frontend/app-field/stores/DshFieldPartnersScreen.tsx,3,react,IMPORT_OR_EXPORT,dsh
services/dsh/frontend/app-field/stores/DshFieldPartnersScreen.tsx,4,react-native,IMPORT_OR_EXPORT,dsh
services/dsh/frontend/app-field/stores/DshFieldPartnersScreen.tsx,5,@bthwani/core-identity,IMPORT_OR_EXPORT,dsh
services/dsh/frontend/app-field/stores/DshFieldPartnersScreen.tsx,18,../../shared/field-onboarding,IMPORT_OR_EXPORT,dsh
services/dsh/frontend/app-field/stores/DshFieldPartnersScreen.tsx,19,../../shared/notifications,IMPORT_OR_EXPORT,dsh
services/dsh/frontend/app-field/stores/DshFieldPartnersScreen.tsx,20,../components/DshFieldPartnerCard,IMPORT_OR_EXPORT,dsh
services/dsh/frontend/app-field/stores/DshFieldStoreVerificationScreen.tsx,1,react,IMPORT_OR_EXPORT,dsh
services/dsh/frontend/app-field/stores/DshFieldStoreVerificationScreen.tsx,2,react-native,IMPORT_OR_EXPORT,dsh
services/dsh/frontend/app-field/stores/DshFieldStoreVerificationScreen.tsx,3,@bthwani/core-identity,IMPORT_OR_EXPORT,dsh
services/dsh/frontend/app-field/stores/DshFieldStoreVerificationScreen.tsx,19,../components/DshFieldActivationCard,IMPORT_OR_EXPORT,dsh
services/dsh/frontend/app-field/stores/DshFieldStoreVerificationScreen.tsx,24,../../shared/field-readiness,IMPORT_OR_EXPORT,dsh
services/dsh/frontend/app-field/stores/DshFieldStoresHistoryScreen.tsx,3,react,IMPORT_OR_EXPORT,dsh
services/dsh/frontend/app-field/stores/DshFieldStoresHistoryScreen.tsx,4,react-native,IMPORT_OR_EXPORT,dsh
services/dsh/frontend/app-field/stores/DshFieldStoresHistoryScreen.tsx,5,@bthwani/ui-kit,IMPORT_OR_EXPORT,dsh
services/dsh/frontend/app-field/stores/DshFieldStoresHistoryScreen.tsx,6,../../shared/field-onboarding,IMPORT_OR_EXPORT,dsh
services/dsh/frontend/app-partner/DshPartnerOrderJourneyRenderer.tsx,1,react,IMPORT_OR_EXPORT,dsh
services/dsh/frontend/app-partner/DshPartnerOrderJourneyRenderer.tsx,2,../shared/partner/partner.adapters,IMPORT_OR_EXPORT,dsh
services/dsh/frontend/app-partner/DshPartnerOrderJourneyRenderer.tsx,3,./DshPartnerRouteRenderer,IMPORT_OR_EXPORT,dsh
services/dsh/frontend/app-partner/DshPartnerOrderJourneyRenderer.tsx,4,./orders/OperationalOrderDecisionScreen,IMPORT_OR_EXPORT,dsh
services/dsh/frontend/app-partner/DshPartnerOrderJourneyRenderer.tsx,5,./orders/OperationalOrdersInboxScreen,IMPORT_OR_EXPORT,dsh
services/dsh/frontend/app-partner/DshPartnerOrderJourneyRenderer.tsx,6,./orders/PartnerDispatchTrackingScreen,IMPORT_OR_EXPORT,dsh
services/dsh/frontend/app-partner/DshPartnerRouteRenderer.tsx,1,react,IMPORT_OR_EXPORT,dsh
services/dsh/frontend/app-partner/DshPartnerRouteRenderer.tsx,2,@bthwani/ui-kit,IMPORT_OR_EXPORT,dsh
services/dsh/frontend/app-partner/DshPartnerRouteRenderer.tsx,10,../shared/partner/partner.types,IMPORT_OR_EXPORT,dsh
services/dsh/frontend/app-partner/DshPartnerRouteRenderer.tsx,11,./account/PartnerHubScreen,IMPORT_OR_EXPORT,dsh
services/dsh/frontend/app-partner/DshPartnerRouteRenderer.tsx,12,./account/AuctionStatusUpdateScreen,IMPORT_OR_EXPORT,dsh
services/dsh/frontend/app-partner/DshPartnerRouteRenderer.tsx,13,./orders/PartnerConversationScreen,IMPORT_OR_EXPORT,dsh
services/dsh/frontend/app-partner/DshPartnerRouteRenderer.tsx,14,./catalog/InventoryActionScreen,IMPORT_OR_EXPORT,dsh
services/dsh/frontend/app-partner/DshPartnerRouteRenderer.tsx,15,./account/NotificationsScreen,IMPORT_OR_EXPORT,dsh
services/dsh/frontend/app-partner/DshPartnerRouteRenderer.tsx,16,./orders/OrderActionScreen,IMPORT_OR_EXPORT,dsh
services/dsh/frontend/app-partner/DshPartnerRouteRenderer.tsx,17,./orders/OrderIssueScreen,IMPORT_OR_EXPORT,dsh
services/dsh/frontend/app-partner/DshPartnerRouteRenderer.tsx,19,./store/DshPartnerStoreCourierScreen,IMPORT_OR_EXPORT,dsh
services/dsh/frontend/app-partner/DshPartnerRouteRenderer.tsx,20,./team/PartnerTeamManagementScreen,IMPORT_OR_EXPORT,dsh
services/dsh/frontend/app-partner/DshPartnerRouteRenderer.tsx,21,./account/PartnerEntryScreen,IMPORT_OR_EXPORT,dsh
services/dsh/frontend/app-partner/DshPartnerRouteRenderer.tsx,22,./account/PartnerSupportScreen,IMPORT_OR_EXPORT,dsh
services/dsh/frontend/app-partner/DshPartnerRouteRenderer.tsx,23,./catalog/PartnerCatalogManagementScreen,IMPORT_OR_EXPORT,dsh
services/dsh/frontend/app-partner/DshPartnerRouteRenderer.tsx,24,./catalog/ProductEditScreen,IMPORT_OR_EXPORT,dsh
services/dsh/frontend/app-partner/DshPartnerRouteRenderer.tsx,25,./catalog/CategoryManagementScreen,IMPORT_OR_EXPORT,dsh
services/dsh/frontend/app-partner/DshPartnerRouteRenderer.tsx,26,./catalog/ProductMediaScreen,IMPORT_OR_EXPORT,dsh
services/dsh/frontend/app-partner/DshPartnerRouteRenderer.tsx,27,./catalog/ProductOverridesScreen,IMPORT_OR_EXPORT,dsh
services/dsh/frontend/app-partner/DshPartnerRouteRenderer.tsx,28,./dsh-partner-binding.contracts,IMPORT_OR_EXPORT,dsh
services/dsh/frontend/app-partner/DshPartnerRouteRenderer.tsx,108,./team/partner-team.types,IMPORT_OR_EXPORT,dsh
services/dsh/frontend/app-partner/DshPartnerRouteRenderer.tsx,113,./team/usePartnerTeamModel,IMPORT_OR_EXPORT,dsh
services/dsh/frontend/app-partner/DshPartnerRouteRenderer.tsx,117,./team/usePartnerTeamModel,IMPORT_OR_EXPORT,dsh
services/dsh/frontend/app-partner/DshPartnerRouteRenderer.tsx,118,../shared/partner/partner.types,IMPORT_OR_EXPORT,dsh
services/dsh/frontend/app-partner/DshPartnerSurface.tsx,1,react,IMPORT_OR_EXPORT,dsh
services/dsh/frontend/app-partner/DshPartnerSurface.tsx,2,react-native,IMPORT_OR_EXPORT,dsh
services/dsh/frontend/app-partner/DshPartnerSurface.tsx,3,@bthwani/ui-kit,IMPORT_OR_EXPORT,dsh
services/dsh/frontend/app-partner/DshPartnerSurface.tsx,4,./dsh-partner.types,IMPORT_OR_EXPORT,dsh
services/dsh/frontend/app-partner/DshPartnerSurface.tsx,5,./useDshPartnerSurfaceModel,IMPORT_OR_EXPORT,dsh
services/dsh/frontend/app-partner/DshPartnerSurface.tsx,6,../shared/platform,IMPORT_OR_EXPORT,dsh
services/dsh/frontend/app-partner/DshPartnerSurface.tsx,7,./store/PartnerStoreScopeSheet,IMPORT_OR_EXPORT,dsh
services/dsh/frontend/app-partner/DshPartnerSurface.tsx,8,./DshPartnerOrderJourneyRenderer,IMPORT_OR_EXPORT,dsh
services/dsh/frontend/app-partner/account/AuctionStatusUpdateScreen.tsx,1,react,IMPORT_OR_EXPORT,dsh
services/dsh/frontend/app-partner/account/AuctionStatusUpdateScreen.tsx,2,@bthwani/ui-kit,IMPORT_OR_EXPORT,dsh
services/dsh/frontend/app-partner/account/AuctionStatusUpdateScreen.tsx,3,./OperationHeader,IMPORT_OR_EXPORT,dsh
services/dsh/frontend/app-partner/account/NotificationsScreen.tsx,1,react,IMPORT_OR_EXPORT,dsh
services/dsh/frontend/app-partner/account/NotificationsScreen.tsx,2,@bthwani/core-identity,IMPORT_OR_EXPORT,dsh
services/dsh/frontend/app-partner/account/NotificationsScreen.tsx,3,@bthwani/ui-kit,IMPORT_OR_EXPORT,dsh
services/dsh/frontend/app-partner/account/NotificationsScreen.tsx,4,../../shared/notifications,IMPORT_OR_EXPORT,dsh
services/dsh/frontend/app-partner/account/NotificationsScreen.tsx,5,../dsh-partner.types,IMPORT_OR_EXPORT,dsh
services/dsh/frontend/app-partner/account/NotificationsScreen.tsx,6,../orders/PartnerOrderAlertsPanel,IMPORT_OR_EXPORT,dsh
services/dsh/frontend/app-partner/account/NotificationsScreen.tsx,7,./OperationHeader,IMPORT_OR_EXPORT,dsh
services/dsh/frontend/app-partner/account/NotificationsScreen.tsx,9,../../shared/orders,IMPORT_OR_EXPORT,dsh
services/dsh/frontend/app-partner/account/OperationHeader.tsx,1,react,IMPORT_OR_EXPORT,dsh
services/dsh/frontend/app-partner/account/OperationHeader.tsx,2,@bthwani/ui-kit,IMPORT_OR_EXPORT,dsh
services/dsh/frontend/app-partner/account/PartnerAnalyticsInsightsPanel.tsx,1,react,IMPORT_OR_EXPORT,dsh
services/dsh/frontend/app-partner/account/PartnerAnalyticsInsightsPanel.tsx,2,react-native,IMPORT_OR_EXPORT,dsh
services/dsh/frontend/app-partner/account/PartnerEntryScreen.tsx,1,react,IMPORT_OR_EXPORT,dsh
services/dsh/frontend/app-partner/account/PartnerHubNav.tsx,1,react,IMPORT_OR_EXPORT,dsh
services/dsh/frontend/app-partner/account/PartnerHubNav.tsx,2,react-native,IMPORT_OR_EXPORT,dsh
services/dsh/frontend/app-partner/account/PartnerHubNav.tsx,14,@bthwani/wlt/dsh,IMPORT_OR_EXPORT,dsh
services/dsh/frontend/app-partner/account/PartnerHubNav.tsx,15,../dsh-partner.types,IMPORT_OR_EXPORT,dsh
services/dsh/frontend/app-partner/account/PartnerHubScreen.tsx,1,react,IMPORT_OR_EXPORT,dsh
services/dsh/frontend/app-partner/account/PartnerHubScreen.tsx,2,react-native,IMPORT_OR_EXPORT,dsh
services/dsh/frontend/app-partner/account/PartnerHubScreen.tsx,16,@bthwani/core-identity,IMPORT_OR_EXPORT,dsh
services/dsh/frontend/app-partner/account/PartnerHubScreen.tsx,22,../../shared/partner/dsh-client-visibility.model,IMPORT_OR_EXPORT,dsh
services/dsh/frontend/app-partner/account/PartnerHubScreen.tsx,27,../../shared/partner/use-partner-self-controller,IMPORT_OR_EXPORT,dsh
services/dsh/frontend/app-partner/account/PartnerHubScreen.tsx,43,./PartnerHubStoreHero,IMPORT_OR_EXPORT,dsh
services/dsh/frontend/app-partner/account/PartnerHubScreen.tsx,44,../catalog/PartnerCatalogManagementScreen,IMPORT_OR_EXPORT,dsh
services/dsh/frontend/app-partner/account/PartnerHubScreen.tsx,45,../store/StoreProfileScreen,IMPORT_OR_EXPORT,dsh
services/dsh/frontend/app-partner/account/PartnerHubScreen.tsx,46,./PartnerOnboardingStatusView,IMPORT_OR_EXPORT,dsh
services/dsh/frontend/app-partner/account/PartnerHubScreen.tsx,55,./PartnerOperationsPanel,IMPORT_OR_EXPORT,dsh
services/dsh/frontend/app-partner/account/PartnerHubScreen.tsx,56,./PartnerAnalyticsInsightsPanel,IMPORT_OR_EXPORT,dsh
services/dsh/frontend/app-partner/account/PartnerHubScreen.tsx,57,./PartnerHubSettingsPanel,IMPORT_OR_EXPORT,dsh
services/dsh/frontend/app-partner/account/PartnerHubScreen.tsx,254,../../shared/notifications,IMPORT_OR_EXPORT,dsh
services/dsh/frontend/app-partner/account/PartnerHubSettingsPanel.tsx,1,react,IMPORT_OR_EXPORT,dsh
services/dsh/frontend/app-partner/account/PartnerHubSettingsPanel.tsx,2,react-native,IMPORT_OR_EXPORT,dsh
services/dsh/frontend/app-partner/account/PartnerHubSettingsPanel.tsx,3,@bthwani/ui-kit,IMPORT_OR_EXPORT,dsh
services/dsh/frontend/app-partner/account/PartnerHubSettingsPanel.tsx,4,@bthwani/wlt/dsh,IMPORT_OR_EXPORT,dsh
services/dsh/frontend/app-partner/account/PartnerHubSettingsPanel.tsx,5,../../shared/partner/partner-hub.types,IMPORT_OR_EXPORT,dsh
services/dsh/frontend/app-partner/account/PartnerHubSettingsPanel.tsx,6,./PartnerHubNav,IMPORT_OR_EXPORT,dsh
services/dsh/frontend/app-partner/account/PartnerHubStoreHero.tsx,1,react,IMPORT_OR_EXPORT,dsh
services/dsh/frontend/app-partner/account/PartnerHubStoreHero.tsx,2,react-native,IMPORT_OR_EXPORT,dsh
services/dsh/frontend/app-partner/account/PartnerHubStoreHero.tsx,3,@bthwani/ui-kit,IMPORT_OR_EXPORT,dsh
services/dsh/frontend/app-partner/account/PartnerHubStoreHero.tsx,4,./PartnerHubNav,IMPORT_OR_EXPORT,dsh
services/dsh/frontend/app-partner/account/PartnerHubStoreHero.tsx,5,../../shared/partner/partner-hub.types,IMPORT_OR_EXPORT,dsh
services/dsh/frontend/app-partner/account/PartnerOnboardingStatusView.tsx,1,react,IMPORT_OR_EXPORT,dsh
services/dsh/frontend/app-partner/account/PartnerOnboardingStatusView.tsx,2,react-native,IMPORT_OR_EXPORT,dsh
services/dsh/frontend/app-partner/account/PartnerOnboardingStatusView.tsx,23,../../shared/partner/partner.view-model,IMPORT_OR_EXPORT,dsh
services/dsh/frontend/app-partner/account/PartnerOperationsPanel.tsx,1,react,IMPORT_OR_EXPORT,dsh
services/dsh/frontend/app-partner/account/PartnerOperationsPanel.tsx,2,react-native,IMPORT_OR_EXPORT,dsh
services/dsh/frontend/app-partner/account/PartnerOperationsPanel.tsx,19,@bthwani/wlt/dsh,IMPORT_OR_EXPORT,dsh
services/dsh/frontend/app-partner/account/PartnerOperationsPanel.tsx,20,../../shared/partner/dsh-client-visibility.model,IMPORT_OR_EXPORT,dsh
services/dsh/frontend/app-partner/account/PartnerOperationsPanel.tsx,21,../../shared/partner/partner-activation.model,IMPORT_OR_EXPORT,dsh
services/dsh/frontend/app-partner/account/PartnerOperationsPanel.tsx,22,../../shared/partner/partner-hub.types,IMPORT_OR_EXPORT,dsh
services/dsh/frontend/app-partner/account/PartnerOperationsPanel.tsx,23,./PartnerHubNav,IMPORT_OR_EXPORT,dsh
services/dsh/frontend/app-partner/account/PartnerOperationsPanel.tsx,58,../team/PartnerTeamManagementScreen,IMPORT_OR_EXPORT,dsh
services/dsh/frontend/app-partner/account/PartnerSupportScreen.tsx,1,react,IMPORT_OR_EXPORT,dsh
services/dsh/frontend/app-partner/account/PartnerSupportScreen.tsx,2,react-native,IMPORT_OR_EXPORT,dsh
services/dsh/frontend/app-partner/account/PromotionsScreen.tsx,1,react,IMPORT_OR_EXPORT,dsh
services/dsh/frontend/app-partner/account/PromotionsScreen.tsx,14,../../shared/partner/dsh-partner-offer-types,IMPORT_OR_EXPORT,dsh
services/dsh/frontend/app-partner/account/PromotionsScreen.tsx,18,../../shared/orders/orders.contract,IMPORT_OR_EXPORT,dsh
services/dsh/frontend/app-partner/account/PromotionsScreen.tsx,19,../../shared/marketing,IMPORT_OR_EXPORT,dsh
services/dsh/frontend/app-partner/account/usePartnerProfileModel.ts,5,react,IMPORT_OR_EXPORT,dsh
services/dsh/frontend/app-partner/account/usePartnerProfileModel.ts,6,../../shared/partner/partner.types,IMPORT_OR_EXPORT,dsh
services/dsh/frontend/app-partner/account/usePartnerProfileModel.ts,8,../../shared/partner/partner.types,IMPORT_OR_EXPORT,dsh
services/dsh/frontend/app-partner/account/usePartnerProfileModel.ts,9,../../shared/partner/partner-store-profile,IMPORT_OR_EXPORT,dsh
services/dsh/frontend/app-partner/catalog/CategoryManagementScreen.tsx,1,react,IMPORT_OR_EXPORT,dsh
services/dsh/frontend/app-partner/catalog/CategoryManagementScreen.tsx,2,react-native,IMPORT_OR_EXPORT,dsh
services/dsh/frontend/app-partner/catalog/CategoryManagementScreen.tsx,14,../../shared/catalog,IMPORT_OR_EXPORT,dsh
services/dsh/frontend/app-partner/catalog/CategoryManagementScreen.tsx,15,../../shared/catalog,IMPORT_OR_EXPORT,dsh
services/dsh/frontend/app-partner/catalog/InventoryActionScreen.tsx,1,react,IMPORT_OR_EXPORT,dsh
services/dsh/frontend/app-partner/catalog/InventoryActionScreen.tsx,2,@bthwani/ui-kit,IMPORT_OR_EXPORT,dsh
services/dsh/frontend/app-partner/catalog/InventoryActionScreen.tsx,3,../account/OperationHeader,IMPORT_OR_EXPORT,dsh
services/dsh/frontend/app-partner/catalog/InventoryActionScreen.tsx,4,./PartnerInventoryActionPanel,IMPORT_OR_EXPORT,dsh
services/dsh/frontend/app-partner/catalog/PartnerCatalogManagementScreen.tsx,1,react,IMPORT_OR_EXPORT,dsh
services/dsh/frontend/app-partner/catalog/PartnerCatalogManagementScreen.tsx,2,react-native,IMPORT_OR_EXPORT,dsh
services/dsh/frontend/app-partner/catalog/PartnerCatalogManagementScreen.tsx,3,@bthwani/core-identity,IMPORT_OR_EXPORT,dsh
services/dsh/frontend/app-partner/catalog/PartnerCatalogManagementScreen.tsx,30,./PartnerReelsManagementSection,IMPORT_OR_EXPORT,dsh
services/dsh/frontend/app-partner/catalog/PartnerCatalogReadinessPanel.tsx,23,react,IMPORT_OR_EXPORT,dsh
services/dsh/frontend/app-partner/catalog/PartnerInventoryActionPanel.tsx,1,react,IMPORT_OR_EXPORT,dsh
services/dsh/frontend/app-partner/catalog/PartnerInventoryActionPanel.tsx,2,@bthwani/ui-kit,IMPORT_OR_EXPORT,dsh
services/dsh/frontend/app-partner/catalog/PartnerReelsManagementSection.tsx,1,react,IMPORT_OR_EXPORT,dsh
services/dsh/frontend/app-partner/catalog/PartnerReelsManagementSection.tsx,2,react-native,IMPORT_OR_EXPORT,dsh
services/dsh/frontend/app-partner/catalog/ProductEditScreen.tsx,1,react,IMPORT_OR_EXPORT,dsh
services/dsh/frontend/app-partner/catalog/ProductEditScreen.tsx,2,react-native,IMPORT_OR_EXPORT,dsh
services/dsh/frontend/app-partner/catalog/ProductEditScreen.tsx,16,../../shared/catalog,IMPORT_OR_EXPORT,dsh
services/dsh/frontend/app-partner/catalog/ProductEditScreen.tsx,17,../../shared/catalog,IMPORT_OR_EXPORT,dsh
services/dsh/frontend/app-partner/catalog/ProductMediaScreen.tsx,1,react,IMPORT_OR_EXPORT,dsh
services/dsh/frontend/app-partner/catalog/ProductMediaScreen.tsx,10,expo-image-picker,IMPORT_OR_EXPORT,dsh
services/dsh/frontend/app-partner/catalog/ProductMediaScreen.tsx,20,../../shared/media/dsh-media-api.client,IMPORT_OR_EXPORT,dsh
services/dsh/frontend/app-partner/catalog/ProductOverridesScreen.tsx,1,react,IMPORT_OR_EXPORT,dsh
services/dsh/frontend/app-partner/catalog/ProductOverridesScreen.tsx,2,react-native,IMPORT_OR_EXPORT,dsh
services/dsh/frontend/app-partner/catalog/ProductOverridesScreen.tsx,24,../../shared/catalog,IMPORT_OR_EXPORT,dsh
services/dsh/frontend/app-partner/dsh-partner-binding.contracts.ts,1,./dsh-partner.types,IMPORT_OR_EXPORT,dsh
services/dsh/frontend/app-partner/dsh-partner.navigation-bridge.ts,1,../shared/partner/partner.types,IMPORT_OR_EXPORT,dsh
services/dsh/frontend/app-partner/dsh-partner.types.ts,10,./team/partner-team.types,IMPORT_OR_EXPORT,dsh
services/dsh/frontend/app-partner/finance/WltPartnerFinanceScreen.tsx,5,react,IMPORT_OR_EXPORT,dsh
services/dsh/frontend/app-partner/finance/WltPartnerFinanceScreen.tsx,6,react-native,IMPORT_OR_EXPORT,dsh
services/dsh/frontend/app-partner/finance/WltPartnerFinanceScreen.tsx,7,@bthwani/ui-kit,IMPORT_OR_EXPORT,dsh
services/dsh/frontend/app-partner/finance/WltPartnerFinanceScreen.tsx,8,@bthwani/wlt/dsh,IMPORT_OR_EXPORT,dsh
services/dsh/frontend/app-partner/finance/WltPartnerFinanceScreen.tsx,9,@bthwani/wlt/dsh,IMPORT_OR_EXPORT,dsh
services/dsh/frontend/app-partner/finance/WltPartnerFinanceScreen.tsx,10,@bthwani/wlt/dsh,IMPORT_OR_EXPORT,dsh
services/dsh/frontend/app-partner/finance/WltPartnerFinanceScreen.tsx,11,@bthwani/wlt/dsh,IMPORT_OR_EXPORT,dsh
services/dsh/frontend/app-partner/finance/index.ts,1,./WltPartnerFinanceScreen,IMPORT_OR_EXPORT,dsh
services/dsh/frontend/app-partner/index.ts,2,./DshPartnerSurface,IMPORT_OR_EXPORT,dsh
services/dsh/frontend/app-partner/index.ts,22,./dsh-partner-binding.contracts,IMPORT_OR_EXPORT,dsh
services/dsh/frontend/app-partner/index.ts,25,./catalog/PartnerCatalogReadinessPanel,IMPORT_OR_EXPORT,dsh
services/dsh/frontend/app-partner/index.ts,26,./catalog/PartnerCatalogReadinessPanel,IMPORT_OR_EXPORT,dsh
services/dsh/frontend/app-partner/index.ts,28,./orders/DshPartnerOrderRejectionScreen,IMPORT_OR_EXPORT,dsh
services/dsh/frontend/app-partner/index.ts,29,./orders/DshPartnerOrderRejectionScreen,IMPORT_OR_EXPORT,dsh
services/dsh/frontend/app-partner/orders/AcceptanceTimerSheet.tsx,1,react,IMPORT_OR_EXPORT,dsh
services/dsh/frontend/app-partner/orders/AcceptanceTimerSheet.tsx,2,react-native,IMPORT_OR_EXPORT,dsh
services/dsh/frontend/app-partner/orders/DshPartnerOrderRejectionScreen.tsx,1,react,IMPORT_OR_EXPORT,dsh
services/dsh/frontend/app-partner/orders/DshPartnerOrderRejectionScreen.tsx,2,react-native,IMPORT_OR_EXPORT,dsh
services/dsh/frontend/app-partner/orders/GovernedPartnerOrdersScreen.tsx,1,react,IMPORT_OR_EXPORT,dsh
services/dsh/frontend/app-partner/orders/GovernedPartnerOrdersScreen.tsx,17,@bthwani/wlt/dsh,IMPORT_OR_EXPORT,dsh
services/dsh/frontend/app-partner/orders/GovernedPartnerOrdersScreen.tsx,18,../../shared/partner/partner.adapters,IMPORT_OR_EXPORT,dsh
services/dsh/frontend/app-partner/orders/OperationalOrderDecisionScreen.tsx,1,react,IMPORT_OR_EXPORT,dsh
services/dsh/frontend/app-partner/orders/OperationalOrderDecisionScreen.tsx,2,../../shared/partner/partner.adapters,IMPORT_OR_EXPORT,dsh
services/dsh/frontend/app-partner/orders/OperationalOrderDecisionScreen.tsx,8,./DshPartnerOrderRejectionScreen,IMPORT_OR_EXPORT,dsh
services/dsh/frontend/app-partner/orders/OperationalOrderDecisionScreen.tsx,9,./usePartnerOrderCommands,IMPORT_OR_EXPORT,dsh
services/dsh/frontend/app-partner/orders/OperationalOrdersInboxScreen.tsx,1,react,IMPORT_OR_EXPORT,dsh
services/dsh/frontend/app-partner/orders/OperationalOrdersInboxScreen.tsx,2,@bthwani/ui-kit,IMPORT_OR_EXPORT,dsh
services/dsh/frontend/app-partner/orders/OperationalOrdersInboxScreen.tsx,7,../../shared/order-truth,IMPORT_OR_EXPORT,dsh
services/dsh/frontend/app-partner/orders/OperationalOrdersInboxScreen.tsx,8,../../shared/partner/partner.adapters,IMPORT_OR_EXPORT,dsh
services/dsh/frontend/app-partner/orders/OperationalOrdersInboxScreen.tsx,9,../team/partner-team.types,IMPORT_OR_EXPORT,dsh
services/dsh/frontend/app-partner/orders/OperationalOrdersInboxScreen.tsx,15,./PartnerFulfillmentActionsPanel,IMPORT_OR_EXPORT,dsh
services/dsh/frontend/app-partner/orders/OperationalOrdersInboxScreen.tsx,16,./PreparationEstimateRevisionPanel,IMPORT_OR_EXPORT,dsh
services/dsh/frontend/app-partner/orders/OperationalOrdersInboxScreen.tsx,17,./PreparationIssuesPanel,IMPORT_OR_EXPORT,dsh
services/dsh/frontend/app-partner/orders/OrderActionScreen.tsx,1,react,IMPORT_OR_EXPORT,dsh
services/dsh/frontend/app-partner/orders/OrderActionScreen.tsx,2,@bthwani/ui-kit,IMPORT_OR_EXPORT,dsh
services/dsh/frontend/app-partner/orders/OrderActionScreen.tsx,3,../account/OperationHeader,IMPORT_OR_EXPORT,dsh
services/dsh/frontend/app-partner/orders/OrderActionScreen.tsx,4,../../shared/orders,IMPORT_OR_EXPORT,dsh
services/dsh/frontend/app-partner/orders/OrderActionScreen.tsx,5,./PartnerOrderActionPanel,IMPORT_OR_EXPORT,dsh
services/dsh/frontend/app-partner/orders/OrderActionScreen.tsx,6,../../shared/delivery/delivery.contract,IMPORT_OR_EXPORT,dsh
services/dsh/frontend/app-partner/orders/OrderActionScreen.tsx,7,../team/partner-team.types,IMPORT_OR_EXPORT,dsh
services/dsh/frontend/app-partner/orders/OrderIssueScreen.tsx,1,react,IMPORT_OR_EXPORT,dsh
services/dsh/frontend/app-partner/orders/OrderIssueScreen.tsx,2,@bthwani/ui-kit,IMPORT_OR_EXPORT,dsh
services/dsh/frontend/app-partner/orders/OrderIssueScreen.tsx,3,../account/OperationHeader,IMPORT_OR_EXPORT,dsh
services/dsh/frontend/app-partner/orders/OrderIssueScreen.tsx,4,../dsh-partner.types,IMPORT_OR_EXPORT,dsh
services/dsh/frontend/app-partner/orders/PartnerConversationScreen.tsx,1,react,IMPORT_OR_EXPORT,dsh
services/dsh/frontend/app-partner/orders/PartnerConversationScreen.tsx,2,@bthwani/ui-kit,IMPORT_OR_EXPORT,dsh
services/dsh/frontend/app-partner/orders/PartnerConversationScreen.tsx,3,../account/OperationHeader,IMPORT_OR_EXPORT,dsh
services/dsh/frontend/app-partner/orders/PartnerConversationScreen.tsx,4,../dsh-partner.types,IMPORT_OR_EXPORT,dsh
services/dsh/frontend/app-partner/orders/PartnerConversationScreen.tsx,5,./PartnerOrderConversationPanel,IMPORT_OR_EXPORT,dsh
services/dsh/frontend/app-partner/orders/PartnerDispatchTrackingScreen.tsx,1,react,IMPORT_OR_EXPORT,dsh
services/dsh/frontend/app-partner/orders/PartnerDispatchTrackingScreen.tsx,2,react-native,IMPORT_OR_EXPORT,dsh
services/dsh/frontend/app-partner/orders/PartnerDispatchTrackingScreen.tsx,3,@bthwani/ui-kit,IMPORT_OR_EXPORT,dsh
services/dsh/frontend/app-partner/orders/PartnerDispatchTrackingScreen.tsx,4,../account/OperationHeader,IMPORT_OR_EXPORT,dsh
services/dsh/frontend/app-partner/orders/PartnerDispatchTrackingScreen.tsx,5,../../shared/dispatch,IMPORT_OR_EXPORT,dsh
services/dsh/frontend/app-partner/orders/PartnerDispatchTrackingScreen.tsx,6,../../shared/dispatch/use-partner-dispatch-tracking,IMPORT_OR_EXPORT,dsh
services/dsh/frontend/app-partner/orders/PartnerFulfillmentActionsPanel.tsx,1,react,IMPORT_OR_EXPORT,dsh
services/dsh/frontend/app-partner/orders/PartnerFulfillmentActionsPanel.tsx,2,react-native,IMPORT_OR_EXPORT,dsh
services/dsh/frontend/app-partner/orders/PartnerFulfillmentActionsPanel.tsx,3,@bthwani/ui-kit,IMPORT_OR_EXPORT,dsh
services/dsh/frontend/app-partner/orders/PartnerFulfillmentActionsPanel.tsx,4,../../shared/delivery/delivery.contract,IMPORT_OR_EXPORT,dsh
services/dsh/frontend/app-partner/orders/PartnerFulfillmentActionsPanel.tsx,5,../team/partner-team.types,IMPORT_OR_EXPORT,dsh
services/dsh/frontend/app-partner/orders/PartnerFulfillmentActionsPanel.tsx,6,../../shared/partner-delivery/use-partner-delivery-controller,IMPORT_OR_EXPORT,dsh
services/dsh/frontend/app-partner/orders/PartnerFulfillmentActionsPanel.tsx,7,../../shared/pickup/use-pickup-controller,IMPORT_OR_EXPORT,dsh
services/dsh/frontend/app-partner/orders/PartnerFulfillmentActionsPanel.tsx,8,../../shared/dispatch/use-partner-return-to-store-controller,IMPORT_OR_EXPORT,dsh
services/dsh/frontend/app-partner/orders/PartnerOrderActionPanel.tsx,1,react,IMPORT_OR_EXPORT,dsh
services/dsh/frontend/app-partner/orders/PartnerOrderActionPanel.tsx,2,@bthwani/ui-kit,IMPORT_OR_EXPORT,dsh
services/dsh/frontend/app-partner/orders/PartnerOrderActionPanel.tsx,3,../../shared/orders/orders.state-machine,IMPORT_OR_EXPORT,dsh
services/dsh/frontend/app-partner/orders/PartnerOrderActionPanel.tsx,4,../../shared/delivery,IMPORT_OR_EXPORT,dsh
services/dsh/frontend/app-partner/orders/PartnerOrderActionPanel.tsx,5,./PartnerFulfillmentActionsPanel,IMPORT_OR_EXPORT,dsh
services/dsh/frontend/app-partner/orders/PartnerOrderActionPanel.tsx,6,../team/partner-team.types,IMPORT_OR_EXPORT,dsh
services/dsh/frontend/app-partner/orders/PartnerOrderAlertsPanel.tsx,1,react,IMPORT_OR_EXPORT,dsh
services/dsh/frontend/app-partner/orders/PartnerOrderAlertsPanel.tsx,2,@bthwani/ui-kit,IMPORT_OR_EXPORT,dsh
services/dsh/frontend/app-partner/orders/PartnerOrderAlertsPanel.tsx,3,../dsh-partner.types,IMPORT_OR_EXPORT,dsh
services/dsh/frontend/app-partner/orders/PartnerOrderAlertsPanel.tsx,4,../../shared/orders,IMPORT_OR_EXPORT,dsh
services/dsh/frontend/app-partner/orders/PartnerOrderConversationPanel.tsx,1,react,IMPORT_OR_EXPORT,dsh
services/dsh/frontend/app-partner/orders/PartnerOrderConversationPanel.tsx,2,@bthwani/ui-kit,IMPORT_OR_EXPORT,dsh
services/dsh/frontend/app-partner/orders/PartnerOrderConversationPanel.tsx,3,../dsh-partner.types,IMPORT_OR_EXPORT,dsh
services/dsh/frontend/app-partner/orders/PartnerOrderIssuePanel.tsx,1,react,IMPORT_OR_EXPORT,dsh
services/dsh/frontend/app-partner/orders/PartnerOrderIssuePanel.tsx,2,react-native,IMPORT_OR_EXPORT,dsh
services/dsh/frontend/app-partner/orders/PartnerOrderIssuePanel.tsx,3,@bthwani/ui-kit,IMPORT_OR_EXPORT,dsh
services/dsh/frontend/app-partner/orders/PartnerOrderIssuePanel.tsx,4,../dsh-partner.types,IMPORT_OR_EXPORT,dsh
services/dsh/frontend/app-partner/orders/PartnerOrderIssuePanel.tsx,5,../../shared,IMPORT_OR_EXPORT,dsh
services/dsh/frontend/app-partner/orders/PreparationEstimateRevisionPanel.tsx,1,react,IMPORT_OR_EXPORT,dsh
services/dsh/frontend/app-partner/orders/PreparationEstimateRevisionPanel.tsx,2,@bthwani/ui-kit,IMPORT_OR_EXPORT,dsh
services/dsh/frontend/app-partner/orders/PreparationEstimateRevisionPanel.tsx,3,../../shared/orders,IMPORT_OR_EXPORT,dsh
services/dsh/frontend/app-partner/orders/PreparationEstimateRevisionPanel.tsx,4,../../shared/partner/partner.adapters,IMPORT_OR_EXPORT,dsh
services/dsh/frontend/app-partner/orders/PreparationIssuesPanel.tsx,1,react,IMPORT_OR_EXPORT,dsh
services/dsh/frontend/app-partner/orders/PreparationIssuesPanel.tsx,2,@bthwani/ui-kit,IMPORT_OR_EXPORT,dsh
services/dsh/frontend/app-partner/orders/PreparationIssuesPanel.tsx,11,../../shared/partner/partner.adapters,IMPORT_OR_EXPORT,dsh
services/dsh/frontend/app-partner/orders/usePartnerOrdersModel.ts,5,react,IMPORT_OR_EXPORT,dsh
services/dsh/frontend/app-partner/orders/usePartnerOrdersModel.ts,6,../../shared/partner/partner.types,IMPORT_OR_EXPORT,dsh
services/dsh/frontend/app-partner/orders/usePartnerOrdersModel.ts,7,./usePartnerOrdersRuntime,IMPORT_OR_EXPORT,dsh
services/dsh/frontend/app-partner/orders/usePartnerOrdersModel.ts,8,../../shared/partner/partner.adapters,IMPORT_OR_EXPORT,dsh
services/dsh/frontend/app-partner/orders/usePartnerOrdersRuntime.ts,1,react,IMPORT_OR_EXPORT,dsh
services/dsh/frontend/app-partner/ratings/PartnerFieldRatingGate.tsx,1,react,IMPORT_OR_EXPORT,dsh
services/dsh/frontend/app-partner/ratings/PartnerFieldRatingGate.tsx,2,react-native,IMPORT_OR_EXPORT,dsh
services/dsh/frontend/app-partner/ratings/PartnerFieldRatingGate.tsx,3,@bthwani/ui-kit,IMPORT_OR_EXPORT,dsh
services/dsh/frontend/app-partner/store/DshPartnerStoreCourierScreen.tsx,1,react,IMPORT_OR_EXPORT,dsh
services/dsh/frontend/app-partner/store/DshPartnerStoreCourierScreen.tsx,2,react-native,IMPORT_OR_EXPORT,dsh
services/dsh/frontend/app-partner/store/DshPartnerStoreCourierScreen.tsx,18,../../shared/orders/orders.contract,IMPORT_OR_EXPORT,dsh
services/dsh/frontend/app-partner/store/DshPartnerStoreCourierScreen.tsx,33,./PartnerDeliveryPricingCard,IMPORT_OR_EXPORT,dsh
services/dsh/frontend/app-partner/store/DshPartnerStoreCourierScreen.tsx,34,../../shared/partner,IMPORT_OR_EXPORT,dsh
services/dsh/frontend/app-partner/store/DshPartnerStoreCourierScreen.tsx,35,../../shared/partner/partner.types,IMPORT_OR_EXPORT,dsh
services/dsh/frontend/app-partner/store/GovernedPartnerStoreCourierScreen.tsx,1,react,IMPORT_OR_EXPORT,dsh
services/dsh/frontend/app-partner/store/GovernedPartnerStoreCourierScreen.tsx,2,react-native,IMPORT_OR_EXPORT,dsh
services/dsh/frontend/app-partner/store/GovernedPartnerStoreCourierScreen.tsx,3,@bthwani/ui-kit,IMPORT_OR_EXPORT,dsh
services/dsh/frontend/app-partner/store/GovernedPartnerStoreCourierScreen.tsx,4,../../shared/partner,IMPORT_OR_EXPORT,dsh
services/dsh/frontend/app-partner/store/GovernedPartnerStoreCourierScreen.tsx,5,./DshPartnerStoreCourierScreen,IMPORT_OR_EXPORT,dsh
services/dsh/frontend/app-partner/store/GovernedPartnerStoreCourierScreen.tsx,6,./PartnerDeliveryPricingCard,IMPORT_OR_EXPORT,dsh
services/dsh/frontend/app-partner/store/PartnerDeliveryPricingCard.tsx,1,react,IMPORT_OR_EXPORT,dsh
services/dsh/frontend/app-partner/store/PartnerDeliveryPricingCard.tsx,2,react-native,IMPORT_OR_EXPORT,dsh
services/dsh/frontend/app-partner/store/PartnerDeliveryPricingCard.tsx,3,@bthwani/ui-kit,IMPORT_OR_EXPORT,dsh
services/dsh/frontend/app-partner/store/PartnerStoreScopeSheet.tsx,1,react,IMPORT_OR_EXPORT,dsh
services/dsh/frontend/app-partner/store/PartnerStoreScopeSheet.tsx,2,react-native,IMPORT_OR_EXPORT,dsh
services/dsh/frontend/app-partner/store/PartnerStoreScopeSheet.tsx,3,expo-location,IMPORT_OR_EXPORT,dsh
services/dsh/frontend/app-partner/store/PartnerStoreScopeSheet.tsx,4,@bthwani/ui-kit,IMPORT_OR_EXPORT,dsh
services/dsh/frontend/app-partner/store/PartnerStoreScopeSheet.tsx,5,../../shared/partner/partner.types,IMPORT_OR_EXPORT,dsh
services/dsh/frontend/app-partner/store/StoreProfileScreen.tsx,1,react,IMPORT_OR_EXPORT,dsh
services/dsh/frontend/app-partner/store/StoreProfileScreen.tsx,2,react-native,IMPORT_OR_EXPORT,dsh
services/dsh/frontend/app-partner/store/StoreProfileScreen.tsx,22,../../shared/partner/dsh-client-visibility.model,IMPORT_OR_EXPORT,dsh
services/dsh/frontend/app-partner/team/PartnerTeamManagementScreen.tsx,1,react,IMPORT_OR_EXPORT,dsh
services/dsh/frontend/app-partner/team/PartnerTeamManagementScreen.tsx,2,react-native,IMPORT_OR_EXPORT,dsh
services/dsh/frontend/app-partner/team/PartnerTeamManagementScreen.tsx,15,../../shared/partner/use-partner-fleet-controller,IMPORT_OR_EXPORT,dsh
services/dsh/frontend/app-partner/team/PartnerTeamManagementScreen.tsx,16,../../shared/partner/partner-fleet.api,IMPORT_OR_EXPORT,dsh
services/dsh/frontend/app-partner/team/PartnerTeamManagementScreen.tsx,17,../../shared/partner/partner.api,IMPORT_OR_EXPORT,dsh
services/dsh/frontend/app-partner/team/PartnerTeamManagementScreen.tsx,18,./partner-team.types,IMPORT_OR_EXPORT,dsh
services/dsh/frontend/app-partner/team/PartnerTeamManagementScreen.tsx,19,./usePartnerTeamModel,IMPORT_OR_EXPORT,dsh
services/dsh/frontend/app-partner/team/PartnerTeamManagementScreen.tsx,21,./partner-team.types,IMPORT_OR_EXPORT,dsh
services/dsh/frontend/app-partner/useDshPartnerSurfaceModel.ts,5,react,IMPORT_OR_EXPORT,dsh
services/dsh/frontend/app-partner/useDshPartnerSurfaceModel.ts,14,../shared/partner/partner.adapters,IMPORT_OR_EXPORT,dsh
services/dsh/frontend/app-partner/useDshPartnerSurfaceModel.ts,16,./account/usePartnerProfileModel,IMPORT_OR_EXPORT,dsh
services/dsh/frontend/app-partner/useDshPartnerSurfaceModel.ts,17,../shared/partner/store-scope.model,IMPORT_OR_EXPORT,dsh
services/dsh/frontend/app-partner/useDshPartnerSurfaceModel.ts,18,./orders/usePartnerOrdersModel,IMPORT_OR_EXPORT,dsh
services/dsh/frontend/app-partner/useDshPartnerSurfaceModel.ts,19,../shared/support/partner-support.model,IMPORT_OR_EXPORT,dsh
services/dsh/frontend/app-partner/useDshPartnerSurfaceModel.ts,20,../shared/operations/partner-ops-summary.model,IMPORT_OR_EXPORT,dsh
services/dsh/frontend/app-partner/useDshPartnerSurfaceModel.ts,21,./team/usePartnerTeamModel,IMPORT_OR_EXPORT,dsh
services/dsh/frontend/app-partner/useDshPartnerSurfaceModel.ts,22,./team/partner-team.types,IMPORT_OR_EXPORT,dsh
services/dsh/frontend/app-partner/useDshPartnerSurfaceModel.ts,23,../shared/partner/partner.adapters,IMPORT_OR_EXPORT,dsh
services/dsh/frontend/control-panel/administration/AdministrationDashboardScreen.tsx,3,react,IMPORT_OR_EXPORT,dsh
services/dsh/frontend/control-panel/administration/AdministrationDashboardScreen.tsx,4,next/navigation,IMPORT_OR_EXPORT,dsh
services/dsh/frontend/control-panel/administration/AdministrationDashboardScreen.tsx,5,@bthwani/control-panel/components,IMPORT_OR_EXPORT,dsh
services/dsh/frontend/control-panel/administration/AdministrationDashboardScreen.tsx,20,@bthwani/control-panel/shell,IMPORT_OR_EXPORT,dsh
services/dsh/frontend/control-panel/administration/AdministrationDiagnosticsPanel.tsx,3,react,IMPORT_OR_EXPORT,dsh
services/dsh/frontend/control-panel/administration/AdministrationDiagnosticsPanel.tsx,12,../../shared/administration,IMPORT_OR_EXPORT,dsh
services/dsh/frontend/control-panel/administration/DecisionRollbackQueue.tsx,3,react,IMPORT_OR_EXPORT,dsh
services/dsh/frontend/control-panel/administration/DecisionRollbackQueue.tsx,15,@bthwani/control-panel/shell,IMPORT_OR_EXPORT,dsh
services/dsh/frontend/control-panel/administration/GovernedAdministrationScreen.tsx,3,react,IMPORT_OR_EXPORT,dsh
services/dsh/frontend/control-panel/administration/GovernedAdministrationScreen.tsx,4,./AdministrationDashboardScreen,IMPORT_OR_EXPORT,dsh
services/dsh/frontend/control-panel/administration/GovernedAdministrationScreen.tsx,5,./RoleDefinitionApprovalQueue,IMPORT_OR_EXPORT,dsh
services/dsh/frontend/control-panel/administration/GovernedAdministrationScreen.tsx,6,./RoleAssignmentApprovalQueue,IMPORT_OR_EXPORT,dsh
services/dsh/frontend/control-panel/administration/GovernedAdministrationScreen.tsx,7,./DecisionRollbackQueue,IMPORT_OR_EXPORT,dsh
services/dsh/frontend/control-panel/administration/GovernedAdministrationScreen.tsx,8,./AdministrationDiagnosticsPanel,IMPORT_OR_EXPORT,dsh
services/dsh/frontend/control-panel/administration/GovernedAdministrationScreen.tsx,9,../dashboard/IdentityRuntimeHealthPanel,IMPORT_OR_EXPORT,dsh
services/dsh/frontend/control-panel/administration/RoleAssignmentApprovalQueue.tsx,3,react,IMPORT_OR_EXPORT,dsh
services/dsh/frontend/control-panel/administration/RoleAssignmentApprovalQueue.tsx,14,@bthwani/control-panel/shell,IMPORT_OR_EXPORT,dsh
services/dsh/frontend/control-panel/administration/RoleDefinitionApprovalQueue.tsx,3,react,IMPORT_OR_EXPORT,dsh
services/dsh/frontend/control-panel/administration/RoleDefinitionApprovalQueue.tsx,15,@bthwani/control-panel/shell,IMPORT_OR_EXPORT,dsh
services/dsh/frontend/control-panel/administration/index.ts,1,./AdministrationDashboardScreen,IMPORT_OR_EXPORT,dsh
services/dsh/frontend/control-panel/administration/index.ts,2,./RoleDefinitionApprovalQueue,IMPORT_OR_EXPORT,dsh
services/dsh/frontend/control-panel/administration/index.ts,3,./RoleAssignmentApprovalQueue,IMPORT_OR_EXPORT,dsh
services/dsh/frontend/control-panel/administration/index.ts,4,./DecisionRollbackQueue,IMPORT_OR_EXPORT,dsh
services/dsh/frontend/control-panel/administration/index.ts,5,./AdministrationDiagnosticsPanel,IMPORT_OR_EXPORT,dsh
services/dsh/frontend/control-panel/administration/index.ts,6,./GovernedAdministrationScreen,IMPORT_OR_EXPORT,dsh
services/dsh/frontend/control-panel/analytics/AnalyticsDashboardScreen.tsx,3,react,IMPORT_OR_EXPORT,dsh
services/dsh/frontend/control-panel/analytics/AnalyticsDashboardScreen.tsx,4,next/navigation,IMPORT_OR_EXPORT,dsh
services/dsh/frontend/control-panel/analytics/AnalyticsDashboardScreen.tsx,5,@bthwani/core-identity,IMPORT_OR_EXPORT,dsh
services/dsh/frontend/control-panel/analytics/AnalyticsDashboardScreen.tsx,6,@bthwani/ui-kit,IMPORT_OR_EXPORT,dsh
services/dsh/frontend/control-panel/analytics/AnalyticsDashboardScreen.tsx,19,@bthwani/control-panel/shell,IMPORT_OR_EXPORT,dsh
services/dsh/frontend/control-panel/analytics/OperationalAnalyticsExtensionsScreen.tsx,3,react,IMPORT_OR_EXPORT,dsh
services/dsh/frontend/control-panel/analytics/OperationalAnalyticsExtensionsScreen.tsx,4,@bthwani/ui-kit,IMPORT_OR_EXPORT,dsh
services/dsh/frontend/control-panel/analytics/OperationalAnalyticsExtensionsScreen.tsx,15,@bthwani/control-panel/shell,IMPORT_OR_EXPORT,dsh
services/dsh/frontend/control-panel/analytics/OperationalAnalyticsExtensionsScreen.tsx,16,@bthwani/wlt/dsh,IMPORT_OR_EXPORT,dsh
services/dsh/frontend/control-panel/analytics/index.ts,1,./AnalyticsDashboardScreen,IMPORT_OR_EXPORT,dsh
services/dsh/frontend/control-panel/analytics/index.ts,2,./OperationalAnalyticsExtensionsScreen,IMPORT_OR_EXPORT,dsh
services/dsh/frontend/control-panel/catalogs/CatalogApprovalScreen.tsx,3,react,IMPORT_OR_EXPORT,dsh
services/dsh/frontend/control-panel/catalogs/CatalogApprovalScreen.tsx,13,@bthwani/control-panel/components,IMPORT_OR_EXPORT,dsh
services/dsh/frontend/control-panel/catalogs/CatalogApprovalScreen.tsx,14,@bthwani/control-panel/shell,IMPORT_OR_EXPORT,dsh
services/dsh/frontend/control-panel/catalogs/CatalogApprovalScreen.tsx,15,../../shared/catalog,IMPORT_OR_EXPORT,dsh
services/dsh/frontend/control-panel/catalogs/CatalogApprovalScreen.tsx,16,@bthwani/core-identity,IMPORT_OR_EXPORT,dsh
services/dsh/frontend/control-panel/catalogs/CatalogDashboardScreen.tsx,4,@bthwani/ui-kit,IMPORT_OR_EXPORT,dsh
services/dsh/frontend/control-panel/catalogs/CatalogDashboardScreen.tsx,5,react,IMPORT_OR_EXPORT,dsh
services/dsh/frontend/control-panel/catalogs/CatalogDashboardScreen.tsx,6,next/navigation,IMPORT_OR_EXPORT,dsh
services/dsh/frontend/control-panel/catalogs/CatalogDashboardScreen.tsx,7,@bthwani/control-panel/components,IMPORT_OR_EXPORT,dsh
services/dsh/frontend/control-panel/catalogs/CatalogDashboardScreen.tsx,26,@bthwani/control-panel/shell,IMPORT_OR_EXPORT,dsh
services/dsh/frontend/control-panel/catalogs/CatalogDashboardScreen.tsx,27,@bthwani/core-identity,IMPORT_OR_EXPORT,dsh
services/dsh/frontend/control-panel/catalogs/CatalogDashboardScreen.tsx,46,./products/CategoryControlRoom,IMPORT_OR_EXPORT,dsh
services/dsh/frontend/control-panel/catalogs/CatalogDashboardScreen.tsx,47,./ReelsReviewPanel,IMPORT_OR_EXPORT,dsh
services/dsh/frontend/control-panel/catalogs/CatalogDashboardScreen.tsx,48,./components/StorePicker,IMPORT_OR_EXPORT,dsh
services/dsh/frontend/control-panel/catalogs/CatalogDashboardScreen.tsx,49,./components/CategoryPicker,IMPORT_OR_EXPORT,dsh
services/dsh/frontend/control-panel/catalogs/CatalogDashboardScreen.tsx,50,./components/ProductPicker,IMPORT_OR_EXPORT,dsh
services/dsh/frontend/control-panel/catalogs/CatalogGovernanceScreen.tsx,3,react,IMPORT_OR_EXPORT,dsh
services/dsh/frontend/control-panel/catalogs/CatalogGovernanceScreen.tsx,16,@bthwani/control-panel/shell,IMPORT_OR_EXPORT,dsh
services/dsh/frontend/control-panel/catalogs/ReelsReviewPanel.tsx,3,react,IMPORT_OR_EXPORT,dsh
services/dsh/frontend/control-panel/catalogs/ReelsReviewPanel.tsx,4,@bthwani/control-panel/components,IMPORT_OR_EXPORT,dsh
services/dsh/frontend/control-panel/catalogs/components/CategoryPicker.tsx,1,react,IMPORT_OR_EXPORT,dsh
services/dsh/frontend/control-panel/catalogs/components/CategoryPicker.tsx,2,@bthwani/ui-kit,IMPORT_OR_EXPORT,dsh
services/dsh/frontend/control-panel/catalogs/components/CategoryPicker.tsx,3,../../../shared/catalog,IMPORT_OR_EXPORT,dsh
services/dsh/frontend/control-panel/catalogs/components/ProductPicker.tsx,1,react,IMPORT_OR_EXPORT,dsh
services/dsh/frontend/control-panel/catalogs/components/ProductPicker.tsx,2,@bthwani/ui-kit,IMPORT_OR_EXPORT,dsh
services/dsh/frontend/control-panel/catalogs/components/ProductPicker.tsx,3,@bthwani/ui-kit,IMPORT_OR_EXPORT,dsh
services/dsh/frontend/control-panel/catalogs/components/ProductPicker.tsx,4,../../../shared/_kernel/dsh-http-request,IMPORT_OR_EXPORT,dsh
services/dsh/frontend/control-panel/catalogs/components/StorePicker.tsx,1,react,IMPORT_OR_EXPORT,dsh
services/dsh/frontend/control-panel/catalogs/components/StorePicker.tsx,2,@bthwani/ui-kit,IMPORT_OR_EXPORT,dsh
services/dsh/frontend/control-panel/catalogs/components/StorePicker.tsx,3,@bthwani/ui-kit,IMPORT_OR_EXPORT,dsh
services/dsh/frontend/control-panel/catalogs/components/StorePicker.tsx,4,../../../shared/_kernel/dsh-http-request,IMPORT_OR_EXPORT,dsh
services/dsh/frontend/control-panel/catalogs/index.ts,1,./CatalogApprovalScreen,IMPORT_OR_EXPORT,dsh
services/dsh/frontend/control-panel/catalogs/index.ts,2,./CatalogDashboardScreen,IMPORT_OR_EXPORT,dsh
services/dsh/frontend/control-panel/catalogs/index.ts,3,./products/CategoryControlRoom,IMPORT_OR_EXPORT,dsh
services/dsh/frontend/control-panel/catalogs/index.ts,4,./CatalogGovernanceScreen,IMPORT_OR_EXPORT,dsh
services/dsh/frontend/control-panel/catalogs/products/CategoryControlRoom.tsx,2,@bthwani/ui-kit,IMPORT_OR_EXPORT,dsh
services/dsh/frontend/control-panel/catalogs/products/CategoryControlRoom.tsx,3,react,IMPORT_OR_EXPORT,dsh
services/dsh/frontend/control-panel/catalogs/products/CategoryControlRoom.tsx,4,@bthwani/control-panel/components,IMPORT_OR_EXPORT,dsh
services/dsh/frontend/control-panel/dashboard/DispatchTrackingAlertsPanel.tsx,3,@bthwani/control-panel/components,IMPORT_OR_EXPORT,dsh
services/dsh/frontend/control-panel/dashboard/DispatchTrackingAlertsPanel.tsx,4,@bthwani/ui-kit/web,IMPORT_OR_EXPORT,dsh
services/dsh/frontend/control-panel/dashboard/DispatchTrackingAlertsPanel.tsx,5,../../shared/dispatch/use-operator-dispatch-tracking-alerts,IMPORT_OR_EXPORT,dsh
services/dsh/frontend/control-panel/dashboard/DispatchTrackingAlertsPanel.tsx,6,../maps/GoogleMapsWebCanvas,IMPORT_OR_EXPORT,dsh
services/dsh/frontend/control-panel/dashboard/DispatchTrackingAlertsPanel.tsx,7,../shared/control-panel-surface.module.css,IMPORT_OR_EXPORT,dsh
services/dsh/frontend/control-panel/dashboard/DshOperationalDashboardScreen.tsx,3,react,IMPORT_OR_EXPORT,dsh
services/dsh/frontend/control-panel/dashboard/DshOperationalDashboardScreen.tsx,4,@bthwani/ui-kit,IMPORT_OR_EXPORT,dsh
services/dsh/frontend/control-panel/dashboard/DshOperationalDashboardScreen.tsx,5,@bthwani/ui-kit/web,IMPORT_OR_EXPORT,dsh
services/dsh/frontend/control-panel/dashboard/DshOperationalDashboardScreen.tsx,6,@bthwani/control-panel/components,IMPORT_OR_EXPORT,dsh
services/dsh/frontend/control-panel/dashboard/DshOperationalDashboardScreen.tsx,7,@bthwani/control-panel/shell,IMPORT_OR_EXPORT,dsh
services/dsh/frontend/control-panel/dashboard/DshOperationalDashboardScreen.tsx,8,../../shared/analytics,IMPORT_OR_EXPORT,dsh
services/dsh/frontend/control-panel/dashboard/DshOperationalDashboardScreen.tsx,9,../../shared/partner,IMPORT_OR_EXPORT,dsh
services/dsh/frontend/control-panel/dashboard/DshOperationalDashboardScreen.tsx,10,./DispatchTrackingAlertsPanel,IMPORT_OR_EXPORT,dsh
services/dsh/frontend/control-panel/dashboard/DshOperationalDashboardScreen.tsx,11,./IdentityRuntimeHealthPanel,IMPORT_OR_EXPORT,dsh
services/dsh/frontend/control-panel/dashboard/DshOperationalDashboardScreen.tsx,15,../shared/control-panel-surface.module.css,IMPORT_OR_EXPORT,dsh
services/dsh/frontend/control-panel/dashboard/IdentityRuntimeHealthPanel.tsx,3,@bthwani/core-identity,IMPORT_OR_EXPORT,dsh
services/dsh/frontend/control-panel/dashboard/IdentityRuntimeHealthPanel.tsx,9,../shared/control-panel-surface.module.css,IMPORT_OR_EXPORT,dsh
services/dsh/frontend/control-panel/dashboard/index.ts,1,./DshOperationalDashboardScreen,IMPORT_OR_EXPORT,dsh
services/dsh/frontend/control-panel/dashboard/index.ts,2,./IdentityRuntimeHealthPanel,IMPORT_OR_EXPORT,dsh
services/dsh/frontend/control-panel/dashboard/index.ts,3,./DshOperationalDashboardScreen,IMPORT_OR_EXPORT,dsh
services/dsh/frontend/control-panel/finance/CodReconciliationCasesPanel.tsx,3,react,IMPORT_OR_EXPORT,dsh
services/dsh/frontend/control-panel/finance/CodReconciliationCasesPanel.tsx,4,@bthwani/ui-kit,IMPORT_OR_EXPORT,dsh
services/dsh/frontend/control-panel/finance/CodReconciliationCasesPanel.tsx,5,@bthwani/ui-kit/web,IMPORT_OR_EXPORT,dsh
services/dsh/frontend/control-panel/finance/CodReconciliationCasesPanel.tsx,6,@bthwani/control-panel/components,IMPORT_OR_EXPORT,dsh
services/dsh/frontend/control-panel/finance/CommissionGovernancePanel.tsx,3,react,IMPORT_OR_EXPORT,dsh
services/dsh/frontend/control-panel/finance/CommissionGovernancePanel.tsx,4,@bthwani/ui-kit,IMPORT_OR_EXPORT,dsh
services/dsh/frontend/control-panel/finance/CommissionGovernancePanel.tsx,5,@bthwani/control-panel/components,IMPORT_OR_EXPORT,dsh
services/dsh/frontend/control-panel/finance/CommissionGovernancePanel.tsx,6,@bthwani/control-panel/components,IMPORT_OR_EXPORT,dsh
services/dsh/frontend/control-panel/finance/CommissionGovernancePanel.tsx,7,@bthwani/wlt/dsh,IMPORT_OR_EXPORT,dsh
services/dsh/frontend/control-panel/finance/FinanceDashboardScreen.tsx,3,react,IMPORT_OR_EXPORT,dsh
services/dsh/frontend/control-panel/finance/FinanceDashboardScreen.tsx,4,next/navigation,IMPORT_OR_EXPORT,dsh
services/dsh/frontend/control-panel/finance/FinanceDashboardScreen.tsx,5,@bthwani/ui-kit,IMPORT_OR_EXPORT,dsh
services/dsh/frontend/control-panel/finance/FinanceDashboardScreen.tsx,6,@bthwani/control-panel/components,IMPORT_OR_EXPORT,dsh
services/dsh/frontend/control-panel/finance/FinanceDashboardScreen.tsx,7,@bthwani/control-panel/shell,IMPORT_OR_EXPORT,dsh
services/dsh/frontend/control-panel/finance/FinanceDashboardScreen.tsx,8,@bthwani/wlt/dsh,IMPORT_OR_EXPORT,dsh
services/dsh/frontend/control-panel/finance/FinanceDashboardScreen.tsx,9,./PayoutRequestsPanel,IMPORT_OR_EXPORT,dsh
services/dsh/frontend/control-panel/finance/FinanceDashboardScreen.tsx,10,./ReconciliationCasesPanel,IMPORT_OR_EXPORT,dsh
services/dsh/frontend/control-panel/finance/FinanceDashboardScreen.tsx,11,./CodReconciliationCasesPanel,IMPORT_OR_EXPORT,dsh
services/dsh/frontend/control-panel/finance/FinanceDashboardScreen.tsx,12,./RefundsCommandPanel,IMPORT_OR_EXPORT,dsh
services/dsh/frontend/control-panel/finance/FinanceDashboardScreen.tsx,13,@bthwani/wlt/dsh,IMPORT_OR_EXPORT,dsh
services/dsh/frontend/control-panel/finance/GovernedSettlementPanel.tsx,3,react,IMPORT_OR_EXPORT,dsh
services/dsh/frontend/control-panel/finance/GovernedSettlementPanel.tsx,4,@bthwani/ui-kit,IMPORT_OR_EXPORT,dsh
services/dsh/frontend/control-panel/finance/GovernedSettlementPanel.tsx,5,@bthwani/control-panel/components,IMPORT_OR_EXPORT,dsh
services/dsh/frontend/control-panel/finance/PaymentSessionOperationsScreen.tsx,3,react,IMPORT_OR_EXPORT,dsh
services/dsh/frontend/control-panel/finance/PaymentSessionOperationsScreen.tsx,4,@bthwani/ui-kit,IMPORT_OR_EXPORT,dsh
services/dsh/frontend/control-panel/finance/PaymentSessionOperationsScreen.tsx,5,@bthwani/control-panel/components,IMPORT_OR_EXPORT,dsh
services/dsh/frontend/control-panel/finance/PaymentSessionOperationsScreen.tsx,6,@bthwani/control-panel/components,IMPORT_OR_EXPORT,dsh
services/dsh/frontend/control-panel/finance/PaymentSessionOperationsScreen.tsx,7,@bthwani/control-panel/shell,IMPORT_OR_EXPORT,dsh
services/dsh/frontend/control-panel/finance/PayoutRequestsPanel.tsx,3,react,IMPORT_OR_EXPORT,dsh
services/dsh/frontend/control-panel/finance/PayoutRequestsPanel.tsx,4,@bthwani/ui-kit,IMPORT_OR_EXPORT,dsh
services/dsh/frontend/control-panel/finance/PayoutRequestsPanel.tsx,5,@bthwani/control-panel/components,IMPORT_OR_EXPORT,dsh
services/dsh/frontend/control-panel/finance/PayoutRequestsPanel.tsx,6,@bthwani/control-panel/components,IMPORT_OR_EXPORT,dsh
services/dsh/frontend/control-panel/finance/PayoutRequestsPanel.tsx,16,@bthwani/wlt/dsh,IMPORT_OR_EXPORT,dsh
services/dsh/frontend/control-panel/finance/PayoutRequestsPanel.tsx,17,./GovernedSettlementPanel,IMPORT_OR_EXPORT,dsh
services/dsh/frontend/control-panel/finance/PayoutRequestsPanel.tsx,18,./CommissionGovernancePanel,IMPORT_OR_EXPORT,dsh
services/dsh/frontend/control-panel/finance/ReconciliationCasesPanel.tsx,3,react,IMPORT_OR_EXPORT,dsh
services/dsh/frontend/control-panel/finance/ReconciliationCasesPanel.tsx,4,@bthwani/ui-kit,IMPORT_OR_EXPORT,dsh
services/dsh/frontend/control-panel/finance/ReconciliationCasesPanel.tsx,5,@bthwani/control-panel/components,IMPORT_OR_EXPORT,dsh
services/dsh/frontend/control-panel/finance/RefundsCommandPanel.tsx,3,react,IMPORT_OR_EXPORT,dsh
services/dsh/frontend/control-panel/finance/RefundsCommandPanel.tsx,4,@bthwani/ui-kit,IMPORT_OR_EXPORT,dsh
services/dsh/frontend/control-panel/finance/RefundsCommandPanel.tsx,5,@bthwani/control-panel/components,IMPORT_OR_EXPORT,dsh
services/dsh/frontend/control-panel/finance/RefundsCommandPanel.tsx,6,@bthwani/control-panel/components,IMPORT_OR_EXPORT,dsh
services/dsh/frontend/control-panel/finance/RepresentativeWalletLookup.tsx,3,react,IMPORT_OR_EXPORT,dsh
services/dsh/frontend/control-panel/finance/RepresentativeWalletLookup.tsx,4,@bthwani/ui-kit,IMPORT_OR_EXPORT,dsh
services/dsh/frontend/control-panel/finance/RepresentativeWalletLookup.tsx,5,@bthwani/control-panel/components,IMPORT_OR_EXPORT,dsh
services/dsh/frontend/control-panel/finance/RepresentativeWalletLookup.tsx,16,@bthwani/wlt/dsh,IMPORT_OR_EXPORT,dsh
services/dsh/frontend/control-panel/finance/index.ts,1,./FinanceDashboardScreen,IMPORT_OR_EXPORT,dsh
services/dsh/frontend/control-panel/finance/index.ts,2,./RepresentativeWalletLookup,IMPORT_OR_EXPORT,dsh
services/dsh/frontend/control-panel/finance/index.ts,3,./PaymentSessionOperationsScreen,IMPORT_OR_EXPORT,dsh
services/dsh/frontend/control-panel/hr/CaptainCreateView.tsx,3,react,IMPORT_OR_EXPORT,dsh
services/dsh/frontend/control-panel/hr/CaptainCreateView.tsx,4,@bthwani/core-identity,IMPORT_OR_EXPORT,dsh
services/dsh/frontend/control-panel/hr/CaptainCreateView.tsx,5,@bthwani/control-panel/components,IMPORT_OR_EXPORT,dsh
services/dsh/frontend/control-panel/hr/CaptainCreateView.tsx,6,@bthwani/control-panel/shell,IMPORT_OR_EXPORT,dsh
services/dsh/frontend/control-panel/hr/CaptainCreateView.tsx,7,@bthwani/ui-kit,IMPORT_OR_EXPORT,dsh
services/dsh/frontend/control-panel/hr/CaptainCreateView.tsx,8,../../shared/workforce,IMPORT_OR_EXPORT,dsh
services/dsh/frontend/control-panel/hr/CaptainCreateView.tsx,9,../../shared/workforce,IMPORT_OR_EXPORT,dsh
services/dsh/frontend/control-panel/hr/CaptainCreateView.tsx,10,./ZonePicker,IMPORT_OR_EXPORT,dsh
services/dsh/frontend/control-panel/hr/CaptainDetailView.tsx,3,react,IMPORT_OR_EXPORT,dsh
services/dsh/frontend/control-panel/hr/CaptainDetailView.tsx,4,@bthwani/control-panel/components,IMPORT_OR_EXPORT,dsh
services/dsh/frontend/control-panel/hr/CaptainDetailView.tsx,5,@bthwani/control-panel/shell,IMPORT_OR_EXPORT,dsh
services/dsh/frontend/control-panel/hr/CaptainDetailView.tsx,6,@bthwani/ui-kit,IMPORT_OR_EXPORT,dsh
services/dsh/frontend/control-panel/hr/CaptainDetailView.tsx,15,../../shared/media/field-document-media,IMPORT_OR_EXPORT,dsh
services/dsh/frontend/control-panel/hr/CaptainDetailView.tsx,16,../shared,IMPORT_OR_EXPORT,dsh
services/dsh/frontend/control-panel/hr/CaptainDetailView.tsx,17,./ProviderOperationalCorePanel,IMPORT_OR_EXPORT,dsh
services/dsh/frontend/control-panel/hr/CaptainDetailView.tsx,18,../../shared/workforce/WorkforceErrorState,IMPORT_OR_EXPORT,dsh
services/dsh/frontend/control-panel/hr/CaptainDetailView.tsx,19,./SupervisorPicker,IMPORT_OR_EXPORT,dsh
services/dsh/frontend/control-panel/hr/CaptainDetailView.tsx,21,./ZonePicker,IMPORT_OR_EXPORT,dsh
services/dsh/frontend/control-panel/hr/EmployeeCreateView.tsx,3,react,IMPORT_OR_EXPORT,dsh
services/dsh/frontend/control-panel/hr/EmployeeCreateView.tsx,4,@bthwani/core-identity,IMPORT_OR_EXPORT,dsh
services/dsh/frontend/control-panel/hr/EmployeeCreateView.tsx,5,@bthwani/control-panel/components,IMPORT_OR_EXPORT,dsh
services/dsh/frontend/control-panel/hr/EmployeeCreateView.tsx,6,@bthwani/control-panel/shell,IMPORT_OR_EXPORT,dsh
services/dsh/frontend/control-panel/hr/EmployeeCreateView.tsx,7,@bthwani/ui-kit,IMPORT_OR_EXPORT,dsh
services/dsh/frontend/control-panel/hr/EmployeeCreateView.tsx,14,./SupervisorPicker,IMPORT_OR_EXPORT,dsh
services/dsh/frontend/control-panel/hr/EmployeeDetailView.tsx,3,react,IMPORT_OR_EXPORT,dsh
services/dsh/frontend/control-panel/hr/EmployeeDetailView.tsx,13,@bthwani/control-panel/shell,IMPORT_OR_EXPORT,dsh
services/dsh/frontend/control-panel/hr/EmployeeDetailView.tsx,14,@bthwani/ui-kit,IMPORT_OR_EXPORT,dsh
services/dsh/frontend/control-panel/hr/EmployeeDetailView.tsx,29,../../shared/workforce/WorkforceErrorState,IMPORT_OR_EXPORT,dsh
services/dsh/frontend/control-panel/hr/EmployeeDetailView.tsx,30,./SupervisorPicker,IMPORT_OR_EXPORT,dsh
services/dsh/frontend/control-panel/hr/FieldAgentCreateView.tsx,3,react,IMPORT_OR_EXPORT,dsh
services/dsh/frontend/control-panel/hr/FieldAgentCreateView.tsx,4,@bthwani/core-identity,IMPORT_OR_EXPORT,dsh
services/dsh/frontend/control-panel/hr/FieldAgentCreateView.tsx,5,@bthwani/control-panel/components,IMPORT_OR_EXPORT,dsh
services/dsh/frontend/control-panel/hr/FieldAgentCreateView.tsx,6,@bthwani/control-panel/shell,IMPORT_OR_EXPORT,dsh
services/dsh/frontend/control-panel/hr/FieldAgentCreateView.tsx,7,@bthwani/ui-kit,IMPORT_OR_EXPORT,dsh
services/dsh/frontend/control-panel/hr/FieldAgentCreateView.tsx,8,../../shared/workforce,IMPORT_OR_EXPORT,dsh
services/dsh/frontend/control-panel/hr/FieldAgentCreateView.tsx,9,../../shared/workforce,IMPORT_OR_EXPORT,dsh
services/dsh/frontend/control-panel/hr/FieldAgentCreateView.tsx,10,./ZonePicker,IMPORT_OR_EXPORT,dsh
services/dsh/frontend/control-panel/hr/FieldAgentDetailView.tsx,3,react,IMPORT_OR_EXPORT,dsh
services/dsh/frontend/control-panel/hr/FieldAgentDetailView.tsx,4,@bthwani/control-panel/components,IMPORT_OR_EXPORT,dsh
services/dsh/frontend/control-panel/hr/FieldAgentDetailView.tsx,5,@bthwani/control-panel/shell,IMPORT_OR_EXPORT,dsh
services/dsh/frontend/control-panel/hr/FieldAgentDetailView.tsx,6,@bthwani/ui-kit,IMPORT_OR_EXPORT,dsh
services/dsh/frontend/control-panel/hr/FieldAgentDetailView.tsx,14,../../shared/media/field-document-media,IMPORT_OR_EXPORT,dsh
services/dsh/frontend/control-panel/hr/FieldAgentDetailView.tsx,15,../shared,IMPORT_OR_EXPORT,dsh
services/dsh/frontend/control-panel/hr/FieldAgentDetailView.tsx,16,./ProviderOperationalCorePanel,IMPORT_OR_EXPORT,dsh
services/dsh/frontend/control-panel/hr/FieldAgentDetailView.tsx,17,../../shared/workforce/WorkforceErrorState,IMPORT_OR_EXPORT,dsh
services/dsh/frontend/control-panel/hr/FieldAgentDetailView.tsx,18,./SupervisorPicker,IMPORT_OR_EXPORT,dsh
services/dsh/frontend/control-panel/hr/FieldAgentDetailView.tsx,19,./ZonePicker,IMPORT_OR_EXPORT,dsh
services/dsh/frontend/control-panel/hr/ProviderDetailView.tsx,3,react,IMPORT_OR_EXPORT,dsh
services/dsh/frontend/control-panel/hr/ProviderDetailView.tsx,11,@bthwani/control-panel/shell,IMPORT_OR_EXPORT,dsh
services/dsh/frontend/control-panel/hr/ProviderDetailView.tsx,12,@bthwani/ui-kit,IMPORT_OR_EXPORT,dsh
services/dsh/frontend/control-panel/hr/ProviderDetailView.tsx,21,../../shared/workforce,IMPORT_OR_EXPORT,dsh
services/dsh/frontend/control-panel/hr/ProviderDetailView.tsx,22,../../shared/workforce/WorkforceErrorState,IMPORT_OR_EXPORT,dsh
services/dsh/frontend/control-panel/hr/ProviderDetailView.tsx,23,../../shared/media/field-document-media,IMPORT_OR_EXPORT,dsh
services/dsh/frontend/control-panel/hr/ProviderDetailView.tsx,24,../shared,IMPORT_OR_EXPORT,dsh
services/dsh/frontend/control-panel/hr/ProviderDetailView.tsx,25,./ProviderOperationalCorePanel,IMPORT_OR_EXPORT,dsh
services/dsh/frontend/control-panel/hr/ProviderListView.tsx,3,react,IMPORT_OR_EXPORT,dsh
services/dsh/frontend/control-panel/hr/ProviderListView.tsx,4,@bthwani/control-panel/components,IMPORT_OR_EXPORT,dsh
services/dsh/frontend/control-panel/hr/ProviderListView.tsx,21,@bthwani/control-panel/shell,IMPORT_OR_EXPORT,dsh
services/dsh/frontend/control-panel/hr/ProviderListView.tsx,30,../../shared/workforce,IMPORT_OR_EXPORT,dsh
services/dsh/frontend/control-panel/hr/ProviderListView.tsx,31,../../shared/workforce/WorkforceErrorState,IMPORT_OR_EXPORT,dsh
services/dsh/frontend/control-panel/hr/ProviderOperationalCorePanel.tsx,3,react,IMPORT_OR_EXPORT,dsh
services/dsh/frontend/control-panel/hr/ProviderOperationalCorePanel.tsx,4,@bthwani/control-panel/components,IMPORT_OR_EXPORT,dsh
services/dsh/frontend/control-panel/hr/ProviderOperationalCorePanel.tsx,5,@bthwani/ui-kit,IMPORT_OR_EXPORT,dsh
services/dsh/frontend/control-panel/hr/ProviderOperationalCorePanel.tsx,6,../../shared/partner/partner.api,IMPORT_OR_EXPORT,dsh
services/dsh/frontend/control-panel/hr/ProviderOperationalCorePanel.tsx,23,../../shared/media/field-document-media,IMPORT_OR_EXPORT,dsh
services/dsh/frontend/control-panel/hr/ProviderTypeSelectView.tsx,3,react,IMPORT_OR_EXPORT,dsh
services/dsh/frontend/control-panel/hr/ProviderTypeSelectView.tsx,4,@bthwani/control-panel/components,IMPORT_OR_EXPORT,dsh
services/dsh/frontend/control-panel/hr/ProviderTypeSelectView.tsx,5,@bthwani/control-panel/shell,IMPORT_OR_EXPORT,dsh
services/dsh/frontend/control-panel/hr/ProviderTypeSelectView.tsx,6,@bthwani/ui-kit,IMPORT_OR_EXPORT,dsh
services/dsh/frontend/control-panel/hr/ProviderTypeSelectView.tsx,7,../../shared/workforce,IMPORT_OR_EXPORT,dsh
services/dsh/frontend/control-panel/hr/SupervisorPicker.tsx,6,react,IMPORT_OR_EXPORT,dsh
services/dsh/frontend/control-panel/hr/SupervisorPicker.tsx,7,@bthwani/control-panel/components,IMPORT_OR_EXPORT,dsh
services/dsh/frontend/control-panel/hr/SupervisorPicker.tsx,8,@bthwani/ui-kit,IMPORT_OR_EXPORT,dsh
services/dsh/frontend/control-panel/hr/SupervisorPicker.tsx,9,../../shared/workforce,IMPORT_OR_EXPORT,dsh
services/dsh/frontend/control-panel/hr/SupervisorPicker.tsx,10,../../shared/workforce,IMPORT_OR_EXPORT,dsh
services/dsh/frontend/control-panel/hr/WorkforceHrScreen.tsx,5,react,IMPORT_OR_EXPORT,dsh
services/dsh/frontend/control-panel/hr/WorkforceHrScreen.tsx,6,next/navigation,IMPORT_OR_EXPORT,dsh
services/dsh/frontend/control-panel/hr/WorkforceHrScreen.tsx,7,../../shared/workforce,IMPORT_OR_EXPORT,dsh
services/dsh/frontend/control-panel/hr/WorkforceHrScreen.tsx,8,@bthwani/control-panel/components,IMPORT_OR_EXPORT,dsh
services/dsh/frontend/control-panel/hr/WorkforceHrScreen.tsx,9,@bthwani/control-panel/shell,IMPORT_OR_EXPORT,dsh
services/dsh/frontend/control-panel/hr/WorkforceHrScreen.tsx,11,./ProviderListView,IMPORT_OR_EXPORT,dsh
services/dsh/frontend/control-panel/hr/WorkforceHrScreen.tsx,12,./FieldAgentCreateView,IMPORT_OR_EXPORT,dsh
services/dsh/frontend/control-panel/hr/WorkforceHrScreen.tsx,13,./CaptainCreateView,IMPORT_OR_EXPORT,dsh
services/dsh/frontend/control-panel/hr/WorkforceHrScreen.tsx,14,./EmployeeCreateView,IMPORT_OR_EXPORT,dsh
services/dsh/frontend/control-panel/hr/WorkforceHrScreen.tsx,15,./FieldAgentDetailView,IMPORT_OR_EXPORT,dsh
services/dsh/frontend/control-panel/hr/WorkforceHrScreen.tsx,16,./CaptainDetailView,IMPORT_OR_EXPORT,dsh
services/dsh/frontend/control-panel/hr/WorkforceHrScreen.tsx,17,./EmployeeDetailView,IMPORT_OR_EXPORT,dsh
services/dsh/frontend/control-panel/hr/WorkforceHrScreen.tsx,18,./WorkforceReferenceView,IMPORT_OR_EXPORT,dsh
services/dsh/frontend/control-panel/hr/WorkforceReferenceView.tsx,3,react,IMPORT_OR_EXPORT,dsh
services/dsh/frontend/control-panel/hr/WorkforceReferenceView.tsx,4,@bthwani/control-panel/components,IMPORT_OR_EXPORT,dsh
services/dsh/frontend/control-panel/hr/WorkforceReferenceView.tsx,5,@bthwani/control-panel/shell,IMPORT_OR_EXPORT,dsh
services/dsh/frontend/control-panel/hr/WorkforceReferenceView.tsx,6,@bthwani/ui-kit,IMPORT_OR_EXPORT,dsh
services/dsh/frontend/control-panel/hr/WorkforceReferenceView.tsx,14,../../shared/workforce,IMPORT_OR_EXPORT,dsh
services/dsh/frontend/control-panel/hr/WorkforceScopeManager.tsx,3,react,IMPORT_OR_EXPORT,dsh
services/dsh/frontend/control-panel/hr/WorkforceScopeManager.tsx,4,@bthwani/control-panel/components,IMPORT_OR_EXPORT,dsh
services/dsh/frontend/control-panel/hr/WorkforceScopeManager.tsx,5,@bthwani/ui-kit,IMPORT_OR_EXPORT,dsh
services/dsh/frontend/control-panel/hr/ZonePicker.tsx,7,react,IMPORT_OR_EXPORT,dsh
services/dsh/frontend/control-panel/hr/ZonePicker.tsx,8,@bthwani/control-panel/components,IMPORT_OR_EXPORT,dsh
services/dsh/frontend/control-panel/hr/ZonePicker.tsx,9,@bthwani/ui-kit,IMPORT_OR_EXPORT,dsh
services/dsh/frontend/control-panel/hr/ZonePicker.tsx,10,../../shared/platform,IMPORT_OR_EXPORT,dsh
services/dsh/frontend/control-panel/hr/ZonePicker.tsx,11,../../shared/platform,IMPORT_OR_EXPORT,dsh
services/dsh/frontend/control-panel/hr/hr.types.ts,1,../../shared/hr/control-panel.hr,IMPORT_OR_EXPORT,dsh
services/dsh/frontend/control-panel/hr/index.ts,1,./WorkforceHrScreen,IMPORT_OR_EXPORT,dsh
services/dsh/frontend/control-panel/hr/index.ts,2,./WorkforceHrScreen,IMPORT_OR_EXPORT,dsh
services/dsh/frontend/control-panel/hr/index.ts,3,./hr.types,IMPORT_OR_EXPORT,dsh
services/dsh/frontend/control-panel/index.ts,1,./navigation,IMPORT_OR_EXPORT,dsh
services/dsh/frontend/control-panel/index.ts,3,./administration,IMPORT_OR_EXPORT,dsh
services/dsh/frontend/control-panel/index.ts,4,./analytics,IMPORT_OR_EXPORT,dsh
services/dsh/frontend/control-panel/index.ts,5,./catalogs,IMPORT_OR_EXPORT,dsh
services/dsh/frontend/control-panel/index.ts,6,./dashboard,IMPORT_OR_EXPORT,dsh
services/dsh/frontend/control-panel/index.ts,7,./hr,IMPORT_OR_EXPORT,dsh
services/dsh/frontend/control-panel/index.ts,8,./marketing,IMPORT_OR_EXPORT,dsh
services/dsh/frontend/control-panel/index.ts,9,./operations,IMPORT_OR_EXPORT,dsh
services/dsh/frontend/control-panel/index.ts,10,./partners,IMPORT_OR_EXPORT,dsh
services/dsh/frontend/control-panel/index.ts,11,./platform,IMPORT_OR_EXPORT,dsh
services/dsh/frontend/control-panel/index.ts,12,./support,IMPORT_OR_EXPORT,dsh
services/dsh/frontend/control-panel/maps/GoogleMapsWebCanvas.tsx,3,react,IMPORT_OR_EXPORT,dsh
services/dsh/frontend/control-panel/maps/GoogleMapsWebCanvas.tsx,4,@bthwani/control-panel/components,IMPORT_OR_EXPORT,dsh
services/dsh/frontend/control-panel/marketing/MarketingDashboardScreen.tsx,3,react,IMPORT_OR_EXPORT,dsh
services/dsh/frontend/control-panel/marketing/MarketingDashboardScreen.tsx,4,@bthwani/control-panel/components,IMPORT_OR_EXPORT,dsh
services/dsh/frontend/control-panel/marketing/MarketingDashboardScreen.tsx,5,@bthwani/control-panel/shell,IMPORT_OR_EXPORT,dsh
services/dsh/frontend/control-panel/marketing/MarketingDashboardScreen.tsx,12,./components/TickerCommandDeck,IMPORT_OR_EXPORT,dsh
services/dsh/frontend/control-panel/marketing/MarketingDashboardScreen.tsx,13,./components/CampaignsCommandDeck,IMPORT_OR_EXPORT,dsh
services/dsh/frontend/control-panel/marketing/MarketingDashboardScreen.tsx,14,./components/PartnerOffersCommandDeck,IMPORT_OR_EXPORT,dsh
services/dsh/frontend/control-panel/marketing/MarketingDashboardScreen.tsx,15,./components/SignalsMeasurementCommandDeck,IMPORT_OR_EXPORT,dsh
services/dsh/frontend/control-panel/marketing/MarketingDashboardScreen.tsx,16,./components/VisibilityGatesSection,IMPORT_OR_EXPORT,dsh
services/dsh/frontend/control-panel/marketing/MarketingDashboardScreen.tsx,17,./components/MarketingHomeDiscoveryPanel,IMPORT_OR_EXPORT,dsh
services/dsh/frontend/control-panel/marketing/MarketingDashboardScreen.tsx,18,./components/LoyaltyCommandDeck,IMPORT_OR_EXPORT,dsh
services/dsh/frontend/control-panel/marketing/MarketingDashboardScreen.tsx,19,./components/SubscriptionsCommandDeck,IMPORT_OR_EXPORT,dsh
services/dsh/frontend/control-panel/marketing/MarketingDashboardScreen.tsx,20,./components/CouponsCommandDeck,IMPORT_OR_EXPORT,dsh
services/dsh/frontend/control-panel/marketing/MarketingDashboardScreen.tsx,21,./components/LoyaltyPolicyPanel,IMPORT_OR_EXPORT,dsh
services/dsh/frontend/control-panel/marketing/components/CampaignsCommandDeck.tsx,3,@bthwani/ui-kit,IMPORT_OR_EXPORT,dsh
services/dsh/frontend/control-panel/marketing/components/CampaignsCommandDeck.tsx,4,react,IMPORT_OR_EXPORT,dsh
services/dsh/frontend/control-panel/marketing/components/CouponFundingReconciliationPanel.tsx,3,react,IMPORT_OR_EXPORT,dsh
services/dsh/frontend/control-panel/marketing/components/CouponFundingReconciliationPanel.tsx,4,@bthwani/ui-kit,IMPORT_OR_EXPORT,dsh
services/dsh/frontend/control-panel/marketing/components/CouponFundingReconciliationPanel.tsx,5,@bthwani/control-panel/components,IMPORT_OR_EXPORT,dsh
services/dsh/frontend/control-panel/marketing/components/CouponFundingReconciliationPanel.tsx,6,@bthwani/wlt/dsh,IMPORT_OR_EXPORT,dsh
services/dsh/frontend/control-panel/marketing/components/CouponFundingReconciliationPanel.tsx,7,../../../shared/marketing/coupons.types,IMPORT_OR_EXPORT,dsh
services/dsh/frontend/control-panel/marketing/components/CouponTermsEditor.tsx,3,react,IMPORT_OR_EXPORT,dsh
services/dsh/frontend/control-panel/marketing/components/CouponTermsEditor.tsx,4,@bthwani/ui-kit,IMPORT_OR_EXPORT,dsh
services/dsh/frontend/control-panel/marketing/components/CouponTermsEditor.tsx,9,@bthwani/control-panel/components,IMPORT_OR_EXPORT,dsh
services/dsh/frontend/control-panel/marketing/components/CouponsCommandDeck.tsx,3,react,IMPORT_OR_EXPORT,dsh
services/dsh/frontend/control-panel/marketing/components/CouponsCommandDeck.tsx,4,@bthwani/ui-kit,IMPORT_OR_EXPORT,dsh
services/dsh/frontend/control-panel/marketing/components/CouponsCommandDeck.tsx,5,@bthwani/wlt/dsh,IMPORT_OR_EXPORT,dsh
services/dsh/frontend/control-panel/marketing/components/CouponsCommandDeck.tsx,6,@bthwani/control-panel/components,IMPORT_OR_EXPORT,dsh
services/dsh/frontend/control-panel/marketing/components/CouponsCommandDeck.tsx,7,../../../shared/marketing/use-coupons-controller,IMPORT_OR_EXPORT,dsh
services/dsh/frontend/control-panel/marketing/components/CouponsCommandDeck.tsx,15,./CouponFundingReconciliationPanel,IMPORT_OR_EXPORT,dsh
services/dsh/frontend/control-panel/marketing/components/CouponsCommandDeck.tsx,16,./CouponTermsEditor,IMPORT_OR_EXPORT,dsh
services/dsh/frontend/control-panel/marketing/components/LoyaltyCommandDeck.tsx,3,react,IMPORT_OR_EXPORT,dsh
services/dsh/frontend/control-panel/marketing/components/LoyaltyCommandDeck.tsx,4,@bthwani/ui-kit,IMPORT_OR_EXPORT,dsh
services/dsh/frontend/control-panel/marketing/components/LoyaltyCommandDeck.tsx,5,@bthwani/control-panel/components,IMPORT_OR_EXPORT,dsh
services/dsh/frontend/control-panel/marketing/components/LoyaltyCommandDeck.tsx,6,../../../shared/marketing,IMPORT_OR_EXPORT,dsh
services/dsh/frontend/control-panel/marketing/components/LoyaltyPolicyPanel.tsx,3,react,IMPORT_OR_EXPORT,dsh
services/dsh/frontend/control-panel/marketing/components/LoyaltyPolicyPanel.tsx,4,@bthwani/ui-kit,IMPORT_OR_EXPORT,dsh
services/dsh/frontend/control-panel/marketing/components/LoyaltyPolicyPanel.tsx,10,@bthwani/control-panel/components,IMPORT_OR_EXPORT,dsh
services/dsh/frontend/control-panel/marketing/components/MarketingHomeDiscoveryPanel.tsx,3,react,IMPORT_OR_EXPORT,dsh
services/dsh/frontend/control-panel/marketing/components/MarketingHomeDiscoveryPanel.tsx,4,@bthwani/ui-kit,IMPORT_OR_EXPORT,dsh
services/dsh/frontend/control-panel/marketing/components/MarketingHomeDiscoveryPanel.tsx,5,@bthwani/ui-kit/web,IMPORT_OR_EXPORT,dsh
services/dsh/frontend/control-panel/marketing/components/MarketingHomeDiscoveryPanel.tsx,17,@bthwani/core-identity,IMPORT_OR_EXPORT,dsh
services/dsh/frontend/control-panel/marketing/components/NotBackedNotice.tsx,1,@bthwani/ui-kit,IMPORT_OR_EXPORT,dsh
services/dsh/frontend/control-panel/marketing/components/NotBackedNotice.tsx,2,react,IMPORT_OR_EXPORT,dsh
services/dsh/frontend/control-panel/marketing/components/PartnerOffersCommandDeck.tsx,3,@bthwani/ui-kit,IMPORT_OR_EXPORT,dsh
services/dsh/frontend/control-panel/marketing/components/PartnerOffersCommandDeck.tsx,4,react,IMPORT_OR_EXPORT,dsh
services/dsh/frontend/control-panel/marketing/components/PartnerOffersCommandDeck.tsx,14,../../../shared/marketing,IMPORT_OR_EXPORT,dsh
services/dsh/frontend/control-panel/marketing/components/PartnerOffersCommandDeck.tsx,15,../../../shared/partner/dsh-partner-offer-types,IMPORT_OR_EXPORT,dsh
services/dsh/frontend/control-panel/marketing/components/SignalsMeasurementCommandDeck.tsx,2,@bthwani/ui-kit,IMPORT_OR_EXPORT,dsh
services/dsh/frontend/control-panel/marketing/components/SignalsMeasurementCommandDeck.tsx,3,../../../shared/marketing,IMPORT_OR_EXPORT,dsh
services/dsh/frontend/control-panel/marketing/components/SignalsMeasurementCommandDeck.tsx,4,./NotBackedNotice,IMPORT_OR_EXPORT,dsh
services/dsh/frontend/control-panel/marketing/components/SubscriptionsCommandDeck.tsx,3,react,IMPORT_OR_EXPORT,dsh
services/dsh/frontend/control-panel/marketing/components/SubscriptionsCommandDeck.tsx,4,@bthwani/ui-kit,IMPORT_OR_EXPORT,dsh
services/dsh/frontend/control-panel/marketing/components/SubscriptionsCommandDeck.tsx,5,@bthwani/control-panel/components,IMPORT_OR_EXPORT,dsh
services/dsh/frontend/control-panel/marketing/components/SubscriptionsCommandDeck.tsx,6,@bthwani/wlt/dsh,IMPORT_OR_EXPORT,dsh
services/dsh/frontend/control-panel/marketing/components/SubscriptionsCommandDeck.tsx,7,../../../shared/marketing,IMPORT_OR_EXPORT,dsh
services/dsh/frontend/control-panel/marketing/components/TickerCommandDeck.tsx,2,@bthwani/ui-kit,IMPORT_OR_EXPORT,dsh
services/dsh/frontend/control-panel/marketing/components/TickerCommandDeck.tsx,3,react,IMPORT_OR_EXPORT,dsh
services/dsh/frontend/control-panel/marketing/components/TickerCommandDeck.tsx,13,../../../shared/marketing,IMPORT_OR_EXPORT,dsh
services/dsh/frontend/control-panel/marketing/components/TickerCommandDeck.tsx,14,../../../shared/marketing,IMPORT_OR_EXPORT,dsh
services/dsh/frontend/control-panel/marketing/components/TickerCommandDeck.tsx,15,./NotBackedNotice,IMPORT_OR_EXPORT,dsh
services/dsh/frontend/control-panel/marketing/components/VisibilityGatesSection.tsx,3,@bthwani/ui-kit,IMPORT_OR_EXPORT,dsh
services/dsh/frontend/control-panel/marketing/components/VisibilityGatesSection.tsx,4,react,IMPORT_OR_EXPORT,dsh
services/dsh/frontend/control-panel/marketing/components/VisibilityGatesSection.tsx,5,@bthwani/control-panel/components,IMPORT_OR_EXPORT,dsh
services/dsh/frontend/control-panel/marketing/index.ts,1,./MarketingDashboardScreen,IMPORT_OR_EXPORT,dsh
services/dsh/frontend/control-panel/operations/AreaCapacityScreen.tsx,3,react,IMPORT_OR_EXPORT,dsh
services/dsh/frontend/control-panel/operations/AreaCapacityScreen.tsx,4,@bthwani/ui-kit,IMPORT_OR_EXPORT,dsh
services/dsh/frontend/control-panel/operations/AreaCapacityScreen.tsx,11,../../shared/platform/platform-policies.types,IMPORT_OR_EXPORT,dsh
services/dsh/frontend/control-panel/operations/AreaCapacityScreen.tsx,16,../shared/control-panel-surface.module.css,IMPORT_OR_EXPORT,dsh
services/dsh/frontend/control-panel/operations/AssistedOrderDeskScreen.tsx,3,react,IMPORT_OR_EXPORT,dsh
services/dsh/frontend/control-panel/operations/AssistedOrderDeskScreen.tsx,4,next/navigation,IMPORT_OR_EXPORT,dsh
services/dsh/frontend/control-panel/operations/AssistedOrderDeskScreen.tsx,5,@bthwani/ui-kit,IMPORT_OR_EXPORT,dsh
services/dsh/frontend/control-panel/operations/AssistedOrderDeskScreen.tsx,6,./operations.registry,IMPORT_OR_EXPORT,dsh
services/dsh/frontend/control-panel/operations/AuditSupportSlaScreen.tsx,3,react,IMPORT_OR_EXPORT,dsh
services/dsh/frontend/control-panel/operations/AuditSupportSlaScreen.tsx,4,@bthwani/ui-kit,IMPORT_OR_EXPORT,dsh
services/dsh/frontend/control-panel/operations/AuditSupportSlaScreen.tsx,11,./AuditTrailDetailWorkspace,IMPORT_OR_EXPORT,dsh
services/dsh/frontend/control-panel/operations/AuditTrailDetailWorkspace.tsx,3,react,IMPORT_OR_EXPORT,dsh
services/dsh/frontend/control-panel/operations/AuditTrailDetailWorkspace.tsx,4,@bthwani/ui-kit,IMPORT_OR_EXPORT,dsh
services/dsh/frontend/control-panel/operations/AuditTrailDetailWorkspace.tsx,5,@bthwani/ui-kit/web,IMPORT_OR_EXPORT,dsh
services/dsh/frontend/control-panel/operations/AuditTrailDetailWorkspace.tsx,6,../../shared/operations/dsh-operational-runtime-adapter,IMPORT_OR_EXPORT,dsh
services/dsh/frontend/control-panel/operations/AwnakScreen.tsx,3,react,IMPORT_OR_EXPORT,dsh
services/dsh/frontend/control-panel/operations/AwnakScreen.tsx,4,./SpecialOpsWorkbenchScreen,IMPORT_OR_EXPORT,dsh
services/dsh/frontend/control-panel/operations/CartActivityScreen.tsx,3,@bthwani/control-panel/components,IMPORT_OR_EXPORT,dsh
services/dsh/frontend/control-panel/operations/CartActivityScreen.tsx,4,@bthwani/control-panel/shell,IMPORT_OR_EXPORT,dsh
services/dsh/frontend/control-panel/operations/CartActivityScreen.tsx,5,../../shared/cart,IMPORT_OR_EXPORT,dsh
services/dsh/frontend/control-panel/operations/CartActivityScreen.tsx,6,../../shared/cart,IMPORT_OR_EXPORT,dsh
services/dsh/frontend/control-panel/operations/CheckoutActivityScreen.tsx,15,@bthwani/control-panel/components,IMPORT_OR_EXPORT,dsh
services/dsh/frontend/control-panel/operations/CheckoutActivityScreen.tsx,16,@bthwani/control-panel/shell,IMPORT_OR_EXPORT,dsh
services/dsh/frontend/control-panel/operations/CheckoutActivityScreen.tsx,17,@bthwani/ui-kit/web,IMPORT_OR_EXPORT,dsh
services/dsh/frontend/control-panel/operations/CheckoutActivityScreen.tsx,18,../../shared/checkout,IMPORT_OR_EXPORT,dsh
services/dsh/frontend/control-panel/operations/CheckoutActivityScreen.tsx,19,../../shared/checkout,IMPORT_OR_EXPORT,dsh
services/dsh/frontend/control-panel/operations/CommandCenterScreen.tsx,3,react,IMPORT_OR_EXPORT,dsh
services/dsh/frontend/control-panel/operations/CommandCenterScreen.tsx,4,next/navigation,IMPORT_OR_EXPORT,dsh
services/dsh/frontend/control-panel/operations/CommandCenterScreen.tsx,5,@bthwani/ui-kit,IMPORT_OR_EXPORT,dsh
services/dsh/frontend/control-panel/operations/CommandCenterScreen.tsx,10,@bthwani/control-panel/shell,IMPORT_OR_EXPORT,dsh
services/dsh/frontend/control-panel/operations/CommandCenterScreen.tsx,11,../navigation,IMPORT_OR_EXPORT,dsh
services/dsh/frontend/control-panel/operations/CommandCenterScreen.tsx,12,@bthwani/control-panel/components,IMPORT_OR_EXPORT,dsh
services/dsh/frontend/control-panel/operations/CommandCenterScreen.tsx,13,../../shared/orders/orders.contract,IMPORT_OR_EXPORT,dsh
services/dsh/frontend/control-panel/operations/CommandCenterScreen.tsx,14,../../shared/operations,IMPORT_OR_EXPORT,dsh
services/dsh/frontend/control-panel/operations/CommandCenterScreen.tsx,15,../../shared/platform/use-platform-policies-controller,IMPORT_OR_EXPORT,dsh
services/dsh/frontend/control-panel/operations/CommandCenterScreen.tsx,16,../../shared/analytics/use-analytics-controller,IMPORT_OR_EXPORT,dsh
services/dsh/frontend/control-panel/operations/CommandCenterScreen.tsx,17,../shared/control-panel-surface.module.css,IMPORT_OR_EXPORT,dsh
services/dsh/frontend/control-panel/operations/ControlPanelDshSheinProxyScreen.tsx,3,react,IMPORT_OR_EXPORT,dsh
services/dsh/frontend/control-panel/operations/ControlPanelDshSheinProxyScreen.tsx,4,./SpecialOpsWorkbenchScreen,IMPORT_OR_EXPORT,dsh
services/dsh/frontend/control-panel/operations/DeliveryProofReviewScreen.tsx,3,react,IMPORT_OR_EXPORT,dsh
services/dsh/frontend/control-panel/operations/DeliveryProofReviewScreen.tsx,13,@bthwani/control-panel/components,IMPORT_OR_EXPORT,dsh
services/dsh/frontend/control-panel/operations/DispatchOperationsPanel.tsx,3,react,IMPORT_OR_EXPORT,dsh
services/dsh/frontend/control-panel/operations/DispatchOperationsPanel.tsx,4,@bthwani/ui-kit,IMPORT_OR_EXPORT,dsh
services/dsh/frontend/control-panel/operations/DispatchOperationsPanel.tsx,20,@bthwani/control-panel/shell,IMPORT_OR_EXPORT,dsh
services/dsh/frontend/control-panel/operations/DispatchOperationsPanel.tsx,21,../../shared/operations,IMPORT_OR_EXPORT,dsh
services/dsh/frontend/control-panel/operations/DispatchOperationsPanel.tsx,22,../../shared/dispatch,IMPORT_OR_EXPORT,dsh
services/dsh/frontend/control-panel/operations/ExceptionsEscalationsScreen.tsx,3,react,IMPORT_OR_EXPORT,dsh
services/dsh/frontend/control-panel/operations/ExceptionsEscalationsScreen.tsx,4,next/navigation,IMPORT_OR_EXPORT,dsh
services/dsh/frontend/control-panel/operations/ExceptionsEscalationsScreen.tsx,5,@bthwani/ui-kit,IMPORT_OR_EXPORT,dsh
services/dsh/frontend/control-panel/operations/ExceptionsEscalationsScreen.tsx,17,@bthwani/control-panel/shell,IMPORT_OR_EXPORT,dsh
services/dsh/frontend/control-panel/operations/ExceptionsEscalationsScreen.tsx,40,../../shared/workforce,IMPORT_OR_EXPORT,dsh
services/dsh/frontend/control-panel/operations/ExceptionsEscalationsScreen.tsx,41,./operations.registry,IMPORT_OR_EXPORT,dsh
services/dsh/frontend/control-panel/operations/GeoHeatmapScreen.tsx,3,react,IMPORT_OR_EXPORT,dsh
services/dsh/frontend/control-panel/operations/GeoHeatmapScreen.tsx,4,@bthwani/ui-kit,IMPORT_OR_EXPORT,dsh
services/dsh/frontend/control-panel/operations/OperationsHubScreen.tsx,3,react,IMPORT_OR_EXPORT,dsh
services/dsh/frontend/control-panel/operations/OperationsHubScreen.tsx,4,next/navigation,IMPORT_OR_EXPORT,dsh
services/dsh/frontend/control-panel/operations/OperationsHubScreen.tsx,5,@bthwani/ui-kit,IMPORT_OR_EXPORT,dsh
services/dsh/frontend/control-panel/operations/OperationsHubScreen.tsx,6,@bthwani/control-panel/components,IMPORT_OR_EXPORT,dsh
services/dsh/frontend/control-panel/operations/OperationsHubScreen.tsx,13,../navigation,IMPORT_OR_EXPORT,dsh
services/dsh/frontend/control-panel/operations/OperationsHubScreen.tsx,14,../shared/control-panel-surface.module.css,IMPORT_OR_EXPORT,dsh
services/dsh/frontend/control-panel/operations/OperationsHubScreen.tsx,21,@bthwani/core-identity,IMPORT_OR_EXPORT,dsh
services/dsh/frontend/control-panel/operations/OperationsHubScreen.tsx,24,./CommandCenterScreen,IMPORT_OR_EXPORT,dsh
services/dsh/frontend/control-panel/operations/OperationsHubScreen.tsx,27,./CartActivityScreen,IMPORT_OR_EXPORT,dsh
services/dsh/frontend/control-panel/operations/OperationsHubScreen.tsx,30,./CheckoutActivityScreen,IMPORT_OR_EXPORT,dsh
services/dsh/frontend/control-panel/operations/OperationsHubScreen.tsx,33,./LiveOrdersScreen,IMPORT_OR_EXPORT,dsh
services/dsh/frontend/control-panel/operations/OperationsHubScreen.tsx,36,./PickupWorkbenchScreen,IMPORT_OR_EXPORT,dsh
services/dsh/frontend/control-panel/operations/OperationsHubScreen.tsx,39,./DeliveryProofReviewScreen,IMPORT_OR_EXPORT,dsh
services/dsh/frontend/control-panel/operations/OperationsHubScreen.tsx,42,./DispatchAssignmentScreen,IMPORT_OR_EXPORT,dsh
services/dsh/frontend/control-panel/operations/OperationsHubScreen.tsx,45,./SpecialOpsWorkbenchScreen,IMPORT_OR_EXPORT,dsh
services/dsh/frontend/control-panel/operations/OperationsHubScreen.tsx,48,./PartnerStoresScreen,IMPORT_OR_EXPORT,dsh
services/dsh/frontend/control-panel/operations/OperationsHubScreen.tsx,51,./AreaCapacityScreen,IMPORT_OR_EXPORT,dsh
services/dsh/frontend/control-panel/operations/OperationsHubScreen.tsx,54,./ExceptionsEscalationsScreen,IMPORT_OR_EXPORT,dsh
services/dsh/frontend/control-panel/operations/OrderJourneyDispatchAssignmentScreen.tsx,3,react,IMPORT_OR_EXPORT,dsh
services/dsh/frontend/control-panel/operations/OrderJourneyDispatchAssignmentScreen.tsx,4,@bthwani/ui-kit,IMPORT_OR_EXPORT,dsh
services/dsh/frontend/control-panel/operations/OrderJourneyDispatchAssignmentScreen.tsx,10,../shared/control-panel-surface.module.css,IMPORT_OR_EXPORT,dsh
services/dsh/frontend/control-panel/operations/OrderJourneyDispatchAssignmentScreen.tsx,11,../../shared/operations/use-operator-order-workboard,IMPORT_OR_EXPORT,dsh
services/dsh/frontend/control-panel/operations/OrderJourneyDispatchAssignmentScreen.tsx,17,../../shared/operations/use-dispatch-captain-options,IMPORT_OR_EXPORT,dsh
services/dsh/frontend/control-panel/operations/OrderJourneyDispatchAssignmentScreen.tsx,18,../../shared/operations,IMPORT_OR_EXPORT,dsh
services/dsh/frontend/control-panel/operations/OrderJourneyDispatchAssignmentScreen.tsx,19,./DispatchOperationsPanel,IMPORT_OR_EXPORT,dsh
services/dsh/frontend/control-panel/operations/OrderJourneyLiveOrdersScreen.tsx,3,react,IMPORT_OR_EXPORT,dsh
services/dsh/frontend/control-panel/operations/OrderJourneyLiveOrdersScreen.tsx,4,next/navigation,IMPORT_OR_EXPORT,dsh
services/dsh/frontend/control-panel/operations/OrderJourneyLiveOrdersScreen.tsx,5,@bthwani/ui-kit,IMPORT_OR_EXPORT,dsh
services/dsh/frontend/control-panel/operations/OrderJourneyLiveOrdersScreen.tsx,11,../shared/control-panel-surface.module.css,IMPORT_OR_EXPORT,dsh
services/dsh/frontend/control-panel/operations/OrderJourneyLiveOrdersScreen.tsx,17,../../shared/order-truth,IMPORT_OR_EXPORT,dsh
services/dsh/frontend/control-panel/operations/OrderJourneyLiveOrdersScreen.tsx,18,@bthwani/wlt/dsh,IMPORT_OR_EXPORT,dsh
services/dsh/frontend/control-panel/operations/OrderJourneyLiveOrdersScreen.tsx,19,../../shared/operations/use-operator-order-workboard,IMPORT_OR_EXPORT,dsh
services/dsh/frontend/control-panel/operations/OrderJourneyLiveOrdersScreen.tsx,20,../../shared/operations,IMPORT_OR_EXPORT,dsh
services/dsh/frontend/control-panel/operations/OrderJourneyLiveOrdersScreen.tsx,21,../shared/ControlPanelDshDecisionBoard,IMPORT_OR_EXPORT,dsh
services/dsh/frontend/control-panel/operations/OrderJourneyLiveOrdersScreen.tsx,22,./operations.registry,IMPORT_OR_EXPORT,dsh
services/dsh/frontend/control-panel/operations/OrderJourneyLiveOrdersScreen.tsx,23,./OrderJourneyOperatorIntervention,IMPORT_OR_EXPORT,dsh
services/dsh/frontend/control-panel/operations/OrderJourneyLiveOrdersScreen.tsx,24,./OrderPreparationAlertsPanel,IMPORT_OR_EXPORT,dsh
services/dsh/frontend/control-panel/operations/OrderJourneyLiveOrdersScreen.tsx,25,./PartnerDeliverySLAAlertsPanel,IMPORT_OR_EXPORT,dsh
services/dsh/frontend/control-panel/operations/OrderJourneyLiveOrdersScreen.tsx,26,./PickupSLAAlertsPanel,IMPORT_OR_EXPORT,dsh
services/dsh/frontend/control-panel/operations/OrderJourneyOperatorIntervention.tsx,3,react,IMPORT_OR_EXPORT,dsh
services/dsh/frontend/control-panel/operations/OrderJourneyOperatorIntervention.tsx,4,@bthwani/ui-kit,IMPORT_OR_EXPORT,dsh
services/dsh/frontend/control-panel/operations/OrderJourneyOperatorIntervention.tsx,15,../../shared/partner-delivery/use-partner-delivery-controller,IMPORT_OR_EXPORT,dsh
services/dsh/frontend/control-panel/operations/OrderJourneyOperatorIntervention.tsx,16,../../shared/partner-delivery/PartnerDeliveryStatusCard,IMPORT_OR_EXPORT,dsh
services/dsh/frontend/control-panel/operations/OrderPreparationAlertsPanel.tsx,3,react,IMPORT_OR_EXPORT,dsh
services/dsh/frontend/control-panel/operations/OrderPreparationAlertsPanel.tsx,4,@bthwani/ui-kit,IMPORT_OR_EXPORT,dsh
services/dsh/frontend/control-panel/operations/OrderRescueScreen.tsx,3,react,IMPORT_OR_EXPORT,dsh
services/dsh/frontend/control-panel/operations/PartnerDeliverySLAAlertsPanel.tsx,3,react,IMPORT_OR_EXPORT,dsh
services/dsh/frontend/control-panel/operations/PartnerDeliverySLAAlertsPanel.tsx,4,@bthwani/ui-kit,IMPORT_OR_EXPORT,dsh
services/dsh/frontend/control-panel/operations/PartnerDeliveryWorkbenchScreen.tsx,3,react,IMPORT_OR_EXPORT,dsh
services/dsh/frontend/control-panel/operations/PartnerDeliveryWorkbenchScreen.tsx,4,@bthwani/ui-kit,IMPORT_OR_EXPORT,dsh
services/dsh/frontend/control-panel/operations/PartnerDeliveryWorkbenchScreen.tsx,11,../../shared/partner-delivery/use-partner-delivery-controller,IMPORT_OR_EXPORT,dsh
services/dsh/frontend/control-panel/operations/PartnerDeliveryWorkbenchScreen.tsx,12,./operations.types,IMPORT_OR_EXPORT,dsh
services/dsh/frontend/control-panel/operations/PartnerStoresScreen.tsx,3,react,IMPORT_OR_EXPORT,dsh
services/dsh/frontend/control-panel/operations/PartnerStoresScreen.tsx,4,next/navigation,IMPORT_OR_EXPORT,dsh
services/dsh/frontend/control-panel/operations/PartnerStoresScreen.tsx,5,@bthwani/ui-kit,IMPORT_OR_EXPORT,dsh
services/dsh/frontend/control-panel/operations/PartnerStoresScreen.tsx,12,@bthwani/core-identity,IMPORT_OR_EXPORT,dsh
services/dsh/frontend/control-panel/operations/PartnerStoresScreen.tsx,13,./operations.registry,IMPORT_OR_EXPORT,dsh
services/dsh/frontend/control-panel/operations/PartnerStoresScreen.tsx,14,../../shared/store,IMPORT_OR_EXPORT,dsh
services/dsh/frontend/control-panel/operations/PartnerStoresScreen.tsx,15,../shared/control-panel-surface.module.css,IMPORT_OR_EXPORT,dsh
services/dsh/frontend/control-panel/operations/PickupSLAAlertsPanel.tsx,3,react,IMPORT_OR_EXPORT,dsh
services/dsh/frontend/control-panel/operations/PickupSLAAlertsPanel.tsx,4,@bthwani/ui-kit,IMPORT_OR_EXPORT,dsh
services/dsh/frontend/control-panel/operations/PickupWorkbenchScreen.tsx,3,react,IMPORT_OR_EXPORT,dsh
services/dsh/frontend/control-panel/operations/PickupWorkbenchScreen.tsx,4,@bthwani/ui-kit,IMPORT_OR_EXPORT,dsh
services/dsh/frontend/control-panel/operations/PickupWorkbenchScreen.tsx,11,../../shared/pickup/use-pickup-controller,IMPORT_OR_EXPORT,dsh
services/dsh/frontend/control-panel/operations/SpecialOpsWorkbenchScreen.tsx,1,react,IMPORT_OR_EXPORT,dsh
services/dsh/frontend/control-panel/operations/SpecialOpsWorkbenchScreen.tsx,2,@bthwani/ui-kit,IMPORT_OR_EXPORT,dsh
services/dsh/frontend/control-panel/operations/SpecialOpsWorkbenchScreen.tsx,3,../../shared/special-requests/OperatorSpecialRequestsWorkbench,IMPORT_OR_EXPORT,dsh
services/dsh/frontend/control-panel/operations/SpecialOpsWorkbenchScreen.tsx,4,./operations.types,IMPORT_OR_EXPORT,dsh
services/dsh/frontend/control-panel/operations/components/AssistedOrderDesk.types.ts,1,../../../shared/delivery/delivery.contract,IMPORT_OR_EXPORT,dsh
services/dsh/frontend/control-panel/operations/components/AssistedOrderDeskInspector.tsx,3,react,IMPORT_OR_EXPORT,dsh
services/dsh/frontend/control-panel/operations/components/AssistedOrderDeskInspector.tsx,4,@bthwani/ui-kit,IMPORT_OR_EXPORT,dsh
services/dsh/frontend/control-panel/operations/components/AssistedOrderDeskInspector.tsx,5,../../shared/control-panel-surface.module.css,IMPORT_OR_EXPORT,dsh
services/dsh/frontend/control-panel/operations/components/ExceptionsExceptionInspector.tsx,3,react,IMPORT_OR_EXPORT,dsh
services/dsh/frontend/control-panel/operations/components/ExceptionsExceptionInspector.tsx,4,@bthwani/ui-kit,IMPORT_OR_EXPORT,dsh
services/dsh/frontend/control-panel/operations/components/ExceptionsExceptionInspector.tsx,5,@bthwani/ui-kit/web,IMPORT_OR_EXPORT,dsh
services/dsh/frontend/control-panel/operations/components/ExceptionsExceptionInspector.tsx,6,../../../shared/orders,IMPORT_OR_EXPORT,dsh
services/dsh/frontend/control-panel/operations/components/ExceptionsExceptionInspector.tsx,7,../../shared/ControlPanelDshDecisionBoard,IMPORT_OR_EXPORT,dsh
services/dsh/frontend/control-panel/operations/components/ExceptionsExceptionInspector.tsx,13,../../shared/control-panel-surface.module.css,IMPORT_OR_EXPORT,dsh
services/dsh/frontend/control-panel/operations/components/ExceptionsFlowInspector.tsx,3,react,IMPORT_OR_EXPORT,dsh
services/dsh/frontend/control-panel/operations/components/ExceptionsFlowInspector.tsx,4,@bthwani/ui-kit,IMPORT_OR_EXPORT,dsh
services/dsh/frontend/control-panel/operations/components/ExceptionsFlowInspector.tsx,5,@bthwani/ui-kit/web,IMPORT_OR_EXPORT,dsh
services/dsh/frontend/control-panel/operations/components/ExceptionsFlowInspector.tsx,10,../../../shared/orders/orders.contract,IMPORT_OR_EXPORT,dsh
services/dsh/frontend/control-panel/operations/geo-heatmap.helpers.ts,1,../../shared/operations/geo-heatmap.helpers,IMPORT_OR_EXPORT,dsh
services/dsh/frontend/control-panel/operations/index.ts,25,./OperationsHubScreen,IMPORT_OR_EXPORT,dsh
services/dsh/frontend/control-panel/operations/index.ts,26,./OperationsHubScreen,IMPORT_OR_EXPORT,dsh
services/dsh/frontend/control-panel/operations/index.ts,27,./ControlPanelDshSheinProxyScreen,IMPORT_OR_EXPORT,dsh
services/dsh/frontend/control-panel/operations/index.ts,28,./AwnakScreen,IMPORT_OR_EXPORT,dsh
services/dsh/frontend/control-panel/operations/index.ts,29,./CommandCenterScreen,IMPORT_OR_EXPORT,dsh
services/dsh/frontend/control-panel/operations/index.ts,30,./CartActivityScreen,IMPORT_OR_EXPORT,dsh
services/dsh/frontend/control-panel/operations/index.ts,31,./CheckoutActivityScreen,IMPORT_OR_EXPORT,dsh
services/dsh/frontend/control-panel/operations/index.ts,32,./LiveOrdersScreen,IMPORT_OR_EXPORT,dsh
services/dsh/frontend/control-panel/operations/index.ts,33,./DispatchAssignmentScreen,IMPORT_OR_EXPORT,dsh
services/dsh/frontend/control-panel/operations/index.ts,34,./PartnerStoresScreen,IMPORT_OR_EXPORT,dsh
services/dsh/frontend/control-panel/operations/index.ts,35,./AreaCapacityScreen,IMPORT_OR_EXPORT,dsh
services/dsh/frontend/control-panel/operations/index.ts,36,./ExceptionsEscalationsScreen,IMPORT_OR_EXPORT,dsh
services/dsh/frontend/control-panel/operations/index.ts,37,./PartnerDeliveryWorkbenchScreen,IMPORT_OR_EXPORT,dsh
services/dsh/frontend/control-panel/operations/index.ts,38,./PickupWorkbenchScreen,IMPORT_OR_EXPORT,dsh
services/dsh/frontend/control-panel/operations/operations.registry.ts,3,../../shared/operations,IMPORT_OR_EXPORT,dsh
services/dsh/frontend/control-panel/operations/operations.types.ts,3,../../shared/operations/operations.types,IMPORT_OR_EXPORT,dsh
services/dsh/frontend/control-panel/partners/PartnerCreatePanel.tsx,3,react,IMPORT_OR_EXPORT,dsh
services/dsh/frontend/control-panel/partners/PartnerCreatePanel.tsx,4,@bthwani/control-panel/components,IMPORT_OR_EXPORT,dsh
services/dsh/frontend/control-panel/partners/PartnerCreatePanel.tsx,5,../../shared/partner,IMPORT_OR_EXPORT,dsh
services/dsh/frontend/control-panel/partners/PartnerDetailOperationalScreen.tsx,3,react,IMPORT_OR_EXPORT,dsh
services/dsh/frontend/control-panel/partners/PartnerDetailOperationalScreen.tsx,4,@bthwani/ui-kit,IMPORT_OR_EXPORT,dsh
services/dsh/frontend/control-panel/partners/PartnerDetailOperationalScreen.tsx,5,@bthwani/control-panel/components,IMPORT_OR_EXPORT,dsh
services/dsh/frontend/control-panel/partners/PartnerDetailOperationalScreen.tsx,21,@bthwani/control-panel/shell,IMPORT_OR_EXPORT,dsh
services/dsh/frontend/control-panel/partners/PartnerDetailOperationalScreen.tsx,30,../../shared/partner,IMPORT_OR_EXPORT,dsh
services/dsh/frontend/control-panel/partners/PartnerDetailOperationalScreen.tsx,31,./stores/OperatorDeliveryPricingPanel,IMPORT_OR_EXPORT,dsh
services/dsh/frontend/control-panel/partners/PartnerDetailUnifiedScreen.tsx,3,react,IMPORT_OR_EXPORT,dsh
services/dsh/frontend/control-panel/partners/PartnerDetailUnifiedScreen.tsx,4,@bthwani/ui-kit,IMPORT_OR_EXPORT,dsh
services/dsh/frontend/control-panel/partners/PartnerDetailUnifiedScreen.tsx,5,@bthwani/control-panel/components,IMPORT_OR_EXPORT,dsh
services/dsh/frontend/control-panel/partners/PartnerDetailUnifiedScreen.tsx,21,@bthwani/control-panel/shell,IMPORT_OR_EXPORT,dsh
services/dsh/frontend/control-panel/partners/PartnerDetailUnifiedScreen.tsx,22,@bthwani/core-identity,IMPORT_OR_EXPORT,dsh
services/dsh/frontend/control-panel/partners/PartnerDetailUnifiedScreen.tsx,33,./stores/OperatorDeliveryPricingPanel,IMPORT_OR_EXPORT,dsh
services/dsh/frontend/control-panel/partners/PartnerGovernanceWorkspaceScreen.tsx,3,@bthwani/control-panel/components,IMPORT_OR_EXPORT,dsh
services/dsh/frontend/control-panel/partners/PartnerGovernanceWorkspaceScreen.tsx,15,@bthwani/control-panel/shell,IMPORT_OR_EXPORT,dsh
services/dsh/frontend/control-panel/partners/PartnerListScreen.tsx,3,@bthwani/control-panel/components,IMPORT_OR_EXPORT,dsh
services/dsh/frontend/control-panel/partners/PartnerListScreen.tsx,16,@bthwani/control-panel/shell,IMPORT_OR_EXPORT,dsh
services/dsh/frontend/control-panel/partners/PartnerListScreen.tsx,17,@bthwani/core-identity,IMPORT_OR_EXPORT,dsh
services/dsh/frontend/control-panel/partners/PartnerListScreen.tsx,18,../../shared/partner,IMPORT_OR_EXPORT,dsh
services/dsh/frontend/control-panel/partners/PartnersReviewQueueScreen.tsx,3,react,IMPORT_OR_EXPORT,dsh
services/dsh/frontend/control-panel/partners/PartnersReviewQueueScreen.tsx,4,next/navigation,IMPORT_OR_EXPORT,dsh
services/dsh/frontend/control-panel/partners/PartnersReviewQueueScreen.tsx,14,@bthwani/control-panel/shell,IMPORT_OR_EXPORT,dsh
services/dsh/frontend/control-panel/partners/PartnersReviewQueueScreen.tsx,15,@bthwani/core-identity,IMPORT_OR_EXPORT,dsh
services/dsh/frontend/control-panel/partners/PartnersReviewQueueScreen.tsx,16,../../shared/partner,IMPORT_OR_EXPORT,dsh
services/dsh/frontend/control-panel/partners/PartnersReviewQueueScreen.tsx,17,./PartnerListScreen,IMPORT_OR_EXPORT,dsh
services/dsh/frontend/control-panel/partners/PartnersReviewQueueScreen.tsx,18,./stores/StoreManagementScreen,IMPORT_OR_EXPORT,dsh
services/dsh/frontend/control-panel/partners/PartnersReviewQueueScreen.tsx,19,./field-readiness/FieldReadinessQueueScreen,IMPORT_OR_EXPORT,dsh
services/dsh/frontend/control-panel/partners/PartnersReviewQueueScreen.tsx,20,./PartnerGovernanceWorkspaceScreen,IMPORT_OR_EXPORT,dsh
services/dsh/frontend/control-panel/partners/PartnersReviewQueueScreen.tsx,21,./PartnerCreatePanel,IMPORT_OR_EXPORT,dsh
services/dsh/frontend/control-panel/partners/PartnersReviewQueueScreen.tsx,22,./field-assignment/FieldAssignmentWorkspace,IMPORT_OR_EXPORT,dsh
services/dsh/frontend/control-panel/partners/field-assignment/FieldAssignmentWorkspace.tsx,3,react,IMPORT_OR_EXPORT,dsh
services/dsh/frontend/control-panel/partners/field-assignment/FieldAssignmentWorkspace.tsx,4,@bthwani/control-panel/components,IMPORT_OR_EXPORT,dsh
services/dsh/frontend/control-panel/partners/field-assignment/FieldAssignmentWorkspace.tsx,5,@bthwani/ui-kit,IMPORT_OR_EXPORT,dsh
services/dsh/frontend/control-panel/partners/field-assignment/FieldAssignmentWorkspace.tsx,6,../../hr/WorkforceScopeManager,IMPORT_OR_EXPORT,dsh
services/dsh/frontend/control-panel/partners/field-assignment/FieldAssignmentWorkspace.tsx,7,../../../shared/workforce,IMPORT_OR_EXPORT,dsh
services/dsh/frontend/control-panel/partners/field-readiness/FieldReadinessQueueScreen.tsx,3,react,IMPORT_OR_EXPORT,dsh
services/dsh/frontend/control-panel/partners/field-readiness/FieldReadinessQueueScreen.tsx,4,@bthwani/ui-kit,IMPORT_OR_EXPORT,dsh
services/dsh/frontend/control-panel/partners/field-readiness/FieldReadinessQueueScreen.tsx,5,@bthwani/control-panel/components,IMPORT_OR_EXPORT,dsh
services/dsh/frontend/control-panel/partners/field-readiness/FieldReadinessQueueScreen.tsx,17,@bthwani/control-panel/shell,IMPORT_OR_EXPORT,dsh
services/dsh/frontend/control-panel/partners/field-readiness/index.ts,1,./FieldReadinessQueueScreen,IMPORT_OR_EXPORT,dsh
services/dsh/frontend/control-panel/partners/index.ts,1,./PartnerListScreen,IMPORT_OR_EXPORT,dsh
services/dsh/frontend/control-panel/partners/index.ts,2,./PartnerDetailUnifiedScreen,IMPORT_OR_EXPORT,dsh
services/dsh/frontend/control-panel/partners/index.ts,3,./PartnerDetailUnifiedScreen,IMPORT_OR_EXPORT,dsh
services/dsh/frontend/control-panel/partners/index.ts,4,./stores/StoreManagementScreen,IMPORT_OR_EXPORT,dsh
services/dsh/frontend/control-panel/partners/index.ts,5,./field-readiness/FieldReadinessQueueScreen,IMPORT_OR_EXPORT,dsh
services/dsh/frontend/control-panel/partners/index.ts,6,./PartnersReviewQueueScreen,IMPORT_OR_EXPORT,dsh
services/dsh/frontend/control-panel/partners/index.ts,7,./PartnerGovernanceWorkspaceScreen,IMPORT_OR_EXPORT,dsh
services/dsh/frontend/control-panel/partners/index.ts,8,./PartnerCreatePanel,IMPORT_OR_EXPORT,dsh
services/dsh/frontend/control-panel/partners/stores/OperatorDeliveryPricingPanel.tsx,3,react,IMPORT_OR_EXPORT,dsh
services/dsh/frontend/control-panel/partners/stores/OperatorDeliveryPricingPanel.tsx,4,@bthwani/ui-kit,IMPORT_OR_EXPORT,dsh
services/dsh/frontend/control-panel/partners/stores/OperatorDeliveryPricingPanel.tsx,26,./OperatorPartnerFleetPanel,IMPORT_OR_EXPORT,dsh
services/dsh/frontend/control-panel/partners/stores/OperatorPartnerFleetPanel.tsx,3,react,IMPORT_OR_EXPORT,dsh
services/dsh/frontend/control-panel/partners/stores/StoreAdminFilters.tsx,1,@bthwani/control-panel/components,IMPORT_OR_EXPORT,dsh
services/dsh/frontend/control-panel/partners/stores/StoreAdminFilters.tsx,2,../../../shared/store,IMPORT_OR_EXPORT,dsh
services/dsh/frontend/control-panel/partners/stores/StoreAdminKpiStrip.tsx,1,@bthwani/control-panel/components,IMPORT_OR_EXPORT,dsh
services/dsh/frontend/control-panel/partners/stores/StoreAdminKpiStrip.tsx,2,../../../shared/store,IMPORT_OR_EXPORT,dsh
services/dsh/frontend/control-panel/partners/stores/StoreAdminStateView.tsx,1,@bthwani/control-panel/components,IMPORT_OR_EXPORT,dsh
services/dsh/frontend/control-panel/partners/stores/StoreAdminStateView.tsx,2,../../../shared/store,IMPORT_OR_EXPORT,dsh
services/dsh/frontend/control-panel/partners/stores/StoreDetailAdminPanel.tsx,1,react,IMPORT_OR_EXPORT,dsh
services/dsh/frontend/control-panel/partners/stores/StoreDetailAdminPanel.tsx,18,../../../shared/catalog,IMPORT_OR_EXPORT,dsh
services/dsh/frontend/control-panel/partners/stores/StoreGovernanceActions.tsx,1,react,IMPORT_OR_EXPORT,dsh
services/dsh/frontend/control-panel/partners/stores/StoreManagementScreen.tsx,3,@bthwani/control-panel/components,IMPORT_OR_EXPORT,dsh
services/dsh/frontend/control-panel/partners/stores/StoreManagementScreen.tsx,4,@bthwani/control-panel/shell,IMPORT_OR_EXPORT,dsh
services/dsh/frontend/control-panel/partners/stores/StoreManagementScreen.tsx,5,../../../shared/store,IMPORT_OR_EXPORT,dsh
services/dsh/frontend/control-panel/partners/stores/StoreManagementScreen.tsx,6,./StoreAdminKpiStrip,IMPORT_OR_EXPORT,dsh
services/dsh/frontend/control-panel/partners/stores/StoreManagementScreen.tsx,7,./StoreAdminFilters,IMPORT_OR_EXPORT,dsh
services/dsh/frontend/control-panel/partners/stores/StoreManagementScreen.tsx,8,./StoreAdminTable,IMPORT_OR_EXPORT,dsh
services/dsh/frontend/control-panel/partners/stores/StoreManagementScreen.tsx,9,./StoreDetailAdminPanel,IMPORT_OR_EXPORT,dsh
services/dsh/frontend/control-panel/partners/stores/StoreManagementScreen.tsx,10,./StoreAdminStateView,IMPORT_OR_EXPORT,dsh
services/dsh/frontend/control-panel/partners/stores/StoreManagementScreen.tsx,11,./StoreGovernanceActions,IMPORT_OR_EXPORT,dsh
services/dsh/frontend/control-panel/partners/stores/index.ts,1,./StoreManagementScreen,IMPORT_OR_EXPORT,dsh
services/dsh/frontend/control-panel/partners/stores/index.ts,2,./StoreGovernanceActions,IMPORT_OR_EXPORT,dsh
services/dsh/frontend/control-panel/partners/stores/index.ts,3,./StoreDetailAdminPanel,IMPORT_OR_EXPORT,dsh
services/dsh/frontend/control-panel/partners/stores/index.ts,4,./StoreAdminFilters,IMPORT_OR_EXPORT,dsh
services/dsh/frontend/control-panel/partners/stores/index.ts,5,./StoreAdminTable,IMPORT_OR_EXPORT,dsh
services/dsh/frontend/control-panel/partners/stores/index.ts,6,./StoreAdminKpiStrip,IMPORT_OR_EXPORT,dsh
services/dsh/frontend/control-panel/partners/stores/index.ts,7,./StoreAdminStateView,IMPORT_OR_EXPORT,dsh
services/dsh/frontend/control-panel/platform/ClientAddressPrivacySection.tsx,3,react,IMPORT_OR_EXPORT,dsh
services/dsh/frontend/control-panel/platform/ClientAddressPrivacySection.tsx,4,@bthwani/ui-kit,IMPORT_OR_EXPORT,dsh
services/dsh/frontend/control-panel/platform/ClientAddressPrivacySection.tsx,20,../../shared/privacy,IMPORT_OR_EXPORT,dsh
services/dsh/frontend/control-panel/platform/DshPlatformVarsWorkspace.tsx,3,react,IMPORT_OR_EXPORT,dsh
services/dsh/frontend/control-panel/platform/DshPlatformVarsWorkspace.tsx,4,../../shared/platform/platform-vars.model,IMPORT_OR_EXPORT,dsh
services/dsh/frontend/control-panel/platform/DshPlatformVarsWorkspace.tsx,5,../../shared/platform/platform-vars.view-model,IMPORT_OR_EXPORT,dsh
services/dsh/frontend/control-panel/platform/DshPlatformWorkspaces.tsx,3,@bthwani/control-panel/components,IMPORT_OR_EXPORT,dsh
services/dsh/frontend/control-panel/platform/MapProviderHealthCard.tsx,3,@bthwani/ui-kit,IMPORT_OR_EXPORT,dsh
services/dsh/frontend/control-panel/platform/MapProviderHealthCard.tsx,4,@bthwani/ui-kit/web,IMPORT_OR_EXPORT,dsh
services/dsh/frontend/control-panel/platform/MapProviderHealthCard.tsx,5,@bthwani/control-panel/components,IMPORT_OR_EXPORT,dsh
services/dsh/frontend/control-panel/platform/MapProviderHealthCard.tsx,6,../../shared/client-map,IMPORT_OR_EXPORT,dsh
services/dsh/frontend/control-panel/platform/MapsProviderInspector.tsx,3,react,IMPORT_OR_EXPORT,dsh
services/dsh/frontend/control-panel/platform/MapsProviderInspector.tsx,4,@bthwani/ui-kit,IMPORT_OR_EXPORT,dsh
services/dsh/frontend/control-panel/platform/MapsProviderInspector.tsx,5,@bthwani/ui-kit/web,IMPORT_OR_EXPORT,dsh
services/dsh/frontend/control-panel/platform/MapsProviderInspector.tsx,6,@bthwani/control-panel/components,IMPORT_OR_EXPORT,dsh
services/dsh/frontend/control-panel/platform/MapsProviderInspector.tsx,7,../../shared/platform,IMPORT_OR_EXPORT,dsh
services/dsh/frontend/control-panel/platform/MapsProviderInspector.tsx,8,../../shared/geo,IMPORT_OR_EXPORT,dsh
services/dsh/frontend/control-panel/platform/OperationalPolicyGovernanceSection.tsx,3,react,IMPORT_OR_EXPORT,dsh
services/dsh/frontend/control-panel/platform/OperationalPolicyGovernanceSection.tsx,4,@bthwani/ui-kit,IMPORT_OR_EXPORT,dsh
services/dsh/frontend/control-panel/platform/OperationalPolicySection.tsx,3,react,IMPORT_OR_EXPORT,dsh
services/dsh/frontend/control-panel/platform/OperationalPolicySection.tsx,4,@bthwani/ui-kit,IMPORT_OR_EXPORT,dsh
services/dsh/frontend/control-panel/platform/PlatformChangeWorkflowPanel.tsx,3,react,IMPORT_OR_EXPORT,dsh
services/dsh/frontend/control-panel/platform/PlatformChangeWorkflowPanel.tsx,4,@bthwani/ui-kit,IMPORT_OR_EXPORT,dsh
services/dsh/frontend/control-panel/platform/PlatformChangeWorkflowPanel.tsx,5,@bthwani/ui-kit/web,IMPORT_OR_EXPORT,dsh
services/dsh/frontend/control-panel/platform/PlatformChangeWorkflowPanel.tsx,23,../../shared/session/control-panel-permissions,IMPORT_OR_EXPORT,dsh
services/dsh/frontend/control-panel/platform/PlatformChangeWorkflowPanel.tsx,24,@bthwani/core-identity,IMPORT_OR_EXPORT,dsh
services/dsh/frontend/control-panel/platform/PlatformDashboardScreen.tsx,3,react,IMPORT_OR_EXPORT,dsh
services/dsh/frontend/control-panel/platform/PlatformDashboardScreen.tsx,4,@bthwani/ui-kit,IMPORT_OR_EXPORT,dsh
services/dsh/frontend/control-panel/platform/PlatformDashboardScreen.tsx,5,@bthwani/ui-kit/web,IMPORT_OR_EXPORT,dsh
services/dsh/frontend/control-panel/platform/PlatformDashboardScreen.tsx,19,@bthwani/control-panel/shell,IMPORT_OR_EXPORT,dsh
services/dsh/frontend/control-panel/platform/PlatformDashboardScreen.tsx,28,../../shared/session/control-panel-permissions,IMPORT_OR_EXPORT,dsh
services/dsh/frontend/control-panel/platform/PlatformDashboardScreen.tsx,29,@bthwani/core-identity,IMPORT_OR_EXPORT,dsh
services/dsh/frontend/control-panel/platform/PlatformDashboardScreen.tsx,30,./PlatformChangeWorkflowPanel,IMPORT_OR_EXPORT,dsh
services/dsh/frontend/control-panel/platform/PlatformDashboardScreen.tsx,31,./PlatformGovernanceVisual,IMPORT_OR_EXPORT,dsh
services/dsh/frontend/control-panel/platform/PlatformDashboardScreen.tsx,32,./PlatformPoliciesScreen,IMPORT_OR_EXPORT,dsh
services/dsh/frontend/control-panel/platform/PlatformDashboardScreen.tsx,33,./PlatformRolloutPanel,IMPORT_OR_EXPORT,dsh
services/dsh/frontend/control-panel/platform/PlatformDashboardScreen.tsx,34,./ProviderRegistryPanel,IMPORT_OR_EXPORT,dsh
services/dsh/frontend/control-panel/platform/PlatformGovernanceVisual.tsx,3,react,IMPORT_OR_EXPORT,dsh
services/dsh/frontend/control-panel/platform/PlatformGovernanceVisual.tsx,4,@bthwani/ui-kit,IMPORT_OR_EXPORT,dsh
services/dsh/frontend/control-panel/platform/PlatformGovernanceVisual.tsx,5,@bthwani/ui-kit/web,IMPORT_OR_EXPORT,dsh
services/dsh/frontend/control-panel/platform/PlatformGovernanceVisual.tsx,18,../../shared/session/control-panel-permissions,IMPORT_OR_EXPORT,dsh
services/dsh/frontend/control-panel/platform/PlatformGovernanceVisual.tsx,19,@bthwani/core-identity,IMPORT_OR_EXPORT,dsh
services/dsh/frontend/control-panel/platform/PlatformPoliciesScreen.tsx,3,@bthwani/ui-kit,IMPORT_OR_EXPORT,dsh
services/dsh/frontend/control-panel/platform/PlatformPoliciesScreen.tsx,19,@bthwani/control-panel/shell,IMPORT_OR_EXPORT,dsh
services/dsh/frontend/control-panel/platform/PlatformPoliciesScreen.tsx,24,./ClientAddressPrivacySection,IMPORT_OR_EXPORT,dsh
services/dsh/frontend/control-panel/platform/PlatformPoliciesScreen.tsx,25,./OperationalPolicySection,IMPORT_OR_EXPORT,dsh
services/dsh/frontend/control-panel/platform/PlatformPoliciesScreen.tsx,26,./MapProviderHealthCard,IMPORT_OR_EXPORT,dsh
services/dsh/frontend/control-panel/platform/PlatformPoliciesScreen.tsx,27,./OperationalPolicyGovernanceSection,IMPORT_OR_EXPORT,dsh
services/dsh/frontend/control-panel/platform/PlatformPoliciesScreen.tsx,28,./ServiceAreaGovernanceSection,IMPORT_OR_EXPORT,dsh
services/dsh/frontend/control-panel/platform/PlatformPoliciesScreen.tsx,29,./StoreOnboardingFeePolicySection,IMPORT_OR_EXPORT,dsh
services/dsh/frontend/control-panel/platform/PlatformRolloutPanel.tsx,3,react,IMPORT_OR_EXPORT,dsh
services/dsh/frontend/control-panel/platform/PlatformRolloutPanel.tsx,4,@bthwani/ui-kit,IMPORT_OR_EXPORT,dsh
services/dsh/frontend/control-panel/platform/PlatformRolloutPanel.tsx,5,@bthwani/ui-kit/web,IMPORT_OR_EXPORT,dsh
services/dsh/frontend/control-panel/platform/PlatformRolloutPanel.tsx,27,../../shared/session/control-panel-permissions,IMPORT_OR_EXPORT,dsh
services/dsh/frontend/control-panel/platform/PlatformRolloutPanel.tsx,28,@bthwani/core-identity,IMPORT_OR_EXPORT,dsh
services/dsh/frontend/control-panel/platform/ProviderRegistryPanel.tsx,3,@bthwani/ui-kit,IMPORT_OR_EXPORT,dsh
services/dsh/frontend/control-panel/platform/ProviderRegistryPanel.tsx,4,@bthwani/ui-kit/web,IMPORT_OR_EXPORT,dsh
services/dsh/frontend/control-panel/platform/ProviderRegistryPanel.tsx,15,@bthwani/control-panel/shell,IMPORT_OR_EXPORT,dsh
services/dsh/frontend/control-panel/platform/ProviderRegistryPanel.tsx,19,../../shared/session/control-panel-permissions,IMPORT_OR_EXPORT,dsh
services/dsh/frontend/control-panel/platform/ProviderRegistryPanel.tsx,20,@bthwani/core-identity,IMPORT_OR_EXPORT,dsh
services/dsh/frontend/control-panel/platform/ProviderRegistryPanel.tsx,21,./MapsProviderInspector,IMPORT_OR_EXPORT,dsh
services/dsh/frontend/control-panel/platform/ServiceAreaGovernanceSection.tsx,3,react,IMPORT_OR_EXPORT,dsh
services/dsh/frontend/control-panel/platform/ServiceAreaGovernanceSection.tsx,4,@bthwani/ui-kit,IMPORT_OR_EXPORT,dsh
services/dsh/frontend/control-panel/platform/ServiceAreaGovernanceSection.tsx,24,../maps/GoogleMapsWebCanvas,IMPORT_OR_EXPORT,dsh
services/dsh/frontend/control-panel/platform/SovereignLeadershipPanel.tsx,3,react,IMPORT_OR_EXPORT,dsh
services/dsh/frontend/control-panel/platform/SovereignLeadershipPanel.tsx,13,@bthwani/ui-kit,IMPORT_OR_EXPORT,dsh
services/dsh/frontend/control-panel/platform/StoreOnboardingFeePolicySection.tsx,5,@bthwani/ui-kit,IMPORT_OR_EXPORT,dsh
services/dsh/frontend/control-panel/platform/index.ts,1,./PlatformPoliciesScreen,IMPORT_OR_EXPORT,dsh
services/dsh/frontend/control-panel/platform/index.ts,2,./StoreOnboardingFeePolicySection,IMPORT_OR_EXPORT,dsh
services/dsh/frontend/control-panel/platform/index.ts,3,./ProviderRegistryPanel,IMPORT_OR_EXPORT,dsh
services/dsh/frontend/control-panel/platform/index.ts,4,./MapsProviderInspector,IMPORT_OR_EXPORT,dsh
services/dsh/frontend/control-panel/platform/index.ts,5,./PlatformDashboardScreen,IMPORT_OR_EXPORT,dsh
services/dsh/frontend/control-panel/platform/index.ts,6,./PlatformGovernanceVisual,IMPORT_OR_EXPORT,dsh
services/dsh/frontend/control-panel/platform/index.ts,7,./SovereignLeadershipPanel,IMPORT_OR_EXPORT,dsh
services/dsh/frontend/control-panel/session.ts,3,react,IMPORT_OR_EXPORT,dsh
services/dsh/frontend/control-panel/session.ts,4,@bthwani/core-identity,IMPORT_OR_EXPORT,dsh
services/dsh/frontend/control-panel/session.ts,6,../shared/session/ControlPanelAuthBoundary,IMPORT_OR_EXPORT,dsh
services/dsh/frontend/control-panel/session.ts,7,../shared/session/ControlPanelUserMenu,IMPORT_OR_EXPORT,dsh
services/dsh/frontend/control-panel/session.ts,8,../shared/session/ControlPanelNotificationsBell,IMPORT_OR_EXPORT,dsh
services/dsh/frontend/control-panel/session.ts,9,../shared/session/use-control-panel-service-health,IMPORT_OR_EXPORT,dsh
services/dsh/frontend/control-panel/session.ts,10,../shared/session/control-panel-permissions,IMPORT_OR_EXPORT,dsh
services/dsh/frontend/control-panel/shared/ControlPanelDshDecisionBoard.tsx,1,react,IMPORT_OR_EXPORT,dsh
services/dsh/frontend/control-panel/shared/ControlPanelDshDecisionBoard.tsx,8,@bthwani/control-panel/components,IMPORT_OR_EXPORT,dsh
services/dsh/frontend/control-panel/shared/ControlPanelDshDecisionBoard.tsx,10,../../shared/operations/operations.types,IMPORT_OR_EXPORT,dsh
services/dsh/frontend/control-panel/shared/ControlPanelDshWorkspaceFrame.tsx,1,react,IMPORT_OR_EXPORT,dsh
services/dsh/frontend/control-panel/shared/ControlPanelDshWorkspaceFrame.tsx,2,@bthwani/ui-kit,IMPORT_OR_EXPORT,dsh
services/dsh/frontend/control-panel/shared/ControlPanelDshWorkspaceFrame.tsx,3,@bthwani/ui-kit/web,IMPORT_OR_EXPORT,dsh
services/dsh/frontend/control-panel/shared/ControlPanelDshWorkspaceFrame.tsx,13,@bthwani/control-panel/components,IMPORT_OR_EXPORT,dsh
services/dsh/frontend/control-panel/shared/ControlPanelDshWorkspaceFrame.tsx,14,@bthwani/control-panel/shell,IMPORT_OR_EXPORT,dsh
services/dsh/frontend/control-panel/shared/ControlPanelDshWorkspaceFrame.tsx,15,./ControlPanelDshDecisionBoard,IMPORT_OR_EXPORT,dsh
services/dsh/frontend/control-panel/shared/ProviderActivationWorkspace.tsx,1,react,IMPORT_OR_EXPORT,dsh
services/dsh/frontend/control-panel/shared/ProviderActivationWorkspace.tsx,2,@bthwani/core-identity,IMPORT_OR_EXPORT,dsh
services/dsh/frontend/control-panel/shared/ProviderActivationWorkspace.tsx,3,@bthwani/ui-kit,IMPORT_OR_EXPORT,dsh
services/dsh/frontend/control-panel/shared/ProviderActivationWorkspace.tsx,23,./ProviderOperationalEnforcementPanel,IMPORT_OR_EXPORT,dsh
services/dsh/frontend/control-panel/shared/ProviderOperationalEnforcementPanel.tsx,3,react,IMPORT_OR_EXPORT,dsh
services/dsh/frontend/control-panel/shared/ProviderOperationalEnforcementPanel.tsx,11,@bthwani/ui-kit,IMPORT_OR_EXPORT,dsh
services/dsh/frontend/control-panel/shared/index.ts,1,./ControlPanelDshDecisionBoard,IMPORT_OR_EXPORT,dsh
services/dsh/frontend/control-panel/shared/index.ts,2,./ControlPanelDshWorkspaceFrame,IMPORT_OR_EXPORT,dsh
services/dsh/frontend/control-panel/shared/index.ts,3,./ControlPanelDshWorkspaceFrame,IMPORT_OR_EXPORT,dsh
services/dsh/frontend/control-panel/shared/index.ts,4,./ProviderActivationWorkspace,IMPORT_OR_EXPORT,dsh
services/dsh/frontend/control-panel/support/PlatformNotificationConfigScreen.tsx,3,react,IMPORT_OR_EXPORT,dsh
services/dsh/frontend/control-panel/support/PlatformNotificationConfigScreen.tsx,19,@bthwani/control-panel/shell,IMPORT_OR_EXPORT,dsh
services/dsh/frontend/control-panel/support/SupportDashboardScreen.tsx,3,react,IMPORT_OR_EXPORT,dsh
services/dsh/frontend/control-panel/support/SupportDashboardScreen.tsx,25,@bthwani/control-panel/shell,IMPORT_OR_EXPORT,dsh
services/dsh/frontend/control-panel/support/SupportWorkspaces.tsx,3,react,IMPORT_OR_EXPORT,dsh
services/dsh/frontend/control-panel/support/SupportWorkspaces.tsx,4,@bthwani/ui-kit,IMPORT_OR_EXPORT,dsh
services/dsh/frontend/control-panel/support/index.ts,1,./SupportDashboardScreen,IMPORT_OR_EXPORT,dsh
services/dsh/frontend/shared/_kernel/DshDevDiagnostic.tsx,1,react,IMPORT_OR_EXPORT,dsh
services/dsh/frontend/shared/_kernel/DshDevDiagnostic.tsx,2,react-native,IMPORT_OR_EXPORT,dsh
services/dsh/frontend/shared/_kernel/DshDevDiagnostic.tsx,3,@bthwani/ui-kit,IMPORT_OR_EXPORT,dsh
services/dsh/frontend/shared/_kernel/dsh-http-request.ts,1,@bthwani/core-identity,IMPORT_OR_EXPORT,dsh
services/dsh/frontend/shared/_kernel/dsh-media-url.ts,1,./dsh-api-base-url,IMPORT_OR_EXPORT,dsh
services/dsh/frontend/shared/administration/administration.api.ts,1,../_kernel/dsh-api-base-url,IMPORT_OR_EXPORT,dsh
services/dsh/frontend/shared/administration/administration.api.ts,2,../_kernel/dsh-http-request,IMPORT_OR_EXPORT,dsh
services/dsh/frontend/shared/administration/index.ts,1,./administration.types,IMPORT_OR_EXPORT,dsh
services/dsh/frontend/shared/administration/index.ts,2,./use-administration-controller,IMPORT_OR_EXPORT,dsh
services/dsh/frontend/shared/administration/index.ts,3,./administration-registry,IMPORT_OR_EXPORT,dsh
services/dsh/frontend/shared/administration/use-administration-controller.tsx,1,react,IMPORT_OR_EXPORT,dsh
services/dsh/frontend/shared/analytics/analytics.api.ts,1,@bthwani/core-identity,IMPORT_OR_EXPORT,dsh
services/dsh/frontend/shared/analytics/analytics.api.ts,3,../_kernel/dsh-api-base-url,IMPORT_OR_EXPORT,dsh
services/dsh/frontend/shared/analytics/analytics.api.ts,4,../_kernel/dsh-http-request,IMPORT_OR_EXPORT,dsh
services/dsh/frontend/shared/analytics/analytics.types.ts,1,../../../clients/generated/dsh-api,IMPORT_OR_EXPORT,dsh
services/dsh/frontend/shared/analytics/analytics.view-model.ts,1,./analytics.types,IMPORT_OR_EXPORT,dsh
services/dsh/frontend/shared/analytics/index.ts,1,./analytics.types,IMPORT_OR_EXPORT,dsh
services/dsh/frontend/shared/analytics/index.ts,2,./analytics.states,IMPORT_OR_EXPORT,dsh
services/dsh/frontend/shared/analytics/index.ts,3,./analytics.view-model,IMPORT_OR_EXPORT,dsh
services/dsh/frontend/shared/analytics/index.ts,4,./analytics.api,IMPORT_OR_EXPORT,dsh
services/dsh/frontend/shared/analytics/index.ts,5,./use-analytics-controller,IMPORT_OR_EXPORT,dsh
services/dsh/frontend/shared/analytics/use-analytics-controller.tsx,1,react,IMPORT_OR_EXPORT,dsh
services/dsh/frontend/shared/analytics/use-analytics-controller.tsx,18,./analytics.types,IMPORT_OR_EXPORT,dsh
services/dsh/frontend/shared/auth/AuthLoginCard.tsx,1,react,IMPORT_OR_EXPORT,dsh
services/dsh/frontend/shared/auth/AuthLoginCard.tsx,2,react-native,IMPORT_OR_EXPORT,dsh
services/dsh/frontend/shared/auth/AuthLoginCard.tsx,3,@bthwani/ui-kit,IMPORT_OR_EXPORT,dsh
services/dsh/frontend/shared/awnak/AwnakForm.tsx,1,react,IMPORT_OR_EXPORT,dsh
services/dsh/frontend/shared/awnak/AwnakForm.tsx,2,react-native,IMPORT_OR_EXPORT,dsh
services/dsh/frontend/shared/bell/bell.model.ts,1,react,IMPORT_OR_EXPORT,dsh
services/dsh/frontend/shared/bell/bell.model.ts,2,../orders/orders.contract,IMPORT_OR_EXPORT,dsh
services/dsh/frontend/shared/bell/index.ts,1,./bell.model,IMPORT_OR_EXPORT,dsh
services/dsh/frontend/shared/cart/cart-screen-domain.ts,1,./cart.types,IMPORT_OR_EXPORT,dsh
services/dsh/frontend/shared/cart/cart.api.ts,1,../_kernel/dsh-api-base-url,IMPORT_OR_EXPORT,dsh
services/dsh/frontend/shared/cart/cart.api.ts,2,../_kernel/dsh-http-request,IMPORT_OR_EXPORT,dsh
services/dsh/frontend/shared/cart/cart.types.ts,1,../delivery/delivery.contract,IMPORT_OR_EXPORT,dsh
services/dsh/frontend/shared/cart/cart.view-model.ts,1,./cart.types,IMPORT_OR_EXPORT,dsh
services/dsh/frontend/shared/cart/index.ts,1,./cart.types,IMPORT_OR_EXPORT,dsh
services/dsh/frontend/shared/cart/index.ts,2,./use-cart-controller,IMPORT_OR_EXPORT,dsh
services/dsh/frontend/shared/cart/index.ts,3,./cart-screen-domain,IMPORT_OR_EXPORT,dsh
services/dsh/frontend/shared/cart/use-cart-controller.tsx,1,react,IMPORT_OR_EXPORT,dsh
services/dsh/frontend/shared/cart/use-cart-controller.tsx,18,./cart.states,IMPORT_OR_EXPORT,dsh
services/dsh/frontend/shared/catalog/catalog-governance.api.ts,1,../_kernel/dsh-api-base-url,IMPORT_OR_EXPORT,dsh
services/dsh/frontend/shared/catalog/catalog-governance.api.ts,2,../_kernel/dsh-http-request,IMPORT_OR_EXPORT,dsh
services/dsh/frontend/shared/catalog/catalog-governance.api.ts,3,./central-catalog.types,IMPORT_OR_EXPORT,dsh
services/dsh/frontend/shared/catalog/catalog-media.controller-core.ts,6,./central-catalog.api,IMPORT_OR_EXPORT,dsh
services/dsh/frontend/shared/catalog/catalog-media.controller-core.ts,7,../media/presigned-upload.client,IMPORT_OR_EXPORT,dsh
services/dsh/frontend/shared/catalog/catalog-mobile-file-picker.ts,1,./catalog-media.controller-core,IMPORT_OR_EXPORT,dsh
services/dsh/frontend/shared/catalog/catalog-quality.ts,1,./central-catalog.types,IMPORT_OR_EXPORT,dsh
services/dsh/frontend/shared/catalog/catalog-search.ts,1,./central-catalog.types,IMPORT_OR_EXPORT,dsh
services/dsh/frontend/shared/catalog/catalog.controller-core.ts,1,./catalog.types,IMPORT_OR_EXPORT,dsh
services/dsh/frontend/shared/catalog/catalog.controller-core.ts,2,./client-catalog.types,IMPORT_OR_EXPORT,dsh
services/dsh/frontend/shared/catalog/catalog.states.ts,1,./catalog.types,IMPORT_OR_EXPORT,dsh
services/dsh/frontend/shared/catalog/catalog.states.ts,2,./client-catalog.types,IMPORT_OR_EXPORT,dsh
services/dsh/frontend/shared/catalog/catalog.view-model.ts,1,./catalog.types,IMPORT_OR_EXPORT,dsh
services/dsh/frontend/shared/catalog/catalog.view-model.ts,2,./client-catalog.types,IMPORT_OR_EXPORT,dsh
services/dsh/frontend/shared/catalog/central-catalog-occ.api.ts,1,../../../clients/generated/dsh-api,IMPORT_OR_EXPORT,dsh
services/dsh/frontend/shared/catalog/central-catalog-occ.api.ts,2,../_kernel/dsh-api-base-url,IMPORT_OR_EXPORT,dsh
services/dsh/frontend/shared/catalog/central-catalog-occ.api.ts,3,../_kernel/dsh-http-request,IMPORT_OR_EXPORT,dsh
services/dsh/frontend/shared/catalog/central-catalog-occ.api.ts,4,./central-catalog.api,IMPORT_OR_EXPORT,dsh
services/dsh/frontend/shared/catalog/central-catalog.api.ts,1,../_kernel/dsh-api-base-url,IMPORT_OR_EXPORT,dsh
services/dsh/frontend/shared/catalog/central-catalog.api.ts,2,../_kernel/dsh-http-request,IMPORT_OR_EXPORT,dsh
services/dsh/frontend/shared/catalog/central-catalog.api.ts,3,../media/dsh-media-api.client,IMPORT_OR_EXPORT,dsh
services/dsh/frontend/shared/catalog/central-catalog.api.ts,645,./central-catalog.types,IMPORT_OR_EXPORT,dsh
services/dsh/frontend/shared/catalog/central-catalog.bulk.ts,1,./central-catalog.types,IMPORT_OR_EXPORT,dsh
services/dsh/frontend/shared/catalog/central-catalog.media.ts,1,./central-catalog.api,IMPORT_OR_EXPORT,dsh
services/dsh/frontend/shared/catalog/central-catalog.media.ts,2,../media/presigned-upload.client,IMPORT_OR_EXPORT,dsh
services/dsh/frontend/shared/catalog/central-catalog.media.ts,3,./central-catalog.types,IMPORT_OR_EXPORT,dsh
services/dsh/frontend/shared/catalog/central-catalog.types.ts,122,./central-catalog-product-pipeline,IMPORT_OR_EXPORT,dsh
services/dsh/frontend/shared/catalog/central-catalog.view-model.ts,1,./central-catalog-product-pipeline,IMPORT_OR_EXPORT,dsh
services/dsh/frontend/shared/catalog/central-catalog.view-model.ts,2,./central-catalog-product-pipeline,IMPORT_OR_EXPORT,dsh
services/dsh/frontend/shared/catalog/client-catalog.api.ts,1,../_kernel/dsh-api-base-url,IMPORT_OR_EXPORT,dsh
services/dsh/frontend/shared/catalog/client-catalog.api.ts,2,./catalog.types,IMPORT_OR_EXPORT,dsh
services/dsh/frontend/shared/catalog/client-catalog.api.ts,3,./client-catalog.types,IMPORT_OR_EXPORT,dsh
services/dsh/frontend/shared/catalog/client-catalog.api.ts,4,./catalog.controller-core,IMPORT_OR_EXPORT,dsh
services/dsh/frontend/shared/catalog/client-catalog.api.ts,5,./catalog.view-model,IMPORT_OR_EXPORT,dsh
services/dsh/frontend/shared/catalog/client-catalog.api.ts,6,./central-catalog.api,IMPORT_OR_EXPORT,dsh
services/dsh/frontend/shared/catalog/client-catalog.types.ts,1,./catalog.types,IMPORT_OR_EXPORT,dsh
services/dsh/frontend/shared/catalog/client-visible-catalog.adapter.ts,1,./central-catalog.types,IMPORT_OR_EXPORT,dsh
services/dsh/frontend/shared/catalog/index.ts,1,./central-catalog.api,IMPORT_OR_EXPORT,dsh
services/dsh/frontend/shared/catalog/index.ts,2,./central-catalog-occ.api,IMPORT_OR_EXPORT,dsh
services/dsh/frontend/shared/catalog/index.ts,4,./catalog.types,IMPORT_OR_EXPORT,dsh
services/dsh/frontend/shared/catalog/index.ts,5,./client-catalog.types,IMPORT_OR_EXPORT,dsh
services/dsh/frontend/shared/catalog/index.ts,6,./client-catalog.api,IMPORT_OR_EXPORT,dsh
services/dsh/frontend/shared/catalog/index.ts,7,./catalog.states,IMPORT_OR_EXPORT,dsh
services/dsh/frontend/shared/catalog/index.ts,8,./catalog.view-model,IMPORT_OR_EXPORT,dsh
services/dsh/frontend/shared/catalog/index.ts,9,./use-catalog-controller,IMPORT_OR_EXPORT,dsh
services/dsh/frontend/shared/catalog/index.ts,10,./use-catalog-approval-controller,IMPORT_OR_EXPORT,dsh
services/dsh/frontend/shared/catalog/index.ts,11,./central-catalog.types,IMPORT_OR_EXPORT,dsh
services/dsh/frontend/shared/catalog/index.ts,12,./central-catalog.api,IMPORT_OR_EXPORT,dsh
services/dsh/frontend/shared/catalog/index.ts,13,./central-catalog-occ.api,IMPORT_OR_EXPORT,dsh
services/dsh/frontend/shared/catalog/index.ts,14,./partner-product-media.client,IMPORT_OR_EXPORT,dsh
services/dsh/frontend/shared/catalog/index.ts,15,./product-proposal-readback.api,IMPORT_OR_EXPORT,dsh
services/dsh/frontend/shared/catalog/index.ts,16,./catalog-governance.types,IMPORT_OR_EXPORT,dsh
services/dsh/frontend/shared/catalog/index.ts,17,./catalog-governance.api,IMPORT_OR_EXPORT,dsh
services/dsh/frontend/shared/catalog/index.ts,18,./catalog-mobile-file-picker,IMPORT_OR_EXPORT,dsh
services/dsh/frontend/shared/catalog/index.ts,19,./catalog-native-uri.adapter,IMPORT_OR_EXPORT,dsh
services/dsh/frontend/shared/catalog/index.ts,20,./reels.types,IMPORT_OR_EXPORT,dsh
services/dsh/frontend/shared/catalog/index.ts,82,./use-central-catalog-controller,IMPORT_OR_EXPORT,dsh
services/dsh/frontend/shared/catalog/index.ts,83,./central-catalog-product-pipeline,IMPORT_OR_EXPORT,dsh
services/dsh/frontend/shared/catalog/index.ts,84,./central-catalog.media,IMPORT_OR_EXPORT,dsh
services/dsh/frontend/shared/catalog/index.ts,85,./central-catalog.permissions,IMPORT_OR_EXPORT,dsh
services/dsh/frontend/shared/catalog/index.ts,86,./central-catalog.bulk,IMPORT_OR_EXPORT,dsh
services/dsh/frontend/shared/catalog/index.ts,87,./central-catalog.errors,IMPORT_OR_EXPORT,dsh
services/dsh/frontend/shared/catalog/index.ts,88,./client-visible-catalog.adapter,IMPORT_OR_EXPORT,dsh
services/dsh/frontend/shared/catalog/index.ts,89,./store-assortment.adapter,IMPORT_OR_EXPORT,dsh
services/dsh/frontend/shared/catalog/index.ts,90,./product-proposal.adapter,IMPORT_OR_EXPORT,dsh
services/dsh/frontend/shared/catalog/index.ts,91,./catalog-quality,IMPORT_OR_EXPORT,dsh
services/dsh/frontend/shared/catalog/index.ts,92,./catalog-search,IMPORT_OR_EXPORT,dsh
services/dsh/frontend/shared/catalog/partner-product-media.client.ts,1,../_kernel/dsh-api-base-url,IMPORT_OR_EXPORT,dsh
services/dsh/frontend/shared/catalog/partner-product-media.client.ts,2,../media/dsh-media-api.client,IMPORT_OR_EXPORT,dsh
services/dsh/frontend/shared/catalog/partner-product-media.client.ts,3,./catalog-binary-upload.adapter,IMPORT_OR_EXPORT,dsh
services/dsh/frontend/shared/catalog/partner-product-media.client.ts,11,./catalog-media.controller-core,IMPORT_OR_EXPORT,dsh
services/dsh/frontend/shared/catalog/partner-product-media.client.ts,12,./central-catalog.types,IMPORT_OR_EXPORT,dsh
services/dsh/frontend/shared/catalog/product-proposal-readback.api.ts,1,../_kernel/dsh-api-base-url,IMPORT_OR_EXPORT,dsh
services/dsh/frontend/shared/catalog/product-proposal-readback.api.ts,2,../_kernel/dsh-http-request,IMPORT_OR_EXPORT,dsh
services/dsh/frontend/shared/catalog/product-proposal-readback.api.ts,3,./central-catalog.types,IMPORT_OR_EXPORT,dsh
services/dsh/frontend/shared/catalog/product-proposal.adapter.ts,1,./central-catalog.types,IMPORT_OR_EXPORT,dsh
services/dsh/frontend/shared/catalog/reels.api.ts,1,@bthwani/core-identity,IMPORT_OR_EXPORT,dsh
services/dsh/frontend/shared/catalog/reels.api.ts,2,../_kernel/dsh-api-base-url,IMPORT_OR_EXPORT,dsh
services/dsh/frontend/shared/catalog/reels.api.ts,3,../_kernel/dsh-http-request,IMPORT_OR_EXPORT,dsh
services/dsh/frontend/shared/catalog/store-assortment.adapter.ts,1,./central-catalog.types,IMPORT_OR_EXPORT,dsh
services/dsh/frontend/shared/catalog/use-catalog-approval-controller.tsx,1,react,IMPORT_OR_EXPORT,dsh
services/dsh/frontend/shared/catalog/use-catalog-approval-controller.tsx,7,../partner/partner.types,IMPORT_OR_EXPORT,dsh
services/dsh/frontend/shared/catalog/use-catalog-approval-controller.tsx,8,./catalog.types,IMPORT_OR_EXPORT,dsh
services/dsh/frontend/shared/catalog/use-catalog-controller.tsx,1,react,IMPORT_OR_EXPORT,dsh
services/dsh/frontend/shared/catalog/use-catalog-controller.tsx,2,./client-catalog.api,IMPORT_OR_EXPORT,dsh
services/dsh/frontend/shared/catalog/use-catalog-controller.tsx,3,./catalog.states,IMPORT_OR_EXPORT,dsh
services/dsh/frontend/shared/catalog/use-catalog-controller.tsx,4,./client-catalog.types,IMPORT_OR_EXPORT,dsh
services/dsh/frontend/shared/catalog/use-catalog-media-controller.tsx,7,react,IMPORT_OR_EXPORT,dsh
services/dsh/frontend/shared/catalog/use-catalog-media-controller.tsx,8,./central-catalog.types,IMPORT_OR_EXPORT,dsh
services/dsh/frontend/shared/catalog/use-catalog-media-controller.tsx,15,./central-catalog.types,IMPORT_OR_EXPORT,dsh
services/dsh/frontend/shared/catalog/use-central-catalog-controller.tsx,1,react,IMPORT_OR_EXPORT,dsh
services/dsh/frontend/shared/catalog/use-central-catalog-controller.tsx,2,./central-catalog.api,IMPORT_OR_EXPORT,dsh
services/dsh/frontend/shared/catalog/use-central-catalog-controller.tsx,3,./central-catalog-occ.api,IMPORT_OR_EXPORT,dsh
services/dsh/frontend/shared/chat/chat.model.ts,1,react,IMPORT_OR_EXPORT,dsh
services/dsh/frontend/shared/chat/chat.model.ts,2,../delivery/captain.contract,IMPORT_OR_EXPORT,dsh
services/dsh/frontend/shared/chat/index.ts,1,./chat.model,IMPORT_OR_EXPORT,dsh
services/dsh/frontend/shared/checkout/checkout-create-attempt.ts,1,@react-native-async-storage/async-storage,IMPORT_OR_EXPORT,dsh
services/dsh/frontend/shared/checkout/checkout-create-attempt.ts,2,./checkout.types,IMPORT_OR_EXPORT,dsh
services/dsh/frontend/shared/checkout/checkout.api.ts,1,../_kernel/dsh-api-base-url,IMPORT_OR_EXPORT,dsh
services/dsh/frontend/shared/checkout/checkout.api.ts,2,../_kernel/dsh-http-request,IMPORT_OR_EXPORT,dsh
services/dsh/frontend/shared/checkout/checkout.api.ts,3,./checkout-create-attempt,IMPORT_OR_EXPORT,dsh
services/dsh/frontend/shared/checkout/checkout.api.ts,4,./checkout.types,IMPORT_OR_EXPORT,dsh
services/dsh/frontend/shared/checkout/checkout.controller-core.ts,1,./checkout.types,IMPORT_OR_EXPORT,dsh
services/dsh/frontend/shared/checkout/checkout.controller-core.ts,9,./checkout.view-model,IMPORT_OR_EXPORT,dsh
services/dsh/frontend/shared/checkout/checkout.types.ts,1,@bthwani/dsh-openapi,IMPORT_OR_EXPORT,dsh
services/dsh/frontend/shared/checkout/checkout.view-model.ts,1,./checkout.types,IMPORT_OR_EXPORT,dsh
services/dsh/frontend/shared/checkout/index.ts,1,./checkout.types,IMPORT_OR_EXPORT,dsh
services/dsh/frontend/shared/checkout/index.ts,2,./checkout.states,IMPORT_OR_EXPORT,dsh
services/dsh/frontend/shared/checkout/index.ts,3,./checkout.view-model,IMPORT_OR_EXPORT,dsh
services/dsh/frontend/shared/checkout/index.ts,4,./use-checkout-controller,IMPORT_OR_EXPORT,dsh
services/dsh/frontend/shared/checkout/index.ts,5,./use-checkout-to-order-flow,IMPORT_OR_EXPORT,dsh
services/dsh/frontend/shared/checkout/use-checkout-controller.tsx,1,react,IMPORT_OR_EXPORT,dsh
services/dsh/frontend/shared/checkout/use-checkout-controller.tsx,28,./checkout.states,IMPORT_OR_EXPORT,dsh
services/dsh/frontend/shared/checkout/use-checkout-to-order-flow.tsx,1,react,IMPORT_OR_EXPORT,dsh
services/dsh/frontend/shared/checkout/use-checkout-to-order-flow.tsx,2,./use-checkout-controller,IMPORT_OR_EXPORT,dsh
services/dsh/frontend/shared/checkout/use-checkout-to-order-flow.tsx,3,../order-truth,IMPORT_OR_EXPORT,dsh
services/dsh/frontend/shared/client-address/client-address-create-attempt.ts,1,@react-native-async-storage/async-storage,IMPORT_OR_EXPORT,dsh
services/dsh/frontend/shared/client-address/client-address-create-attempt.ts,2,./client-address.types,IMPORT_OR_EXPORT,dsh
services/dsh/frontend/shared/client-address/client-address.api.ts,1,../_kernel/dsh-api-base-url,IMPORT_OR_EXPORT,dsh
services/dsh/frontend/shared/client-address/client-address.api.ts,2,../_kernel/dsh-http-request,IMPORT_OR_EXPORT,dsh
services/dsh/frontend/shared/client-address/client-address.validation.ts,1,./client-address.types,IMPORT_OR_EXPORT,dsh
services/dsh/frontend/shared/client-address/index.ts,1,./client-address.types,IMPORT_OR_EXPORT,dsh
services/dsh/frontend/shared/client-address/index.ts,2,./client-address.validation,IMPORT_OR_EXPORT,dsh
services/dsh/frontend/shared/client-address/index.ts,3,./client-address.api,IMPORT_OR_EXPORT,dsh
services/dsh/frontend/shared/client-address/index.ts,4,./use-client-address-controller,IMPORT_OR_EXPORT,dsh
services/dsh/frontend/shared/client-address/use-client-address-controller.ts,1,react,IMPORT_OR_EXPORT,dsh
services/dsh/frontend/shared/client-address/use-client-address-controller.ts,19,./client-address.validation,IMPORT_OR_EXPORT,dsh
services/dsh/frontend/shared/client-map/client-map.api.ts,1,../_kernel/dsh-api-base-url,IMPORT_OR_EXPORT,dsh
services/dsh/frontend/shared/client-map/client-map.api.ts,2,../_kernel/dsh-http-request,IMPORT_OR_EXPORT,dsh
services/dsh/frontend/shared/client-map/index.ts,1,./client-map.types,IMPORT_OR_EXPORT,dsh
services/dsh/frontend/shared/client-map/index.ts,2,./client-map.api,IMPORT_OR_EXPORT,dsh
services/dsh/frontend/shared/client-map/index.ts,3,./use-client-map-controller,IMPORT_OR_EXPORT,dsh
services/dsh/frontend/shared/client-map/index.ts,4,./use-service-area-controller,IMPORT_OR_EXPORT,dsh
services/dsh/frontend/shared/client-map/index.ts,5,./use-map-provider-health-controller,IMPORT_OR_EXPORT,dsh
services/dsh/frontend/shared/client-map/use-client-map-controller.ts,1,react,IMPORT_OR_EXPORT,dsh
services/dsh/frontend/shared/client-map/use-map-provider-health-controller.ts,1,react,IMPORT_OR_EXPORT,dsh
services/dsh/frontend/shared/client-map/use-map-provider-health-controller.ts,2,./client-map.api,IMPORT_OR_EXPORT,dsh
services/dsh/frontend/shared/client-map/use-map-provider-health-controller.ts,3,./client-map.types,IMPORT_OR_EXPORT,dsh
services/dsh/frontend/shared/client-map/use-service-area-controller.ts,1,react,IMPORT_OR_EXPORT,dsh
services/dsh/frontend/shared/delivery-proof/delivery-proof.api.ts,1,../_kernel/dsh-api-base-url,IMPORT_OR_EXPORT,dsh
services/dsh/frontend/shared/delivery-proof/delivery-proof.api.ts,2,../_kernel/dsh-http-request,IMPORT_OR_EXPORT,dsh
services/dsh/frontend/shared/delivery-proof/index.ts,1,./delivery-proof.types,IMPORT_OR_EXPORT,dsh
services/dsh/frontend/shared/delivery-proof/index.ts,2,./delivery-proof.api,IMPORT_OR_EXPORT,dsh
services/dsh/frontend/shared/delivery-proof/index.ts,3,./use-delivery-proof-controller,IMPORT_OR_EXPORT,dsh
services/dsh/frontend/shared/delivery-proof/use-delivery-proof-controller.ts,1,react,IMPORT_OR_EXPORT,dsh
services/dsh/frontend/shared/delivery/captain-availability.model.ts,5,react,IMPORT_OR_EXPORT,dsh
services/dsh/frontend/shared/delivery/captain-availability.model.ts,6,./captain.contract,IMPORT_OR_EXPORT,dsh
services/dsh/frontend/shared/delivery/captain-gps.model.ts,5,react,IMPORT_OR_EXPORT,dsh
services/dsh/frontend/shared/delivery/captain-gps.model.ts,6,./captain.contract,IMPORT_OR_EXPORT,dsh
services/dsh/frontend/shared/delivery/captain-inbox.mapper.ts,1,./captain-inbox.fulfillment,IMPORT_OR_EXPORT,dsh
services/dsh/frontend/shared/delivery/captain-inbox.mapper.ts,2,../dispatch/dispatch.types,IMPORT_OR_EXPORT,dsh
services/dsh/frontend/shared/delivery/captain-inbox.mapper.ts,3,../dispatch/dispatch.types,IMPORT_OR_EXPORT,dsh
services/dsh/frontend/shared/delivery/captain-inbox.model.ts,1,react,IMPORT_OR_EXPORT,dsh
services/dsh/frontend/shared/delivery/captain-inbox.model.ts,6,../dispatch/dispatch.types,IMPORT_OR_EXPORT,dsh
services/dsh/frontend/shared/delivery/captain-inbox.model.ts,7,../orders/orders.contract,IMPORT_OR_EXPORT,dsh
services/dsh/frontend/shared/delivery/captain-navigation.model.ts,5,react,IMPORT_OR_EXPORT,dsh
services/dsh/frontend/shared/delivery/captain-navigation.model.ts,6,./captain.contract,IMPORT_OR_EXPORT,dsh
services/dsh/frontend/shared/delivery/captain-navigation.model.ts,7,./delivery.policy,IMPORT_OR_EXPORT,dsh
services/dsh/frontend/shared/delivery/captain-profile.model.ts,5,react,IMPORT_OR_EXPORT,dsh
services/dsh/frontend/shared/delivery/captain-profile.model.ts,6,./captain.contract,IMPORT_OR_EXPORT,dsh
services/dsh/frontend/shared/delivery/captain-profile.model.ts,8,@bthwani/core-identity,IMPORT_OR_EXPORT,dsh
services/dsh/frontend/shared/delivery/captain-service-mode.model.ts,5,react,IMPORT_OR_EXPORT,dsh
services/dsh/frontend/shared/delivery/captain-service-mode.model.ts,6,./captain.contract,IMPORT_OR_EXPORT,dsh
services/dsh/frontend/shared/delivery/captain-surface.binding.ts,1,react,IMPORT_OR_EXPORT,dsh
services/dsh/frontend/shared/delivery/captain-surface.binding.ts,2,./delivery.lifecycle,IMPORT_OR_EXPORT,dsh
services/dsh/frontend/shared/delivery/captain-surface.binding.ts,3,./delivery.actions,IMPORT_OR_EXPORT,dsh
services/dsh/frontend/shared/delivery/captain-surface.binding.ts,4,./delivery.policy,IMPORT_OR_EXPORT,dsh
services/dsh/frontend/shared/delivery/captain-surface.binding.ts,5,../media/pod/pod-upload-flow,IMPORT_OR_EXPORT,dsh
services/dsh/frontend/shared/delivery/captain-surface.binding.ts,6,../orders/captain-order.model,IMPORT_OR_EXPORT,dsh
services/dsh/frontend/shared/delivery/captain-surface.binding.ts,7,../chat,IMPORT_OR_EXPORT,dsh
services/dsh/frontend/shared/delivery/captain-surface.binding.ts,8,./captain-availability.model,IMPORT_OR_EXPORT,dsh
services/dsh/frontend/shared/delivery/captain-surface.binding.ts,9,./captain-gps.model,IMPORT_OR_EXPORT,dsh
services/dsh/frontend/shared/delivery/captain-surface.binding.ts,10,./captain-navigation.model,IMPORT_OR_EXPORT,dsh
services/dsh/frontend/shared/delivery/captain-surface.binding.ts,11,./captain-profile.model,IMPORT_OR_EXPORT,dsh
services/dsh/frontend/shared/delivery/captain-surface.binding.ts,12,./captain-service-mode.model,IMPORT_OR_EXPORT,dsh
services/dsh/frontend/shared/delivery/captain-surface.binding.ts,13,./captain-inbox.model,IMPORT_OR_EXPORT,dsh
services/dsh/frontend/shared/delivery/captain-surface.binding.ts,14,./captain.contract,IMPORT_OR_EXPORT,dsh
services/dsh/frontend/shared/delivery/captain.contract.ts,4,../orders/orders.contract,IMPORT_OR_EXPORT,dsh
services/dsh/frontend/shared/delivery/captain.contract.ts,5,../operations/dsh-operational.contract,IMPORT_OR_EXPORT,dsh
services/dsh/frontend/shared/delivery/captain.contract.ts,6,../operations/dsh-operational-registry,IMPORT_OR_EXPORT,dsh
services/dsh/frontend/shared/delivery/captain.derived.ts,5,./captain.cod,IMPORT_OR_EXPORT,dsh
services/dsh/frontend/shared/delivery/captain.derived.ts,6,./captain.surface.types,IMPORT_OR_EXPORT,dsh
services/dsh/frontend/shared/delivery/captain.derived.ts,7,../dispatch/dispatch.types,IMPORT_OR_EXPORT,dsh
services/dsh/frontend/shared/delivery/captain.derived.ts,8,../orders,IMPORT_OR_EXPORT,dsh
services/dsh/frontend/shared/delivery/captain.surface-model.ts,1,react,IMPORT_OR_EXPORT,dsh
services/dsh/frontend/shared/delivery/captain.surface-model.ts,15,./captain.derived,IMPORT_OR_EXPORT,dsh
services/dsh/frontend/shared/delivery/captain.surface-model.ts,17,./captain-availability.model,IMPORT_OR_EXPORT,dsh
services/dsh/frontend/shared/delivery/captain.surface-model.ts,18,./captain-gps.model,IMPORT_OR_EXPORT,dsh
services/dsh/frontend/shared/delivery/captain.surface-model.ts,19,./captain-profile.model,IMPORT_OR_EXPORT,dsh
services/dsh/frontend/shared/delivery/captain.surface-model.ts,20,./delivery.lifecycle,IMPORT_OR_EXPORT,dsh
services/dsh/frontend/shared/delivery/captain.surface-model.ts,21,./delivery.actions,IMPORT_OR_EXPORT,dsh
services/dsh/frontend/shared/delivery/captain.surface-model.ts,22,../media/pod/pod-upload-flow,IMPORT_OR_EXPORT,dsh
services/dsh/frontend/shared/delivery/captain.surface-model.ts,23,../orders/captain-order.model,IMPORT_OR_EXPORT,dsh
services/dsh/frontend/shared/delivery/captain.surface-model.ts,24,../chat,IMPORT_OR_EXPORT,dsh
services/dsh/frontend/shared/delivery/captain.surface-model.ts,25,./captain-navigation.model,IMPORT_OR_EXPORT,dsh
services/dsh/frontend/shared/delivery/captain.surface-model.ts,26,./captain-service-mode.model,IMPORT_OR_EXPORT,dsh
services/dsh/frontend/shared/delivery/captain.surface-model.ts,27,./captain-inbox.model,IMPORT_OR_EXPORT,dsh
services/dsh/frontend/shared/delivery/captain.surface.types.ts,1,./captain.contract,IMPORT_OR_EXPORT,dsh
services/dsh/frontend/shared/delivery/captain.surface.types.ts,2,./captain.contract,IMPORT_OR_EXPORT,dsh
services/dsh/frontend/shared/delivery/captain.surface.types.ts,3,./delivery.contract,IMPORT_OR_EXPORT,dsh
services/dsh/frontend/shared/delivery/captain.surface.types.ts,4,../dispatch,IMPORT_OR_EXPORT,dsh
services/dsh/frontend/shared/delivery/captain.surface.types.ts,5,../orders,IMPORT_OR_EXPORT,dsh
services/dsh/frontend/shared/delivery/captain.surface.types.ts,6,../media/pod/pod-upload-flow,IMPORT_OR_EXPORT,dsh
services/dsh/frontend/shared/delivery/captain.surface.types.ts,7,./delivery.contract,IMPORT_OR_EXPORT,dsh
services/dsh/frontend/shared/delivery/delivery.actions.ts,5,react,IMPORT_OR_EXPORT,dsh
services/dsh/frontend/shared/delivery/delivery.actions.ts,6,./captain.contract,IMPORT_OR_EXPORT,dsh
services/dsh/frontend/shared/delivery/delivery.actions.ts,7,./delivery.contract,IMPORT_OR_EXPORT,dsh
services/dsh/frontend/shared/delivery/delivery.actions.ts,8,./use-captain-order-runtime,IMPORT_OR_EXPORT,dsh
services/dsh/frontend/shared/delivery/delivery.actions.ts,9,../orders/dsh-order-lifecycle-client,IMPORT_OR_EXPORT,dsh
services/dsh/frontend/shared/delivery/delivery.actions.ts,10,../delivery-proof/delivery-proof.api,IMPORT_OR_EXPORT,dsh
services/dsh/frontend/shared/delivery/delivery.adapters.ts,1,./use-captain-order-runtime,IMPORT_OR_EXPORT,dsh
services/dsh/frontend/shared/delivery/delivery.contract.ts,6,../../../clients/generated/dsh-api,IMPORT_OR_EXPORT,dsh
services/dsh/frontend/shared/delivery/delivery.lifecycle.ts,5,react,IMPORT_OR_EXPORT,dsh
services/dsh/frontend/shared/delivery/delivery.lifecycle.ts,6,./delivery.contract,IMPORT_OR_EXPORT,dsh
services/dsh/frontend/shared/delivery/delivery.policy.ts,4,./captain.contract,IMPORT_OR_EXPORT,dsh
services/dsh/frontend/shared/delivery/delivery.policy.ts,5,../orders/orders.contract,IMPORT_OR_EXPORT,dsh
services/dsh/frontend/shared/delivery/delivery.policy.ts,6,./delivery.contract,IMPORT_OR_EXPORT,dsh
services/dsh/frontend/shared/delivery/delivery.view-model.ts,1,./delivery.actions,IMPORT_OR_EXPORT,dsh
services/dsh/frontend/shared/delivery/delivery.view-model.ts,2,./delivery.lifecycle,IMPORT_OR_EXPORT,dsh
services/dsh/frontend/shared/delivery/index.ts,2,./delivery.contract,IMPORT_OR_EXPORT,dsh
services/dsh/frontend/shared/delivery/index.ts,3,./fulfillment,IMPORT_OR_EXPORT,dsh
services/dsh/frontend/shared/delivery/index.ts,6,./delivery.policy,IMPORT_OR_EXPORT,dsh
services/dsh/frontend/shared/delivery/index.ts,9,./delivery.view-model,IMPORT_OR_EXPORT,dsh
services/dsh/frontend/shared/delivery/index.ts,12,./delivery.adapters,IMPORT_OR_EXPORT,dsh
services/dsh/frontend/shared/delivery/index.ts,22,./captain.contract,IMPORT_OR_EXPORT,dsh
services/dsh/frontend/shared/delivery/index.ts,23,./captain.cod,IMPORT_OR_EXPORT,dsh
services/dsh/frontend/shared/delivery/index.ts,24,./captain.state,IMPORT_OR_EXPORT,dsh
services/dsh/frontend/shared/delivery/index.ts,25,./captain.surface-model,IMPORT_OR_EXPORT,dsh
services/dsh/frontend/shared/delivery/index.ts,26,./captain-surface.binding,IMPORT_OR_EXPORT,dsh
services/dsh/frontend/shared/delivery/index.ts,27,./captain-navigation.model,IMPORT_OR_EXPORT,dsh
services/dsh/frontend/shared/delivery/index.ts,28,./captain-service-mode.model,IMPORT_OR_EXPORT,dsh
services/dsh/frontend/shared/delivery/index.ts,29,./captain-availability.model,IMPORT_OR_EXPORT,dsh
services/dsh/frontend/shared/delivery/index.ts,30,./captain-gps.model,IMPORT_OR_EXPORT,dsh
services/dsh/frontend/shared/delivery/index.ts,31,./captain-profile.model,IMPORT_OR_EXPORT,dsh
services/dsh/frontend/shared/delivery/index.ts,32,./captain.derived,IMPORT_OR_EXPORT,dsh
services/dsh/frontend/shared/delivery/index.ts,33,./captain.surface.types,IMPORT_OR_EXPORT,dsh
services/dsh/frontend/shared/delivery/use-captain-order-runtime.ts,1,react,IMPORT_OR_EXPORT,dsh
services/dsh/frontend/shared/delivery/use-captain-order-runtime.ts,2,react-native,IMPORT_OR_EXPORT,dsh
services/dsh/frontend/shared/delivery/use-captain-order-runtime.ts,3,../orders/dsh-order-lifecycle-client,IMPORT_OR_EXPORT,dsh
services/dsh/frontend/shared/delivery/use-captain-order-runtime.ts,15,../dispatch/dispatch.types,IMPORT_OR_EXPORT,dsh
services/dsh/frontend/shared/delivery/use-captain-order-runtime.ts,86,expo-location,IMPORT_OR_EXPORT,dsh
services/dsh/frontend/shared/delivery/use-captain-order-runtime.ts,213,react-native,IMPORT_OR_EXPORT,dsh
services/dsh/frontend/shared/dispatch/CaptainFinancialEligibilityPanel.tsx,1,react,IMPORT_OR_EXPORT,dsh
services/dsh/frontend/shared/dispatch/CaptainFinancialEligibilityPanel.tsx,2,react-native,IMPORT_OR_EXPORT,dsh
services/dsh/frontend/shared/dispatch/CaptainFinancialEligibilityPanel.tsx,3,@bthwani/ui-kit,IMPORT_OR_EXPORT,dsh
services/dsh/frontend/shared/dispatch/CaptainFinancialEligibilityPanel.tsx,4,../platform,IMPORT_OR_EXPORT,dsh
services/dsh/frontend/shared/dispatch/CaptainFinancialEligibilityPanel.tsx,5,./captain-financial-eligibility.api,IMPORT_OR_EXPORT,dsh
services/dsh/frontend/shared/dispatch/StoreCaptainHandoffExceptionForm.tsx,1,react,IMPORT_OR_EXPORT,dsh
services/dsh/frontend/shared/dispatch/StoreCaptainHandoffExceptionForm.tsx,9,../orders/orders.types,IMPORT_OR_EXPORT,dsh
services/dsh/frontend/shared/dispatch/StoreCaptainHandoffExceptionForm.tsx,10,../orders/orders.types,IMPORT_OR_EXPORT,dsh
services/dsh/frontend/shared/dispatch/StoreCaptainHandoffExceptionForm.tsx,11,./use-store-captain-handoff-exception,IMPORT_OR_EXPORT,dsh
services/dsh/frontend/shared/dispatch/captain-financial-eligibility.api.ts,1,../_kernel/dsh-http-request,IMPORT_OR_EXPORT,dsh
services/dsh/frontend/shared/dispatch/captain-financial-eligibility.api.ts,2,../_kernel/dsh-api-base-url,IMPORT_OR_EXPORT,dsh
services/dsh/frontend/shared/dispatch/captain-financial-eligibility.api.ts,3,../platform,IMPORT_OR_EXPORT,dsh
services/dsh/frontend/shared/dispatch/dispatch-location.api.ts,1,../_kernel/dsh-api-base-url,IMPORT_OR_EXPORT,dsh
services/dsh/frontend/shared/dispatch/dispatch-location.api.ts,2,../_kernel/dsh-http-request,IMPORT_OR_EXPORT,dsh
services/dsh/frontend/shared/dispatch/dispatch-location.api.ts,3,./dispatch.types,IMPORT_OR_EXPORT,dsh
services/dsh/frontend/shared/dispatch/dispatch-tracking.api.ts,1,../_kernel/dsh-api-base-url,IMPORT_OR_EXPORT,dsh
services/dsh/frontend/shared/dispatch/dispatch-tracking.api.ts,2,../_kernel/dsh-http-request,IMPORT_OR_EXPORT,dsh
services/dsh/frontend/shared/dispatch/dispatch-tracking.api.ts,3,./dispatch.types,IMPORT_OR_EXPORT,dsh
services/dsh/frontend/shared/dispatch/dispatch.api.ts,1,../_kernel/dsh-api-base-url,IMPORT_OR_EXPORT,dsh
services/dsh/frontend/shared/dispatch/dispatch.api.ts,2,../_kernel/dsh-http-request,IMPORT_OR_EXPORT,dsh
services/dsh/frontend/shared/dispatch/dispatch.types.ts,1,../../../clients/generated/dsh-api,IMPORT_OR_EXPORT,dsh
services/dsh/frontend/shared/dispatch/dispatch.view-model.ts,1,./dispatch.types,IMPORT_OR_EXPORT,dsh
services/dsh/frontend/shared/dispatch/dispatch.view-model.ts,2,./dispatch.types,IMPORT_OR_EXPORT,dsh
services/dsh/frontend/shared/dispatch/index.ts,1,./dispatch.api,IMPORT_OR_EXPORT,dsh
services/dsh/frontend/shared/dispatch/index.ts,2,./dispatch.states,IMPORT_OR_EXPORT,dsh
services/dsh/frontend/shared/dispatch/index.ts,3,./dispatch.types,IMPORT_OR_EXPORT,dsh
services/dsh/frontend/shared/dispatch/index.ts,4,./dispatch.view-model,IMPORT_OR_EXPORT,dsh
services/dsh/frontend/shared/dispatch/index.ts,5,./captain-financial-eligibility.api,IMPORT_OR_EXPORT,dsh
services/dsh/frontend/shared/dispatch/index.ts,6,./CaptainFinancialEligibilityPanel,IMPORT_OR_EXPORT,dsh
services/dsh/frontend/shared/dispatch/index.ts,7,./StoreCaptainHandoffExceptionForm,IMPORT_OR_EXPORT,dsh
services/dsh/frontend/shared/dispatch/index.ts,8,./use-dispatch-controller,IMPORT_OR_EXPORT,dsh
services/dsh/frontend/shared/dispatch/index.ts,9,./use-captain-readiness-controller,IMPORT_OR_EXPORT,dsh
services/dsh/frontend/shared/dispatch/index.ts,10,./use-store-captain-handoff-exception,IMPORT_OR_EXPORT,dsh
services/dsh/frontend/shared/dispatch/use-captain-readiness-controller.ts,1,react,IMPORT_OR_EXPORT,dsh
services/dsh/frontend/shared/dispatch/use-captain-readiness-controller.ts,2,./dispatch.api,IMPORT_OR_EXPORT,dsh
services/dsh/frontend/shared/dispatch/use-captain-readiness-controller.ts,3,./dispatch.types,IMPORT_OR_EXPORT,dsh
services/dsh/frontend/shared/dispatch/use-dispatch-controller.ts,1,react,IMPORT_OR_EXPORT,dsh
services/dsh/frontend/shared/dispatch/use-operator-dispatch-tracking-alerts.ts,1,react,IMPORT_OR_EXPORT,dsh
services/dsh/frontend/shared/dispatch/use-operator-dispatch-tracking-alerts.ts,2,./dispatch.api,IMPORT_OR_EXPORT,dsh
services/dsh/frontend/shared/dispatch/use-partner-dispatch-tracking.ts,1,react,IMPORT_OR_EXPORT,dsh
services/dsh/frontend/shared/dispatch/use-partner-dispatch-tracking.ts,2,./dispatch.api,IMPORT_OR_EXPORT,dsh
services/dsh/frontend/shared/dispatch/use-partner-return-to-store-controller.ts,1,react,IMPORT_OR_EXPORT,dsh
services/dsh/frontend/shared/dispatch/use-partner-return-to-store-controller.ts,2,./dispatch.api,IMPORT_OR_EXPORT,dsh
services/dsh/frontend/shared/dispatch/use-partner-return-to-store-controller.ts,3,./dispatch.types,IMPORT_OR_EXPORT,dsh
services/dsh/frontend/shared/dispatch/use-store-captain-handoff-exception.ts,1,react,IMPORT_OR_EXPORT,dsh
services/dsh/frontend/shared/dispatch/use-store-captain-handoff-exception.ts,2,../orders/orders.api,IMPORT_OR_EXPORT,dsh
services/dsh/frontend/shared/dispatch/use-store-captain-handoff-exception.ts,3,../orders/orders.types,IMPORT_OR_EXPORT,dsh
services/dsh/frontend/shared/dispatch/use-store-captain-handoff-exception.ts,9,./dispatch.types,IMPORT_OR_EXPORT,dsh
services/dsh/frontend/shared/field-onboarding/field-onboarding.types.ts,4,../partner,IMPORT_OR_EXPORT,dsh
services/dsh/frontend/shared/field-onboarding/index.ts,1,./field-onboarding.types,IMPORT_OR_EXPORT,dsh
services/dsh/frontend/shared/field-onboarding/use-field-partner-drafts-controller.tsx,5,react,IMPORT_OR_EXPORT,dsh
services/dsh/frontend/shared/field-onboarding/use-field-partner-drafts-controller.tsx,6,../partner,IMPORT_OR_EXPORT,dsh
services/dsh/frontend/shared/field-onboarding/use-field-partner-onboarding-controller.tsx,5,react,IMPORT_OR_EXPORT,dsh
services/dsh/frontend/shared/field-onboarding/use-field-partner-onboarding-controller.tsx,408,../partner,IMPORT_OR_EXPORT,dsh
services/dsh/frontend/shared/field-readiness/field-offline-queue.ts,8,@react-native-async-storage/async-storage,IMPORT_OR_EXPORT,dsh
services/dsh/frontend/shared/field-readiness/field-readiness.api.ts,1,../_kernel/dsh-api-base-url,IMPORT_OR_EXPORT,dsh
services/dsh/frontend/shared/field-readiness/field-readiness.api.ts,2,../_kernel/dsh-http-request,IMPORT_OR_EXPORT,dsh
services/dsh/frontend/shared/field-readiness/field-readiness.controller-core.ts,22,./field-readiness.types,IMPORT_OR_EXPORT,dsh
services/dsh/frontend/shared/field-readiness/field-readiness.controller-core.ts,84,./field-readiness.types,IMPORT_OR_EXPORT,dsh
services/dsh/frontend/shared/field-readiness/field-readiness.policy.ts,1,./field-readiness.types,IMPORT_OR_EXPORT,dsh
services/dsh/frontend/shared/field-readiness/field-readiness.states.ts,1,./field-readiness.types,IMPORT_OR_EXPORT,dsh
services/dsh/frontend/shared/field-readiness/field-readiness.view-model.ts,1,./field-readiness.types,IMPORT_OR_EXPORT,dsh
services/dsh/frontend/shared/field-readiness/field-readiness.view-model.ts,2,./field-readiness.types,IMPORT_OR_EXPORT,dsh
services/dsh/frontend/shared/field-readiness/field-readiness.view-model.ts,3,./field-readiness.policy,IMPORT_OR_EXPORT,dsh
services/dsh/frontend/shared/field-readiness/index.ts,1,./field-readiness.types,IMPORT_OR_EXPORT,dsh
services/dsh/frontend/shared/field-readiness/index.ts,2,./field-readiness.states,IMPORT_OR_EXPORT,dsh
services/dsh/frontend/shared/field-readiness/index.ts,3,./field-readiness.policy,IMPORT_OR_EXPORT,dsh
services/dsh/frontend/shared/field-readiness/index.ts,4,./field-readiness.view-model,IMPORT_OR_EXPORT,dsh
services/dsh/frontend/shared/field-readiness/index.ts,19,./field-readiness.api,IMPORT_OR_EXPORT,dsh
services/dsh/frontend/shared/field-readiness/index.ts,27,./use-field-escalation-submission-controller,IMPORT_OR_EXPORT,dsh
services/dsh/frontend/shared/field-readiness/index.ts,49,./use-field-offline-sync,IMPORT_OR_EXPORT,dsh
services/dsh/frontend/shared/field-readiness/use-field-escalation-submission-controller.ts,1,react,IMPORT_OR_EXPORT,dsh
services/dsh/frontend/shared/field-readiness/use-field-escalation-submission-controller.ts,17,./field-readiness.types,IMPORT_OR_EXPORT,dsh
services/dsh/frontend/shared/field-readiness/use-field-offline-sync.ts,9,react,IMPORT_OR_EXPORT,dsh
services/dsh/frontend/shared/field-readiness/use-field-offline-sync.ts,10,@react-native-community/netinfo,IMPORT_OR_EXPORT,dsh
services/dsh/frontend/shared/field-readiness/use-field-readiness-controller.tsx,1,react,IMPORT_OR_EXPORT,dsh
services/dsh/frontend/shared/field-readiness/use-field-readiness-controller.tsx,17,./field-offline-queue,IMPORT_OR_EXPORT,dsh
services/dsh/frontend/shared/geo/geo.map-provider.contract.ts,1,./geo.types,IMPORT_OR_EXPORT,dsh
services/dsh/frontend/shared/geo/geo.operational-checkpoint.types.ts,1,./geo.types,IMPORT_OR_EXPORT,dsh
services/dsh/frontend/shared/geo/index.ts,1,./geo.types,IMPORT_OR_EXPORT,dsh
services/dsh/frontend/shared/geo/index.ts,3,./geo.customer-visibility.policy,IMPORT_OR_EXPORT,dsh
services/dsh/frontend/shared/geo/index.ts,6,./geo.operational-checkpoint.types,IMPORT_OR_EXPORT,dsh
services/dsh/frontend/shared/geo/index.ts,9,./geo.status-updates,IMPORT_OR_EXPORT,dsh
services/dsh/frontend/shared/geo/index.ts,10,./geo.status-updates,IMPORT_OR_EXPORT,dsh
services/dsh/frontend/shared/geo/index.ts,12,./geo.map-provider.contract,IMPORT_OR_EXPORT,dsh
services/dsh/frontend/shared/geo/index.ts,13,./geo.map-provider.contract,IMPORT_OR_EXPORT,dsh
services/dsh/frontend/shared/geo/index.ts,15,./geo.heatmap.types,IMPORT_OR_EXPORT,dsh
services/dsh/frontend/shared/geo/index.ts,17,./geo.policy,IMPORT_OR_EXPORT,dsh
services/dsh/frontend/shared/home-discovery/home-discovery-admin.ts,1,@bthwani/core-identity,IMPORT_OR_EXPORT,dsh
services/dsh/frontend/shared/home-discovery/home-discovery-admin.ts,11,../_kernel/dsh-api-base-url,IMPORT_OR_EXPORT,dsh
services/dsh/frontend/shared/home-discovery/home-discovery-events.adapter.ts,1,../_kernel/dsh-http-request,IMPORT_OR_EXPORT,dsh
services/dsh/frontend/shared/home-discovery/home-discovery-events.adapter.ts,2,../_kernel/dsh-api-base-url,IMPORT_OR_EXPORT,dsh
services/dsh/frontend/shared/home-discovery/home-discovery-events.adapter.ts,3,./home-discovery.types,IMPORT_OR_EXPORT,dsh
services/dsh/frontend/shared/home-discovery/home-discovery-targeting.ts,1,@bthwani/core-identity,IMPORT_OR_EXPORT,dsh
services/dsh/frontend/shared/home-discovery/home-discovery-targeting.ts,2,../_kernel/dsh-http-request,IMPORT_OR_EXPORT,dsh
services/dsh/frontend/shared/home-discovery/home-discovery-targeting.ts,3,../_kernel/dsh-api-base-url,IMPORT_OR_EXPORT,dsh
services/dsh/frontend/shared/home-discovery/home-discovery-targeting.ts,4,./home-discovery.types,IMPORT_OR_EXPORT,dsh
services/dsh/frontend/shared/home-discovery/home-discovery.api.ts,1,@bthwani/core-identity,IMPORT_OR_EXPORT,dsh
services/dsh/frontend/shared/home-discovery/home-discovery.api.ts,2,../_kernel/dsh-http-request,IMPORT_OR_EXPORT,dsh
services/dsh/frontend/shared/home-discovery/home-discovery.api.ts,22,../_kernel/dsh-api-base-url,IMPORT_OR_EXPORT,dsh
services/dsh/frontend/shared/home-discovery/home-discovery.controller-core.ts,1,./home-discovery.states,IMPORT_OR_EXPORT,dsh
services/dsh/frontend/shared/home-discovery/home-discovery.controller-core.ts,2,./home-discovery.types,IMPORT_OR_EXPORT,dsh
services/dsh/frontend/shared/home-discovery/home-discovery.policy.ts,6,./home-discovery.types,IMPORT_OR_EXPORT,dsh
services/dsh/frontend/shared/home-discovery/home-discovery.policy.ts,7,./home-discovery.view-model,IMPORT_OR_EXPORT,dsh
services/dsh/frontend/shared/home-discovery/home-discovery.types.ts,8,../../../clients/generated/dsh-api,IMPORT_OR_EXPORT,dsh
services/dsh/frontend/shared/home-discovery/home-discovery.view-model.ts,15,../_kernel/dsh-media-url,IMPORT_OR_EXPORT,dsh
services/dsh/frontend/shared/home-discovery/home-reels.api.ts,1,../_kernel/dsh-api-base-url,IMPORT_OR_EXPORT,dsh
services/dsh/frontend/shared/home-discovery/home-reels.api.ts,2,../_kernel/dsh-http-request,IMPORT_OR_EXPORT,dsh
services/dsh/frontend/shared/home-discovery/home-reels.api.ts,3,../_kernel/dsh-media-url,IMPORT_OR_EXPORT,dsh
services/dsh/frontend/shared/home-discovery/index.ts,4,./home-discovery.types,IMPORT_OR_EXPORT,dsh
services/dsh/frontend/shared/home-discovery/index.ts,5,./home-discovery.view-model,IMPORT_OR_EXPORT,dsh
services/dsh/frontend/shared/home-discovery/index.ts,6,./home-discovery.states,IMPORT_OR_EXPORT,dsh
services/dsh/frontend/shared/home-discovery/index.ts,7,./home-discovery.policy,IMPORT_OR_EXPORT,dsh
services/dsh/frontend/shared/home-discovery/index.ts,8,./use-home-discovery-controller,IMPORT_OR_EXPORT,dsh
services/dsh/frontend/shared/home-discovery/index.ts,9,./home-discovery-admin,IMPORT_OR_EXPORT,dsh
services/dsh/frontend/shared/home-discovery/index.ts,10,./use-home-discovery-admin-controller,IMPORT_OR_EXPORT,dsh
services/dsh/frontend/shared/home-discovery/index.ts,11,./home-discovery-events.adapter,IMPORT_OR_EXPORT,dsh
services/dsh/frontend/shared/home-discovery/index.ts,12,./home-discovery-targeting,IMPORT_OR_EXPORT,dsh
services/dsh/frontend/shared/home-discovery/index.ts,13,./home-reels.api,IMPORT_OR_EXPORT,dsh
services/dsh/frontend/shared/home-discovery/use-home-discovery-admin-controller.tsx,1,react,IMPORT_OR_EXPORT,dsh
services/dsh/frontend/shared/home-discovery/use-home-discovery-controller.tsx,1,react,IMPORT_OR_EXPORT,dsh
services/dsh/frontend/shared/home-discovery/use-home-discovery-controller.tsx,2,@bthwani/data-runtime,IMPORT_OR_EXPORT,dsh
services/dsh/frontend/shared/home-discovery/use-home-discovery-controller.tsx,3,./home-discovery.api,IMPORT_OR_EXPORT,dsh
services/dsh/frontend/shared/home-discovery/use-home-discovery-controller.tsx,4,./home-discovery.controller-core,IMPORT_OR_EXPORT,dsh
services/dsh/frontend/shared/home-discovery/use-home-discovery-controller.tsx,5,./home-discovery.states,IMPORT_OR_EXPORT,dsh
services/dsh/frontend/shared/home-discovery/use-home-discovery-controller.tsx,6,./home-discovery.types,IMPORT_OR_EXPORT,dsh
services/dsh/frontend/shared/hr/index.ts,1,./control-panel.hr,IMPORT_OR_EXPORT,dsh
services/dsh/frontend/shared/index.ts,1,./administration,IMPORT_OR_EXPORT,dsh
services/dsh/frontend/shared/index.ts,2,./analytics,IMPORT_OR_EXPORT,dsh
services/dsh/frontend/shared/index.ts,3,./bell,IMPORT_OR_EXPORT,dsh
services/dsh/frontend/shared/index.ts,4,./cart,IMPORT_OR_EXPORT,dsh
services/dsh/frontend/shared/index.ts,5,./catalog,IMPORT_OR_EXPORT,dsh
services/dsh/frontend/shared/index.ts,6,./chat,IMPORT_OR_EXPORT,dsh
services/dsh/frontend/shared/index.ts,7,./checkout,IMPORT_OR_EXPORT,dsh
services/dsh/frontend/shared/index.ts,12,./delivery/delivery.contract,IMPORT_OR_EXPORT,dsh
services/dsh/frontend/shared/index.ts,13,./delivery/fulfillment,IMPORT_OR_EXPORT,dsh
services/dsh/frontend/shared/index.ts,14,./delivery/delivery.policy,IMPORT_OR_EXPORT,dsh
services/dsh/frontend/shared/index.ts,15,./delivery/delivery.view-model,IMPORT_OR_EXPORT,dsh
services/dsh/frontend/shared/index.ts,16,./delivery/delivery.adapters,IMPORT_OR_EXPORT,dsh
services/dsh/frontend/shared/index.ts,17,./delivery/captain.contract,IMPORT_OR_EXPORT,dsh
services/dsh/frontend/shared/index.ts,18,./delivery/captain.cod,IMPORT_OR_EXPORT,dsh
services/dsh/frontend/shared/index.ts,19,./delivery/captain.state,IMPORT_OR_EXPORT,dsh
services/dsh/frontend/shared/index.ts,20,./delivery/captain.surface-model,IMPORT_OR_EXPORT,dsh
services/dsh/frontend/shared/index.ts,21,./delivery/captain-surface.binding,IMPORT_OR_EXPORT,dsh
services/dsh/frontend/shared/index.ts,22,./delivery/captain-navigation.model,IMPORT_OR_EXPORT,dsh
services/dsh/frontend/shared/index.ts,23,./delivery/captain-service-mode.model,IMPORT_OR_EXPORT,dsh
services/dsh/frontend/shared/index.ts,24,./delivery/captain-availability.model,IMPORT_OR_EXPORT,dsh
services/dsh/frontend/shared/index.ts,25,./delivery/captain-gps.model,IMPORT_OR_EXPORT,dsh
services/dsh/frontend/shared/index.ts,26,./delivery/captain-profile.model,IMPORT_OR_EXPORT,dsh
services/dsh/frontend/shared/index.ts,27,./delivery/captain.derived,IMPORT_OR_EXPORT,dsh
services/dsh/frontend/shared/index.ts,28,./delivery/captain.surface.types,IMPORT_OR_EXPORT,dsh
services/dsh/frontend/shared/index.ts,30,./dispatch,IMPORT_OR_EXPORT,dsh
services/dsh/frontend/shared/index.ts,31,./field-onboarding,IMPORT_OR_EXPORT,dsh
services/dsh/frontend/shared/index.ts,32,./field-readiness,IMPORT_OR_EXPORT,dsh
services/dsh/frontend/shared/index.ts,33,./geo,IMPORT_OR_EXPORT,dsh
services/dsh/frontend/shared/index.ts,34,./home-discovery,IMPORT_OR_EXPORT,dsh
services/dsh/frontend/shared/index.ts,35,./identity-access,IMPORT_OR_EXPORT,dsh
services/dsh/frontend/shared/index.ts,36,./marketing,IMPORT_OR_EXPORT,dsh
services/dsh/frontend/shared/index.ts,37,./media,IMPORT_OR_EXPORT,dsh
services/dsh/frontend/shared/index.ts,38,./notifications,IMPORT_OR_EXPORT,dsh
services/dsh/frontend/shared/index.ts,39,./operations,IMPORT_OR_EXPORT,dsh
services/dsh/frontend/shared/index.ts,40,./orders,IMPORT_OR_EXPORT,dsh
services/dsh/frontend/shared/index.ts,41,./partner,IMPORT_OR_EXPORT,dsh
services/dsh/frontend/shared/index.ts,42,./platform,IMPORT_OR_EXPORT,dsh
services/dsh/frontend/shared/index.ts,43,./store,IMPORT_OR_EXPORT,dsh
services/dsh/frontend/shared/index.ts,44,./support,IMPORT_OR_EXPORT,dsh
services/dsh/frontend/shared/index.ts,45,./hr,IMPORT_OR_EXPORT,dsh
services/dsh/frontend/shared/index.ts,50,./analytics,IMPORT_OR_EXPORT,dsh
services/dsh/frontend/shared/index.ts,51,./checkout,IMPORT_OR_EXPORT,dsh
services/dsh/frontend/shared/maps/BthwaniNativeMap.tsx,1,react,IMPORT_OR_EXPORT,dsh
services/dsh/frontend/shared/maps/BthwaniNativeMap.tsx,2,react-native,IMPORT_OR_EXPORT,dsh
services/dsh/frontend/shared/maps/BthwaniNativeMap.tsx,9,@bthwani/ui-kit,IMPORT_OR_EXPORT,dsh
services/dsh/frontend/shared/marketing/campaign.types.ts,1,./marketing.types,IMPORT_OR_EXPORT,dsh
services/dsh/frontend/shared/marketing/coupons.public.ts,17,./use-coupons-controller,IMPORT_OR_EXPORT,dsh
services/dsh/frontend/shared/marketing/index.ts,1,./marketing.types,IMPORT_OR_EXPORT,dsh
services/dsh/frontend/shared/marketing/index.ts,2,./campaign.types,IMPORT_OR_EXPORT,dsh
services/dsh/frontend/shared/marketing/index.ts,3,./use-marketing-crud-controller,IMPORT_OR_EXPORT,dsh
services/dsh/frontend/shared/marketing/index.ts,15,./use-governed-campaigns-controller,IMPORT_OR_EXPORT,dsh
services/dsh/frontend/shared/marketing/index.ts,16,./dsh-signal-layer.model,IMPORT_OR_EXPORT,dsh
services/dsh/frontend/shared/marketing/index.ts,17,./marketing-registry,IMPORT_OR_EXPORT,dsh
services/dsh/frontend/shared/marketing/index.ts,18,./marketing.api,IMPORT_OR_EXPORT,dsh
services/dsh/frontend/shared/marketing/index.ts,19,./loyalty-subscriptions.types,IMPORT_OR_EXPORT,dsh
services/dsh/frontend/shared/marketing/index.ts,20,./use-commercial-programs-controller,IMPORT_OR_EXPORT,dsh
services/dsh/frontend/shared/marketing/index.ts,21,./subscription-lifecycle.types,IMPORT_OR_EXPORT,dsh
services/dsh/frontend/shared/marketing/index.ts,22,./subscription-lifecycle.api,IMPORT_OR_EXPORT,dsh
services/dsh/frontend/shared/marketing/index.ts,23,./use-subscription-lifecycle-controller,IMPORT_OR_EXPORT,dsh
services/dsh/frontend/shared/marketing/index.ts,24,./coupons.types,IMPORT_OR_EXPORT,dsh
services/dsh/frontend/shared/marketing/index.ts,25,./use-coupons-controller,IMPORT_OR_EXPORT,dsh
services/dsh/frontend/shared/marketing/index.ts,26,./use-governed-partner-offers-controller,IMPORT_OR_EXPORT,dsh
services/dsh/frontend/shared/marketing/index.ts,27,./loyalty-policy.api,IMPORT_OR_EXPORT,dsh
services/dsh/frontend/shared/marketing/index.ts,28,./use-loyalty-policy-controller,IMPORT_OR_EXPORT,dsh
services/dsh/frontend/shared/marketing/loyalty-policy.api.ts,1,../_kernel/dsh-api-base-url,IMPORT_OR_EXPORT,dsh
services/dsh/frontend/shared/marketing/loyalty-policy.api.ts,2,../_kernel/dsh-http-request,IMPORT_OR_EXPORT,dsh
services/dsh/frontend/shared/marketing/loyalty-policy.public.ts,9,./use-loyalty-policy-controller,IMPORT_OR_EXPORT,dsh
services/dsh/frontend/shared/marketing/loyalty-subscriptions.types.ts,1,../partner/dsh-partner-offer-types,IMPORT_OR_EXPORT,dsh
services/dsh/frontend/shared/marketing/marketing-registry.ts,1,../analytics/analytics.types,IMPORT_OR_EXPORT,dsh
services/dsh/frontend/shared/marketing/marketing.api.ts,1,../_kernel/dsh-api-base-url,IMPORT_OR_EXPORT,dsh
services/dsh/frontend/shared/marketing/marketing.api.ts,2,../_kernel/dsh-http-request,IMPORT_OR_EXPORT,dsh
services/dsh/frontend/shared/marketing/marketing.api.ts,3,./marketing.types,IMPORT_OR_EXPORT,dsh
services/dsh/frontend/shared/marketing/marketing.api.ts,4,./campaign.types,IMPORT_OR_EXPORT,dsh
services/dsh/frontend/shared/marketing/marketing.api.ts,103,../partner/dsh-partner-offer-types,IMPORT_OR_EXPORT,dsh
services/dsh/frontend/shared/marketing/marketing.api.ts,107,../partner/dsh-partner-offer-types,IMPORT_OR_EXPORT,dsh
services/dsh/frontend/shared/marketing/marketing.api.ts,115,../partner/dsh-partner-offer-types,IMPORT_OR_EXPORT,dsh
services/dsh/frontend/shared/marketing/marketing.api.ts,119,../partner/dsh-partner-offer-types,IMPORT_OR_EXPORT,dsh
services/dsh/frontend/shared/marketing/subscription-lifecycle.api.ts,1,../_kernel/dsh-api-base-url,IMPORT_OR_EXPORT,dsh
services/dsh/frontend/shared/marketing/subscription-lifecycle.api.ts,2,../_kernel/dsh-http-request,IMPORT_OR_EXPORT,dsh
services/dsh/frontend/shared/marketing/subscription-lifecycle.types.ts,1,./loyalty-subscriptions.types,IMPORT_OR_EXPORT,dsh
services/dsh/frontend/shared/marketing/use-commercial-programs-controller.tsx,1,react,IMPORT_OR_EXPORT,dsh
services/dsh/frontend/shared/marketing/use-coupons-controller.ts,3,react,IMPORT_OR_EXPORT,dsh
services/dsh/frontend/shared/marketing/use-coupons-controller.ts,4,./marketing.api,IMPORT_OR_EXPORT,dsh
services/dsh/frontend/shared/marketing/use-governed-campaigns-controller.ts,3,react,IMPORT_OR_EXPORT,dsh
services/dsh/frontend/shared/marketing/use-governed-campaigns-controller.ts,11,./campaign.types,IMPORT_OR_EXPORT,dsh
services/dsh/frontend/shared/marketing/use-governed-campaigns-controller.ts,12,./marketing.types,IMPORT_OR_EXPORT,dsh
services/dsh/frontend/shared/marketing/use-governed-partner-offers-controller.ts,3,react,IMPORT_OR_EXPORT,dsh
services/dsh/frontend/shared/marketing/use-governed-partner-offers-controller.ts,9,../partner/dsh-partner-offer-types,IMPORT_OR_EXPORT,dsh
services/dsh/frontend/shared/marketing/use-loyalty-policy-controller.ts,3,react,IMPORT_OR_EXPORT,dsh
services/dsh/frontend/shared/marketing/use-marketing-controller.tsx,1,react,IMPORT_OR_EXPORT,dsh
services/dsh/frontend/shared/marketing/use-marketing-controller.tsx,10,./marketing.api,IMPORT_OR_EXPORT,dsh
services/dsh/frontend/shared/marketing/use-marketing-controller.tsx,18,./marketing.types,IMPORT_OR_EXPORT,dsh
services/dsh/frontend/shared/marketing/use-marketing-controller.tsx,39,../partner/dsh-partner-offer-types,IMPORT_OR_EXPORT,dsh
services/dsh/frontend/shared/marketing/use-marketing-crud-controller.ts,3,react,IMPORT_OR_EXPORT,dsh
services/dsh/frontend/shared/marketing/use-marketing-crud-controller.ts,4,./marketing.types,IMPORT_OR_EXPORT,dsh
services/dsh/frontend/shared/marketing/use-marketing-crud-controller.ts,5,./campaign.types,IMPORT_OR_EXPORT,dsh
services/dsh/frontend/shared/marketing/use-subscription-lifecycle-controller.tsx,3,react,IMPORT_OR_EXPORT,dsh
services/dsh/frontend/shared/marketing/use-subscription-lifecycle-controller.tsx,4,./marketing.api,IMPORT_OR_EXPORT,dsh
services/dsh/frontend/shared/marketing/use-subscription-lifecycle-controller.tsx,12,./loyalty-subscriptions.types,IMPORT_OR_EXPORT,dsh
services/dsh/frontend/shared/media/field-document-media.ts,6,@bthwani/core-identity,IMPORT_OR_EXPORT,dsh
services/dsh/frontend/shared/media/field-document-media.ts,7,../_kernel/dsh-api-base-url,IMPORT_OR_EXPORT,dsh
services/dsh/frontend/shared/media/index.ts,3,./resolve-dsh-public-media-path,IMPORT_OR_EXPORT,dsh
services/dsh/frontend/shared/media/index.ts,4,./resolve-dev-media-url,IMPORT_OR_EXPORT,dsh
services/dsh/frontend/shared/media/index.ts,5,./resolve-runtime-image-source,IMPORT_OR_EXPORT,dsh
services/dsh/frontend/shared/media/index.ts,6,./dsh-media-api.client,IMPORT_OR_EXPORT,dsh
services/dsh/frontend/shared/media/index.ts,7,./useDshEntityMedia,IMPORT_OR_EXPORT,dsh
services/dsh/frontend/shared/media/index.ts,8,./field-document-media,IMPORT_OR_EXPORT,dsh
services/dsh/frontend/shared/media/index.ts,9,./presigned-upload.client,IMPORT_OR_EXPORT,dsh
services/dsh/frontend/shared/media/index.ts,10,./pod/pod-upload-flow,IMPORT_OR_EXPORT,dsh
services/dsh/frontend/shared/media/pod/delivery-proof-media.api.ts,1,@bthwani/core-identity,IMPORT_OR_EXPORT,dsh
services/dsh/frontend/shared/media/pod/delivery-proof-media.api.ts,2,../../_kernel/dsh-api-base-url,IMPORT_OR_EXPORT,dsh
services/dsh/frontend/shared/media/pod/delivery-proof-media.api.ts,3,../../_kernel/dsh-http-request,IMPORT_OR_EXPORT,dsh
services/dsh/frontend/shared/media/pod/delivery-proof-media.api.ts,4,../../delivery-proof/delivery-proof.api,IMPORT_OR_EXPORT,dsh
services/dsh/frontend/shared/media/pod/delivery-proof-media.api.ts,5,../../delivery-proof/delivery-proof.types,IMPORT_OR_EXPORT,dsh
services/dsh/frontend/shared/media/pod/pod-upload-flow.ts,5,react,IMPORT_OR_EXPORT,dsh
services/dsh/frontend/shared/media/pod/pod-upload-flow.ts,6,../../delivery/captain.contract,IMPORT_OR_EXPORT,dsh
services/dsh/frontend/shared/media/pod/pod-upload-flow.ts,7,../../delivery/delivery.policy,IMPORT_OR_EXPORT,dsh
services/dsh/frontend/shared/media/resolve-dev-media-url.ts,1,../platform/platform-vars,IMPORT_OR_EXPORT,dsh
services/dsh/frontend/shared/media/resolve-dsh-image-source.ts,1,react-native,IMPORT_OR_EXPORT,dsh
services/dsh/frontend/shared/media/resolve-runtime-image-source.ts,1,react-native,IMPORT_OR_EXPORT,dsh
services/dsh/frontend/shared/media/useCameraPhotoCapture.ts,1,react,IMPORT_OR_EXPORT,dsh
services/dsh/frontend/shared/media/useCameraPhotoCapture.ts,2,expo-image-picker,IMPORT_OR_EXPORT,dsh
services/dsh/frontend/shared/media/useDshEntityMedia.ts,2,react,IMPORT_OR_EXPORT,dsh
services/dsh/frontend/shared/media/useDshEntityMedia.ts,3,./dsh-media-api.client,IMPORT_OR_EXPORT,dsh
services/dsh/frontend/shared/media/useDshEntityMedia.ts,4,../catalog/central-catalog.api,IMPORT_OR_EXPORT,dsh
services/dsh/frontend/shared/notifications/ActorNotificationsPanel.tsx,1,react,IMPORT_OR_EXPORT,dsh
services/dsh/frontend/shared/notifications/ActorNotificationsPanel.tsx,2,react-native,IMPORT_OR_EXPORT,dsh
services/dsh/frontend/shared/notifications/ActorNotificationsPanel.tsx,3,@bthwani/ui-kit,IMPORT_OR_EXPORT,dsh
services/dsh/frontend/shared/notifications/ActorNotificationsPanel.tsx,4,./use-notifications-controller,IMPORT_OR_EXPORT,dsh
services/dsh/frontend/shared/notifications/index.ts,1,./notifications.api,IMPORT_OR_EXPORT,dsh
services/dsh/frontend/shared/notifications/index.ts,2,./notifications.types,IMPORT_OR_EXPORT,dsh
services/dsh/frontend/shared/notifications/index.ts,3,./notifications.states,IMPORT_OR_EXPORT,dsh
services/dsh/frontend/shared/notifications/index.ts,4,./use-notifications-controller,IMPORT_OR_EXPORT,dsh
services/dsh/frontend/shared/notifications/index.ts,5,./ActorNotificationsPanel,IMPORT_OR_EXPORT,dsh
services/dsh/frontend/shared/notifications/mobile-notification-action.ts,1,react-native,IMPORT_OR_EXPORT,dsh
services/dsh/frontend/shared/notifications/notifications.api.ts,1,../_kernel/dsh-api-base-url,IMPORT_OR_EXPORT,dsh
services/dsh/frontend/shared/notifications/notifications.api.ts,2,../_kernel/dsh-http-request,IMPORT_OR_EXPORT,dsh
services/dsh/frontend/shared/notifications/use-mobile-push-registration.ts,1,react,IMPORT_OR_EXPORT,dsh
services/dsh/frontend/shared/notifications/use-mobile-push-registration.ts,2,react-native,IMPORT_OR_EXPORT,dsh
services/dsh/frontend/shared/notifications/use-mobile-push-registration.ts,3,expo-constants,IMPORT_OR_EXPORT,dsh
services/dsh/frontend/shared/notifications/use-mobile-push-registration.ts,4,expo-crypto,IMPORT_OR_EXPORT,dsh
services/dsh/frontend/shared/notifications/use-mobile-push-registration.ts,5,expo-notifications,IMPORT_OR_EXPORT,dsh
services/dsh/frontend/shared/notifications/use-mobile-push-registration.ts,6,expo-secure-store,IMPORT_OR_EXPORT,dsh
services/dsh/frontend/shared/notifications/use-mobile-push-registration.ts,7,@bthwani/core-identity,IMPORT_OR_EXPORT,dsh
services/dsh/frontend/shared/notifications/use-notifications-controller.tsx,1,react,IMPORT_OR_EXPORT,dsh
services/dsh/frontend/shared/operations/dispatch-assignment.api.ts,1,../_kernel/dsh-http-request,IMPORT_OR_EXPORT,dsh
services/dsh/frontend/shared/operations/dispatch-assignment.api.ts,2,../dispatch/dispatch.types,IMPORT_OR_EXPORT,dsh
services/dsh/frontend/shared/operations/dsh-operational-summary-adapter.ts,1,./dsh-operational.contract,IMPORT_OR_EXPORT,dsh
services/dsh/frontend/shared/operations/dsh-operational-summary-adapter.ts,7,./dsh-operational.contract,IMPORT_OR_EXPORT,dsh
services/dsh/frontend/shared/operations/geo-heatmap.helpers.ts,7,./dsh-operational.contract,IMPORT_OR_EXPORT,dsh
services/dsh/frontend/shared/operations/index.ts,1,./dispatch-assignment.api,IMPORT_OR_EXPORT,dsh
services/dsh/frontend/shared/operations/index.ts,2,./order-workboard.api,IMPORT_OR_EXPORT,dsh
services/dsh/frontend/shared/operations/index.ts,3,./use-operator-order-workboard,IMPORT_OR_EXPORT,dsh
services/dsh/frontend/shared/operations/index.ts,4,./use-dispatch-captain-options,IMPORT_OR_EXPORT,dsh
services/dsh/frontend/shared/operations/index.ts,5,./use-dispatch-operations,IMPORT_OR_EXPORT,dsh
services/dsh/frontend/shared/operations/index.ts,6,./dsh-operational-registry,IMPORT_OR_EXPORT,dsh
services/dsh/frontend/shared/operations/index.ts,7,./dsh-operational-summary-adapter,IMPORT_OR_EXPORT,dsh
services/dsh/frontend/shared/operations/index.ts,8,./dsh-operational.contract,IMPORT_OR_EXPORT,dsh
services/dsh/frontend/shared/operations/index.ts,9,./operations.types,IMPORT_OR_EXPORT,dsh
services/dsh/frontend/shared/operations/index.ts,10,./operations-registry,IMPORT_OR_EXPORT,dsh
services/dsh/frontend/shared/operations/index.ts,11,./use-operations-controller,IMPORT_OR_EXPORT,dsh
services/dsh/frontend/shared/operations/index.ts,12,./geo-heatmap.helpers,IMPORT_OR_EXPORT,dsh
services/dsh/frontend/shared/operations/index.ts,13,./theme,IMPORT_OR_EXPORT,dsh
services/dsh/frontend/shared/operations/index.ts,14,./use-operations-permission,IMPORT_OR_EXPORT,dsh
services/dsh/frontend/shared/operations/operations-registry.ts,15,./operations.types,IMPORT_OR_EXPORT,dsh
services/dsh/frontend/shared/operations/operations.types.ts,4,../delivery/delivery.contract,IMPORT_OR_EXPORT,dsh
services/dsh/frontend/shared/operations/operations.types.ts,5,./dsh-operational.contract,IMPORT_OR_EXPORT,dsh
services/dsh/frontend/shared/operations/order-workboard.api.ts,1,../_kernel/dsh-http-request,IMPORT_OR_EXPORT,dsh
services/dsh/frontend/shared/operations/order-workboard.api.ts,2,../orders/order-cancellation.api,IMPORT_OR_EXPORT,dsh
services/dsh/frontend/shared/operations/order-workboard.api.ts,7,../orders/orders.types,IMPORT_OR_EXPORT,dsh
services/dsh/frontend/shared/operations/partner-ops-summary.model.ts,5,react,IMPORT_OR_EXPORT,dsh
services/dsh/frontend/shared/operations/partner-ops-summary.model.ts,6,../orders/dsh-order-lifecycle-handoffs,IMPORT_OR_EXPORT,dsh
services/dsh/frontend/shared/operations/partner-ops-summary.model.ts,7,../partner/partner.adapters,IMPORT_OR_EXPORT,dsh
services/dsh/frontend/shared/operations/partner-ops-summary.model.ts,8,../orders,IMPORT_OR_EXPORT,dsh
services/dsh/frontend/shared/operations/theme.ts,1,@bthwani/ui-kit,IMPORT_OR_EXPORT,dsh
services/dsh/frontend/shared/operations/use-dispatch-captain-options.ts,1,react,IMPORT_OR_EXPORT,dsh
services/dsh/frontend/shared/operations/use-dispatch-captain-options.ts,2,../dispatch/dispatch.api,IMPORT_OR_EXPORT,dsh
services/dsh/frontend/shared/operations/use-dispatch-captain-options.ts,3,../dispatch/dispatch.types,IMPORT_OR_EXPORT,dsh
services/dsh/frontend/shared/operations/use-dispatch-captain-options.ts,4,../store/store-discovery.api,IMPORT_OR_EXPORT,dsh
services/dsh/frontend/shared/operations/use-dispatch-captain-options.ts,5,../workforce/workforce.api,IMPORT_OR_EXPORT,dsh
services/dsh/frontend/shared/operations/use-dispatch-captain-options.ts,6,../workforce/workforce.types,IMPORT_OR_EXPORT,dsh
services/dsh/frontend/shared/operations/use-dispatch-operations.ts,1,react,IMPORT_OR_EXPORT,dsh
services/dsh/frontend/shared/operations/use-dispatch-operations.ts,16,./dispatch-assignment.api,IMPORT_OR_EXPORT,dsh
services/dsh/frontend/shared/operations/use-operations-controller.tsx,3,react,IMPORT_OR_EXPORT,dsh
services/dsh/frontend/shared/operations/use-operations-permission.ts,3,@bthwani/core-identity,IMPORT_OR_EXPORT,dsh
services/dsh/frontend/shared/operations/use-operations-permission.ts,4,./operations.types,IMPORT_OR_EXPORT,dsh
services/dsh/frontend/shared/operations/use-operator-order-workboard.ts,1,react,IMPORT_OR_EXPORT,dsh
services/dsh/frontend/shared/order-truth/OrderTruthReadbackSummary.tsx,1,react,IMPORT_OR_EXPORT,dsh
services/dsh/frontend/shared/order-truth/OrderTruthReadbackSummary.tsx,2,@bthwani/ui-kit,IMPORT_OR_EXPORT,dsh
services/dsh/frontend/shared/order-truth/OrderTruthReadbackSummary.tsx,3,./use-order-truth-controller,IMPORT_OR_EXPORT,dsh
services/dsh/frontend/shared/order-truth/OrderTruthReadbackSummary.tsx,4,./order-truth.view-model,IMPORT_OR_EXPORT,dsh
services/dsh/frontend/shared/order-truth/OrderTruthReadbackSummary.tsx,5,./order-truth.visible-states,IMPORT_OR_EXPORT,dsh
services/dsh/frontend/shared/order-truth/OrderTruthReadbackSummary.tsx,11,./order-truth.types,IMPORT_OR_EXPORT,dsh
services/dsh/frontend/shared/order-truth/index.ts,1,./order-truth.types,IMPORT_OR_EXPORT,dsh
services/dsh/frontend/shared/order-truth/index.ts,2,./order-truth.api,IMPORT_OR_EXPORT,dsh
services/dsh/frontend/shared/order-truth/index.ts,3,./order-truth-create-attempt,IMPORT_OR_EXPORT,dsh
services/dsh/frontend/shared/order-truth/index.ts,4,./order-truth.view-model,IMPORT_OR_EXPORT,dsh
services/dsh/frontend/shared/order-truth/index.ts,5,./order-truth.visible-states,IMPORT_OR_EXPORT,dsh
services/dsh/frontend/shared/order-truth/index.ts,6,./order-truth.experience,IMPORT_OR_EXPORT,dsh
services/dsh/frontend/shared/order-truth/index.ts,7,./use-order-truth-controller,IMPORT_OR_EXPORT,dsh
services/dsh/frontend/shared/order-truth/index.ts,8,./OrderTruthReadbackSummary,IMPORT_OR_EXPORT,dsh
services/dsh/frontend/shared/order-truth/order-truth-create-attempt.ts,1,@react-native-async-storage/async-storage,IMPORT_OR_EXPORT,dsh
services/dsh/frontend/shared/order-truth/order-truth.api.ts,1,../_kernel/dsh-api-base-url,IMPORT_OR_EXPORT,dsh
services/dsh/frontend/shared/order-truth/order-truth.api.ts,2,../_kernel/dsh-http-request,IMPORT_OR_EXPORT,dsh
services/dsh/frontend/shared/order-truth/order-truth.experience.ts,1,./order-truth.types,IMPORT_OR_EXPORT,dsh
services/dsh/frontend/shared/order-truth/order-truth.experience.ts,2,./order-truth.view-model,IMPORT_OR_EXPORT,dsh
services/dsh/frontend/shared/order-truth/order-truth.view-model.ts,1,./order-truth.types,IMPORT_OR_EXPORT,dsh
services/dsh/frontend/shared/order-truth/order-truth.view-model.ts,2,@bthwani/wlt/dsh,IMPORT_OR_EXPORT,dsh
services/dsh/frontend/shared/order-truth/use-order-truth-controller.ts,1,react,IMPORT_OR_EXPORT,dsh
services/dsh/frontend/shared/orders/OrderPreparationReadbackCard.tsx,1,react,IMPORT_OR_EXPORT,dsh
services/dsh/frontend/shared/orders/OrderPreparationReadbackCard.tsx,2,@bthwani/ui-kit,IMPORT_OR_EXPORT,dsh
services/dsh/frontend/shared/orders/OrderPreparationReadbackCard.tsx,8,./use-order-preparation-readback,IMPORT_OR_EXPORT,dsh
services/dsh/frontend/shared/orders/captain-order.model.ts,1,react,IMPORT_OR_EXPORT,dsh
services/dsh/frontend/shared/orders/dsh-order-lifecycle-client.ts,1,./dsh-order-lifecycle.types,IMPORT_OR_EXPORT,dsh
services/dsh/frontend/shared/orders/dsh-order-lifecycle-client.ts,2,./dsh-order-lifecycle.policy,IMPORT_OR_EXPORT,dsh
services/dsh/frontend/shared/orders/dsh-order-lifecycle-client.ts,3,./dsh-order-lifecycle.adapter,IMPORT_OR_EXPORT,dsh
services/dsh/frontend/shared/orders/dsh-order-lifecycle-client.ts,4,./dsh-order-lifecycle.transport,IMPORT_OR_EXPORT,dsh
services/dsh/frontend/shared/orders/dsh-order-lifecycle-client.ts,5,./dsh-order-lifecycle.view-model,IMPORT_OR_EXPORT,dsh
services/dsh/frontend/shared/orders/dsh-order-lifecycle-client.ts,6,./use-dsh-order-lifecycle-controller,IMPORT_OR_EXPORT,dsh
services/dsh/frontend/shared/orders/dsh-order-lifecycle-handoffs.ts,3,./orders.contract,IMPORT_OR_EXPORT,dsh
services/dsh/frontend/shared/orders/dsh-order-lifecycle.adapter.ts,1,./orders.types,IMPORT_OR_EXPORT,dsh
services/dsh/frontend/shared/orders/dsh-order-lifecycle.transport.ts,1,../platform/platform-vars,IMPORT_OR_EXPORT,dsh
services/dsh/frontend/shared/orders/dsh-order-lifecycle.types.ts,1,./orders.types,IMPORT_OR_EXPORT,dsh
services/dsh/frontend/shared/orders/dsh-order-lifecycle.view-model.ts,1,./dsh-order-lifecycle.types,IMPORT_OR_EXPORT,dsh
services/dsh/frontend/shared/orders/dsh-order-lifecycle.view-model.ts,2,./orders.types,IMPORT_OR_EXPORT,dsh
services/dsh/frontend/shared/orders/dsh-order-lifecycle.view-model.ts,3,@bthwani/wlt/dsh,IMPORT_OR_EXPORT,dsh
services/dsh/frontend/shared/orders/index.ts,1,./orders.api,IMPORT_OR_EXPORT,dsh
services/dsh/frontend/shared/orders/index.ts,2,./orders.contract,IMPORT_OR_EXPORT,dsh
services/dsh/frontend/shared/orders/index.ts,3,./orders.types,IMPORT_OR_EXPORT,dsh
services/dsh/frontend/shared/orders/index.ts,4,./order-preparation-alerts.types,IMPORT_OR_EXPORT,dsh
services/dsh/frontend/shared/orders/index.ts,5,./order-preparation-alerts.api,IMPORT_OR_EXPORT,dsh
services/dsh/frontend/shared/orders/index.ts,6,./order-cancellation.types,IMPORT_OR_EXPORT,dsh
services/dsh/frontend/shared/orders/index.ts,7,./order-cancellation.api,IMPORT_OR_EXPORT,dsh
services/dsh/frontend/shared/orders/index.ts,8,./use-order-cancellation-controller,IMPORT_OR_EXPORT,dsh
services/dsh/frontend/shared/orders/index.ts,9,./use-client-order-controller,IMPORT_OR_EXPORT,dsh
services/dsh/frontend/shared/orders/index.ts,10,./use-order-preparation-readback,IMPORT_OR_EXPORT,dsh
services/dsh/frontend/shared/orders/index.ts,11,./use-operator-preparation-alerts,IMPORT_OR_EXPORT,dsh
services/dsh/frontend/shared/orders/index.ts,12,./OrderPreparationReadbackCard,IMPORT_OR_EXPORT,dsh
services/dsh/frontend/shared/orders/index.ts,13,./dsh-order-lifecycle-client,IMPORT_OR_EXPORT,dsh
services/dsh/frontend/shared/orders/index.ts,14,./captain-order.model,IMPORT_OR_EXPORT,dsh
services/dsh/frontend/shared/orders/index.ts,15,./use-orders-controller,IMPORT_OR_EXPORT,dsh
services/dsh/frontend/shared/orders/index.ts,16,./orders.state-machine,IMPORT_OR_EXPORT,dsh
services/dsh/frontend/shared/orders/order-cancellation.api.ts,1,../_kernel/dsh-api-base-url,IMPORT_OR_EXPORT,dsh
services/dsh/frontend/shared/orders/order-cancellation.types.ts,1,./orders.types,IMPORT_OR_EXPORT,dsh
services/dsh/frontend/shared/orders/order-preparation-alerts.api.ts,1,../_kernel/dsh-api-base-url,IMPORT_OR_EXPORT,dsh
services/dsh/frontend/shared/orders/order-preparation-alerts.api.ts,2,../_kernel/dsh-http-request,IMPORT_OR_EXPORT,dsh
services/dsh/frontend/shared/orders/orders.api.ts,1,../_kernel/dsh-api-base-url,IMPORT_OR_EXPORT,dsh
services/dsh/frontend/shared/orders/orders.api.ts,2,../_kernel/dsh-http-request,IMPORT_OR_EXPORT,dsh
services/dsh/frontend/shared/orders/orders.api.ts,3,../dispatch/dispatch.types,IMPORT_OR_EXPORT,dsh
services/dsh/frontend/shared/orders/orders.contract.ts,6,../operations/dsh-operational.contract,IMPORT_OR_EXPORT,dsh
services/dsh/frontend/shared/orders/orders.contract.ts,12,./orders.state-machine,IMPORT_OR_EXPORT,dsh
services/dsh/frontend/shared/orders/orders.controller-core.ts,1,./orders.types,IMPORT_OR_EXPORT,dsh
services/dsh/frontend/shared/orders/orders.controller-core.ts,9,./orders.view-model,IMPORT_OR_EXPORT,dsh
services/dsh/frontend/shared/orders/orders.state-machine.ts,13,../delivery/delivery.contract,IMPORT_OR_EXPORT,dsh
services/dsh/frontend/shared/orders/orders.states.ts,1,./orders.types,IMPORT_OR_EXPORT,dsh
services/dsh/frontend/shared/orders/orders.types.ts,1,../../../clients/generated/dsh-api,IMPORT_OR_EXPORT,dsh
services/dsh/frontend/shared/orders/orders.view-model.ts,1,./orders.types,IMPORT_OR_EXPORT,dsh
services/dsh/frontend/shared/orders/orders.view-model.ts,2,./orders.states,IMPORT_OR_EXPORT,dsh
services/dsh/frontend/shared/orders/use-client-order-controller.ts,1,react,IMPORT_OR_EXPORT,dsh
services/dsh/frontend/shared/orders/use-client-order-controller.ts,17,../dispatch/dispatch.api,IMPORT_OR_EXPORT,dsh
services/dsh/frontend/shared/orders/use-client-order-controller.ts,22,../dispatch/dispatch.types,IMPORT_OR_EXPORT,dsh
services/dsh/frontend/shared/orders/use-client-order-controller.ts,23,../partner-delivery/partner-delivery.api,IMPORT_OR_EXPORT,dsh
services/dsh/frontend/shared/orders/use-client-order-controller.ts,24,../partner-delivery/partner-delivery.types,IMPORT_OR_EXPORT,dsh
services/dsh/frontend/shared/orders/use-dsh-order-lifecycle-controller.ts,1,react,IMPORT_OR_EXPORT,dsh
services/dsh/frontend/shared/orders/use-dsh-order-lifecycle-controller.ts,2,./dsh-order-lifecycle.types,IMPORT_OR_EXPORT,dsh
services/dsh/frontend/shared/orders/use-dsh-order-lifecycle-controller.ts,3,./dsh-order-lifecycle.transport,IMPORT_OR_EXPORT,dsh
services/dsh/frontend/shared/orders/use-operator-preparation-alerts.ts,1,react,IMPORT_OR_EXPORT,dsh
services/dsh/frontend/shared/orders/use-operator-preparation-alerts.ts,2,./orders.api,IMPORT_OR_EXPORT,dsh
services/dsh/frontend/shared/orders/use-order-cancellation-controller.tsx,1,react,IMPORT_OR_EXPORT,dsh
services/dsh/frontend/shared/orders/use-order-preparation-readback.ts,1,react,IMPORT_OR_EXPORT,dsh
services/dsh/frontend/shared/orders/use-orders-controller.ts,1,react,IMPORT_OR_EXPORT,dsh
services/dsh/frontend/shared/orders/use-orders-controller.ts,23,./orders.states,IMPORT_OR_EXPORT,dsh
services/dsh/frontend/shared/orders/use-partner-order-commands.ts,1,react,IMPORT_OR_EXPORT,dsh
services/dsh/frontend/shared/orders/use-partner-order-commands.ts,9,./orders.types,IMPORT_OR_EXPORT,dsh
services/dsh/frontend/shared/partner-delivery/PartnerDeliveryStatusCard.tsx,3,react,IMPORT_OR_EXPORT,dsh
services/dsh/frontend/shared/partner-delivery/PartnerDeliveryStatusCard.tsx,4,@bthwani/ui-kit,IMPORT_OR_EXPORT,dsh
services/dsh/frontend/shared/partner-delivery/PartnerDeliveryStatusCard.tsx,5,./partner-delivery.types,IMPORT_OR_EXPORT,dsh
services/dsh/frontend/shared/partner-delivery/delivery-sla-alerts.api.ts,1,../_kernel/dsh-api-base-url,IMPORT_OR_EXPORT,dsh
services/dsh/frontend/shared/partner-delivery/delivery-sla-alerts.api.ts,2,../_kernel/dsh-http-request,IMPORT_OR_EXPORT,dsh
services/dsh/frontend/shared/partner-delivery/partner-delivery.api.ts,1,../_kernel/dsh-api-base-url,IMPORT_OR_EXPORT,dsh
services/dsh/frontend/shared/partner-delivery/partner-delivery.api.ts,2,../_kernel/dsh-http-request,IMPORT_OR_EXPORT,dsh
services/dsh/frontend/shared/partner-delivery/partner-delivery.types.ts,1,../../../clients/generated/dsh-api,IMPORT_OR_EXPORT,dsh
services/dsh/frontend/shared/partner-delivery/partner-delivery.types.ts,2,../sla/sla.types,IMPORT_OR_EXPORT,dsh
services/dsh/frontend/shared/partner-delivery/use-partner-delivery-controller.tsx,1,react,IMPORT_OR_EXPORT,dsh
services/dsh/frontend/shared/partner-delivery/use-partner-delivery-controller.tsx,19,../_kernel/dsh-http-request,IMPORT_OR_EXPORT,dsh
services/dsh/frontend/shared/partner-delivery/use-partner-delivery-controller.tsx,20,../media/useCameraPhotoCapture,IMPORT_OR_EXPORT,dsh
services/dsh/frontend/shared/partner-delivery/use-partner-delivery-controller.tsx,21,../media/pod/delivery-proof-media.api,IMPORT_OR_EXPORT,dsh
services/dsh/frontend/shared/partner/catalog-approval.api.ts,2,@bthwani/core-identity,IMPORT_OR_EXPORT,dsh
services/dsh/frontend/shared/partner/catalog-approval.api.ts,3,../platform/platform-vars,IMPORT_OR_EXPORT,dsh
services/dsh/frontend/shared/partner/catalog-approval.api.ts,4,../_kernel/dsh-http-request,IMPORT_OR_EXPORT,dsh
services/dsh/frontend/shared/partner/index.ts,4,./partner-activation.model,IMPORT_OR_EXPORT,dsh
services/dsh/frontend/shared/partner/index.ts,29,./partner.view-model,IMPORT_OR_EXPORT,dsh
services/dsh/frontend/shared/partner/index.ts,30,./partner.view-model,IMPORT_OR_EXPORT,dsh
services/dsh/frontend/shared/partner/index.ts,32,./use-partner-admin-controller,IMPORT_OR_EXPORT,dsh
services/dsh/frontend/shared/partner/index.ts,43,./use-partner-self-controller,IMPORT_OR_EXPORT,dsh
services/dsh/frontend/shared/partner/index.ts,44,./use-field-partner-progress-controller,IMPORT_OR_EXPORT,dsh
services/dsh/frontend/shared/partner/index.ts,45,./use-field-partner-progress-controller,IMPORT_OR_EXPORT,dsh
services/dsh/frontend/shared/partner/index.ts,46,./use-field-catalog-controller,IMPORT_OR_EXPORT,dsh
services/dsh/frontend/shared/partner/index.ts,47,./partner-registry,IMPORT_OR_EXPORT,dsh
services/dsh/frontend/shared/partner/index.ts,48,./use-partners-controller,IMPORT_OR_EXPORT,dsh
services/dsh/frontend/shared/partner/index.ts,49,./partner-workspace.controller,IMPORT_OR_EXPORT,dsh
services/dsh/frontend/shared/partner/index.ts,50,./partner-store-ownership.api,IMPORT_OR_EXPORT,dsh
services/dsh/frontend/shared/partner/index.ts,51,./use-governed-partner-stores-controller,IMPORT_OR_EXPORT,dsh
services/dsh/frontend/shared/partner/index.ts,91,./partner.types,IMPORT_OR_EXPORT,dsh
services/dsh/frontend/shared/partner/index.ts,92,./partner.types,IMPORT_OR_EXPORT,dsh
services/dsh/frontend/shared/partner/index.ts,93,./partner.workflow,IMPORT_OR_EXPORT,dsh
services/dsh/frontend/shared/partner/index.ts,108,./partner-onboarding.visible-state,IMPORT_OR_EXPORT,dsh
services/dsh/frontend/shared/partner/index.ts,114,./catalog-approval.api,IMPORT_OR_EXPORT,dsh
services/dsh/frontend/shared/partner/index.ts,115,./partner-fleet.api,IMPORT_OR_EXPORT,dsh
services/dsh/frontend/shared/partner/index.ts,116,./use-partner-fleet-controller,IMPORT_OR_EXPORT,dsh
services/dsh/frontend/shared/partner/index.ts,117,./use-partner-fleet-controller,IMPORT_OR_EXPORT,dsh
services/dsh/frontend/shared/partner/marketing.visibility.ts,1,./dsh-partner-offer-types,IMPORT_OR_EXPORT,dsh
services/dsh/frontend/shared/partner/operator-delivery-pricing.tsx,1,react,IMPORT_OR_EXPORT,dsh
services/dsh/frontend/shared/partner/operator-delivery-pricing.tsx,2,../_kernel/dsh-api-base-url,IMPORT_OR_EXPORT,dsh
services/dsh/frontend/shared/partner/operator-delivery-pricing.tsx,3,../_kernel/dsh-http-request,IMPORT_OR_EXPORT,dsh
services/dsh/frontend/shared/partner/partner-delivery-pricing.api.ts,1,../_kernel/dsh-api-base-url,IMPORT_OR_EXPORT,dsh
services/dsh/frontend/shared/partner/partner-delivery-pricing.api.ts,2,../_kernel/dsh-http-request,IMPORT_OR_EXPORT,dsh
services/dsh/frontend/shared/partner/partner-fleet.api.ts,1,../_kernel/dsh-api-base-url,IMPORT_OR_EXPORT,dsh
services/dsh/frontend/shared/partner/partner-fleet.api.ts,2,../_kernel/dsh-http-request,IMPORT_OR_EXPORT,dsh
services/dsh/frontend/shared/partner/partner-hub.types.ts,6,react,IMPORT_OR_EXPORT,dsh
services/dsh/frontend/shared/partner/partner-hub.types.ts,7,@bthwani/ui-kit,IMPORT_OR_EXPORT,dsh
services/dsh/frontend/shared/partner/partner-hub.types.ts,8,./partner.types,IMPORT_OR_EXPORT,dsh
services/dsh/frontend/shared/partner/partner-hub.types.ts,67,./partner.types,IMPORT_OR_EXPORT,dsh
services/dsh/frontend/shared/partner/partner-hub.types.ts,68,./partner.types,IMPORT_OR_EXPORT,dsh
services/dsh/frontend/shared/partner/partner-hub.types.ts,69,./partner.types,IMPORT_OR_EXPORT,dsh
services/dsh/frontend/shared/partner/partner-onboarding.runtime.ts,1,./partner-activation.model,IMPORT_OR_EXPORT,dsh
services/dsh/frontend/shared/partner/partner-onboarding.runtime.ts,2,./partner.types,IMPORT_OR_EXPORT,dsh
services/dsh/frontend/shared/partner/partner-onboarding.visible-state.ts,1,./partner-onboarding.runtime,IMPORT_OR_EXPORT,dsh
services/dsh/frontend/shared/partner/partner-store-ownership.api.ts,1,../_kernel/dsh-api-base-url,IMPORT_OR_EXPORT,dsh
services/dsh/frontend/shared/partner/partner-store-ownership.api.ts,2,../_kernel/dsh-http-request,IMPORT_OR_EXPORT,dsh
services/dsh/frontend/shared/partner/partner-store-ownership.api.ts,3,./partner.types,IMPORT_OR_EXPORT,dsh
services/dsh/frontend/shared/partner/partner-store-ownership.api.ts,4,./partner.api,IMPORT_OR_EXPORT,dsh
services/dsh/frontend/shared/partner/partner-store-profile.ts,1,../store/store-admin.view-model,IMPORT_OR_EXPORT,dsh
services/dsh/frontend/shared/partner/partner-store-profile.ts,2,../store/store-discovery.formatters,IMPORT_OR_EXPORT,dsh
services/dsh/frontend/shared/partner/partner-workspace.controller.tsx,3,react,IMPORT_OR_EXPORT,dsh
services/dsh/frontend/shared/partner/partner-workspace.controller.tsx,4,../_kernel/dsh-api-base-url,IMPORT_OR_EXPORT,dsh
services/dsh/frontend/shared/partner/partner-workspace.controller.tsx,5,../_kernel/dsh-http-request,IMPORT_OR_EXPORT,dsh
services/dsh/frontend/shared/partner/partner-workspace.controller.tsx,6,./partner.api,IMPORT_OR_EXPORT,dsh
services/dsh/frontend/shared/partner/partner-workspace.controller.tsx,7,./partner.types,IMPORT_OR_EXPORT,dsh
services/dsh/frontend/shared/partner/partner-workspace.controller.tsx,8,./partner.states,IMPORT_OR_EXPORT,dsh
services/dsh/frontend/shared/partner/partner-workspace.controller.tsx,9,./partner.view-model,IMPORT_OR_EXPORT,dsh
services/dsh/frontend/shared/partner/partner.adapters.ts,13,../orders/dsh-order-lifecycle-handoffs,IMPORT_OR_EXPORT,dsh
services/dsh/frontend/shared/partner/partner.adapters.ts,14,../orders/orders.contract,IMPORT_OR_EXPORT,dsh
services/dsh/frontend/shared/partner/partner.api.ts,1,../_kernel/dsh-api-base-url,IMPORT_OR_EXPORT,dsh
services/dsh/frontend/shared/partner/partner.api.ts,2,../_kernel/dsh-http-request,IMPORT_OR_EXPORT,dsh
services/dsh/frontend/shared/partner/partner.api.ts,25,./partner-onboarding.runtime,IMPORT_OR_EXPORT,dsh
services/dsh/frontend/shared/partner/partner.api.ts,327,./partner.types,IMPORT_OR_EXPORT,dsh
services/dsh/frontend/shared/partner/partner.flow-maps.ts,4,./partner.types,IMPORT_OR_EXPORT,dsh
services/dsh/frontend/shared/partner/partner.states.ts,1,./partner.types,IMPORT_OR_EXPORT,dsh
services/dsh/frontend/shared/partner/partner.types.ts,1,./partner-activation.model,IMPORT_OR_EXPORT,dsh
services/dsh/frontend/shared/partner/partner.view-model.ts,1,./partner.types,IMPORT_OR_EXPORT,dsh
services/dsh/frontend/shared/partner/partner.view-model.ts,2,./partner-activation.model,IMPORT_OR_EXPORT,dsh
services/dsh/frontend/shared/partner/partner.view-model.ts,3,./partner-activation.model,IMPORT_OR_EXPORT,dsh
services/dsh/frontend/shared/partner/partner.workflow.ts,76,./catalog-approval.api,IMPORT_OR_EXPORT,dsh
services/dsh/frontend/shared/partner/partner.workflow.ts,103,./catalog-approval.api,IMPORT_OR_EXPORT,dsh
services/dsh/frontend/shared/partner/store-scope.model.ts,5,react,IMPORT_OR_EXPORT,dsh
services/dsh/frontend/shared/partner/store-scope.model.ts,6,../store/store-admin.view-model,IMPORT_OR_EXPORT,dsh
services/dsh/frontend/shared/partner/store-scope.model.ts,7,../store/store-role.api,IMPORT_OR_EXPORT,dsh
services/dsh/frontend/shared/partner/store-scope.model.ts,8,./partner.types,IMPORT_OR_EXPORT,dsh
services/dsh/frontend/shared/partner/store-scope.model.ts,9,./partner-store-profile,IMPORT_OR_EXPORT,dsh
services/dsh/frontend/shared/partner/store-scope.model.ts,10,./partner.api,IMPORT_OR_EXPORT,dsh
services/dsh/frontend/shared/partner/use-delivery-pricing-controller.ts,3,react,IMPORT_OR_EXPORT,dsh
services/dsh/frontend/shared/partner/use-field-catalog-controller.tsx,4,react,IMPORT_OR_EXPORT,dsh
services/dsh/frontend/shared/partner/use-field-catalog-controller.tsx,5,./partner.api,IMPORT_OR_EXPORT,dsh
services/dsh/frontend/shared/partner/use-field-catalog-controller.tsx,12,../catalog/product-proposal-readback.api,IMPORT_OR_EXPORT,dsh
services/dsh/frontend/shared/partner/use-field-catalog-controller.tsx,25,./partner.types,IMPORT_OR_EXPORT,dsh
services/dsh/frontend/shared/partner/use-field-partner-progress-controller.tsx,4,react,IMPORT_OR_EXPORT,dsh
services/dsh/frontend/shared/partner/use-field-partner-progress-controller.tsx,5,./partner.api,IMPORT_OR_EXPORT,dsh
services/dsh/frontend/shared/partner/use-field-partner-progress-controller.tsx,6,./partner.types,IMPORT_OR_EXPORT,dsh
services/dsh/frontend/shared/partner/use-field-partner-progress-controller.tsx,7,./partner.view-model,IMPORT_OR_EXPORT,dsh
services/dsh/frontend/shared/partner/use-field-partner-progress-controller.tsx,8,./partner-activation.model,IMPORT_OR_EXPORT,dsh
services/dsh/frontend/shared/partner/use-governed-partner-stores-controller.tsx,3,react,IMPORT_OR_EXPORT,dsh
services/dsh/frontend/shared/partner/use-governed-partner-stores-controller.tsx,4,./partner.states,IMPORT_OR_EXPORT,dsh
services/dsh/frontend/shared/partner/use-partner-admin-controller.tsx,1,react,IMPORT_OR_EXPORT,dsh
services/dsh/frontend/shared/partner/use-partner-admin-controller.tsx,17,./partner.view-model,IMPORT_OR_EXPORT,dsh
services/dsh/frontend/shared/partner/use-partner-fleet-controller.ts,1,react,IMPORT_OR_EXPORT,dsh
services/dsh/frontend/shared/partner/use-partner-self-controller.tsx,1,react,IMPORT_OR_EXPORT,dsh
services/dsh/frontend/shared/partner/use-partner-self-controller.tsx,2,./partner.api,IMPORT_OR_EXPORT,dsh
services/dsh/frontend/shared/partner/use-partner-self-controller.tsx,3,./partner.states,IMPORT_OR_EXPORT,dsh
services/dsh/frontend/shared/partner/use-partner-self-controller.tsx,4,./partner.view-model,IMPORT_OR_EXPORT,dsh
services/dsh/frontend/shared/partner/use-partner-team-controller.ts,1,react,IMPORT_OR_EXPORT,dsh
services/dsh/frontend/shared/partner/use-partner-team-controller.ts,8,./partner.types,IMPORT_OR_EXPORT,dsh
services/dsh/frontend/shared/partner/use-partner-team-controller.ts,9,./partner-team.types,IMPORT_OR_EXPORT,dsh
services/dsh/frontend/shared/partner/use-partners-controller.tsx,3,react,IMPORT_OR_EXPORT,dsh
services/dsh/frontend/shared/partner/use-partners-controller.tsx,4,./partner-registry,IMPORT_OR_EXPORT,dsh
services/dsh/frontend/shared/partner/use-partners-controller.tsx,12,./partner-workspace.controller,IMPORT_OR_EXPORT,dsh
services/dsh/frontend/shared/pickup/pickup-sla-alerts.api.ts,1,../_kernel/dsh-api-base-url,IMPORT_OR_EXPORT,dsh
services/dsh/frontend/shared/pickup/pickup-sla-alerts.api.ts,2,../_kernel/dsh-http-request,IMPORT_OR_EXPORT,dsh
services/dsh/frontend/shared/pickup/pickup.api.ts,1,../_kernel/dsh-api-base-url,IMPORT_OR_EXPORT,dsh
services/dsh/frontend/shared/pickup/pickup.api.ts,2,../_kernel/dsh-http-request,IMPORT_OR_EXPORT,dsh
services/dsh/frontend/shared/pickup/pickup.types.ts,1,../../../clients/generated/dsh-api,IMPORT_OR_EXPORT,dsh
services/dsh/frontend/shared/pickup/pickup.types.ts,2,../sla/sla.types,IMPORT_OR_EXPORT,dsh
services/dsh/frontend/shared/pickup/use-pickup-controller.tsx,1,react,IMPORT_OR_EXPORT,dsh
services/dsh/frontend/shared/pickup/use-pickup-controller.tsx,19,./pickup.types,IMPORT_OR_EXPORT,dsh
services/dsh/frontend/shared/platform/FeatureFlagProvider.tsx,3,react,IMPORT_OR_EXPORT,dsh
services/dsh/frontend/shared/platform/PlatformVarsProvider.tsx,3,react,IMPORT_OR_EXPORT,dsh
services/dsh/frontend/shared/platform/index.ts,11,./platform-provider-audit.types,IMPORT_OR_EXPORT,dsh
services/dsh/frontend/shared/platform/index.ts,13,./platform-provider-visibility.policy,IMPORT_OR_EXPORT,dsh
services/dsh/frontend/shared/platform/index.ts,14,./platform-provider-visibility.policy,IMPORT_OR_EXPORT,dsh
services/dsh/frontend/shared/platform/index.ts,16,./platform-provider-secrets.policy,IMPORT_OR_EXPORT,dsh
services/dsh/frontend/shared/platform/index.ts,26,./platform-provider-public-config,IMPORT_OR_EXPORT,dsh
services/dsh/frontend/shared/platform/index.ts,28,./platform-provider.registry,IMPORT_OR_EXPORT,dsh
services/dsh/frontend/shared/platform/index.ts,29,./feature-flags,IMPORT_OR_EXPORT,dsh
services/dsh/frontend/shared/platform/index.ts,30,./platform-vars,IMPORT_OR_EXPORT,dsh
services/dsh/frontend/shared/platform/index.ts,31,./platform-vars.policy,IMPORT_OR_EXPORT,dsh
services/dsh/frontend/shared/platform/index.ts,32,./platform-vars.view-model,IMPORT_OR_EXPORT,dsh
services/dsh/frontend/shared/platform/index.ts,33,./platform-vars.model,IMPORT_OR_EXPORT,dsh
services/dsh/frontend/shared/platform/index.ts,34,./platform-control.api,IMPORT_OR_EXPORT,dsh
services/dsh/frontend/shared/platform/index.ts,35,./use-platform-control-runtime-controller,IMPORT_OR_EXPORT,dsh
services/dsh/frontend/shared/platform/index.ts,36,./use-platform-change-workflow-controller,IMPORT_OR_EXPORT,dsh
services/dsh/frontend/shared/platform/index.ts,37,./use-platform-rollout-controller,IMPORT_OR_EXPORT,dsh
services/dsh/frontend/shared/platform/index.ts,38,./use-provider-registry-controller,IMPORT_OR_EXPORT,dsh
services/dsh/frontend/shared/platform/index.ts,39,./FeatureFlagProvider,IMPORT_OR_EXPORT,dsh
services/dsh/frontend/shared/platform/index.ts,40,./PlatformVarsProvider,IMPORT_OR_EXPORT,dsh
services/dsh/frontend/shared/platform/index.ts,41,./resolve-dsh-color-token,IMPORT_OR_EXPORT,dsh
services/dsh/frontend/shared/platform/index.ts,42,./appearance.contract,IMPORT_OR_EXPORT,dsh
services/dsh/frontend/shared/platform/index.ts,43,./platform.types,IMPORT_OR_EXPORT,dsh
services/dsh/frontend/shared/platform/index.ts,44,./platform-registry,IMPORT_OR_EXPORT,dsh
services/dsh/frontend/shared/platform/index.ts,45,./providers.api,IMPORT_OR_EXPORT,dsh
services/dsh/frontend/shared/platform/index.ts,46,./platform-policies.types,IMPORT_OR_EXPORT,dsh
services/dsh/frontend/shared/platform/index.ts,47,./use-platform-policies-controller,IMPORT_OR_EXPORT,dsh
services/dsh/frontend/shared/platform/index.ts,48,./store-onboarding-fee-policy.view-model,IMPORT_OR_EXPORT,dsh
services/dsh/frontend/shared/platform/index.ts,49,./use-store-onboarding-fee-policy-form-controller,IMPORT_OR_EXPORT,dsh
services/dsh/frontend/shared/platform/index.ts,50,./platform-policies.api,IMPORT_OR_EXPORT,dsh
services/dsh/frontend/shared/platform/index.ts,51,./operational-policy.api,IMPORT_OR_EXPORT,dsh
services/dsh/frontend/shared/platform/operational-policy.api.ts,1,../_kernel/dsh-http-request,IMPORT_OR_EXPORT,dsh
services/dsh/frontend/shared/platform/platform-control.api.ts,1,../_kernel/dsh-http-request,IMPORT_OR_EXPORT,dsh
services/dsh/frontend/shared/platform/platform-control.api.ts,2,../_kernel/platform-control-api-base-url,IMPORT_OR_EXPORT,dsh
services/dsh/frontend/shared/platform/platform-control.api.ts,3,@bthwani/core-platform-control,IMPORT_OR_EXPORT,dsh
services/dsh/frontend/shared/platform/platform-control.types.ts,1,@bthwani/core-platform-control,IMPORT_OR_EXPORT,dsh
services/dsh/frontend/shared/platform/platform-policies.api.ts,1,../_kernel/dsh-http-request,IMPORT_OR_EXPORT,dsh
services/dsh/frontend/shared/platform/platform-provider-audit.types.ts,1,./platform-provider.types,IMPORT_OR_EXPORT,dsh
services/dsh/frontend/shared/platform/platform-provider-health.types.ts,1,./platform-provider.types,IMPORT_OR_EXPORT,dsh
services/dsh/frontend/shared/platform/platform-provider-secrets.policy.ts,1,./platform-provider.types,IMPORT_OR_EXPORT,dsh
services/dsh/frontend/shared/platform/platform-provider-visibility.policy.ts,1,./platform-provider.types,IMPORT_OR_EXPORT,dsh
services/dsh/frontend/shared/platform/platform-provider.policy.ts,1,./platform-provider.types,IMPORT_OR_EXPORT,dsh
services/dsh/frontend/shared/platform/platform-provider.registry.ts,1,./platform-provider.types,IMPORT_OR_EXPORT,dsh
services/dsh/frontend/shared/platform/platform-provider.registry.ts,2,./platform-provider-secrets.policy,IMPORT_OR_EXPORT,dsh
services/dsh/frontend/shared/platform/platform-provider.registry.ts,3,./platform-provider.policy,IMPORT_OR_EXPORT,dsh
services/dsh/frontend/shared/platform/platform-vars.model.ts,5,react,IMPORT_OR_EXPORT,dsh
services/dsh/frontend/shared/platform/providers.api.ts,1,../_kernel/dsh-http-request,IMPORT_OR_EXPORT,dsh
services/dsh/frontend/shared/platform/providers.api.ts,2,../_kernel/providers-api-base-url,IMPORT_OR_EXPORT,dsh
services/dsh/frontend/shared/platform/providers.api.ts,3,@bthwani/core-providers,IMPORT_OR_EXPORT,dsh
services/dsh/frontend/shared/platform/use-operational-policy-editor.ts,1,react,IMPORT_OR_EXPORT,dsh
services/dsh/frontend/shared/platform/use-platform-change-workflow-controller.tsx,1,react,IMPORT_OR_EXPORT,dsh
services/dsh/frontend/shared/platform/use-platform-control-runtime-controller.tsx,1,react,IMPORT_OR_EXPORT,dsh
services/dsh/frontend/shared/platform/use-platform-policies-controller.tsx,1,react,IMPORT_OR_EXPORT,dsh
services/dsh/frontend/shared/platform/use-platform-rollout-controller.tsx,1,react,IMPORT_OR_EXPORT,dsh
services/dsh/frontend/shared/platform/use-provider-registry-controller.tsx,1,react,IMPORT_OR_EXPORT,dsh
services/dsh/frontend/shared/platform/use-provider-registry-controller.tsx,14,./platform-provider-visibility.policy,IMPORT_OR_EXPORT,dsh
services/dsh/frontend/shared/platform/use-store-onboarding-fee-policy-form-controller.tsx,1,react,IMPORT_OR_EXPORT,dsh
services/dsh/frontend/shared/platform/use-store-onboarding-fee-policy-form-controller.tsx,13,./use-platform-policies-controller,IMPORT_OR_EXPORT,dsh
services/dsh/frontend/shared/privacy/client-address-privacy.api.ts,1,../_kernel/dsh-http-request,IMPORT_OR_EXPORT,dsh
services/dsh/frontend/shared/privacy/index.ts,1,./client-address-privacy.types,IMPORT_OR_EXPORT,dsh
services/dsh/frontend/shared/privacy/index.ts,2,./client-address-privacy.api,IMPORT_OR_EXPORT,dsh
services/dsh/frontend/shared/privacy/index.ts,3,./use-client-address-privacy-controller,IMPORT_OR_EXPORT,dsh
services/dsh/frontend/shared/privacy/use-client-address-privacy-controller.ts,1,react,IMPORT_OR_EXPORT,dsh
services/dsh/frontend/shared/provider-ratings/ProviderRatingSummaryPanel.tsx,1,react,IMPORT_OR_EXPORT,dsh
services/dsh/frontend/shared/provider-ratings/ProviderRatingSummaryPanel.tsx,2,react-native,IMPORT_OR_EXPORT,dsh
services/dsh/frontend/shared/provider-ratings/ProviderRatingSummaryPanel.tsx,3,@bthwani/ui-kit,IMPORT_OR_EXPORT,dsh
services/dsh/frontend/shared/provider-ratings/provider-ratings.api.ts,1,../_kernel/dsh-http-request,IMPORT_OR_EXPORT,dsh
services/dsh/frontend/shared/provider-ratings/provider-ratings.api.ts,2,../_kernel/dsh-api-base-url,IMPORT_OR_EXPORT,dsh
services/dsh/frontend/shared/session/ControlPanelAuthBoundary.tsx,3,react,IMPORT_OR_EXPORT,dsh
services/dsh/frontend/shared/session/ControlPanelAuthBoundary.tsx,4,next/navigation,IMPORT_OR_EXPORT,dsh
services/dsh/frontend/shared/session/ControlPanelAuthBoundary.tsx,5,react,IMPORT_OR_EXPORT,dsh
services/dsh/frontend/shared/session/ControlPanelAuthBoundary.tsx,6,@bthwani/control-panel/components,IMPORT_OR_EXPORT,dsh
services/dsh/frontend/shared/session/ControlPanelAuthBoundary.tsx,7,@bthwani/ui-kit,IMPORT_OR_EXPORT,dsh
services/dsh/frontend/shared/session/ControlPanelAuthBoundary.tsx,8,@bthwani/core-identity,IMPORT_OR_EXPORT,dsh
services/dsh/frontend/shared/session/ControlPanelNotificationsBell.tsx,3,react,IMPORT_OR_EXPORT,dsh
services/dsh/frontend/shared/session/ControlPanelNotificationsBell.tsx,4,@bthwani/ui-kit,IMPORT_OR_EXPORT,dsh
services/dsh/frontend/shared/session/ControlPanelNotificationsBell.tsx,5,../notifications,IMPORT_OR_EXPORT,dsh
services/dsh/frontend/shared/session/ControlPanelUserMenu.tsx,3,react,IMPORT_OR_EXPORT,dsh
services/dsh/frontend/shared/session/ControlPanelUserMenu.tsx,4,next/navigation,IMPORT_OR_EXPORT,dsh
services/dsh/frontend/shared/session/ControlPanelUserMenu.tsx,5,@bthwani/ui-kit,IMPORT_OR_EXPORT,dsh
services/dsh/frontend/shared/session/ControlPanelUserMenu.tsx,6,@bthwani/core-identity,IMPORT_OR_EXPORT,dsh
services/dsh/frontend/shared/session/IdentitySessionGate.tsx,1,react,IMPORT_OR_EXPORT,dsh
services/dsh/frontend/shared/session/IdentitySessionGate.tsx,2,react-native,IMPORT_OR_EXPORT,dsh
services/dsh/frontend/shared/session/use-control-panel-service-health.ts,3,react,IMPORT_OR_EXPORT,dsh
services/dsh/frontend/shared/session/use-control-panel-service-health.ts,4,../_kernel/dsh-http-request,IMPORT_OR_EXPORT,dsh
services/dsh/frontend/shared/shein/SheinForm.tsx,1,react,IMPORT_OR_EXPORT,dsh
services/dsh/frontend/shared/shein/SheinForm.tsx,2,react-native,IMPORT_OR_EXPORT,dsh
services/dsh/frontend/shared/special-requests/ClientSpecialRequestsScreen.tsx,1,react,IMPORT_OR_EXPORT,dsh
services/dsh/frontend/shared/special-requests/ClientSpecialRequestsScreen.tsx,2,react-native,IMPORT_OR_EXPORT,dsh
services/dsh/frontend/shared/special-requests/ClientSpecialRequestsScreen.tsx,3,@bthwani/ui-kit,IMPORT_OR_EXPORT,dsh
services/dsh/frontend/shared/special-requests/ClientSpecialRequestsScreen.tsx,4,@bthwani/wlt/dsh,IMPORT_OR_EXPORT,dsh
services/dsh/frontend/shared/special-requests/ClientSpecialRequestsScreen.tsx,14,./use-special-requests-controller,IMPORT_OR_EXPORT,dsh
services/dsh/frontend/shared/special-requests/OperatorSpecialRequestsWorkbench.tsx,3,react,IMPORT_OR_EXPORT,dsh
services/dsh/frontend/shared/special-requests/OperatorSpecialRequestsWorkbench.tsx,4,next/navigation,IMPORT_OR_EXPORT,dsh
services/dsh/frontend/shared/special-requests/OperatorSpecialRequestsWorkbench.tsx,5,@bthwani/ui-kit,IMPORT_OR_EXPORT,dsh
services/dsh/frontend/shared/special-requests/OperatorSpecialRequestsWorkbench.tsx,6,@bthwani/ui-kit/web,IMPORT_OR_EXPORT,dsh
services/dsh/frontend/shared/special-requests/OperatorSpecialRequestsWorkbench.tsx,7,../operations/operations-registry,IMPORT_OR_EXPORT,dsh
services/dsh/frontend/shared/special-requests/OperatorSpecialRequestsWorkbench.tsx,8,../operations/operations.types,IMPORT_OR_EXPORT,dsh
services/dsh/frontend/shared/special-requests/OperatorSpecialRequestsWorkbench.tsx,9,../operations/operations.types,IMPORT_OR_EXPORT,dsh
services/dsh/frontend/shared/special-requests/OperatorSpecialRequestsWorkbench.tsx,10,./use-special-requests-controller,IMPORT_OR_EXPORT,dsh
services/dsh/frontend/shared/special-requests/index.ts,1,./special-requests.types,IMPORT_OR_EXPORT,dsh
services/dsh/frontend/shared/special-requests/index.ts,2,./special-requests.states,IMPORT_OR_EXPORT,dsh
services/dsh/frontend/shared/special-requests/index.ts,3,./special-requests.actions,IMPORT_OR_EXPORT,dsh
services/dsh/frontend/shared/special-requests/index.ts,4,./special-requests.api,IMPORT_OR_EXPORT,dsh
services/dsh/frontend/shared/special-requests/index.ts,5,./special-requests.idempotency,IMPORT_OR_EXPORT,dsh
services/dsh/frontend/shared/special-requests/index.ts,6,./use-special-requests-controller,IMPORT_OR_EXPORT,dsh
services/dsh/frontend/shared/special-requests/index.ts,7,./ClientSpecialRequestsScreen,IMPORT_OR_EXPORT,dsh
services/dsh/frontend/shared/special-requests/index.ts,8,./OperatorSpecialRequestsWorkbench,IMPORT_OR_EXPORT,dsh
services/dsh/frontend/shared/special-requests/special-requests.actions.ts,1,./special-requests.types,IMPORT_OR_EXPORT,dsh
services/dsh/frontend/shared/special-requests/special-requests.api.ts,1,../_kernel/dsh-api-base-url,IMPORT_OR_EXPORT,dsh
services/dsh/frontend/shared/special-requests/special-requests.api.ts,2,../_kernel/dsh-http-request,IMPORT_OR_EXPORT,dsh
services/dsh/frontend/shared/special-requests/special-requests.controller-core.ts,1,./special-requests.types,IMPORT_OR_EXPORT,dsh
services/dsh/frontend/shared/special-requests/special-requests.controller-core.ts,2,./special-requests.states,IMPORT_OR_EXPORT,dsh
services/dsh/frontend/shared/special-requests/special-requests.idempotency.ts,1,../_kernel/dsh-http-request,IMPORT_OR_EXPORT,dsh
services/dsh/frontend/shared/special-requests/special-requests.states.ts,1,./special-requests.types,IMPORT_OR_EXPORT,dsh
services/dsh/frontend/shared/special-requests/special-requests.types.ts,1,../../../clients/generated/dsh-api,IMPORT_OR_EXPORT,dsh
services/dsh/frontend/shared/special-requests/use-special-requests-controller.tsx,1,react,IMPORT_OR_EXPORT,dsh
services/dsh/frontend/shared/special-requests/use-special-requests-controller.tsx,37,./special-requests.states,IMPORT_OR_EXPORT,dsh
services/dsh/frontend/shared/special-requests/use-special-requests-controller.tsx,38,./special-requests.states,IMPORT_OR_EXPORT,dsh
services/dsh/frontend/shared/store/index.ts,1,./store-delivery.types,IMPORT_OR_EXPORT,dsh
services/dsh/frontend/shared/store/index.ts,2,./store-discovery.types,IMPORT_OR_EXPORT,dsh
services/dsh/frontend/shared/store/index.ts,3,./store-discovery.view-model,IMPORT_OR_EXPORT,dsh
services/dsh/frontend/shared/store/index.ts,4,./store-discovery.states,IMPORT_OR_EXPORT,dsh
services/dsh/frontend/shared/store/index.ts,5,./store-discovery.formatters,IMPORT_OR_EXPORT,dsh
services/dsh/frontend/shared/store/index.ts,6,./store-admin.view-model,IMPORT_OR_EXPORT,dsh
services/dsh/frontend/shared/store/index.ts,7,./use-store-admin-controller,IMPORT_OR_EXPORT,dsh
services/dsh/frontend/shared/store/index.ts,8,./use-store-discovery-controller,IMPORT_OR_EXPORT,dsh
services/dsh/frontend/shared/store/index.ts,9,./use-store-detail-controller,IMPORT_OR_EXPORT,dsh
services/dsh/frontend/shared/store/index.ts,10,./store-role-context.view-model,IMPORT_OR_EXPORT,dsh
services/dsh/frontend/shared/store/index.ts,11,./use-store-role-context-controller,IMPORT_OR_EXPORT,dsh
services/dsh/frontend/shared/store/index.ts,12,./store-role-context.controller-core,IMPORT_OR_EXPORT,dsh
services/dsh/frontend/shared/store/index.ts,13,./store-discovery.controller-core,IMPORT_OR_EXPORT,dsh
services/dsh/frontend/shared/store/store-admin.api.ts,1,../_kernel/dsh-http-request,IMPORT_OR_EXPORT,dsh
services/dsh/frontend/shared/store/store-admin.api.ts,2,@bthwani/core-identity,IMPORT_OR_EXPORT,dsh
services/dsh/frontend/shared/store/store-admin.api.ts,3,../_kernel/dsh-api-base-url,IMPORT_OR_EXPORT,dsh
services/dsh/frontend/shared/store/store-admin.api.ts,4,./store-discovery.types,IMPORT_OR_EXPORT,dsh
services/dsh/frontend/shared/store/store-admin.view-model.ts,1,./store-discovery.types,IMPORT_OR_EXPORT,dsh
services/dsh/frontend/shared/store/store-discovery.api.ts,1,../../../clients/generated/dsh-api,IMPORT_OR_EXPORT,dsh
services/dsh/frontend/shared/store/store-discovery.api.ts,2,../_kernel/dsh-http-request,IMPORT_OR_EXPORT,dsh
services/dsh/frontend/shared/store/store-discovery.api.ts,3,./store-discovery.view-model,IMPORT_OR_EXPORT,dsh
services/dsh/frontend/shared/store/store-discovery.api.ts,4,./store-discovery.types,IMPORT_OR_EXPORT,dsh
services/dsh/frontend/shared/store/store-discovery.api.ts,13,../_kernel/dsh-api-base-url,IMPORT_OR_EXPORT,dsh
services/dsh/frontend/shared/store/store-discovery.controller-core.ts,1,./store-discovery.view-model,IMPORT_OR_EXPORT,dsh
services/dsh/frontend/shared/store/store-discovery.controller-core.ts,2,./store-discovery.states,IMPORT_OR_EXPORT,dsh
services/dsh/frontend/shared/store/store-discovery.formatters.ts,1,../delivery/delivery.contract,IMPORT_OR_EXPORT,dsh
services/dsh/frontend/shared/store/store-discovery.states.ts,1,./store-discovery.view-model,IMPORT_OR_EXPORT,dsh
services/dsh/frontend/shared/store/store-discovery.types.ts,1,../../../clients/generated/dsh-api,IMPORT_OR_EXPORT,dsh
services/dsh/frontend/shared/store/store-discovery.types.ts,2,../delivery/delivery.contract,IMPORT_OR_EXPORT,dsh
services/dsh/frontend/shared/store/store-discovery.types.ts,3,./store-operational-context.contract,IMPORT_OR_EXPORT,dsh
services/dsh/frontend/shared/store/store-discovery.view-model.ts,1,./store-discovery.types,IMPORT_OR_EXPORT,dsh
services/dsh/frontend/shared/store/store-discovery.view-model.ts,2,../_kernel/dsh-media-url,IMPORT_OR_EXPORT,dsh
services/dsh/frontend/shared/store/store-discovery.view-model.ts,3,../delivery/delivery.contract,IMPORT_OR_EXPORT,dsh
services/dsh/frontend/shared/store/store-role-context.controller-core.ts,9,./store-admin.view-model,IMPORT_OR_EXPORT,dsh
services/dsh/frontend/shared/store/store-role-context.view-model.ts,1,./store-admin.view-model,IMPORT_OR_EXPORT,dsh
services/dsh/frontend/shared/store/store-role-mutation.ts,1,../_kernel/dsh-http-request,IMPORT_OR_EXPORT,dsh
services/dsh/frontend/shared/store/store-role-mutation.ts,2,./store-discovery.types,IMPORT_OR_EXPORT,dsh
services/dsh/frontend/shared/store/store-role.api.ts,1,@bthwani/core-identity,IMPORT_OR_EXPORT,dsh
services/dsh/frontend/shared/store/store-role.api.ts,6,../_kernel/dsh-api-base-url,IMPORT_OR_EXPORT,dsh
services/dsh/frontend/shared/store/store-role.api.ts,12,./store-admin.view-model,IMPORT_OR_EXPORT,dsh
services/dsh/frontend/shared/store/store-role.api.ts,13,./store-role-context.controller-core,IMPORT_OR_EXPORT,dsh
services/dsh/frontend/shared/store/use-store-admin-controller.tsx,1,react,IMPORT_OR_EXPORT,dsh
services/dsh/frontend/shared/store/use-store-admin-controller.tsx,26,./store-role.api,IMPORT_OR_EXPORT,dsh
services/dsh/frontend/shared/store/use-store-admin-controller.tsx,31,./store-discovery.types,IMPORT_OR_EXPORT,dsh
services/dsh/frontend/shared/store/use-store-admin-controller.tsx,32,./use-store-role-context-controller,IMPORT_OR_EXPORT,dsh
services/dsh/frontend/shared/store/use-store-detail-controller.tsx,1,react,IMPORT_OR_EXPORT,dsh
services/dsh/frontend/shared/store/use-store-detail-controller.tsx,2,./store-discovery.api,IMPORT_OR_EXPORT,dsh
services/dsh/frontend/shared/store/use-store-detail-controller.tsx,3,./store-discovery.states,IMPORT_OR_EXPORT,dsh
services/dsh/frontend/shared/store/use-store-discovery-controller.tsx,1,react,IMPORT_OR_EXPORT,dsh
services/dsh/frontend/shared/store/use-store-discovery-controller.tsx,2,./store-discovery.api,IMPORT_OR_EXPORT,dsh
services/dsh/frontend/shared/store/use-store-discovery-controller.tsx,9,./store-discovery.states,IMPORT_OR_EXPORT,dsh
services/dsh/frontend/shared/store/use-store-discovery-controller.tsx,10,./store-discovery.states,IMPORT_OR_EXPORT,dsh
services/dsh/frontend/shared/store/use-store-role-context-controller.tsx,1,react,IMPORT_OR_EXPORT,dsh
services/dsh/frontend/shared/store/use-store-role-context-controller.tsx,6,./store-discovery.types,IMPORT_OR_EXPORT,dsh
services/dsh/frontend/shared/support/actor-support.api.ts,1,../_kernel/dsh-api-base-url,IMPORT_OR_EXPORT,dsh
services/dsh/frontend/shared/support/actor-support.api.ts,2,../_kernel/dsh-http-request,IMPORT_OR_EXPORT,dsh
services/dsh/frontend/shared/support/actor-support.api.ts,10,./support-mutation-attempt,IMPORT_OR_EXPORT,dsh
services/dsh/frontend/shared/support/incident-governance.api.ts,1,../_kernel/dsh-api-base-url,IMPORT_OR_EXPORT,dsh
services/dsh/frontend/shared/support/incident-governance.api.ts,2,../_kernel/dsh-http-request,IMPORT_OR_EXPORT,dsh
services/dsh/frontend/shared/support/incident-governance.api.ts,9,./support-mutation-attempt,IMPORT_OR_EXPORT,dsh
services/dsh/frontend/shared/support/index.ts,1,./support.types,IMPORT_OR_EXPORT,dsh
services/dsh/frontend/shared/support/index.ts,2,./support.states,IMPORT_OR_EXPORT,dsh
services/dsh/frontend/shared/support/index.ts,3,./use-support-controller,IMPORT_OR_EXPORT,dsh
services/dsh/frontend/shared/support/index.ts,4,./use-governed-incident-controller,IMPORT_OR_EXPORT,dsh
services/dsh/frontend/shared/support/index.ts,5,./use-governed-incident-controller,IMPORT_OR_EXPORT,dsh
services/dsh/frontend/shared/support/index.ts,6,./incident-governance.api,IMPORT_OR_EXPORT,dsh
services/dsh/frontend/shared/support/index.ts,7,./use-order-rescue-controller,IMPORT_OR_EXPORT,dsh
services/dsh/frontend/shared/support/index.ts,8,./use-order-rescue-controller,IMPORT_OR_EXPORT,dsh
services/dsh/frontend/shared/support/index.ts,9,./order-rescue.api,IMPORT_OR_EXPORT,dsh
services/dsh/frontend/shared/support/index.ts,10,./use-partner-support-controller,IMPORT_OR_EXPORT,dsh
services/dsh/frontend/shared/support/index.ts,11,./use-partner-support-controller,IMPORT_OR_EXPORT,dsh
services/dsh/frontend/shared/support/index.ts,12,./actor-support.api,IMPORT_OR_EXPORT,dsh
services/dsh/frontend/shared/support/index.ts,13,./partner-support.api,IMPORT_OR_EXPORT,dsh
services/dsh/frontend/shared/support/index.ts,14,./support.flows,IMPORT_OR_EXPORT,dsh
services/dsh/frontend/shared/support/index.ts,15,./support.captain-escalation,IMPORT_OR_EXPORT,dsh
services/dsh/frontend/shared/support/order-rescue.api.ts,1,../_kernel/dsh-api-base-url,IMPORT_OR_EXPORT,dsh
services/dsh/frontend/shared/support/order-rescue.api.ts,2,../_kernel/dsh-http-request,IMPORT_OR_EXPORT,dsh
services/dsh/frontend/shared/support/order-rescue.api.ts,3,./support-mutation-attempt,IMPORT_OR_EXPORT,dsh
services/dsh/frontend/shared/support/partner-support-attempt.ts,1,@react-native-async-storage/async-storage,IMPORT_OR_EXPORT,dsh
services/dsh/frontend/shared/support/partner-support-attempt.ts,2,./support.types,IMPORT_OR_EXPORT,dsh
services/dsh/frontend/shared/support/partner-support-attempt.ts,3,./partner-support.api,IMPORT_OR_EXPORT,dsh
services/dsh/frontend/shared/support/partner-support.api.ts,1,../_kernel/dsh-api-base-url,IMPORT_OR_EXPORT,dsh
services/dsh/frontend/shared/support/partner-support.api.ts,2,../_kernel/dsh-http-request,IMPORT_OR_EXPORT,dsh
services/dsh/frontend/shared/support/partner-support.model.ts,5,react,IMPORT_OR_EXPORT,dsh
services/dsh/frontend/shared/support/partner-support.model.ts,17,./support.partner-policies,IMPORT_OR_EXPORT,dsh
services/dsh/frontend/shared/support/support-message-delivery.api.ts,1,../_kernel/dsh-api-base-url,IMPORT_OR_EXPORT,dsh
services/dsh/frontend/shared/support/support-message-delivery.api.ts,2,../_kernel/dsh-http-request,IMPORT_OR_EXPORT,dsh
services/dsh/frontend/shared/support/support-message-delivery.api.ts,3,./actor-support.api,IMPORT_OR_EXPORT,dsh
services/dsh/frontend/shared/support/support-message-delivery.api.ts,4,./support-mutation-attempt,IMPORT_OR_EXPORT,dsh
services/dsh/frontend/shared/support/support-mutation-attempt.ts,1,@react-native-async-storage/async-storage,IMPORT_OR_EXPORT,dsh
services/dsh/frontend/shared/support/support.api.ts,1,../_kernel/dsh-api-base-url,IMPORT_OR_EXPORT,dsh
services/dsh/frontend/shared/support/support.api.ts,2,../_kernel/dsh-http-request,IMPORT_OR_EXPORT,dsh
services/dsh/frontend/shared/support/support.api.ts,14,./support-mutation-attempt,IMPORT_OR_EXPORT,dsh
services/dsh/frontend/shared/support/support.captain-escalation.ts,1,../delivery,IMPORT_OR_EXPORT,dsh
services/dsh/frontend/shared/support/support.captain-escalation.ts,2,../marketing/dsh-signal-layer.model,IMPORT_OR_EXPORT,dsh
services/dsh/frontend/shared/support/support.states.ts,1,./support.types,IMPORT_OR_EXPORT,dsh
services/dsh/frontend/shared/support/use-governed-incident-controller.tsx,1,react,IMPORT_OR_EXPORT,dsh
services/dsh/frontend/shared/support/use-governed-incident-controller.tsx,24,./support.api,IMPORT_OR_EXPORT,dsh
services/dsh/frontend/shared/support/use-order-rescue-controller.tsx,1,react,IMPORT_OR_EXPORT,dsh
services/dsh/frontend/shared/support/use-order-rescue-controller.tsx,17,./support.api,IMPORT_OR_EXPORT,dsh
services/dsh/frontend/shared/support/use-partner-support-controller.ts,1,react,IMPORT_OR_EXPORT,dsh
services/dsh/frontend/shared/support/use-support-controller.tsx,1,react,IMPORT_OR_EXPORT,dsh
services/dsh/frontend/shared/types/expo-video.d.ts,2,react,IMPORT_OR_EXPORT,dsh
services/dsh/frontend/shared/types/expo-video.d.ts,3,react-native,IMPORT_OR_EXPORT,dsh
services/dsh/frontend/shared/workforce/ProviderAvailabilityNoticesPanel.tsx,1,react,IMPORT_OR_EXPORT,dsh
services/dsh/frontend/shared/workforce/ProviderAvailabilityNoticesPanel.tsx,2,react-native,IMPORT_OR_EXPORT,dsh
services/dsh/frontend/shared/workforce/ProviderAvailabilityNoticesPanel.tsx,3,@bthwani/ui-kit,IMPORT_OR_EXPORT,dsh
services/dsh/frontend/shared/workforce/ProviderAvailabilityNoticesPanel.tsx,8,./workforce.types,IMPORT_OR_EXPORT,dsh
services/dsh/frontend/shared/workforce/ProviderIncidentsPanel.tsx,1,react,IMPORT_OR_EXPORT,dsh
services/dsh/frontend/shared/workforce/ProviderIncidentsPanel.tsx,2,react-native,IMPORT_OR_EXPORT,dsh
services/dsh/frontend/shared/workforce/ProviderIncidentsPanel.tsx,3,@bthwani/ui-kit,IMPORT_OR_EXPORT,dsh
services/dsh/frontend/shared/workforce/ProviderIncidentsPanel.tsx,4,@bthwani/wlt/dsh,IMPORT_OR_EXPORT,dsh
services/dsh/frontend/shared/workforce/ProviderIncidentsPanel.tsx,9,./workforce.types,IMPORT_OR_EXPORT,dsh
services/dsh/frontend/shared/workforce/WorkforceAccessGate.tsx,1,react,IMPORT_OR_EXPORT,dsh
services/dsh/frontend/shared/workforce/WorkforceAccessGate.tsx,2,react-native,IMPORT_OR_EXPORT,dsh
services/dsh/frontend/shared/workforce/WorkforceAccessGate.tsx,3,@bthwani/ui-kit,IMPORT_OR_EXPORT,dsh
services/dsh/frontend/shared/workforce/WorkforceAccessGate.tsx,5,./workforce.types,IMPORT_OR_EXPORT,dsh
services/dsh/frontend/shared/workforce/WorkforceAccessGate.tsx,6,./use-workforce-profile,IMPORT_OR_EXPORT,dsh
services/dsh/frontend/shared/workforce/WorkforceErrorState.tsx,7,react,IMPORT_OR_EXPORT,dsh
services/dsh/frontend/shared/workforce/WorkforceErrorState.tsx,8,@bthwani/ui-kit,IMPORT_OR_EXPORT,dsh
services/dsh/frontend/shared/workforce/WorkforceErrorState.tsx,9,@bthwani/core-identity,IMPORT_OR_EXPORT,dsh
services/dsh/frontend/shared/workforce/employee-governance.api.ts,1,../_kernel/dsh-http-request,IMPORT_OR_EXPORT,dsh
services/dsh/frontend/shared/workforce/index.ts,1,./workforce.types,IMPORT_OR_EXPORT,dsh
services/dsh/frontend/shared/workforce/index.ts,2,./workforce.api,IMPORT_OR_EXPORT,dsh
services/dsh/frontend/shared/workforce/index.ts,3,./workforce-operational-core.api,IMPORT_OR_EXPORT,dsh
services/dsh/frontend/shared/workforce/index.ts,4,./workforce-operational-enforcement.types,IMPORT_OR_EXPORT,dsh
services/dsh/frontend/shared/workforce/index.ts,5,./workforce-operational-enforcement.api,IMPORT_OR_EXPORT,dsh
services/dsh/frontend/shared/workforce/index.ts,6,./workforce-documents.api,IMPORT_OR_EXPORT,dsh
services/dsh/frontend/shared/workforce/index.ts,7,./workforce-scopes.api,IMPORT_OR_EXPORT,dsh
services/dsh/frontend/shared/workforce/index.ts,8,./workforce-employee-media.api,IMPORT_OR_EXPORT,dsh
services/dsh/frontend/shared/workforce/index.ts,9,./employee-governance.api,IMPORT_OR_EXPORT,dsh
services/dsh/frontend/shared/workforce/index.ts,10,./sovereign-leadership.api,IMPORT_OR_EXPORT,dsh
services/dsh/frontend/shared/workforce/index.ts,11,./use-workforce-controllers,IMPORT_OR_EXPORT,dsh
services/dsh/frontend/shared/workforce/index.ts,12,./use-workforce-employee-controllers,IMPORT_OR_EXPORT,dsh
services/dsh/frontend/shared/workforce/index.ts,13,./use-workforce-create-activation-controller,IMPORT_OR_EXPORT,dsh
services/dsh/frontend/shared/workforce/index.ts,14,./use-workforce-profile,IMPORT_OR_EXPORT,dsh
services/dsh/frontend/shared/workforce/index.ts,15,./WorkforceAccessGate,IMPORT_OR_EXPORT,dsh
services/dsh/frontend/shared/workforce/sovereign-leadership.api.ts,1,../_kernel/dsh-http-request,IMPORT_OR_EXPORT,dsh
services/dsh/frontend/shared/workforce/sovereign-leadership.api.ts,2,./workforce.types,IMPORT_OR_EXPORT,dsh
services/dsh/frontend/shared/workforce/use-workforce-controllers.ts,1,react,IMPORT_OR_EXPORT,dsh
services/dsh/frontend/shared/workforce/use-workforce-controllers.ts,25,../platform/platform-policies.api,IMPORT_OR_EXPORT,dsh
services/dsh/frontend/shared/workforce/use-workforce-controllers.ts,26,../platform/platform-policies.types,IMPORT_OR_EXPORT,dsh
services/dsh/frontend/shared/workforce/use-workforce-create-activation-controller.ts,1,react,IMPORT_OR_EXPORT,dsh
services/dsh/frontend/shared/workforce/use-workforce-employee-controllers.ts,1,react,IMPORT_OR_EXPORT,dsh
services/dsh/frontend/shared/workforce/use-workforce-profile.tsx,1,react,IMPORT_OR_EXPORT,dsh
services/dsh/frontend/shared/workforce/use-workforce-profile.tsx,2,@bthwani/core-identity,IMPORT_OR_EXPORT,dsh
services/dsh/frontend/shared/workforce/use-workforce-profile.tsx,4,./workforce-me.api,IMPORT_OR_EXPORT,dsh
services/dsh/frontend/shared/workforce/use-workforce-profile.tsx,5,./workforce-me.api,IMPORT_OR_EXPORT,dsh
services/dsh/frontend/shared/workforce/use-workforce-profile.tsx,6,./workforce.types,IMPORT_OR_EXPORT,dsh
services/dsh/frontend/shared/workforce/workforce-documents.api.ts,1,../_kernel/dsh-http-request,IMPORT_OR_EXPORT,dsh
services/dsh/frontend/shared/workforce/workforce-documents.api.ts,2,./workforce.types,IMPORT_OR_EXPORT,dsh
services/dsh/frontend/shared/workforce/workforce-employee-media.api.ts,1,@bthwani/core-identity,IMPORT_OR_EXPORT,dsh
services/dsh/frontend/shared/workforce/workforce-employee-media.api.ts,3,../_kernel/dsh-api-base-url,IMPORT_OR_EXPORT,dsh
services/dsh/frontend/shared/workforce/workforce-employee-media.api.ts,4,../media/field-document-media,IMPORT_OR_EXPORT,dsh
services/dsh/frontend/shared/workforce/workforce-me-operational.api.ts,1,../_kernel/dsh-http-request,IMPORT_OR_EXPORT,dsh
services/dsh/frontend/shared/workforce/workforce-me-operational.api.ts,2,../_kernel/workforce-api-base-url,IMPORT_OR_EXPORT,dsh
services/dsh/frontend/shared/workforce/workforce-me.api.ts,1,../_kernel/dsh-http-request,IMPORT_OR_EXPORT,dsh
services/dsh/frontend/shared/workforce/workforce-me.api.ts,2,../_kernel/workforce-api-base-url,IMPORT_OR_EXPORT,dsh
services/dsh/frontend/shared/workforce/workforce-me.api.ts,3,./workforce.api,IMPORT_OR_EXPORT,dsh
services/dsh/frontend/shared/workforce/workforce-me.api.ts,4,./workforce.types,IMPORT_OR_EXPORT,dsh
services/dsh/frontend/shared/workforce/workforce-operational-core.api.ts,1,../_kernel/dsh-http-request,IMPORT_OR_EXPORT,dsh
services/dsh/frontend/shared/workforce/workforce-operational-enforcement.api.ts,1,../_kernel/dsh-http-request,IMPORT_OR_EXPORT,dsh
services/dsh/frontend/shared/workforce/workforce-operational-enforcement.types.ts,1,./workforce.types,IMPORT_OR_EXPORT,dsh
services/dsh/frontend/shared/workforce/workforce-scopes.api.ts,1,../_kernel/dsh-http-request,IMPORT_OR_EXPORT,dsh
services/dsh/frontend/shared/workforce/workforce.api.ts,1,../_kernel/dsh-http-request,IMPORT_OR_EXPORT,dsh
services/dsh/runtime-map.ts,1,./capability-map,IMPORT_OR_EXPORT,dsh
services/dsh/runtime-map.ts,2,./capabilities,IMPORT_OR_EXPORT,dsh
services/dsh/service.manifest.ts,6,./contracts/contract-registry,IMPORT_OR_EXPORT,dsh
services/dsh/service.manifest.ts,7,./runtime-map,IMPORT_OR_EXPORT,dsh
services/dsh/service.manifest.ts,8,./surface-map,IMPORT_OR_EXPORT,dsh
services/dsh/surface-map.ts,1,./capability-map,IMPORT_OR_EXPORT,dsh
services/dsh/surface-map.ts,2,./capabilities,IMPORT_OR_EXPORT,dsh
services/dsh/tests/captain-inbox-exclusion.test.mjs,1,node:test,IMPORT_OR_EXPORT,dsh
services/dsh/tests/captain-inbox-exclusion.test.mjs,2,node:assert/strict,IMPORT_OR_EXPORT,dsh
services/dsh/tests/catalog-contract.test.mjs,1,node:assert/strict,IMPORT_OR_EXPORT,dsh
services/dsh/tests/catalog-contract.test.mjs,2,node:fs,IMPORT_OR_EXPORT,dsh
services/dsh/tests/catalog-contract.test.mjs,3,node:test,IMPORT_OR_EXPORT,dsh
services/dsh/tests/catalog-contract.test.mjs,4,../../../tools/scripts/openapi-context-composer.mjs,IMPORT_OR_EXPORT,dsh
services/dsh/tests/catalog-controller-core.test.mjs,1,node:test,IMPORT_OR_EXPORT,dsh
services/dsh/tests/catalog-controller-core.test.mjs,2,node:assert/strict,IMPORT_OR_EXPORT,dsh
services/dsh/tests/catalog-controller-core.test.mjs,8,../dist/services/dsh/frontend/shared/catalog/catalog.controller-core.js,IMPORT_OR_EXPORT,dsh
services/dsh/tests/catalog-controller-core.test.mjs,13,../dist/services/dsh/frontend/shared/catalog/catalog.view-model.js,IMPORT_OR_EXPORT,dsh
services/dsh/tests/catalog-runtime-readback-authority.test.mjs,1,node:assert/strict,IMPORT_OR_EXPORT,dsh
services/dsh/tests/catalog-runtime-readback-authority.test.mjs,2,node:fs,IMPORT_OR_EXPORT,dsh
services/dsh/tests/catalog-runtime-readback-authority.test.mjs,3,node:test,IMPORT_OR_EXPORT,dsh
services/dsh/tests/central-catalog-closure.test.mjs,1,node:assert/strict,IMPORT_OR_EXPORT,dsh
services/dsh/tests/central-catalog-closure.test.mjs,2,node:fs,IMPORT_OR_EXPORT,dsh
services/dsh/tests/central-catalog-closure.test.mjs,3,node:test,IMPORT_OR_EXPORT,dsh
services/dsh/tests/central-catalog-dashboard-binding.test.mjs,1,node:assert/strict,IMPORT_OR_EXPORT,dsh
services/dsh/tests/central-catalog-dashboard-binding.test.mjs,2,node:fs,IMPORT_OR_EXPORT,dsh
services/dsh/tests/central-catalog-dashboard-binding.test.mjs,3,node:test,IMPORT_OR_EXPORT,dsh
services/dsh/tests/central-catalog-permission-authority.test.mjs,1,node:assert/strict,IMPORT_OR_EXPORT,dsh
services/dsh/tests/central-catalog-permission-authority.test.mjs,2,node:fs,IMPORT_OR_EXPORT,dsh
services/dsh/tests/central-catalog-permission-authority.test.mjs,3,node:test,IMPORT_OR_EXPORT,dsh
services/dsh/tests/checkout-controller-core.test.mjs,1,node:test,IMPORT_OR_EXPORT,dsh
services/dsh/tests/checkout-controller-core.test.mjs,2,node:assert/strict,IMPORT_OR_EXPORT,dsh
services/dsh/tests/checkout-controller-core.test.mjs,9,../dist/services/dsh/frontend/shared/checkout/checkout.controller-core.js,IMPORT_OR_EXPORT,dsh
services/dsh/tests/checkout-controller-core.test.mjs,12,../dist/services/dsh/frontend/shared/checkout/checkout.view-model.js,IMPORT_OR_EXPORT,dsh
services/dsh/tests/commercial-capabilities-binding.test.mjs,1,node:assert/strict,IMPORT_OR_EXPORT,dsh
services/dsh/tests/commercial-capabilities-binding.test.mjs,2,node:test,IMPORT_OR_EXPORT,dsh
services/dsh/tests/commercial-capabilities-binding.test.mjs,3,node:fs,IMPORT_OR_EXPORT,dsh
services/dsh/tests/control-panel-store-admin-state.test.mjs,1,node:test,IMPORT_OR_EXPORT,dsh
services/dsh/tests/control-panel-store-admin-state.test.mjs,2,node:assert/strict,IMPORT_OR_EXPORT,dsh
services/dsh/tests/control-panel-store-admin-state.test.mjs,12,../dist/services/dsh/frontend/shared/store/store-admin.view-model.js,IMPORT_OR_EXPORT,dsh
services/dsh/tests/control-panel-store-admin-view-model.test.mjs,1,node:test,IMPORT_OR_EXPORT,dsh
services/dsh/tests/control-panel-store-admin-view-model.test.mjs,2,node:assert/strict,IMPORT_OR_EXPORT,dsh
services/dsh/tests/control-panel-store-admin-view-model.test.mjs,9,../dist/services/dsh/frontend/shared/store/store-admin.view-model.js,IMPORT_OR_EXPORT,dsh
services/dsh/tests/dispatch-controller-core.test.mjs,1,node:test,IMPORT_OR_EXPORT,dsh
services/dsh/tests/dispatch-controller-core.test.mjs,2,node:assert/strict,IMPORT_OR_EXPORT,dsh
services/dsh/tests/dispatch-controller-core.test.mjs,10,../dist/services/dsh/frontend/shared/dispatch/dispatch.controller-core.js,IMPORT_OR_EXPORT,dsh
services/dsh/tests/dsh-api-base-url.test.mjs,1,node:test,IMPORT_OR_EXPORT,dsh
services/dsh/tests/dsh-api-base-url.test.mjs,2,node:assert/strict,IMPORT_OR_EXPORT,dsh
services/dsh/tests/dsh-openapi-modular.test.mjs,1,node:assert/strict,IMPORT_OR_EXPORT,dsh
services/dsh/tests/dsh-openapi-modular.test.mjs,2,node:fs,IMPORT_OR_EXPORT,dsh
services/dsh/tests/dsh-openapi-modular.test.mjs,3,node:path,IMPORT_OR_EXPORT,dsh
services/dsh/tests/dsh-openapi-modular.test.mjs,4,node:test,IMPORT_OR_EXPORT,dsh
services/dsh/tests/dsh-operator-governance-runtime-preflight.test.mjs,1,node:assert/strict,IMPORT_OR_EXPORT,dsh
services/dsh/tests/dsh-operator-governance-runtime-preflight.test.mjs,2,node:fs,IMPORT_OR_EXPORT,dsh
services/dsh/tests/dsh-operator-governance-runtime-preflight.test.mjs,3,node:test,IMPORT_OR_EXPORT,dsh
services/dsh/tests/field-onboarding-validation.test.mjs,1,node:test,IMPORT_OR_EXPORT,dsh
services/dsh/tests/field-onboarding-validation.test.mjs,2,node:assert/strict,IMPORT_OR_EXPORT,dsh
services/dsh/tests/field-onboarding-validation.test.mjs,10,../dist/services/dsh/frontend/shared/field-onboarding/field-onboarding.types.js,IMPORT_OR_EXPORT,dsh
services/dsh/tests/frontend-truth-authority.test.mjs,1,node:assert/strict,IMPORT_OR_EXPORT,dsh
services/dsh/tests/frontend-truth-authority.test.mjs,2,node:fs,IMPORT_OR_EXPORT,dsh
services/dsh/tests/frontend-truth-authority.test.mjs,3,node:path,IMPORT_OR_EXPORT,dsh
services/dsh/tests/frontend-truth-authority.test.mjs,4,node:url,IMPORT_OR_EXPORT,dsh
services/dsh/tests/frontend-truth-authority.test.mjs,5,node:test,IMPORT_OR_EXPORT,dsh
services/dsh/tests/generated-dsh-api-client.test.mjs,1,node:test,IMPORT_OR_EXPORT,dsh
services/dsh/tests/generated-dsh-api-client.test.mjs,2,node:assert/strict,IMPORT_OR_EXPORT,dsh
services/dsh/tests/generated-dsh-api-client.test.mjs,3,node:fs,IMPORT_OR_EXPORT,dsh
services/dsh/tests/generated-dsh-api-client.test.mjs,5,../../../tools/guards/_openapi-utils.mjs,IMPORT_OR_EXPORT,dsh
services/dsh/tests/geo.customer-visibility.policy.test.mjs,1,node:test,IMPORT_OR_EXPORT,dsh
services/dsh/tests/geo.customer-visibility.policy.test.mjs,2,node:assert/strict,IMPORT_OR_EXPORT,dsh
services/dsh/tests/geo.operational-checkpoint.policy.test.mjs,1,node:test,IMPORT_OR_EXPORT,dsh
services/dsh/tests/geo.operational-checkpoint.policy.test.mjs,2,node:assert/strict,IMPORT_OR_EXPORT,dsh
services/dsh/tests/geo.status-updates.test.mjs,1,node:test,IMPORT_OR_EXPORT,dsh
services/dsh/tests/geo.status-updates.test.mjs,2,node:assert/strict,IMPORT_OR_EXPORT,dsh
services/dsh/tests/geo.status-updates.test.mjs,8,../dist/services/dsh/frontend/shared/geo/geo.status-updates.js,IMPORT_OR_EXPORT,dsh
services/dsh/tests/home-discovery-admin.test.mjs,1,node:test,IMPORT_OR_EXPORT,dsh
services/dsh/tests/home-discovery-admin.test.mjs,2,node:assert/strict,IMPORT_OR_EXPORT,dsh
services/dsh/tests/home-discovery-admin.test.mjs,8,../dist/services/dsh/frontend/shared/home-discovery/home-discovery-admin.js,IMPORT_OR_EXPORT,dsh
services/dsh/tests/home-discovery-controller.test.mjs,1,node:test,IMPORT_OR_EXPORT,dsh
services/dsh/tests/home-discovery-controller.test.mjs,2,node:assert/strict,IMPORT_OR_EXPORT,dsh
services/dsh/tests/home-discovery-policy.test.mjs,1,node:test,IMPORT_OR_EXPORT,dsh
services/dsh/tests/home-discovery-policy.test.mjs,2,node:assert/strict,IMPORT_OR_EXPORT,dsh
services/dsh/tests/identity-readiness-control-surfaces.test.mjs,1,node:test,IMPORT_OR_EXPORT,dsh
services/dsh/tests/identity-readiness-control-surfaces.test.mjs,2,node:assert/strict,IMPORT_OR_EXPORT,dsh
services/dsh/tests/identity-readiness-control-surfaces.test.mjs,3,node:fs,IMPORT_OR_EXPORT,dsh
services/dsh/tests/notifications-controller.test.mjs,1,node:assert/strict,IMPORT_OR_EXPORT,dsh
services/dsh/tests/notifications-controller.test.mjs,2,node:test,IMPORT_OR_EXPORT,dsh
services/dsh/tests/notifications-controller.test.mjs,3,node:fs,IMPORT_OR_EXPORT,dsh
services/dsh/tests/notifications-controller.test.mjs,4,../../../tools/scripts/openapi-context-composer.mjs,IMPORT_OR_EXPORT,dsh
services/dsh/tests/operational-capabilities-binding.test.mjs,1,node:assert/strict,IMPORT_OR_EXPORT,dsh
services/dsh/tests/operational-capabilities-binding.test.mjs,2,node:test,IMPORT_OR_EXPORT,dsh
services/dsh/tests/operational-capabilities-binding.test.mjs,3,node:fs,IMPORT_OR_EXPORT,dsh
services/dsh/tests/order-preparation-contract.test.mjs,1,node:assert/strict,IMPORT_OR_EXPORT,dsh
services/dsh/tests/order-preparation-contract.test.mjs,2,node:fs,IMPORT_OR_EXPORT,dsh
services/dsh/tests/order-preparation-contract.test.mjs,3,node:path,IMPORT_OR_EXPORT,dsh
services/dsh/tests/order-preparation-contract.test.mjs,4,node:test,IMPORT_OR_EXPORT,dsh
services/dsh/tests/order-preparation-contract.test.mjs,5,../../../tools/scripts/openapi-context-composer.mjs,IMPORT_OR_EXPORT,dsh
services/dsh/tests/orders-controller-core.test.mjs,1,node:test,IMPORT_OR_EXPORT,dsh
services/dsh/tests/orders-controller-core.test.mjs,2,node:assert/strict,IMPORT_OR_EXPORT,dsh
services/dsh/tests/orders-controller-core.test.mjs,11,../dist/services/dsh/frontend/shared/orders/orders.controller-core.js,IMPORT_OR_EXPORT,dsh
services/dsh/tests/partner-unified-platform-closure.test.mjs,1,node:test,IMPORT_OR_EXPORT,dsh
services/dsh/tests/partner-unified-platform-closure.test.mjs,2,node:assert/strict,IMPORT_OR_EXPORT,dsh
services/dsh/tests/partner-unified-platform-closure.test.mjs,3,node:fs,IMPORT_OR_EXPORT,dsh
services/dsh/tests/platform-governance-visualization.test.mjs,1,node:assert/strict,IMPORT_OR_EXPORT,dsh
services/dsh/tests/platform-governance-visualization.test.mjs,2,node:fs,IMPORT_OR_EXPORT,dsh
services/dsh/tests/platform-governance-visualization.test.mjs,3,node:test,IMPORT_OR_EXPORT,dsh
services/dsh/tests/platform-provider.policy.test.mjs,1,node:test,IMPORT_OR_EXPORT,dsh
services/dsh/tests/platform-provider.policy.test.mjs,2,node:assert/strict,IMPORT_OR_EXPORT,dsh
services/dsh/tests/platform-provider.policy.test.mjs,9,../dist/services/dsh/frontend/shared/platform/platform-provider.policy.js,IMPORT_OR_EXPORT,dsh
services/dsh/tests/promotion-funding-integrity.test.mjs,1,node:assert/strict,IMPORT_OR_EXPORT,dsh
services/dsh/tests/promotion-funding-integrity.test.mjs,2,node:fs,IMPORT_OR_EXPORT,dsh
services/dsh/tests/promotion-funding-integrity.test.mjs,3,node:test,IMPORT_OR_EXPORT,dsh
services/dsh/tests/provider-platform-access-code.test.mjs,1,node:assert/strict,IMPORT_OR_EXPORT,dsh
services/dsh/tests/provider-platform-access-code.test.mjs,2,node:fs,IMPORT_OR_EXPORT,dsh
services/dsh/tests/provider-platform-access-code.test.mjs,3,node:path,IMPORT_OR_EXPORT,dsh
services/dsh/tests/provider-platform-access-code.test.mjs,4,node:test,IMPORT_OR_EXPORT,dsh
services/dsh/tests/provider-secret-visibility.test.mjs,1,node:test,IMPORT_OR_EXPORT,dsh
services/dsh/tests/provider-secret-visibility.test.mjs,2,node:assert/strict,IMPORT_OR_EXPORT,dsh
services/dsh/tests/store-admin-controller.test.mjs,1,node:test,IMPORT_OR_EXPORT,dsh
services/dsh/tests/store-admin-controller.test.mjs,2,node:assert/strict,IMPORT_OR_EXPORT,dsh
services/dsh/tests/store-discovery-controller.test.mjs,1,node:test,IMPORT_OR_EXPORT,dsh
services/dsh/tests/store-discovery-controller.test.mjs,2,node:assert/strict,IMPORT_OR_EXPORT,dsh
services/dsh/tests/store-discovery-states.test.mjs,1,node:test,IMPORT_OR_EXPORT,dsh
services/dsh/tests/store-discovery-states.test.mjs,2,node:assert/strict,IMPORT_OR_EXPORT,dsh
services/dsh/tests/store-discovery-states.test.mjs,10,../dist/services/dsh/frontend/shared/store/store-discovery.states.js,IMPORT_OR_EXPORT,dsh
services/dsh/tests/store-discovery-states.test.mjs,64,../dist/services/dsh/frontend/shared/store/store-discovery.api.js,IMPORT_OR_EXPORT,dsh
services/dsh/tests/store-discovery-view-model.test.mjs,1,node:test,IMPORT_OR_EXPORT,dsh
services/dsh/tests/store-discovery-view-model.test.mjs,2,node:assert/strict,IMPORT_OR_EXPORT,dsh
services/dsh/tests/store-role-context-controller.test.mjs,1,node:test,IMPORT_OR_EXPORT,dsh
services/dsh/tests/store-role-context-controller.test.mjs,2,node:assert/strict,IMPORT_OR_EXPORT,dsh
services/dsh/tests/wlt-boundary-provider.test.mjs,1,node:test,IMPORT_OR_EXPORT,dsh
services/dsh/tests/wlt-boundary-provider.test.mjs,2,node:assert/strict,IMPORT_OR_EXPORT,dsh
services/dsh/tests/wlt-runtime-smoke-auth-contract.test.mjs,1,node:assert/strict,IMPORT_OR_EXPORT,dsh
services/dsh/tests/wlt-runtime-smoke-auth-contract.test.mjs,2,node:fs,IMPORT_OR_EXPORT,dsh
services/dsh/tests/wlt-runtime-smoke-auth-contract.test.mjs,3,node:test,IMPORT_OR_EXPORT,dsh
services/wlt/frontend/shared/dsh/actor-wallet/ActorWalletPanel.tsx,1,react,IMPORT_OR_EXPORT,wlt
services/wlt/frontend/shared/dsh/actor-wallet/ActorWalletPanel.tsx,2,react-native,IMPORT_OR_EXPORT,wlt
services/wlt/frontend/shared/dsh/actor-wallet/ActorWalletPanel.tsx,13,./actor-wallet.api,IMPORT_OR_EXPORT,wlt
services/wlt/frontend/shared/dsh/actor-wallet/ActorWalletPanel.tsx,14,./use-actor-wallet-controller,IMPORT_OR_EXPORT,wlt
services/wlt/frontend/shared/dsh/actor-wallet/ActorWalletPanel.tsx,15,../finance/wlt-money,IMPORT_OR_EXPORT,wlt
services/wlt/frontend/shared/dsh/actor-wallet/actor-wallet.api.ts,1,@bthwani/wlt-openapi,IMPORT_OR_EXPORT,wlt
services/wlt/frontend/shared/dsh/actor-wallet/actor-wallet.api.ts,2,../dsh-link/dsh-api-base-url,IMPORT_OR_EXPORT,wlt
services/wlt/frontend/shared/dsh/actor-wallet/actor-wallet.api.ts,3,../dsh-link/dsh-http-request,IMPORT_OR_EXPORT,wlt
services/wlt/frontend/shared/dsh/actor-wallet/index.ts,1,./actor-wallet.api,IMPORT_OR_EXPORT,wlt
services/wlt/frontend/shared/dsh/actor-wallet/index.ts,2,./use-actor-wallet-controller,IMPORT_OR_EXPORT,wlt
services/wlt/frontend/shared/dsh/actor-wallet/index.ts,3,./ActorWalletPanel,IMPORT_OR_EXPORT,wlt
services/wlt/frontend/shared/dsh/actor-wallet/use-actor-wallet-controller.ts,1,react,IMPORT_OR_EXPORT,wlt
services/wlt/frontend/shared/dsh/commissions/RepresentativeCommissionPanel.tsx,1,react,IMPORT_OR_EXPORT,wlt
services/wlt/frontend/shared/dsh/commissions/RepresentativeCommissionPanel.tsx,2,react-native,IMPORT_OR_EXPORT,wlt
services/wlt/frontend/shared/dsh/commissions/RepresentativeCommissionPanel.tsx,18,../finance/wlt-money,IMPORT_OR_EXPORT,wlt
services/wlt/frontend/shared/dsh/commissions/commission.api.ts,1,@bthwani/wlt-openapi,IMPORT_OR_EXPORT,wlt
services/wlt/frontend/shared/dsh/commissions/commission.api.ts,2,../dsh-link/dsh-api-base-url,IMPORT_OR_EXPORT,wlt
services/wlt/frontend/shared/dsh/commissions/commission.api.ts,3,../dsh-link/dsh-http-request,IMPORT_OR_EXPORT,wlt
services/wlt/frontend/shared/dsh/commissions/commission.api.ts,5,../actor-wallet/actor-wallet.api,IMPORT_OR_EXPORT,wlt
services/wlt/frontend/shared/dsh/commissions/index.ts,1,./commission.api,IMPORT_OR_EXPORT,wlt
services/wlt/frontend/shared/dsh/commissions/index.ts,2,./RepresentativeCommissionPanel,IMPORT_OR_EXPORT,wlt
services/wlt/frontend/shared/dsh/commissions/use-wlt-field-commission-reference-controller.tsx,1,react,IMPORT_OR_EXPORT,wlt
services/wlt/frontend/shared/dsh/commissions/use-wlt-field-commission-reference-controller.tsx,2,./wlt-field-commission.states,IMPORT_OR_EXPORT,wlt
services/wlt/frontend/shared/dsh/commissions/use-wlt-field-commission-reference-controller.tsx,3,./wlt-field-commission.types,IMPORT_OR_EXPORT,wlt
services/wlt/frontend/shared/dsh/commissions/use-wlt-field-commission-reference-controller.tsx,4,../dsh-link/dsh-api-base-url,IMPORT_OR_EXPORT,wlt
services/wlt/frontend/shared/dsh/commissions/use-wlt-field-commission-reference-controller.tsx,5,./wlt-field-commission-reference.api,IMPORT_OR_EXPORT,wlt
services/wlt/frontend/shared/dsh/commissions/wlt-field-commission-reference.api.ts,1,./wlt-field-commission.types,IMPORT_OR_EXPORT,wlt
services/wlt/frontend/shared/dsh/commissions/wlt-field-commission-reference.api.ts,2,../dsh-link/dsh-http-request,IMPORT_OR_EXPORT,wlt
services/wlt/frontend/shared/dsh/commissions/wlt-field-commission.states.ts,1,./wlt-field-commission.types,IMPORT_OR_EXPORT,wlt
services/wlt/frontend/shared/dsh/commissions/wlt-field-commission.view-model.ts,1,./wlt-field-commission.types,IMPORT_OR_EXPORT,wlt
services/wlt/frontend/shared/dsh/commissions/wlt-field-commission.view-model.ts,2,../finance/wlt-money,IMPORT_OR_EXPORT,wlt
services/wlt/frontend/shared/dsh/dsh-link/dsh-http-request.ts,1,@bthwani/core-identity,IMPORT_OR_EXPORT,wlt
services/wlt/frontend/shared/dsh/field-finance/field-finance.api.ts,1,../dsh-link/dsh-api-base-url,IMPORT_OR_EXPORT,wlt
services/wlt/frontend/shared/dsh/field-finance/field-finance.api.ts,2,../dsh-link/dsh-http-request,IMPORT_OR_EXPORT,wlt
services/wlt/frontend/shared/dsh/field-finance/field-payout-attempt.ts,1,@react-native-async-storage/async-storage,IMPORT_OR_EXPORT,wlt
services/wlt/frontend/shared/dsh/field-finance/index.ts,1,./field-finance.api,IMPORT_OR_EXPORT,wlt
services/wlt/frontend/shared/dsh/field-finance/index.ts,2,./use-field-finance-controller,IMPORT_OR_EXPORT,wlt
services/wlt/frontend/shared/dsh/field-finance/index.ts,3,./field-finance.presentation,IMPORT_OR_EXPORT,wlt
services/wlt/frontend/shared/dsh/field-finance/use-field-finance-controller.ts,1,react,IMPORT_OR_EXPORT,wlt
services/wlt/frontend/shared/dsh/finance-boundary/index.ts,1,./wlt-dsh-boundary.types,IMPORT_OR_EXPORT,wlt
services/wlt/frontend/shared/dsh/finance-boundary/wlt-dsh-boundary.types.ts,1,@bthwani/wlt-openapi,IMPORT_OR_EXPORT,wlt
services/wlt/frontend/shared/dsh/finance/cod-reconciliation.api.ts,1,@bthwani/wlt-openapi,IMPORT_OR_EXPORT,wlt
services/wlt/frontend/shared/dsh/finance/cod-reconciliation.api.ts,2,../dsh-link/dsh-api-base-url,IMPORT_OR_EXPORT,wlt
services/wlt/frontend/shared/dsh/finance/cod-reconciliation.api.ts,3,../dsh-link/dsh-http-request,IMPORT_OR_EXPORT,wlt
services/wlt/frontend/shared/dsh/finance/finance-hub-runtime.api.ts,1,../dsh-link/dsh-api-base-url,IMPORT_OR_EXPORT,wlt
services/wlt/frontend/shared/dsh/finance/finance-hub-runtime.api.ts,2,../dsh-link/dsh-http-request,IMPORT_OR_EXPORT,wlt
services/wlt/frontend/shared/dsh/finance/finance-hub-runtime.api.ts,3,./finance-hub.types,IMPORT_OR_EXPORT,wlt
services/wlt/frontend/shared/dsh/finance/finance-hub.view-model.ts,13,./wlt-money,IMPORT_OR_EXPORT,wlt
services/wlt/frontend/shared/dsh/finance/finance.controller.ts,3,react,IMPORT_OR_EXPORT,wlt
services/wlt/frontend/shared/dsh/finance/finance.controller.ts,14,./finance-hub.view-model,IMPORT_OR_EXPORT,wlt
services/wlt/frontend/shared/dsh/finance/index.ts,1,./finance.types,IMPORT_OR_EXPORT,wlt
services/wlt/frontend/shared/dsh/finance/index.ts,2,./finance-registry,IMPORT_OR_EXPORT,wlt
services/wlt/frontend/shared/dsh/finance/index.ts,3,./finance.controller,IMPORT_OR_EXPORT,wlt
services/wlt/frontend/shared/dsh/index.ts,6,./finance-boundary/wlt-dsh-boundary.types,IMPORT_OR_EXPORT,wlt
services/wlt/frontend/shared/dsh/index.ts,7,./wlt-reference/wlt-reference.states,IMPORT_OR_EXPORT,wlt
services/wlt/frontend/shared/dsh/index.ts,8,./wlt-reference/wlt-reference.view-model,IMPORT_OR_EXPORT,wlt
services/wlt/frontend/shared/dsh/index.ts,9,./wlt-reference/use-wlt-reference-controller,IMPORT_OR_EXPORT,wlt
services/wlt/frontend/shared/dsh/index.ts,10,./payment/wlt-checkout-handoff.contract,IMPORT_OR_EXPORT,wlt
services/wlt/frontend/shared/dsh/index.ts,11,./finance/wlt-money,IMPORT_OR_EXPORT,wlt
services/wlt/frontend/shared/dsh/index.ts,12,./commissions/wlt-field-commission.types,IMPORT_OR_EXPORT,wlt
services/wlt/frontend/shared/dsh/index.ts,13,./commissions/wlt-field-commission.states,IMPORT_OR_EXPORT,wlt
services/wlt/frontend/shared/dsh/index.ts,14,./commissions/wlt-field-commission.view-model,IMPORT_OR_EXPORT,wlt
services/wlt/frontend/shared/dsh/index.ts,15,./commissions/use-wlt-field-commission-reference-controller,IMPORT_OR_EXPORT,wlt
services/wlt/frontend/shared/dsh/index.ts,16,./wlt-cod/wlt-captain-cod.states,IMPORT_OR_EXPORT,wlt
services/wlt/frontend/shared/dsh/index.ts,17,./wlt-cod/use-wlt-captain-cod-reference-controller,IMPORT_OR_EXPORT,wlt
services/wlt/frontend/shared/dsh/index.ts,18,./finance/finance.types,IMPORT_OR_EXPORT,wlt
services/wlt/frontend/shared/dsh/index.ts,19,./finance/finance-registry,IMPORT_OR_EXPORT,wlt
services/wlt/frontend/shared/dsh/index.ts,21,./wlt-ledger/wlt-ledger.types,IMPORT_OR_EXPORT,wlt
services/wlt/frontend/shared/dsh/index.ts,23,./wlt-refund/wlt-refund.queries,IMPORT_OR_EXPORT,wlt
services/wlt/frontend/shared/dsh/index.ts,24,./wlt-refund/OrderRefundStatusCard,IMPORT_OR_EXPORT,wlt
services/wlt/frontend/shared/dsh/index.ts,26,./wlt-settlement/wlt-settlement.types,IMPORT_OR_EXPORT,wlt
services/wlt/frontend/shared/dsh/index.ts,28,./payment,IMPORT_OR_EXPORT,wlt
services/wlt/frontend/shared/dsh/index.ts,29,./field-finance,IMPORT_OR_EXPORT,wlt
services/wlt/frontend/shared/dsh/index.ts,30,./actor-wallet,IMPORT_OR_EXPORT,wlt
services/wlt/frontend/shared/dsh/index.ts,31,./presentation/WltDshCaptainBridge,IMPORT_OR_EXPORT,wlt
services/wlt/frontend/shared/dsh/index.ts,32,./presentation/WltDshPartnerBridge,IMPORT_OR_EXPORT,wlt
services/wlt/frontend/shared/dsh/index.ts,33,./presentation/captain-finance.copy,IMPORT_OR_EXPORT,wlt
services/wlt/frontend/shared/dsh/index.ts,34,./presentation/partner-finance.copy,IMPORT_OR_EXPORT,wlt
services/wlt/frontend/shared/dsh/index.ts,36,./commissions,IMPORT_OR_EXPORT,wlt
services/wlt/frontend/shared/dsh/index.ts,37,./payouts,IMPORT_OR_EXPORT,wlt
services/wlt/frontend/shared/dsh/index.ts,38,./wlt-cod/wlt-cod.api,IMPORT_OR_EXPORT,wlt
services/wlt/frontend/shared/dsh/index.ts,39,./wlt-cod/CaptainCodCustodyActions,IMPORT_OR_EXPORT,wlt
services/wlt/frontend/shared/dsh/index.ts,40,./wlt-cod/PartnerCodCustodyPanel,IMPORT_OR_EXPORT,wlt
services/wlt/frontend/shared/dsh/index.ts,41,./finance/finance.controller,IMPORT_OR_EXPORT,wlt
services/wlt/frontend/shared/dsh/index.ts,42,./finance/finance-hub.types,IMPORT_OR_EXPORT,wlt
services/wlt/frontend/shared/dsh/index.ts,43,./finance/cod-reconciliation.api,IMPORT_OR_EXPORT,wlt
services/wlt/frontend/shared/dsh/index.ts,46,./dsh-link/dsh-api-base-url,IMPORT_OR_EXPORT,wlt
services/wlt/frontend/shared/dsh/index.ts,47,./dsh-link/dsh-http-request,IMPORT_OR_EXPORT,wlt
services/wlt/frontend/shared/dsh/index.ts,48,./payment/payment-session-runtime.api,IMPORT_OR_EXPORT,wlt
services/wlt/frontend/shared/dsh/payment/index.ts,1,./use-wlt-payment-controller,IMPORT_OR_EXPORT,wlt
services/wlt/frontend/shared/dsh/payment/index.ts,2,./payment-session.types,IMPORT_OR_EXPORT,wlt
services/wlt/frontend/shared/dsh/payment/index.ts,3,./payment-session.presentation,IMPORT_OR_EXPORT,wlt
services/wlt/frontend/shared/dsh/payment/payment-session-runtime.api.ts,1,./payment-session.types,IMPORT_OR_EXPORT,wlt
services/wlt/frontend/shared/dsh/payment/payment-session-runtime.api.ts,2,../dsh-link/dsh-api-base-url,IMPORT_OR_EXPORT,wlt
services/wlt/frontend/shared/dsh/payment/payment-session-runtime.api.ts,3,../dsh-link/dsh-http-request,IMPORT_OR_EXPORT,wlt
services/wlt/frontend/shared/dsh/payment/payment-session.types.ts,1,@bthwani/wlt-openapi,IMPORT_OR_EXPORT,wlt
services/wlt/frontend/shared/dsh/payment/use-wlt-payment-controller.tsx,1,react,IMPORT_OR_EXPORT,wlt
services/wlt/frontend/shared/dsh/payment/wlt-checkout-handoff.contract.ts,1,@bthwani/wlt-openapi,IMPORT_OR_EXPORT,wlt
services/wlt/frontend/shared/dsh/payouts/PayoutDestinationPanel.tsx,1,react,IMPORT_OR_EXPORT,wlt
services/wlt/frontend/shared/dsh/payouts/PayoutDestinationPanel.tsx,2,react-native,IMPORT_OR_EXPORT,wlt
services/wlt/frontend/shared/dsh/payouts/PayoutDestinationPanel.tsx,24,../finance/wlt-money,IMPORT_OR_EXPORT,wlt
services/wlt/frontend/shared/dsh/payouts/index.ts,1,./payout.api,IMPORT_OR_EXPORT,wlt
services/wlt/frontend/shared/dsh/payouts/index.ts,2,./payout-operator.api,IMPORT_OR_EXPORT,wlt
services/wlt/frontend/shared/dsh/payouts/index.ts,3,./PayoutDestinationPanel,IMPORT_OR_EXPORT,wlt
services/wlt/frontend/shared/dsh/payouts/payout-operator.api.ts,1,../dsh-link/dsh-api-base-url,IMPORT_OR_EXPORT,wlt
services/wlt/frontend/shared/dsh/payouts/payout-operator.api.ts,2,../dsh-link/dsh-http-request,IMPORT_OR_EXPORT,wlt
services/wlt/frontend/shared/dsh/payouts/payout.api.ts,1,../dsh-link/dsh-api-base-url,IMPORT_OR_EXPORT,wlt
services/wlt/frontend/shared/dsh/payouts/payout.api.ts,2,../dsh-link/dsh-http-request,IMPORT_OR_EXPORT,wlt
services/wlt/frontend/shared/dsh/presentation/WltDshCaptainBridge.tsx,1,react,IMPORT_OR_EXPORT,wlt
services/wlt/frontend/shared/dsh/presentation/WltDshCaptainBridge.tsx,2,react-native,IMPORT_OR_EXPORT,wlt
services/wlt/frontend/shared/dsh/presentation/WltDshCaptainBridge.tsx,21,../wlt-cod/use-wlt-captain-cod-custody-controller,IMPORT_OR_EXPORT,wlt
services/wlt/frontend/shared/dsh/presentation/WltDshCaptainBridge.tsx,22,../finance/wlt-money,IMPORT_OR_EXPORT,wlt
services/wlt/frontend/shared/dsh/presentation/WltDshPartnerBridge.tsx,1,react,IMPORT_OR_EXPORT,wlt
services/wlt/frontend/shared/dsh/presentation/WltDshPartnerBridge.tsx,2,react-native,IMPORT_OR_EXPORT,wlt
services/wlt/frontend/shared/dsh/presentation/WltDshPartnerBridge.tsx,12,../actor-wallet,IMPORT_OR_EXPORT,wlt
services/wlt/frontend/shared/dsh/presentation/WltDshPartnerBridge.tsx,13,../commissions,IMPORT_OR_EXPORT,wlt
services/wlt/frontend/shared/dsh/presentation/WltDshPartnerBridge.tsx,14,../payouts,IMPORT_OR_EXPORT,wlt
services/wlt/frontend/shared/dsh/presentation/WltDshPartnerBridge.tsx,15,../wlt-cod/PartnerCodCustodyPanel,IMPORT_OR_EXPORT,wlt
services/wlt/frontend/shared/dsh/wlt-cod/CaptainCodCustodyActions.tsx,1,react,IMPORT_OR_EXPORT,wlt
services/wlt/frontend/shared/dsh/wlt-cod/CaptainCodCustodyActions.tsx,2,react-native,IMPORT_OR_EXPORT,wlt
services/wlt/frontend/shared/dsh/wlt-cod/CaptainCodCustodyActions.tsx,3,@bthwani/ui-kit,IMPORT_OR_EXPORT,wlt
services/wlt/frontend/shared/dsh/wlt-cod/CaptainCodCustodyActions.tsx,4,./wlt-cod.api,IMPORT_OR_EXPORT,wlt
services/wlt/frontend/shared/dsh/wlt-cod/CaptainCodCustodyActions.tsx,10,../finance/wlt-money,IMPORT_OR_EXPORT,wlt
services/wlt/frontend/shared/dsh/wlt-cod/PartnerCodCustodyPanel.tsx,1,react,IMPORT_OR_EXPORT,wlt
services/wlt/frontend/shared/dsh/wlt-cod/PartnerCodCustodyPanel.tsx,2,react-native,IMPORT_OR_EXPORT,wlt
services/wlt/frontend/shared/dsh/wlt-cod/PartnerCodCustodyPanel.tsx,3,./wlt-cod.api,IMPORT_OR_EXPORT,wlt
services/wlt/frontend/shared/dsh/wlt-cod/PartnerCodCustodyPanel.tsx,4,@bthwani/ui-kit,IMPORT_OR_EXPORT,wlt
services/wlt/frontend/shared/dsh/wlt-cod/PartnerCodCustodyPanel.tsx,5,./wlt-partner-cod.api,IMPORT_OR_EXPORT,wlt
services/wlt/frontend/shared/dsh/wlt-cod/PartnerCodCustodyPanel.tsx,6,../finance/wlt-money,IMPORT_OR_EXPORT,wlt
services/wlt/frontend/shared/dsh/wlt-cod/use-wlt-captain-cod-custody-controller.tsx,1,react,IMPORT_OR_EXPORT,wlt
services/wlt/frontend/shared/dsh/wlt-cod/use-wlt-captain-cod-custody-controller.tsx,2,./wlt-cod.api,IMPORT_OR_EXPORT,wlt
services/wlt/frontend/shared/dsh/wlt-cod/use-wlt-captain-cod-reference-controller.tsx,1,react,IMPORT_OR_EXPORT,wlt
services/wlt/frontend/shared/dsh/wlt-cod/use-wlt-captain-cod-reference-controller.tsx,2,./wlt-captain-cod.states,IMPORT_OR_EXPORT,wlt
services/wlt/frontend/shared/dsh/wlt-cod/use-wlt-captain-cod-reference-controller.tsx,3,../finance-boundary/wlt-dsh-boundary.types,IMPORT_OR_EXPORT,wlt
services/wlt/frontend/shared/dsh/wlt-cod/use-wlt-captain-cod-reference-controller.tsx,4,./wlt-cod.api,IMPORT_OR_EXPORT,wlt
services/wlt/frontend/shared/dsh/wlt-cod/wlt-captain-cod.states.ts,1,../finance-boundary/wlt-dsh-boundary.types,IMPORT_OR_EXPORT,wlt
services/wlt/frontend/shared/dsh/wlt-cod/wlt-cod.api.ts,1,@bthwani/wlt-openapi,IMPORT_OR_EXPORT,wlt
services/wlt/frontend/shared/dsh/wlt-cod/wlt-cod.api.ts,2,../dsh-link/dsh-api-base-url,IMPORT_OR_EXPORT,wlt
services/wlt/frontend/shared/dsh/wlt-cod/wlt-cod.api.ts,3,../dsh-link/dsh-http-request,IMPORT_OR_EXPORT,wlt
services/wlt/frontend/shared/dsh/wlt-cod/wlt-cod.api.ts,5,../finance-boundary/wlt-dsh-boundary.types,IMPORT_OR_EXPORT,wlt
services/wlt/frontend/shared/dsh/wlt-cod/wlt-partner-cod.api.ts,1,../dsh-link/dsh-api-base-url,IMPORT_OR_EXPORT,wlt
services/wlt/frontend/shared/dsh/wlt-cod/wlt-partner-cod.api.ts,2,../dsh-link/dsh-http-request,IMPORT_OR_EXPORT,wlt
services/wlt/frontend/shared/dsh/wlt-ledger/index.ts,1,./wlt-ledger.types,IMPORT_OR_EXPORT,wlt
services/wlt/frontend/shared/dsh/wlt-ledger/index.ts,2,./use-wlt-ledger-controller,IMPORT_OR_EXPORT,wlt
services/wlt/frontend/shared/dsh/wlt-ledger/use-wlt-ledger-controller.tsx,1,react,IMPORT_OR_EXPORT,wlt
services/wlt/frontend/shared/dsh/wlt-ledger/use-wlt-ledger-controller.tsx,2,./wlt-ledger.api,IMPORT_OR_EXPORT,wlt
services/wlt/frontend/shared/dsh/wlt-ledger/use-wlt-ledger-controller.tsx,3,./wlt-ledger.types,IMPORT_OR_EXPORT,wlt
services/wlt/frontend/shared/dsh/wlt-ledger/wlt-ledger.api.ts,1,../dsh-link/dsh-api-base-url,IMPORT_OR_EXPORT,wlt
services/wlt/frontend/shared/dsh/wlt-ledger/wlt-ledger.api.ts,2,../dsh-link/dsh-http-request,IMPORT_OR_EXPORT,wlt
services/wlt/frontend/shared/dsh/wlt-ledger/wlt-ledger.api.ts,3,./wlt-ledger.types,IMPORT_OR_EXPORT,wlt
services/wlt/frontend/shared/dsh/wlt-ledger/wlt-ledger.api.ts,4,../finance/wlt-money,IMPORT_OR_EXPORT,wlt
services/wlt/frontend/shared/dsh/wlt-ledger/wlt-ledger.types.ts,1,@bthwani/wlt-openapi,IMPORT_OR_EXPORT,wlt
services/wlt/frontend/shared/dsh/wlt-reference/use-wlt-reference-controller.tsx,1,react,IMPORT_OR_EXPORT,wlt
services/wlt/frontend/shared/dsh/wlt-reference/use-wlt-reference-controller.tsx,2,./wlt-reference.states,IMPORT_OR_EXPORT,wlt
services/wlt/frontend/shared/dsh/wlt-reference/use-wlt-reference-controller.tsx,3,../finance-boundary/wlt-dsh-boundary.types,IMPORT_OR_EXPORT,wlt
services/wlt/frontend/shared/dsh/wlt-reference/use-wlt-reference-controller.tsx,4,../dsh-link/dsh-api-base-url,IMPORT_OR_EXPORT,wlt
services/wlt/frontend/shared/dsh/wlt-reference/wlt-reference.api.ts,6,../dsh-link/dsh-http-request,IMPORT_OR_EXPORT,wlt
services/wlt/frontend/shared/dsh/wlt-reference/wlt-reference.states.ts,1,../finance-boundary/wlt-dsh-boundary.types,IMPORT_OR_EXPORT,wlt
services/wlt/frontend/shared/dsh/wlt-reference/wlt-reference.view-model.ts,1,./wlt-reference.states,IMPORT_OR_EXPORT,wlt
services/wlt/frontend/shared/dsh/wlt-refund/OrderRefundStatusCard.tsx,1,react,IMPORT_OR_EXPORT,wlt
services/wlt/frontend/shared/dsh/wlt-refund/OrderRefundStatusCard.tsx,2,react-native,IMPORT_OR_EXPORT,wlt
services/wlt/frontend/shared/dsh/wlt-refund/OrderRefundStatusCard.tsx,3,@bthwani/ui-kit,IMPORT_OR_EXPORT,wlt
services/wlt/frontend/shared/dsh/wlt-refund/OrderRefundStatusCard.tsx,4,./wlt-refund.queries,IMPORT_OR_EXPORT,wlt
services/wlt/frontend/shared/dsh/wlt-refund/OrderRefundStatusCard.tsx,5,./wlt-refund.queries,IMPORT_OR_EXPORT,wlt
services/wlt/frontend/shared/dsh/wlt-refund/OrderRefundStatusCard.tsx,6,../finance/wlt-money,IMPORT_OR_EXPORT,wlt
services/wlt/frontend/shared/dsh/wlt-refund/index.ts,1,./wlt-refund.queries,IMPORT_OR_EXPORT,wlt
services/wlt/frontend/shared/dsh/wlt-refund/index.ts,2,./OrderRefundStatusCard,IMPORT_OR_EXPORT,wlt
services/wlt/frontend/shared/dsh/wlt-refund/index.ts,3,./OrderRefundStatusCard,IMPORT_OR_EXPORT,wlt
services/wlt/frontend/shared/dsh/wlt-refund/wlt-refund.queries.ts,1,@tanstack/react-query,IMPORT_OR_EXPORT,wlt
services/wlt/frontend/shared/dsh/wlt-refund/wlt-refund.queries.ts,2,@tanstack/react-query,IMPORT_OR_EXPORT,wlt
services/wlt/frontend/shared/dsh/wlt-refund/wlt-refund.queries.ts,3,../dsh-link/dsh-http-request,IMPORT_OR_EXPORT,wlt
services/wlt/frontend/shared/dsh/wlt-refund/wlt-refund.queries.ts,4,../dsh-link/dsh-api-base-url,IMPORT_OR_EXPORT,wlt
services/wlt/frontend/shared/dsh/wlt-refund/wlt-refund.queries.ts,5,../../../../../dsh/clients/generated/dsh-api,IMPORT_OR_EXPORT,wlt
services/wlt/frontend/shared/dsh/wlt-settlement/index.ts,1,./wlt-settlement.types,IMPORT_OR_EXPORT,wlt
services/wlt/frontend/shared/dsh/wlt-settlement/index.ts,2,./use-wlt-settlement-controller,IMPORT_OR_EXPORT,wlt
services/wlt/frontend/shared/dsh/wlt-settlement/use-wlt-settlement-controller.tsx,1,react,IMPORT_OR_EXPORT,wlt
services/wlt/frontend/shared/dsh/wlt-settlement/use-wlt-settlement-controller.tsx,2,./wlt-settlement.api,IMPORT_OR_EXPORT,wlt
services/wlt/frontend/shared/dsh/wlt-settlement/wlt-settlement.api.ts,1,../dsh-link/dsh-api-base-url,IMPORT_OR_EXPORT,wlt
services/wlt/frontend/shared/dsh/wlt-settlement/wlt-settlement.api.ts,2,../dsh-link/dsh-http-request,IMPORT_OR_EXPORT,wlt
services/wlt/frontend/shared/dsh/wlt-settlement/wlt-settlement.api.ts,3,./wlt-settlement.types,IMPORT_OR_EXPORT,wlt
services/wlt/tests/dsh-transport-authority.test.mjs,1,node:assert/strict,IMPORT_OR_EXPORT,wlt
services/wlt/tests/dsh-transport-authority.test.mjs,2,node:fs,IMPORT_OR_EXPORT,wlt
services/wlt/tests/dsh-transport-authority.test.mjs,3,node:path,IMPORT_OR_EXPORT,wlt
services/wlt/tests/dsh-transport-authority.test.mjs,4,node:url,IMPORT_OR_EXPORT,wlt
services/wlt/tests/dsh-transport-authority.test.mjs,5,node:test,IMPORT_OR_EXPORT,wlt
services/wlt/tests/frontend-financial-truth-authority.test.mjs,1,node:assert/strict,IMPORT_OR_EXPORT,wlt
services/wlt/tests/frontend-financial-truth-authority.test.mjs,2,node:fs,IMPORT_OR_EXPORT,wlt
services/wlt/tests/frontend-financial-truth-authority.test.mjs,3,node:path,IMPORT_OR_EXPORT,wlt
services/wlt/tests/frontend-financial-truth-authority.test.mjs,4,node:test,IMPORT_OR_EXPORT,wlt
services/wlt/tests/frontend-financial-truth-authority.test.mjs,5,node:url,IMPORT_OR_EXPORT,wlt
services/wlt/tests/wlt-api-client.test.mjs,1,node:test,IMPORT_OR_EXPORT,wlt
services/wlt/tests/wlt-api-client.test.mjs,2,node:assert/strict,IMPORT_OR_EXPORT,wlt
services/wlt/tests/wlt-api-client.test.mjs,3,node:fs,IMPORT_OR_EXPORT,wlt
services/wlt/tests/wlt-api-client.test.mjs,4,node:path,IMPORT_OR_EXPORT,wlt
services/wlt/tests/wlt-api-client.test.mjs,5,node:url,IMPORT_OR_EXPORT,wlt
services/wlt/tests/wlt-database-authority.test.mjs,1,node:assert/strict,IMPORT_OR_EXPORT,wlt
services/wlt/tests/wlt-database-authority.test.mjs,2,node:fs,IMPORT_OR_EXPORT,wlt
services/wlt/tests/wlt-database-authority.test.mjs,3,node:path,IMPORT_OR_EXPORT,wlt
services/wlt/tests/wlt-database-authority.test.mjs,4,node:url,IMPORT_OR_EXPORT,wlt
services/wlt/tests/wlt-database-authority.test.mjs,5,node:test,IMPORT_OR_EXPORT,wlt
services/wlt/tests/wlt-money.test.mjs,1,node:assert/strict,IMPORT_OR_EXPORT,wlt
services/wlt/tests/wlt-money.test.mjs,2,node:fs,IMPORT_OR_EXPORT,wlt
services/wlt/tests/wlt-money.test.mjs,3,node:path,IMPORT_OR_EXPORT,wlt
services/wlt/tests/wlt-money.test.mjs,4,node:test,IMPORT_OR_EXPORT,wlt
services/wlt/tests/wlt-money.test.mjs,5,node:url,IMPORT_OR_EXPORT,wlt
services/wlt/tests/wlt-money.test.mjs,6,@typescript/typescript6,IMPORT_OR_EXPORT,wlt
shared/control-panel/src/components/CpAmountDisplay.tsx,1,@bthwani/ui-kit,IMPORT_OR_EXPORT,repository
shared/control-panel/src/components/CpAmountDisplay.tsx,2,./cpTokens,IMPORT_OR_EXPORT,repository
shared/control-panel/src/components/CpBadge.tsx,1,react,IMPORT_OR_EXPORT,repository
shared/control-panel/src/components/CpBadge.tsx,2,./cpScale,IMPORT_OR_EXPORT,repository
shared/control-panel/src/components/CpBadge.tsx,3,./cpTokens,IMPORT_OR_EXPORT,repository
shared/control-panel/src/components/CpButton.tsx,1,react,IMPORT_OR_EXPORT,repository
shared/control-panel/src/components/CpButton.tsx,2,./cpScale,IMPORT_OR_EXPORT,repository
shared/control-panel/src/components/CpButton.tsx,3,./cpTokens,IMPORT_OR_EXPORT,repository
shared/control-panel/src/components/CpCommonLabels.ts,1,@bthwani/ui-kit,IMPORT_OR_EXPORT,repository
shared/control-panel/src/components/CpDescriptionList.tsx,1,react,IMPORT_OR_EXPORT,repository
shared/control-panel/src/components/CpDescriptionList.tsx,2,./cpTokens,IMPORT_OR_EXPORT,repository
shared/control-panel/src/components/CpDetailPanel.tsx,1,react,IMPORT_OR_EXPORT,repository
shared/control-panel/src/components/CpDetailPanel.tsx,2,./CpButton,IMPORT_OR_EXPORT,repository
shared/control-panel/src/components/CpDetailPanel.tsx,3,./cpTokens,IMPORT_OR_EXPORT,repository
shared/control-panel/src/components/CpExternalLink.tsx,1,react,IMPORT_OR_EXPORT,repository
shared/control-panel/src/components/CpExternalLink.tsx,2,./cpTokens,IMPORT_OR_EXPORT,repository
shared/control-panel/src/components/CpFilterBar.tsx,1,react,IMPORT_OR_EXPORT,repository
shared/control-panel/src/components/CpFilterBar.tsx,2,./cpTokens,IMPORT_OR_EXPORT,repository
shared/control-panel/src/components/CpInlineCode.tsx,1,react,IMPORT_OR_EXPORT,repository
shared/control-panel/src/components/CpInlineCode.tsx,2,./cpTokens,IMPORT_OR_EXPORT,repository
shared/control-panel/src/components/CpKpi.tsx,1,react,IMPORT_OR_EXPORT,repository
shared/control-panel/src/components/CpKpi.tsx,2,./cpTokens,IMPORT_OR_EXPORT,repository
shared/control-panel/src/components/CpLaneTabs.tsx,1,./cpScale,IMPORT_OR_EXPORT,repository
shared/control-panel/src/components/CpLaneTabs.tsx,2,./cpTokens,IMPORT_OR_EXPORT,repository
shared/control-panel/src/components/CpPageHeader.tsx,1,react,IMPORT_OR_EXPORT,repository
shared/control-panel/src/components/CpPageHeader.tsx,2,./cpTokens,IMPORT_OR_EXPORT,repository
shared/control-panel/src/components/CpSearchInput.tsx,1,react,IMPORT_OR_EXPORT,repository
shared/control-panel/src/components/CpSearchInput.tsx,2,./cpTokens,IMPORT_OR_EXPORT,repository
shared/control-panel/src/components/CpSelect.tsx,1,react,IMPORT_OR_EXPORT,repository
shared/control-panel/src/components/CpSelect.tsx,2,./cpTokens,IMPORT_OR_EXPORT,repository
shared/control-panel/src/components/CpStatePanel.tsx,1,react,IMPORT_OR_EXPORT,repository
shared/control-panel/src/components/CpStatePanel.tsx,2,./CpButton,IMPORT_OR_EXPORT,repository
shared/control-panel/src/components/CpStatePanel.tsx,3,./cpTokens,IMPORT_OR_EXPORT,repository
shared/control-panel/src/components/CpStateView.tsx,1,react,IMPORT_OR_EXPORT,repository
shared/control-panel/src/components/CpStateView.tsx,2,./CpStatePanel,IMPORT_OR_EXPORT,repository
shared/control-panel/src/components/CpTable.tsx,1,react,IMPORT_OR_EXPORT,repository
shared/control-panel/src/components/CpTable.tsx,2,react,IMPORT_OR_EXPORT,repository
shared/control-panel/src/components/CpTable.tsx,3,./cpTokens,IMPORT_OR_EXPORT,repository
shared/control-panel/src/components/CpTabs.tsx,1,./cpScale,IMPORT_OR_EXPORT,repository
shared/control-panel/src/components/CpTabs.tsx,2,./cpTokens,IMPORT_OR_EXPORT,repository
shared/control-panel/src/components/CpTextInput.tsx,1,./cpTokens,IMPORT_OR_EXPORT,repository
shared/control-panel/src/components/cpScale.ts,2,@bthwani/ui-kit/tokens,IMPORT_OR_EXPORT,repository
shared/control-panel/src/components/cpTokens.ts,1,react,IMPORT_OR_EXPORT,repository
shared/control-panel/src/components/cpTokens.ts,2,@bthwani/ui-kit,IMPORT_OR_EXPORT,repository
shared/control-panel/src/components/cpTokens.ts,3,react,IMPORT_OR_EXPORT,repository
shared/control-panel/src/components/cpTokens.ts,4,@bthwani/ui-kit,IMPORT_OR_EXPORT,repository
shared/control-panel/src/components/cpTokens.ts,5,@bthwani/ui-kit/web,IMPORT_OR_EXPORT,repository
shared/control-panel/src/components/cpTokens.ts,6,./cpScale,IMPORT_OR_EXPORT,repository
shared/control-panel/src/components/index.ts,1,./cpScale,IMPORT_OR_EXPORT,repository
shared/control-panel/src/components/index.ts,2,./cpTokens,IMPORT_OR_EXPORT,repository
shared/control-panel/src/components/index.ts,3,./CpButton,IMPORT_OR_EXPORT,repository
shared/control-panel/src/components/index.ts,4,./CpSelect,IMPORT_OR_EXPORT,repository
shared/control-panel/src/components/index.ts,5,./CpSearchInput,IMPORT_OR_EXPORT,repository
shared/control-panel/src/components/index.ts,6,./CpTextInput,IMPORT_OR_EXPORT,repository
shared/control-panel/src/components/index.ts,7,./CpTable,IMPORT_OR_EXPORT,repository
shared/control-panel/src/components/index.ts,8,./CpKpi,IMPORT_OR_EXPORT,repository
shared/control-panel/src/components/index.ts,9,./CpLaneTabs,IMPORT_OR_EXPORT,repository
shared/control-panel/src/components/index.ts,10,./CpPageHeader,IMPORT_OR_EXPORT,repository
shared/control-panel/src/components/index.ts,11,./CpFilterBar,IMPORT_OR_EXPORT,repository
shared/control-panel/src/components/index.ts,12,./CpStatePanel,IMPORT_OR_EXPORT,repository
shared/control-panel/src/components/index.ts,13,./CpStateView,IMPORT_OR_EXPORT,repository
shared/control-panel/src/components/index.ts,14,./CpInlineCode,IMPORT_OR_EXPORT,repository
shared/control-panel/src/components/index.ts,15,./CpDetailPanel,IMPORT_OR_EXPORT,repository
shared/control-panel/src/components/index.ts,16,./CpDescriptionList,IMPORT_OR_EXPORT,repository
shared/control-panel/src/components/index.ts,17,./CpExternalLink,IMPORT_OR_EXPORT,repository
shared/control-panel/src/components/index.ts,18,./CpBadge,IMPORT_OR_EXPORT,repository
shared/control-panel/src/components/index.ts,19,./CpTabs,IMPORT_OR_EXPORT,repository
shared/control-panel/src/components/index.ts,20,./CpAmountDisplay,IMPORT_OR_EXPORT,repository
shared/control-panel/src/components/index.ts,21,./CpCommonLabels,IMPORT_OR_EXPORT,repository
shared/control-panel/src/index.ts,1,./components,IMPORT_OR_EXPORT,repository
shared/control-panel/src/index.ts,2,./shell,IMPORT_OR_EXPORT,repository
shared/control-panel/src/shell/DataTablePageFrame.tsx,1,react,IMPORT_OR_EXPORT,repository
shared/control-panel/src/shell/DataTablePageFrame.tsx,2,@bthwani/ui-kit/web,IMPORT_OR_EXPORT,repository
shared/control-panel/src/shell/DataTablePageFrame.tsx,3,./frameTokens,IMPORT_OR_EXPORT,repository
shared/control-panel/src/shell/DetailPageFrame.tsx,1,react,IMPORT_OR_EXPORT,repository
shared/control-panel/src/shell/DetailPageFrame.tsx,2,@bthwani/ui-kit/web,IMPORT_OR_EXPORT,repository
shared/control-panel/src/shell/DetailPageFrame.tsx,3,./frameTokens,IMPORT_OR_EXPORT,repository
shared/control-panel/src/shell/EditorPageFrame.tsx,1,react,IMPORT_OR_EXPORT,repository
shared/control-panel/src/shell/EditorPageFrame.tsx,2,@bthwani/ui-kit/web,IMPORT_OR_EXPORT,repository
shared/control-panel/src/shell/EditorPageFrame.tsx,3,./frameTokens,IMPORT_OR_EXPORT,repository
shared/control-panel/src/shell/FinanceReadOnlyFrame.tsx,1,react,IMPORT_OR_EXPORT,repository
shared/control-panel/src/shell/FinanceReadOnlyFrame.tsx,2,@bthwani/ui-kit/web,IMPORT_OR_EXPORT,repository
shared/control-panel/src/shell/FinanceReadOnlyFrame.tsx,3,./frameTokens,IMPORT_OR_EXPORT,repository
shared/control-panel/src/shell/MetricsPageFrame.tsx,1,react,IMPORT_OR_EXPORT,repository
shared/control-panel/src/shell/MetricsPageFrame.tsx,2,@bthwani/ui-kit/web,IMPORT_OR_EXPORT,repository
shared/control-panel/src/shell/MetricsPageFrame.tsx,3,./frameTokens,IMPORT_OR_EXPORT,repository
shared/control-panel/src/shell/OperationsRoomFrame.tsx,1,react,IMPORT_OR_EXPORT,repository
shared/control-panel/src/shell/OperationsRoomFrame.tsx,2,@bthwani/ui-kit/web,IMPORT_OR_EXPORT,repository
shared/control-panel/src/shell/OperationsRoomFrame.tsx,3,./frameTokens,IMPORT_OR_EXPORT,repository
shared/control-panel/src/shell/OverviewPageFrame.tsx,1,react,IMPORT_OR_EXPORT,repository
shared/control-panel/src/shell/OverviewPageFrame.tsx,2,@bthwani/ui-kit/web,IMPORT_OR_EXPORT,repository
shared/control-panel/src/shell/OverviewPageFrame.tsx,3,./frameTokens,IMPORT_OR_EXPORT,repository
shared/control-panel/src/shell/PaginationToolbar.tsx,1,react,IMPORT_OR_EXPORT,repository
shared/control-panel/src/shell/QueuePageFrame.tsx,1,react,IMPORT_OR_EXPORT,repository
shared/control-panel/src/shell/QueuePageFrame.tsx,2,@bthwani/ui-kit/web,IMPORT_OR_EXPORT,repository
shared/control-panel/src/shell/QueuePageFrame.tsx,3,./frameTokens,IMPORT_OR_EXPORT,repository
shared/control-panel/src/shell/ReviewPageFrame.tsx,1,react,IMPORT_OR_EXPORT,repository
shared/control-panel/src/shell/ReviewPageFrame.tsx,2,@bthwani/ui-kit/web,IMPORT_OR_EXPORT,repository
shared/control-panel/src/shell/ReviewPageFrame.tsx,3,./frameTokens,IMPORT_OR_EXPORT,repository
shared/control-panel/src/shell/SettingsPageFrame.tsx,1,react,IMPORT_OR_EXPORT,repository
shared/control-panel/src/shell/SettingsPageFrame.tsx,2,@bthwani/ui-kit/web,IMPORT_OR_EXPORT,repository
shared/control-panel/src/shell/SettingsPageFrame.tsx,3,./frameTokens,IMPORT_OR_EXPORT,repository
shared/control-panel/src/shell/frameTokens.ts,1,react,IMPORT_OR_EXPORT,repository
shared/control-panel/src/shell/frameTokens.ts,2,@bthwani/ui-kit,IMPORT_OR_EXPORT,repository
shared/control-panel/src/shell/frameTokens.ts,3,@bthwani/ui-kit/web,IMPORT_OR_EXPORT,repository
shared/control-panel/src/shell/index.ts,1,./DataTablePageFrame,IMPORT_OR_EXPORT,repository
shared/control-panel/src/shell/index.ts,2,./DetailPageFrame,IMPORT_OR_EXPORT,repository
shared/control-panel/src/shell/index.ts,3,./EditorPageFrame,IMPORT_OR_EXPORT,repository
shared/control-panel/src/shell/index.ts,4,./FinanceReadOnlyFrame,IMPORT_OR_EXPORT,repository
shared/control-panel/src/shell/index.ts,5,./MetricsPageFrame,IMPORT_OR_EXPORT,repository
shared/control-panel/src/shell/index.ts,6,./OperationsRoomFrame,IMPORT_OR_EXPORT,repository
shared/control-panel/src/shell/index.ts,7,./OverviewPageFrame,IMPORT_OR_EXPORT,repository
shared/control-panel/src/shell/index.ts,8,./PaginationToolbar,IMPORT_OR_EXPORT,repository
shared/control-panel/src/shell/index.ts,9,./QueuePageFrame,IMPORT_OR_EXPORT,repository
shared/control-panel/src/shell/index.ts,10,./ReviewPageFrame,IMPORT_OR_EXPORT,repository
shared/control-panel/src/shell/index.ts,11,./SettingsPageFrame,IMPORT_OR_EXPORT,repository
shared/control-panel/src/shell/index.ts,12,./frameTokens,IMPORT_OR_EXPORT,repository
shared/data-runtime/src/BthwaniQueryProvider.tsx,1,react,IMPORT_OR_EXPORT,repository
shared/data-runtime/src/BthwaniQueryProvider.tsx,2,@tanstack/react-query,IMPORT_OR_EXPORT,repository
shared/data-runtime/src/BthwaniQueryProvider.tsx,3,./create-query-client,IMPORT_OR_EXPORT,repository
shared/data-runtime/src/BthwaniQueryProvider.tsx,4,./persistence,IMPORT_OR_EXPORT,repository
shared/data-runtime/src/create-query-client.ts,1,@tanstack/react-query,IMPORT_OR_EXPORT,repository
shared/data-runtime/src/index.ts,1,./create-query-client,IMPORT_OR_EXPORT,repository
shared/data-runtime/src/index.ts,2,./netinfo-online-manager,IMPORT_OR_EXPORT,repository
shared/data-runtime/src/index.ts,3,./query-keys,IMPORT_OR_EXPORT,repository
shared/data-runtime/src/index.ts,4,./BthwaniQueryProvider,IMPORT_OR_EXPORT,repository
shared/data-runtime/src/index.ts,5,./persistence,IMPORT_OR_EXPORT,repository
shared/data-runtime/src/index.ts,6,./offline-mutation-queue,IMPORT_OR_EXPORT,repository
shared/data-runtime/src/index.ts,7,./power-policy,IMPORT_OR_EXPORT,repository
shared/data-runtime/src/index.ts,8,@tanstack/react-query,IMPORT_OR_EXPORT,repository
shared/data-runtime/src/netinfo-online-manager.ts,1,@tanstack/react-query,IMPORT_OR_EXPORT,repository
shared/data-runtime/src/netinfo-online-manager.ts,2,./offline-mutation-queue,IMPORT_OR_EXPORT,repository
shared/data-runtime/src/netinfo-online-manager.ts,23,@react-native-community/netinfo,IMPORT_OR_EXPORT,repository
shared/data-runtime/src/offline-mutation-queue.ts,1,@react-native-async-storage/async-storage,IMPORT_OR_EXPORT,repository
shared/data-runtime/src/persistence.ts,1,@react-native-async-storage/async-storage,IMPORT_OR_EXPORT,repository
shared/data-runtime/src/power-policy.ts,1,./offline-mutation-queue,IMPORT_OR_EXPORT,repository
shared/data-runtime/src/power-policy.ts,29,expo-battery,IMPORT_OR_EXPORT,repository
shared/data-runtime/tests/create-query-client.test.mjs,1,node:assert/strict,IMPORT_OR_EXPORT,repository
shared/data-runtime/tests/create-query-client.test.mjs,2,node:test,IMPORT_OR_EXPORT,repository
shared/data-runtime/tests/create-query-client.test.mjs,3,../src/create-query-client.ts,IMPORT_OR_EXPORT,repository
shared/ui-kit/src/components/ActionBar/ActionBar.tsx,1,react,IMPORT_OR_EXPORT,repository
shared/ui-kit/src/components/ActionBar/ActionBar.tsx,2,../_shared,IMPORT_OR_EXPORT,repository
shared/ui-kit/src/components/ActionBar/index.ts,1,./ActionBar,IMPORT_OR_EXPORT,repository
shared/ui-kit/src/components/Badge/Badge.tsx,3,react,IMPORT_OR_EXPORT,repository
shared/ui-kit/src/components/Badge/Badge.tsx,4,tamagui,IMPORT_OR_EXPORT,repository
shared/ui-kit/src/components/Badge/Badge.tsx,5,../../internal/tamagui-compat,IMPORT_OR_EXPORT,repository
shared/ui-kit/src/components/Badge/Badge.tsx,6,../Text,IMPORT_OR_EXPORT,repository
shared/ui-kit/src/components/Badge/index.ts,1,./Badge,IMPORT_OR_EXPORT,repository
shared/ui-kit/src/components/Box/Box.tsx,1,../../tokens/colors,IMPORT_OR_EXPORT,repository
shared/ui-kit/src/components/Box/Box.tsx,2,react,IMPORT_OR_EXPORT,repository
shared/ui-kit/src/components/Box/Box.tsx,3,react-native,IMPORT_OR_EXPORT,repository
shared/ui-kit/src/components/Box/Box.tsx,4,../../tokens/spacing,IMPORT_OR_EXPORT,repository
shared/ui-kit/src/components/Box/index.ts,1,./Box,IMPORT_OR_EXPORT,repository
shared/ui-kit/src/components/Button/Button.tsx,3,react,IMPORT_OR_EXPORT,repository
shared/ui-kit/src/components/Button/Button.tsx,4,react-native,IMPORT_OR_EXPORT,repository
shared/ui-kit/src/components/Button/Button.tsx,5,tamagui,IMPORT_OR_EXPORT,repository
shared/ui-kit/src/components/Button/Button.tsx,6,../_shared,IMPORT_OR_EXPORT,repository
shared/ui-kit/src/components/Button/MobileStickyPrimaryAction.tsx,1,../../tokens/colors,IMPORT_OR_EXPORT,repository
shared/ui-kit/src/components/Button/MobileStickyPrimaryAction.tsx,2,react,IMPORT_OR_EXPORT,repository
shared/ui-kit/src/components/Button/MobileStickyPrimaryAction.tsx,3,react-native,IMPORT_OR_EXPORT,repository
shared/ui-kit/src/components/Button/MobileStickyPrimaryAction.tsx,4,./Button,IMPORT_OR_EXPORT,repository
shared/ui-kit/src/components/Button/MobileStickyPrimaryAction.tsx,5,../Text/Text,IMPORT_OR_EXPORT,repository
shared/ui-kit/src/components/Button/MobileStickyPrimaryAction.tsx,6,../../tokens/spacing,IMPORT_OR_EXPORT,repository
shared/ui-kit/src/components/Button/index.ts,1,./Button,IMPORT_OR_EXPORT,repository
shared/ui-kit/src/components/Button/index.ts,2,./MobileStickyPrimaryAction,IMPORT_OR_EXPORT,repository
shared/ui-kit/src/components/Card/Card.tsx,3,react,IMPORT_OR_EXPORT,repository
shared/ui-kit/src/components/Card/Card.tsx,4,tamagui,IMPORT_OR_EXPORT,repository
shared/ui-kit/src/components/Card/Card.tsx,5,../../tokens/colors,IMPORT_OR_EXPORT,repository
shared/ui-kit/src/components/Card/Card.tsx,6,../Surface,IMPORT_OR_EXPORT,repository
shared/ui-kit/src/components/Card/Card.tsx,7,../Text,IMPORT_OR_EXPORT,repository
shared/ui-kit/src/components/Card/Card.tsx,8,../_shared,IMPORT_OR_EXPORT,repository
shared/ui-kit/src/components/Card/Card.tsx,9,../../internal/tamagui-compat,IMPORT_OR_EXPORT,repository
shared/ui-kit/src/components/Card/index.ts,1,./Card,IMPORT_OR_EXPORT,repository
shared/ui-kit/src/components/Checkbox/Checkbox.tsx,7,./Checkbox.css,IMPORT_OR_EXPORT,repository
shared/ui-kit/src/components/Checkbox/index.ts,1,./Checkbox,IMPORT_OR_EXPORT,repository
shared/ui-kit/src/components/Chip/Chip.tsx,1,react,IMPORT_OR_EXPORT,repository
shared/ui-kit/src/components/Chip/Chip.tsx,2,react-native,IMPORT_OR_EXPORT,repository
shared/ui-kit/src/components/Chip/Chip.tsx,3,../Text,IMPORT_OR_EXPORT,repository
shared/ui-kit/src/components/Chip/Chip.tsx,4,../../tokens/colors,IMPORT_OR_EXPORT,repository
shared/ui-kit/src/components/Chip/index.ts,1,./Chip,IMPORT_OR_EXPORT,repository
shared/ui-kit/src/components/DataTable/DataGrid.tsx,3,react,IMPORT_OR_EXPORT,repository
shared/ui-kit/src/components/DataTable/DataGrid.tsx,4,../_shared,IMPORT_OR_EXPORT,repository
shared/ui-kit/src/components/DataTable/DataGrid.tsx,5,../EmptyState,IMPORT_OR_EXPORT,repository
shared/ui-kit/src/components/DataTable/DataGrid.tsx,6,../Text,IMPORT_OR_EXPORT,repository
shared/ui-kit/src/components/DataTable/DataGrid.tsx,7,../Checkbox,IMPORT_OR_EXPORT,repository
shared/ui-kit/src/components/DataTable/DataGrid.tsx,8,../Button,IMPORT_OR_EXPORT,repository
shared/ui-kit/src/components/DataTable/DataTable.tsx,1,react,IMPORT_OR_EXPORT,repository
shared/ui-kit/src/components/DataTable/DataTable.tsx,2,../_shared,IMPORT_OR_EXPORT,repository
shared/ui-kit/src/components/DataTable/DataTable.tsx,3,../EmptyState,IMPORT_OR_EXPORT,repository
shared/ui-kit/src/components/DataTable/DataTable.tsx,4,../Text,IMPORT_OR_EXPORT,repository
shared/ui-kit/src/components/DataTable/DataTable.tsx,5,../Checkbox,IMPORT_OR_EXPORT,repository
shared/ui-kit/src/components/DataTable/DataTable.tsx,6,../Button,IMPORT_OR_EXPORT,repository
shared/ui-kit/src/components/DataTable/DataTable.tsx,7,../Icon,IMPORT_OR_EXPORT,repository
shared/ui-kit/src/components/DataTable/index.ts,1,./DataTable,IMPORT_OR_EXPORT,repository
shared/ui-kit/src/components/DataTable/index.ts,2,./DataGrid,IMPORT_OR_EXPORT,repository
shared/ui-kit/src/components/DataTable/index.ts,3,./useServerDataSource,IMPORT_OR_EXPORT,repository
shared/ui-kit/src/components/DataTable/useServerDataSource.ts,2,react,IMPORT_OR_EXPORT,repository
shared/ui-kit/src/components/DateTimeField/DateTimeField.tsx,1,react,IMPORT_OR_EXPORT,repository
shared/ui-kit/src/components/DateTimeField/DateTimeField.tsx,2,react-native,IMPORT_OR_EXPORT,repository
shared/ui-kit/src/components/DateTimeField/DateTimeField.tsx,3,../Text,IMPORT_OR_EXPORT,repository
shared/ui-kit/src/components/DateTimeField/DateTimeField.tsx,4,../Icon/Icon,IMPORT_OR_EXPORT,repository
shared/ui-kit/src/components/DateTimeField/DateTimeField.tsx,5,../Sheet,IMPORT_OR_EXPORT,repository
shared/ui-kit/src/components/DateTimeField/DateTimeField.tsx,6,../Button,IMPORT_OR_EXPORT,repository
shared/ui-kit/src/components/DateTimeField/DateTimeField.tsx,7,../Chip,IMPORT_OR_EXPORT,repository
shared/ui-kit/src/components/DateTimeField/DateTimeField.tsx,8,../../tokens/colors,IMPORT_OR_EXPORT,repository
shared/ui-kit/src/components/DateTimeField/DateTimeField.tsx,9,../../tokens/spacing,IMPORT_OR_EXPORT,repository
shared/ui-kit/src/components/DateTimeField/index.ts,1,./DateTimeField,IMPORT_OR_EXPORT,repository
shared/ui-kit/src/components/Dialog/Dialog.tsx,3,react,IMPORT_OR_EXPORT,repository
shared/ui-kit/src/components/Dialog/Dialog.tsx,4,tamagui,IMPORT_OR_EXPORT,repository
shared/ui-kit/src/components/Dialog/Dialog.tsx,5,../../internal/tamagui-compat,IMPORT_OR_EXPORT,repository
shared/ui-kit/src/components/Dialog/Dialog.tsx,6,../_shared,IMPORT_OR_EXPORT,repository
shared/ui-kit/src/components/Dialog/Dialog.tsx,7,../Button,IMPORT_OR_EXPORT,repository
shared/ui-kit/src/components/Dialog/Dialog.tsx,8,../Text,IMPORT_OR_EXPORT,repository
shared/ui-kit/src/components/Dialog/index.ts,1,./Dialog,IMPORT_OR_EXPORT,repository
shared/ui-kit/src/components/Divider/Divider.tsx,1,../../tokens/colors,IMPORT_OR_EXPORT,repository
shared/ui-kit/src/components/Divider/Divider.tsx,2,react,IMPORT_OR_EXPORT,repository
shared/ui-kit/src/components/Divider/Divider.tsx,3,react-native,IMPORT_OR_EXPORT,repository
shared/ui-kit/src/components/Divider/index.ts,1,./Divider,IMPORT_OR_EXPORT,repository
shared/ui-kit/src/components/EmptyState/EmptyState.tsx,1,../StateView,IMPORT_OR_EXPORT,repository
shared/ui-kit/src/components/EmptyState/index.ts,1,./EmptyState,IMPORT_OR_EXPORT,repository
shared/ui-kit/src/components/ErrorState/ErrorState.tsx,1,../StateView,IMPORT_OR_EXPORT,repository
shared/ui-kit/src/components/ErrorState/index.ts,1,./ErrorState,IMPORT_OR_EXPORT,repository
shared/ui-kit/src/components/FilterBar/FilterBar.tsx,3,react,IMPORT_OR_EXPORT,repository
shared/ui-kit/src/components/FilterBar/FilterBar.tsx,4,tamagui,IMPORT_OR_EXPORT,repository
shared/ui-kit/src/components/FilterBar/FilterBar.tsx,5,../../internal/tamagui-compat,IMPORT_OR_EXPORT,repository
shared/ui-kit/src/components/FilterBar/FilterBar.tsx,6,../_shared,IMPORT_OR_EXPORT,repository
shared/ui-kit/src/components/FilterBar/FilterBar.tsx,7,../Chip/Chip,IMPORT_OR_EXPORT,repository
shared/ui-kit/src/components/FilterBar/index.ts,1,./FilterBar,IMPORT_OR_EXPORT,repository
shared/ui-kit/src/components/FilterRail/FilterRail.tsx,1,react,IMPORT_OR_EXPORT,repository
shared/ui-kit/src/components/FilterRail/FilterRail.tsx,2,react-native,IMPORT_OR_EXPORT,repository
shared/ui-kit/src/components/FilterRail/FilterRail.tsx,3,../../tokens/colors,IMPORT_OR_EXPORT,repository
shared/ui-kit/src/components/FilterRail/FilterRail.tsx,4,../../tokens/spacing,IMPORT_OR_EXPORT,repository
shared/ui-kit/src/components/FilterRail/FilterRail.tsx,5,../Text/Text,IMPORT_OR_EXPORT,repository
shared/ui-kit/src/components/FilterRail/index.ts,1,./FilterRail,IMPORT_OR_EXPORT,repository
shared/ui-kit/src/components/Header/Header.tsx,1,react,IMPORT_OR_EXPORT,repository
shared/ui-kit/src/components/Header/Header.tsx,2,../_shared,IMPORT_OR_EXPORT,repository
shared/ui-kit/src/components/Header/Header.tsx,3,../Text,IMPORT_OR_EXPORT,repository
shared/ui-kit/src/components/Header/Header.tsx,4,../IconButton,IMPORT_OR_EXPORT,repository
shared/ui-kit/src/components/Header/Header.tsx,5,../Icon/Icon,IMPORT_OR_EXPORT,repository
shared/ui-kit/src/components/Header/Header.tsx,6,../../tokens/colors,IMPORT_OR_EXPORT,repository
shared/ui-kit/src/components/Header/TopBar.tsx,1,../../tokens/colors,IMPORT_OR_EXPORT,repository
shared/ui-kit/src/components/Header/TopBar.tsx,2,react,IMPORT_OR_EXPORT,repository
shared/ui-kit/src/components/Header/TopBar.tsx,3,react-native,IMPORT_OR_EXPORT,repository
shared/ui-kit/src/components/Header/TopBar.tsx,4,../Text,IMPORT_OR_EXPORT,repository
shared/ui-kit/src/components/Header/TopBar.tsx,5,../../tokens/spacing,IMPORT_OR_EXPORT,repository
shared/ui-kit/src/components/Header/index.ts,1,./Header,IMPORT_OR_EXPORT,repository
shared/ui-kit/src/components/Header/index.ts,2,./TopBar,IMPORT_OR_EXPORT,repository
shared/ui-kit/src/components/Icon/Icon.tsx,2,react,IMPORT_OR_EXPORT,repository
shared/ui-kit/src/components/Icon/Icon.tsx,5,@expo/vector-icons/Ionicons,IMPORT_OR_EXPORT,repository
shared/ui-kit/src/components/Icon/Icon.tsx,6,../../tokens,IMPORT_OR_EXPORT,repository
shared/ui-kit/src/components/Icon/index.ts,1,./Icon,IMPORT_OR_EXPORT,repository
shared/ui-kit/src/components/IconButton/IconButton.tsx,1,react,IMPORT_OR_EXPORT,repository
shared/ui-kit/src/components/IconButton/IconButton.tsx,2,../Button,IMPORT_OR_EXPORT,repository
shared/ui-kit/src/components/IconButton/index.ts,1,./IconButton,IMPORT_OR_EXPORT,repository
shared/ui-kit/src/components/InlineNotice/InlineNotice.tsx,1,react,IMPORT_OR_EXPORT,repository
shared/ui-kit/src/components/InlineNotice/InlineNotice.tsx,2,react-native,IMPORT_OR_EXPORT,repository
shared/ui-kit/src/components/InlineNotice/InlineNotice.tsx,3,../Text,IMPORT_OR_EXPORT,repository
shared/ui-kit/src/components/InlineNotice/InlineNotice.tsx,4,../Icon/Icon,IMPORT_OR_EXPORT,repository
shared/ui-kit/src/components/InlineNotice/InlineNotice.tsx,5,../../tokens/colors,IMPORT_OR_EXPORT,repository
shared/ui-kit/src/components/InlineNotice/InlineNotice.tsx,6,../../tokens/spacing,IMPORT_OR_EXPORT,repository
shared/ui-kit/src/components/InlineNotice/index.ts,1,./InlineNotice,IMPORT_OR_EXPORT,repository
shared/ui-kit/src/components/ListItem/KeyValueList.tsx,1,../../tokens/colors,IMPORT_OR_EXPORT,repository
shared/ui-kit/src/components/ListItem/KeyValueList.tsx,2,react,IMPORT_OR_EXPORT,repository
shared/ui-kit/src/components/ListItem/KeyValueList.tsx,3,react-native,IMPORT_OR_EXPORT,repository
shared/ui-kit/src/components/ListItem/KeyValueList.tsx,4,../Text,IMPORT_OR_EXPORT,repository
shared/ui-kit/src/components/ListItem/KeyValueList.tsx,5,../../tokens/spacing,IMPORT_OR_EXPORT,repository
shared/ui-kit/src/components/ListItem/ListItem.tsx,1,react,IMPORT_OR_EXPORT,repository
shared/ui-kit/src/components/ListItem/ListItem.tsx,2,../_shared,IMPORT_OR_EXPORT,repository
shared/ui-kit/src/components/ListItem/ListItem.tsx,3,../Text,IMPORT_OR_EXPORT,repository
shared/ui-kit/src/components/ListItem/index.ts,1,./ListItem,IMPORT_OR_EXPORT,repository
shared/ui-kit/src/components/ListItem/index.ts,2,./KeyValueList,IMPORT_OR_EXPORT,repository
shared/ui-kit/src/components/LoadingState/LoadingState.tsx,1,../StateView,IMPORT_OR_EXPORT,repository
shared/ui-kit/src/components/LoadingState/index.ts,1,./LoadingState,IMPORT_OR_EXPORT,repository
shared/ui-kit/src/components/OfflineState/OfflineState.tsx,1,../StateView,IMPORT_OR_EXPORT,repository
shared/ui-kit/src/components/OfflineState/index.ts,1,./OfflineState,IMPORT_OR_EXPORT,repository
shared/ui-kit/src/components/PermissionState/PermissionState.tsx,1,../StateView,IMPORT_OR_EXPORT,repository
shared/ui-kit/src/components/PermissionState/index.ts,1,./PermissionState,IMPORT_OR_EXPORT,repository
shared/ui-kit/src/components/Screen/MobileScrollView.tsx,1,react,IMPORT_OR_EXPORT,repository
shared/ui-kit/src/components/Screen/MobileScrollView.tsx,2,react-native,IMPORT_OR_EXPORT,repository
shared/ui-kit/src/components/Screen/MobileScrollView.tsx,3,../../tokens/spacing,IMPORT_OR_EXPORT,repository
shared/ui-kit/src/components/Screen/Screen.tsx,1,react,IMPORT_OR_EXPORT,repository
shared/ui-kit/src/components/Screen/Screen.tsx,2,../_shared,IMPORT_OR_EXPORT,repository
shared/ui-kit/src/components/Screen/ScrollScreen.tsx,3,react,IMPORT_OR_EXPORT,repository
shared/ui-kit/src/components/Screen/ScrollScreen.tsx,4,react-native,IMPORT_OR_EXPORT,repository
shared/ui-kit/src/components/Screen/ScrollScreen.tsx,5,tamagui,IMPORT_OR_EXPORT,repository
shared/ui-kit/src/components/Screen/ScrollScreen.tsx,6,../../internal/tamagui-compat,IMPORT_OR_EXPORT,repository
shared/ui-kit/src/components/Screen/ScrollScreen.tsx,7,../../tokens,IMPORT_OR_EXPORT,repository
shared/ui-kit/src/components/Screen/index.ts,1,./Screen,IMPORT_OR_EXPORT,repository
shared/ui-kit/src/components/Screen/index.ts,2,./ScrollScreen,IMPORT_OR_EXPORT,repository
shared/ui-kit/src/components/Screen/index.ts,3,./MobileScrollView,IMPORT_OR_EXPORT,repository
shared/ui-kit/src/components/SearchField/SearchField.tsx,1,react,IMPORT_OR_EXPORT,repository
shared/ui-kit/src/components/SearchField/SearchField.tsx,2,react-native,IMPORT_OR_EXPORT,repository
shared/ui-kit/src/components/SearchField/SearchField.tsx,3,../../tokens/colors,IMPORT_OR_EXPORT,repository
shared/ui-kit/src/components/SearchField/SearchField.tsx,4,../../tokens/spacing,IMPORT_OR_EXPORT,repository
shared/ui-kit/src/components/SearchField/index.ts,1,./SearchField,IMPORT_OR_EXPORT,repository
shared/ui-kit/src/components/SectionHeader/SectionHeader.tsx,1,react,IMPORT_OR_EXPORT,repository
shared/ui-kit/src/components/SectionHeader/SectionHeader.tsx,2,react-native,IMPORT_OR_EXPORT,repository
shared/ui-kit/src/components/SectionHeader/SectionHeader.tsx,3,../Text/Text,IMPORT_OR_EXPORT,repository
shared/ui-kit/src/components/SectionHeader/index.ts,1,./SectionHeader,IMPORT_OR_EXPORT,repository
shared/ui-kit/src/components/SegmentedControl/SegmentedControl.tsx,1,react,IMPORT_OR_EXPORT,repository
shared/ui-kit/src/components/SegmentedControl/SegmentedControl.tsx,2,react-native,IMPORT_OR_EXPORT,repository
shared/ui-kit/src/components/SegmentedControl/SegmentedControl.tsx,3,../../tokens/colors,IMPORT_OR_EXPORT,repository
shared/ui-kit/src/components/SegmentedControl/SegmentedControl.tsx,4,../../tokens/spacing,IMPORT_OR_EXPORT,repository
shared/ui-kit/src/components/SegmentedControl/SegmentedControl.tsx,5,../Text/Text,IMPORT_OR_EXPORT,repository
shared/ui-kit/src/components/SegmentedControl/index.ts,1,./SegmentedControl,IMPORT_OR_EXPORT,repository
shared/ui-kit/src/components/Sheet/Sheet.tsx,3,react,IMPORT_OR_EXPORT,repository
shared/ui-kit/src/components/Sheet/Sheet.tsx,4,tamagui,IMPORT_OR_EXPORT,repository
shared/ui-kit/src/components/Sheet/Sheet.tsx,5,../../internal/tamagui-compat,IMPORT_OR_EXPORT,repository
shared/ui-kit/src/components/Sheet/Sheet.tsx,6,../_shared,IMPORT_OR_EXPORT,repository
shared/ui-kit/src/components/Sheet/Sheet.tsx,7,../Text,IMPORT_OR_EXPORT,repository
shared/ui-kit/src/components/Sheet/index.ts,1,./Sheet,IMPORT_OR_EXPORT,repository
shared/ui-kit/src/components/StateView/StateView.tsx,3,react,IMPORT_OR_EXPORT,repository
shared/ui-kit/src/components/StateView/StateView.tsx,4,tamagui,IMPORT_OR_EXPORT,repository
shared/ui-kit/src/components/StateView/StateView.tsx,5,../_shared,IMPORT_OR_EXPORT,repository
shared/ui-kit/src/components/StateView/StateView.tsx,6,../Button,IMPORT_OR_EXPORT,repository
shared/ui-kit/src/components/StateView/StateView.tsx,7,../Surface,IMPORT_OR_EXPORT,repository
shared/ui-kit/src/components/StateView/StateView.tsx,8,../Text,IMPORT_OR_EXPORT,repository
shared/ui-kit/src/components/StateView/index.ts,1,./StateView,IMPORT_OR_EXPORT,repository
shared/ui-kit/src/components/Surface/Surface.tsx,1,react,IMPORT_OR_EXPORT,repository
shared/ui-kit/src/components/Surface/Surface.tsx,2,react-native,IMPORT_OR_EXPORT,repository
shared/ui-kit/src/components/Surface/Surface.tsx,3,../../tokens/colors,IMPORT_OR_EXPORT,repository
shared/ui-kit/src/components/Surface/Surface.tsx,4,../../tokens/radius,IMPORT_OR_EXPORT,repository
shared/ui-kit/src/components/Surface/index.ts,1,./Surface,IMPORT_OR_EXPORT,repository
shared/ui-kit/src/components/TabBar/TabBar.tsx,1,react,IMPORT_OR_EXPORT,repository
shared/ui-kit/src/components/TabBar/TabBar.tsx,2,react-native,IMPORT_OR_EXPORT,repository
shared/ui-kit/src/components/TabBar/TabBar.tsx,3,../Text,IMPORT_OR_EXPORT,repository
shared/ui-kit/src/components/TabBar/TabBar.tsx,4,../Icon/Icon,IMPORT_OR_EXPORT,repository
shared/ui-kit/src/components/TabBar/TabBar.tsx,5,../../tokens/colors,IMPORT_OR_EXPORT,repository
shared/ui-kit/src/components/TabBar/TabBar.tsx,6,../../tokens/spacing,IMPORT_OR_EXPORT,repository
shared/ui-kit/src/components/TabBar/index.ts,1,./TabBar,IMPORT_OR_EXPORT,repository
shared/ui-kit/src/components/Tabs/Tabs.tsx,1,../_shared,IMPORT_OR_EXPORT,repository
shared/ui-kit/src/components/Tabs/Tabs.tsx,2,../Button,IMPORT_OR_EXPORT,repository
shared/ui-kit/src/components/Tabs/index.ts,1,./Tabs,IMPORT_OR_EXPORT,repository
shared/ui-kit/src/components/Text/Text.tsx,1,react,IMPORT_OR_EXPORT,repository
shared/ui-kit/src/components/Text/Text.tsx,2,../_shared,IMPORT_OR_EXPORT,repository
shared/ui-kit/src/components/Text/index.ts,1,./Text,IMPORT_OR_EXPORT,repository
shared/ui-kit/src/components/TextField/TextField.tsx,1,react,IMPORT_OR_EXPORT,repository
shared/ui-kit/src/components/TextField/TextField.tsx,2,../_shared,IMPORT_OR_EXPORT,repository
shared/ui-kit/src/components/TextField/TextField.tsx,3,../Text,IMPORT_OR_EXPORT,repository
shared/ui-kit/src/components/TextField/index.ts,1,./TextField,IMPORT_OR_EXPORT,repository
shared/ui-kit/src/components/Toolbar/Toolbar.tsx,1,react,IMPORT_OR_EXPORT,repository
shared/ui-kit/src/components/Toolbar/Toolbar.tsx,2,../_shared,IMPORT_OR_EXPORT,repository
shared/ui-kit/src/components/Toolbar/index.ts,1,./Toolbar,IMPORT_OR_EXPORT,repository
shared/ui-kit/src/components/_shared.tsx,3,tamagui,IMPORT_OR_EXPORT,repository
shared/ui-kit/src/components/_shared.tsx,4,../internal/tamagui-compat,IMPORT_OR_EXPORT,repository
shared/ui-kit/src/components/_shared.tsx,5,../tokens,IMPORT_OR_EXPORT,repository
shared/ui-kit/src/components/index.ts,1,./Text,IMPORT_OR_EXPORT,repository
shared/ui-kit/src/components/index.ts,2,./Surface,IMPORT_OR_EXPORT,repository
shared/ui-kit/src/components/index.ts,3,./Card,IMPORT_OR_EXPORT,repository
shared/ui-kit/src/components/index.ts,4,./Button,IMPORT_OR_EXPORT,repository
shared/ui-kit/src/components/index.ts,5,./IconButton,IMPORT_OR_EXPORT,repository
shared/ui-kit/src/components/index.ts,6,./Badge,IMPORT_OR_EXPORT,repository
shared/ui-kit/src/components/index.ts,7,./Chip,IMPORT_OR_EXPORT,repository
shared/ui-kit/src/components/index.ts,8,./TextField,IMPORT_OR_EXPORT,repository
shared/ui-kit/src/components/index.ts,9,./ListItem,IMPORT_OR_EXPORT,repository
shared/ui-kit/src/components/index.ts,10,./StateView,IMPORT_OR_EXPORT,repository
shared/ui-kit/src/components/index.ts,11,./LoadingState,IMPORT_OR_EXPORT,repository
shared/ui-kit/src/components/index.ts,12,./EmptyState,IMPORT_OR_EXPORT,repository
shared/ui-kit/src/components/index.ts,13,./ErrorState,IMPORT_OR_EXPORT,repository
shared/ui-kit/src/components/index.ts,14,./Screen,IMPORT_OR_EXPORT,repository
shared/ui-kit/src/components/index.ts,15,./Header,IMPORT_OR_EXPORT,repository
shared/ui-kit/src/components/index.ts,16,./Toolbar,IMPORT_OR_EXPORT,repository
shared/ui-kit/src/components/index.ts,17,./ActionBar,IMPORT_OR_EXPORT,repository
shared/ui-kit/src/components/index.ts,18,./FilterBar,IMPORT_OR_EXPORT,repository
shared/ui-kit/src/components/index.ts,19,./Tabs,IMPORT_OR_EXPORT,repository
shared/ui-kit/src/components/index.ts,20,./Dialog,IMPORT_OR_EXPORT,repository
shared/ui-kit/src/components/index.ts,21,./Sheet,IMPORT_OR_EXPORT,repository
shared/ui-kit/src/components/index.ts,22,./DataTable,IMPORT_OR_EXPORT,repository
shared/ui-kit/src/components/index.ts,23,./PermissionState,IMPORT_OR_EXPORT,repository
shared/ui-kit/src/components/index.ts,24,./OfflineState,IMPORT_OR_EXPORT,repository
shared/ui-kit/src/components/index.ts,25,./Icon/Icon,IMPORT_OR_EXPORT,repository
shared/ui-kit/src/components/index.ts,26,./Box,IMPORT_OR_EXPORT,repository
shared/ui-kit/src/components/index.ts,27,./Divider,IMPORT_OR_EXPORT,repository
shared/ui-kit/src/components/index.ts,28,./SectionHeader,IMPORT_OR_EXPORT,repository
shared/ui-kit/src/components/index.ts,29,./SearchField,IMPORT_OR_EXPORT,repository
shared/ui-kit/src/components/index.ts,30,./SegmentedControl,IMPORT_OR_EXPORT,repository
shared/ui-kit/src/components/index.ts,31,./FilterRail,IMPORT_OR_EXPORT,repository
shared/ui-kit/src/components/index.ts,32,./TabBar,IMPORT_OR_EXPORT,repository
shared/ui-kit/src/components/index.ts,33,./DateTimeField,IMPORT_OR_EXPORT,repository
shared/ui-kit/src/components/index.ts,34,./InlineNotice,IMPORT_OR_EXPORT,repository
shared/ui-kit/src/components/index.ts,36,./Checkbox,IMPORT_OR_EXPORT,repository
shared/ui-kit/src/foundation.ts,1,./locales,IMPORT_OR_EXPORT,repository
shared/ui-kit/src/foundation.ts,2,./tokens/colors,IMPORT_OR_EXPORT,repository
shared/ui-kit/src/index.ts,1,./tokens,IMPORT_OR_EXPORT,repository
shared/ui-kit/src/index.ts,2,./theme,IMPORT_OR_EXPORT,repository
shared/ui-kit/src/index.ts,3,./components,IMPORT_OR_EXPORT,repository
shared/ui-kit/src/index.ts,4,./primitives,IMPORT_OR_EXPORT,repository
shared/ui-kit/src/index.ts,5,./patterns,IMPORT_OR_EXPORT,repository
shared/ui-kit/src/index.ts,6,./format,IMPORT_OR_EXPORT,repository
shared/ui-kit/src/index.ts,7,./provider,IMPORT_OR_EXPORT,repository
shared/ui-kit/src/index.ts,28,./appearance,IMPORT_OR_EXPORT,repository
shared/ui-kit/src/index.ts,60,./locales,IMPORT_OR_EXPORT,repository
shared/ui-kit/src/index.ts,62,react-native,IMPORT_OR_EXPORT,repository
shared/ui-kit/src/index.ts,63,tamagui,IMPORT_OR_EXPORT,repository
shared/ui-kit/src/index.ts,71,./tokens/direction,IMPORT_OR_EXPORT,repository
shared/ui-kit/src/internal/tamagui-compat.ts,1,react,IMPORT_OR_EXPORT,repository
shared/ui-kit/src/internal/tamagui-compat.ts,2,tamagui,IMPORT_OR_EXPORT,repository
shared/ui-kit/src/mobile.tsx,1,./provider,IMPORT_OR_EXPORT,repository
shared/ui-kit/src/mobile.tsx,2,./provider,IMPORT_OR_EXPORT,repository
shared/ui-kit/src/next.ts,1,./provider,IMPORT_OR_EXPORT,repository
shared/ui-kit/src/next.ts,2,./provider,IMPORT_OR_EXPORT,repository
shared/ui-kit/src/patterns/index.ts,1,../components/ActionBar,IMPORT_OR_EXPORT,repository
shared/ui-kit/src/patterns/index.ts,2,../components/Dialog,IMPORT_OR_EXPORT,repository
shared/ui-kit/src/patterns/index.ts,3,../components/FilterBar,IMPORT_OR_EXPORT,repository
shared/ui-kit/src/patterns/index.ts,4,../components/Header,IMPORT_OR_EXPORT,repository
shared/ui-kit/src/patterns/index.ts,5,../components/LoadingState,IMPORT_OR_EXPORT,repository
shared/ui-kit/src/patterns/index.ts,6,../components/EmptyState,IMPORT_OR_EXPORT,repository
shared/ui-kit/src/patterns/index.ts,7,../components/ErrorState,IMPORT_OR_EXPORT,repository
shared/ui-kit/src/patterns/index.ts,8,../components/OfflineState,IMPORT_OR_EXPORT,repository
shared/ui-kit/src/patterns/index.ts,9,../components/PermissionState,IMPORT_OR_EXPORT,repository
shared/ui-kit/src/patterns/index.ts,10,../components/Screen,IMPORT_OR_EXPORT,repository
shared/ui-kit/src/patterns/index.ts,11,../components/Sheet,IMPORT_OR_EXPORT,repository
shared/ui-kit/src/patterns/index.ts,12,../components/StateView,IMPORT_OR_EXPORT,repository
shared/ui-kit/src/patterns/index.ts,13,../components/Tabs,IMPORT_OR_EXPORT,repository
shared/ui-kit/src/patterns/index.ts,14,../components/Toolbar,IMPORT_OR_EXPORT,repository
shared/ui-kit/src/patterns/index.ts,15,../components/DataTable,IMPORT_OR_EXPORT,repository
shared/ui-kit/src/platform/mobile/index.ts,1,../../provider,IMPORT_OR_EXPORT,repository
shared/ui-kit/src/platform/web/StyleSheet.ts,1,react,IMPORT_OR_EXPORT,repository
shared/ui-kit/src/platform/web/View.tsx,1,react,IMPORT_OR_EXPORT,repository
shared/ui-kit/src/platform/web/index.ts,1,./View,IMPORT_OR_EXPORT,repository
shared/ui-kit/src/platform/web/index.ts,2,./View,IMPORT_OR_EXPORT,repository
shared/ui-kit/src/platform/web/index.ts,4,./StyleSheet,IMPORT_OR_EXPORT,repository
shared/ui-kit/src/primitives/index.ts,1,../components/Text,IMPORT_OR_EXPORT,repository
shared/ui-kit/src/primitives/index.ts,2,../components/Surface,IMPORT_OR_EXPORT,repository
shared/ui-kit/src/primitives/index.ts,3,../components/Button,IMPORT_OR_EXPORT,repository
shared/ui-kit/src/primitives/index.ts,4,../components/IconButton,IMPORT_OR_EXPORT,repository
shared/ui-kit/src/primitives/index.ts,5,../components/Badge,IMPORT_OR_EXPORT,repository
shared/ui-kit/src/primitives/index.ts,6,../components/Chip,IMPORT_OR_EXPORT,repository
shared/ui-kit/src/primitives/index.ts,7,../components/TextField,IMPORT_OR_EXPORT,repository
shared/ui-kit/src/primitives/index.ts,8,../components/ListItem,IMPORT_OR_EXPORT,repository
shared/ui-kit/src/primitives/index.ts,9,../components/Card,IMPORT_OR_EXPORT,repository
shared/ui-kit/src/primitives/index.ts,10,../components/Box,IMPORT_OR_EXPORT,repository
shared/ui-kit/src/primitives/index.ts,11,../components/Screen/MobileScrollView,IMPORT_OR_EXPORT,repository
shared/ui-kit/src/primitives/index.ts,12,../components/Header/TopBar,IMPORT_OR_EXPORT,repository
shared/ui-kit/src/primitives/index.ts,13,../components/Divider,IMPORT_OR_EXPORT,repository
shared/ui-kit/src/primitives/index.ts,14,../components/Button/MobileStickyPrimaryAction,IMPORT_OR_EXPORT,repository
shared/ui-kit/src/primitives/index.ts,15,../components/ListItem/KeyValueList,IMPORT_OR_EXPORT,repository
shared/ui-kit/src/provider.ts,3,react,IMPORT_OR_EXPORT,repository
shared/ui-kit/src/provider.ts,4,tamagui,IMPORT_OR_EXPORT,repository
shared/ui-kit/src/provider.ts,5,./tamagui-config,IMPORT_OR_EXPORT,repository
shared/ui-kit/src/providers.tsx,13,react-native,IMPORT_OR_EXPORT,repository
shared/ui-kit/src/providers.tsx,14,tamagui,IMPORT_OR_EXPORT,repository
shared/ui-kit/src/providers.tsx,15,./tamagui-config,IMPORT_OR_EXPORT,repository
shared/ui-kit/src/providers.tsx,133,react-dom,IMPORT_OR_EXPORT,repository
shared/ui-kit/src/providers.tsx,414,./foundation,IMPORT_OR_EXPORT,repository
shared/ui-kit/src/providers.tsx,415,./appearance,IMPORT_OR_EXPORT,repository
shared/ui-kit/src/tamagui-config.ts,1,@tamagui/config/v5,IMPORT_OR_EXPORT,repository
shared/ui-kit/src/tamagui-config.ts,2,tamagui,IMPORT_OR_EXPORT,repository
shared/ui-kit/src/tokens/elevation.ts,1,./colors,IMPORT_OR_EXPORT,repository
shared/ui-kit/src/tokens/index.ts,1,./colors,IMPORT_OR_EXPORT,repository
shared/ui-kit/src/tokens/index.ts,2,./spacing,IMPORT_OR_EXPORT,repository
shared/ui-kit/src/tokens/index.ts,3,./radius,IMPORT_OR_EXPORT,repository
shared/ui-kit/src/tokens/index.ts,4,./elevation,IMPORT_OR_EXPORT,repository
shared/ui-kit/src/tokens/index.ts,5,./motion,IMPORT_OR_EXPORT,repository
shared/ui-kit/src/tokens/index.ts,6,./sizing,IMPORT_OR_EXPORT,repository
shared/ui-kit/src/tokens/index.ts,7,./breakpoints,IMPORT_OR_EXPORT,repository
shared/ui-kit/src/tokens/index.ts,8,./typography,IMPORT_OR_EXPORT,repository
shared/ui-kit/src/tokens/index.ts,9,./borders,IMPORT_OR_EXPORT,repository
shared/ui-kit/src/tokens/index.ts,10,./opacity,IMPORT_OR_EXPORT,repository
shared/ui-kit/src/tokens/index.ts,11,./z-index,IMPORT_OR_EXPORT,repository
shared/ui-kit/src/tokens/index.ts,12,./direction,IMPORT_OR_EXPORT,repository
shared/ui-kit/src/web.ts,1,./platform/web/StyleSheet,IMPORT_OR_EXPORT,repository
shared/ui-kit/src/web.ts,2,./platform/web/View,IMPORT_OR_EXPORT,repository
shared/ui-kit/src/web.ts,3,./platform/web/View,IMPORT_OR_EXPORT,repository
shared/ui-kit/src/web/command-center.tsx,2,react,IMPORT_OR_EXPORT,repository
shared/ui-kit/src/web/command-center.tsx,3,../providers,IMPORT_OR_EXPORT,repository
shared/ui-kit/src/web/control-panel-queue.tsx,1,react,IMPORT_OR_EXPORT,repository
shared/ui-kit/src/web/control-panel.tsx,2,react,IMPORT_OR_EXPORT,repository
shared/ui-kit/src/web/control-panel.tsx,3,../primitives,IMPORT_OR_EXPORT,repository
shared/ui-kit/src/web/control-panel.tsx,4,../providers,IMPORT_OR_EXPORT,repository
shared/ui-kit/src/web/control-panel.tsx,5,../components/Icon/Icon,IMPORT_OR_EXPORT,repository
shared/ui-kit/src/web/control-panel.tsx,7,../components/Button,IMPORT_OR_EXPORT,repository
shared/ui-kit/src/web/control-panel.tsx,8,../foundation,IMPORT_OR_EXPORT,repository
shared/ui-kit/src/web/control-surface.tsx,1,react,IMPORT_OR_EXPORT,repository
shared/ui-kit/src/web/control-surface.tsx,2,../providers,IMPORT_OR_EXPORT,repository
shared/ui-kit/src/web/index.ts,2,./page-frame,IMPORT_OR_EXPORT,repository
shared/ui-kit/src/web/index.ts,3,./page-frame,IMPORT_OR_EXPORT,repository
shared/ui-kit/src/web/index.ts,4,./root-layout,IMPORT_OR_EXPORT,repository
shared/ui-kit/src/web/index.ts,5,./root-layout,IMPORT_OR_EXPORT,repository
shared/ui-kit/src/web/index.ts,8,./control-surface,IMPORT_OR_EXPORT,repository
shared/ui-kit/src/web/index.ts,9,./control-surface,IMPORT_OR_EXPORT,repository
shared/ui-kit/src/web/index.ts,13,./command-center,IMPORT_OR_EXPORT,repository
shared/ui-kit/src/web/index.ts,14,./command-center,IMPORT_OR_EXPORT,repository
shared/ui-kit/src/web/index.ts,15,./control-panel-queue,IMPORT_OR_EXPORT,repository
shared/ui-kit/src/web/index.ts,16,./control-panel-queue,IMPORT_OR_EXPORT,repository
shared/ui-kit/src/web/page-frame.tsx,1,react,IMPORT_OR_EXPORT,repository
shared/ui-kit/src/web/page-frame.tsx,2,../providers,IMPORT_OR_EXPORT,repository
shared/ui-kit/src/web/root-layout.tsx,3,react,IMPORT_OR_EXPORT,repository
shared/ui-kit/src/web/root-layout.tsx,4,../providers,IMPORT_OR_EXPORT,repository
shared/ui-kit/src/web/root-layout.tsx,5,../foundation,IMPORT_OR_EXPORT,repository
tools/contracts/normalize-openapi-metadata.mjs,1,node:fs,IMPORT_OR_EXPORT,tools
tools/contracts/normalize-openapi-metadata.mjs,2,node:path,IMPORT_OR_EXPORT,tools
tools/contracts/normalize-openapi-metadata.mjs,3,node:url,IMPORT_OR_EXPORT,tools
tools/dev/local-actors.mjs,4,node:fs,IMPORT_OR_EXPORT,tools
tools/dev/local-actors.mjs,5,node:path,IMPORT_OR_EXPORT,tools
tools/dev/local-actors.mjs,6,node:url,IMPORT_OR_EXPORT,tools
tools/dev/local-workforce-provisioning.mjs,14,node:crypto,IMPORT_OR_EXPORT,tools
tools/dev/local-workforce-provisioning.mjs,15,node:fs,IMPORT_OR_EXPORT,tools
tools/dev/local-workforce-provisioning.mjs,16,node:path,IMPORT_OR_EXPORT,tools
tools/dev/local-workforce-provisioning.mjs,17,node:url,IMPORT_OR_EXPORT,tools
tools/dev/local-workforce-provisioning.mjs,19,./local-actors.mjs,IMPORT_OR_EXPORT,tools
tools/diagnose-implementing/new-package.mjs,3,node:fs/promises,IMPORT_OR_EXPORT,tools
tools/diagnose-implementing/new-package.mjs,4,node:fs,IMPORT_OR_EXPORT,tools
tools/diagnose-implementing/new-package.mjs,5,node:path,IMPORT_OR_EXPORT,tools
tools/diagnose-implementing/new-package.mjs,6,node:url,IMPORT_OR_EXPORT,tools
tools/diagnose-implementing/validate-package.mjs,3,node:fs/promises,IMPORT_OR_EXPORT,tools
tools/diagnose-implementing/validate-package.mjs,4,node:path,IMPORT_OR_EXPORT,tools
tools/diagnose-implementing/validate-package.mjs,5,node:url,IMPORT_OR_EXPORT,tools
tools/guards/_guard-utils.mjs,1,node:fs,IMPORT_OR_EXPORT,tools
tools/guards/_guard-utils.mjs,2,node:path,IMPORT_OR_EXPORT,tools
tools/guards/_guard-utils.mjs,3,node:child_process,IMPORT_OR_EXPORT,tools
tools/guards/_guard-utils.mjs,4,node:url,IMPORT_OR_EXPORT,tools
tools/guards/_openapi-utils.mjs,1,node:fs,IMPORT_OR_EXPORT,tools
tools/guards/_openapi-utils.mjs,2,node:path,IMPORT_OR_EXPORT,tools
tools/guards/_openapi-utils.mjs,3,./_guard-utils.mjs,IMPORT_OR_EXPORT,tools
tools/guards/_openapi-utils.test.mjs,1,node:assert,IMPORT_OR_EXPORT,tools
tools/guards/_openapi-utils.test.mjs,2,./_openapi-utils.mjs,IMPORT_OR_EXPORT,tools
tools/guards/_typescript-readiness-config-gate.mjs,3,node:fs,IMPORT_OR_EXPORT,tools
tools/guards/_typescript-readiness-config-gate.mjs,4,node:path,IMPORT_OR_EXPORT,tools
tools/guards/_typescript-readiness-config-gate.mjs,5,node:child_process,IMPORT_OR_EXPORT,tools
tools/guards/_typescript-readiness-config-gate.mjs,6,./_guard-utils.mjs,IMPORT_OR_EXPORT,tools
tools/guards/_workflow-registry.mjs,1,node:fs,IMPORT_OR_EXPORT,tools
tools/guards/_workflow-registry.mjs,2,node:path,IMPORT_OR_EXPORT,tools
tools/guards/a11y-gate.mjs,19,node:path,IMPORT_OR_EXPORT,tools
tools/guards/a11y-gate.mjs,20,./_guard-utils.mjs,IMPORT_OR_EXPORT,tools
tools/guards/a11y-runtime-gate.mjs,1,@axe-core/playwright,IMPORT_OR_EXPORT,tools
tools/guards/a11y-runtime-gate.mjs,2,@playwright/test,IMPORT_OR_EXPORT,tools
tools/guards/agent-governance-gate.mjs,1,node:fs,IMPORT_OR_EXPORT,tools
tools/guards/agent-governance-gate.mjs,2,node:path,IMPORT_OR_EXPORT,tools
tools/guards/agent-governance-gate.mjs,3,./_guard-utils.mjs,IMPORT_OR_EXPORT,tools
tools/guards/api-binding-gate.mjs,16,node:fs,IMPORT_OR_EXPORT,tools
tools/guards/api-binding-gate.mjs,17,node:path,IMPORT_OR_EXPORT,tools
tools/guards/api-binding-gate.mjs,18,typescript,IMPORT_OR_EXPORT,tools
tools/guards/api-binding-gate.mjs,19,./_guard-utils.mjs,IMPORT_OR_EXPORT,tools
tools/guards/api-binding-gate.mjs,20,./_openapi-utils.mjs,IMPORT_OR_EXPORT,tools
tools/guards/ast-grep-rules-gate.mjs,14,node:child_process,IMPORT_OR_EXPORT,tools
tools/guards/ast-grep-rules-gate.mjs,15,node:fs,IMPORT_OR_EXPORT,tools
tools/guards/ast-grep-rules-gate.mjs,16,node:path,IMPORT_OR_EXPORT,tools
tools/guards/ast-grep-rules-gate.mjs,17,node:url,IMPORT_OR_EXPORT,tools
tools/guards/authority-separation-gate.mjs,1,node:fs,IMPORT_OR_EXPORT,tools
tools/guards/authority-separation-gate.mjs,2,node:path,IMPORT_OR_EXPORT,tools
tools/guards/authority-separation-gate.mjs,3,./_guard-utils.mjs,IMPORT_OR_EXPORT,tools
tools/guards/backend-api-binding-gate.mjs,1,node:fs,IMPORT_OR_EXPORT,tools
tools/guards/backend-api-binding-gate.mjs,2,node:path,IMPORT_OR_EXPORT,tools
tools/guards/backend-api-binding-gate.mjs,3,./_guard-utils.mjs,IMPORT_OR_EXPORT,tools
tools/guards/backend-api-binding-gate.mjs,4,./_openapi-utils.mjs,IMPORT_OR_EXPORT,tools
tools/guards/brand-identity-report.mjs,17,node:fs,IMPORT_OR_EXPORT,tools
tools/guards/brand-identity-report.mjs,18,node:path,IMPORT_OR_EXPORT,tools
tools/guards/brand-identity-report.mjs,19,node:url,IMPORT_OR_EXPORT,tools
tools/guards/brand-identity-report.mjs,20,./_guard-utils.mjs,IMPORT_OR_EXPORT,tools
tools/guards/bundle-budget-gate.mjs,1,node:fs,IMPORT_OR_EXPORT,tools
tools/guards/bundle-budget-gate.mjs,2,node:path,IMPORT_OR_EXPORT,tools
tools/guards/bundle-budget-gate.mjs,3,./_guard-utils.mjs,IMPORT_OR_EXPORT,tools
tools/guards/canonical-paths-gate.mjs,5,node:fs,IMPORT_OR_EXPORT,tools
tools/guards/canonical-paths-gate.mjs,6,node:path,IMPORT_OR_EXPORT,tools
tools/guards/canonical-paths-gate.mjs,7,./_guard-utils.mjs,IMPORT_OR_EXPORT,tools
tools/guards/captain/captain-surface-truth-gate.mjs,1,../_guard-utils.mjs,IMPORT_OR_EXPORT,tools
tools/guards/cleanup-policy-gate.mjs,1,node:fs,IMPORT_OR_EXPORT,tools
tools/guards/cleanup-policy-gate.mjs,2,node:path,IMPORT_OR_EXPORT,tools
tools/guards/client-commerce/client-address-retry-truth-gate.mjs,1,../_guard-utils.mjs,IMPORT_OR_EXPORT,tools
tools/guards/contract-registry-drift-gate.mjs,10,node:fs,IMPORT_OR_EXPORT,tools
tools/guards/contract-registry-drift-gate.mjs,11,node:os,IMPORT_OR_EXPORT,tools
tools/guards/contract-registry-drift-gate.mjs,12,node:path,IMPORT_OR_EXPORT,tools
tools/guards/contract-registry-drift-gate.mjs,13,node:child_process,IMPORT_OR_EXPORT,tools
tools/guards/contract-registry-drift-gate.mjs,14,./_guard-utils.mjs,IMPORT_OR_EXPORT,tools
tools/guards/contract-scope-binding-gate.mjs,6,node:fs,IMPORT_OR_EXPORT,tools
tools/guards/contract-scope-binding-gate.mjs,7,node:path,IMPORT_OR_EXPORT,tools
tools/guards/contract-scope-binding-gate.mjs,8,yaml,IMPORT_OR_EXPORT,tools
tools/guards/control-panel-architecture-gate.mjs,1,node:fs,IMPORT_OR_EXPORT,tools
tools/guards/control-panel-architecture-gate.mjs,2,node:path,IMPORT_OR_EXPORT,tools
tools/guards/control-panel-architecture-gate.mjs,55,${specifier},IMPORT_OR_EXPORT,tools
tools/guards/control-panel-architecture-gate.mjs,63,${specifier},IMPORT_OR_EXPORT,tools
tools/guards/control-panel-architecture-gate.mjs,89,${specifier},IMPORT_OR_EXPORT,tools
tools/guards/control-panel/control-panel-runtime-truth-gate.mjs,1,../_guard-utils.mjs,IMPORT_OR_EXPORT,tools
tools/guards/dependency-graph-gate.mjs,22,node:fs,IMPORT_OR_EXPORT,tools
tools/guards/dependency-graph-gate.mjs,23,node:path,IMPORT_OR_EXPORT,tools
tools/guards/dependency-graph-gate.mjs,24,node:module,IMPORT_OR_EXPORT,tools
tools/guards/dependency-graph-gate.mjs,25,node:url,IMPORT_OR_EXPORT,tools
tools/guards/dependency-graph-gate.mjs,26,@typescript/typescript6,IMPORT_OR_EXPORT,tools
tools/guards/dependency-graph-gate.mjs,175,./_guard-utils.mjs,IMPORT_OR_EXPORT,tools
tools/guards/design-tokens-gate.mjs,14,./_guard-utils.mjs,IMPORT_OR_EXPORT,tools
tools/guards/direct-work-branch-execution-gate.mjs,1,node:fs,IMPORT_OR_EXPORT,tools
tools/guards/direct-work-branch-execution-gate.mjs,2,node:path,IMPORT_OR_EXPORT,tools
tools/guards/direct-work-branch-execution-gate.mjs,3,node:url,IMPORT_OR_EXPORT,tools
tools/guards/direct-work-branch-execution-gate.mjs,37,ajv,IMPORT_OR_EXPORT,tools
tools/guards/direct-work-branch-execution-gate.test.mjs,1,node:assert/strict,IMPORT_OR_EXPORT,tools
tools/guards/direct-work-branch-execution-gate.test.mjs,2,node:test,IMPORT_OR_EXPORT,tools
tools/guards/direct-work-branch-execution-gate.test.mjs,3,./direct-work-branch-execution-gate.mjs,IMPORT_OR_EXPORT,tools
tools/guards/dispatch-contract-registry-gate.mjs,1,./_guard-utils.mjs,IMPORT_OR_EXPORT,tools
tools/guards/document-authority-conflicts-gate.mjs,5,node:fs,IMPORT_OR_EXPORT,tools
tools/guards/document-authority-conflicts-gate.mjs,6,node:path,IMPORT_OR_EXPORT,tools
tools/guards/document-authority-conflicts-gate.mjs,7,./_guard-utils.mjs,IMPORT_OR_EXPORT,tools
tools/guards/dsh-openapi-modular-gate.mjs,1,node:assert/strict,IMPORT_OR_EXPORT,tools
tools/guards/dsh-route-declaration-gate.mjs,12,node:fs,IMPORT_OR_EXPORT,tools
tools/guards/dsh-route-declaration-gate.mjs,13,node:path,IMPORT_OR_EXPORT,tools
tools/guards/dsh-route-declaration-gate.mjs,14,node:url,IMPORT_OR_EXPORT,tools
tools/guards/dsh-route-declaration-gate.mjs,15,../scripts/openapi-context-composer.mjs,IMPORT_OR_EXPORT,tools
tools/guards/dsh-route-declaration-gate.mjs,16,yaml,IMPORT_OR_EXPORT,tools
tools/guards/field/field-surface-truth-gate.mjs,1,node:fs,IMPORT_OR_EXPORT,tools
tools/guards/field/field-surface-truth-gate.mjs,2,node:path,IMPORT_OR_EXPORT,tools
tools/guards/field/field-surface-truth-gate.mjs,3,../_guard-utils.mjs,IMPORT_OR_EXPORT,tools
tools/guards/finance/dsh-wlt-mutation-idempotency-gate.mjs,1,node:fs,IMPORT_OR_EXPORT,tools
tools/guards/finance/dsh-wlt-mutation-idempotency-gate.mjs,2,node:path,IMPORT_OR_EXPORT,tools
tools/guards/flaky-tests-gate.mjs,5,node:fs,IMPORT_OR_EXPORT,tools
tools/guards/flaky-tests-gate.mjs,6,node:path,IMPORT_OR_EXPORT,tools
tools/guards/flaky-tests-gate.mjs,7,ajv,IMPORT_OR_EXPORT,tools
tools/guards/flaky-tests-gate.mjs,8,ajv-formats,IMPORT_OR_EXPORT,tools
tools/guards/flaky-tests-gate.mjs,9,./_guard-utils.mjs,IMPORT_OR_EXPORT,tools
tools/guards/frontend-feature-binding-gate.mjs,1,node:fs,IMPORT_OR_EXPORT,tools
tools/guards/frontend-feature-binding-gate.mjs,2,node:path,IMPORT_OR_EXPORT,tools
tools/guards/frontend-feature-binding-gate.mjs,3,ajv,IMPORT_OR_EXPORT,tools
tools/guards/frontend-feature-binding-gate.mjs,4,./_guard-utils.mjs,IMPORT_OR_EXPORT,tools
tools/guards/frontend-feature-binding-gate.mjs,5,./_openapi-utils.mjs,IMPORT_OR_EXPORT,tools
tools/guards/frontend-feature-binding-gate.mjs,6,./lib/go-route-extractor.mjs,IMPORT_OR_EXPORT,tools
tools/guards/fullstack-boundary-gate.mjs,1,node:fs,IMPORT_OR_EXPORT,tools
tools/guards/fullstack-boundary-gate.mjs,2,node:path,IMPORT_OR_EXPORT,tools
tools/guards/fullstack-boundary-gate.mjs,3,./_guard-utils.mjs,IMPORT_OR_EXPORT,tools
tools/guards/fullstack/surface-runtime-truth-gate.mjs,1,node:fs,IMPORT_OR_EXPORT,tools
tools/guards/fullstack/surface-runtime-truth-gate.mjs,2,node:path,IMPORT_OR_EXPORT,tools
tools/guards/fullstack/surface-runtime-truth-gate.mjs,3,../_guard-utils.mjs,IMPORT_OR_EXPORT,tools
tools/guards/generated-client-provenance-gate.mjs,17,node:fs,IMPORT_OR_EXPORT,tools
tools/guards/generated-client-provenance-gate.mjs,18,node:os,IMPORT_OR_EXPORT,tools
tools/guards/generated-client-provenance-gate.mjs,19,node:path,IMPORT_OR_EXPORT,tools
tools/guards/generated-client-provenance-gate.mjs,20,node:child_process,IMPORT_OR_EXPORT,tools
tools/guards/go-handler-generation-gate.mjs,8,node:fs,IMPORT_OR_EXPORT,tools
tools/guards/go-handler-generation-gate.mjs,9,node:path,IMPORT_OR_EXPORT,tools
tools/guards/go-handler-generation-gate.mjs,10,./_guard-utils.mjs,IMPORT_OR_EXPORT,tools
tools/guards/go-routes-ci.mjs,3,node:fs,IMPORT_OR_EXPORT,tools
tools/guards/go-routes-ci.mjs,4,node:path,IMPORT_OR_EXPORT,tools
tools/guards/go-routes-ci.mjs,5,./_guard-utils.mjs,IMPORT_OR_EXPORT,tools
tools/guards/go-routes-ci.mjs,6,./lib/go-route-extractor.mjs,IMPORT_OR_EXPORT,tools
tools/guards/governance-schema-gate.mjs,1,node:fs,IMPORT_OR_EXPORT,tools
tools/guards/governance-schema-gate.mjs,2,node:path,IMPORT_OR_EXPORT,tools
tools/guards/governance-schema-gate.mjs,3,ajv,IMPORT_OR_EXPORT,tools
tools/guards/governance-schema-gate.mjs,4,ajv-formats,IMPORT_OR_EXPORT,tools
tools/guards/governance-schema-gate.mjs,5,./_guard-utils.mjs,IMPORT_OR_EXPORT,tools
tools/guards/guard-registry-gate.mjs,1,node:fs,IMPORT_OR_EXPORT,tools
tools/guards/guard-registry-gate.mjs,2,node:path,IMPORT_OR_EXPORT,tools
tools/guards/guard-registry-gate.mjs,3,./_guard-utils.mjs,IMPORT_OR_EXPORT,tools
tools/guards/guard-registry-gate.mjs,4,./_workflow-registry.mjs,IMPORT_OR_EXPORT,tools
tools/guards/heavy-import-gate.mjs,18,node:fs,IMPORT_OR_EXPORT,tools
tools/guards/heavy-import-gate.mjs,19,node:path,IMPORT_OR_EXPORT,tools
tools/guards/heavy-import-gate.mjs,20,./_guard-utils.mjs,IMPORT_OR_EXPORT,tools
tools/guards/icon-contract-gate.mjs,13,node:fs,IMPORT_OR_EXPORT,tools
tools/guards/icon-contract-gate.mjs,14,node:path,IMPORT_OR_EXPORT,tools
tools/guards/icon-contract-gate.mjs,15,./_guard-utils.mjs,IMPORT_OR_EXPORT,tools
tools/guards/lib/go-route-extractor.mjs,1,node:child_process,IMPORT_OR_EXPORT,tools
tools/guards/lib/go-route-extractor.mjs,2,node:fs,IMPORT_OR_EXPORT,tools
tools/guards/lib/go-route-extractor.mjs,3,node:os,IMPORT_OR_EXPORT,tools
tools/guards/lib/go-route-extractor.mjs,4,node:path,IMPORT_OR_EXPORT,tools
tools/guards/lib/go-route-extractor.mjs,5,../_guard-utils.mjs,IMPORT_OR_EXPORT,tools
tools/guards/local-dev-actors-gate.mjs,9,node:fs,IMPORT_OR_EXPORT,tools
tools/guards/local-dev-actors-gate.mjs,10,node:path,IMPORT_OR_EXPORT,tools
tools/guards/local-dev-actors-gate.mjs,11,./_guard-utils.mjs,IMPORT_OR_EXPORT,tools
tools/guards/local-dev-actors-gate.mjs,12,../dev/local-actors.mjs,IMPORT_OR_EXPORT,tools
tools/guards/logic-coverage-gate.mjs,9,node:path,IMPORT_OR_EXPORT,tools
tools/guards/logic-coverage-gate.mjs,10,@typescript/typescript6,IMPORT_OR_EXPORT,tools
tools/guards/logic-coverage-gate.mjs,11,./_guard-utils.mjs,IMPORT_OR_EXPORT,tools
tools/guards/maps/map-platform-truth-gate.mjs,1,../_guard-utils.mjs,IMPORT_OR_EXPORT,tools
tools/guards/migration-manifest-drift-gate.mjs,5,node:fs,IMPORT_OR_EXPORT,tools
tools/guards/migration-manifest-drift-gate.mjs,6,node:path,IMPORT_OR_EXPORT,tools
tools/guards/migration-manifest-drift-gate.mjs,7,node:crypto,IMPORT_OR_EXPORT,tools
tools/guards/no-broken-imports.mjs,1,node:fs,IMPORT_OR_EXPORT,tools
tools/guards/no-broken-imports.mjs,2,node:path,IMPORT_OR_EXPORT,tools
tools/guards/no-broken-imports.mjs,3,@typescript/typescript6,IMPORT_OR_EXPORT,tools
tools/guards/nomenclature-guard.mjs,1,node:child_process,IMPORT_OR_EXPORT,tools
tools/guards/nomenclature-guard.mjs,2,node:fs,IMPORT_OR_EXPORT,tools
tools/guards/nomenclature-guard.mjs,3,node:path,IMPORT_OR_EXPORT,tools
tools/guards/nomenclature-guard.mjs,4,./_guard-utils.mjs,IMPORT_OR_EXPORT,tools
tools/guards/openapi-bundle-provenance-gate.mjs,6,../scripts/openapi-context-composer.mjs,IMPORT_OR_EXPORT,tools
tools/guards/orphan-files-gate.mjs,6,node:fs,IMPORT_OR_EXPORT,tools
tools/guards/orphan-files-gate.mjs,7,node:path,IMPORT_OR_EXPORT,tools
tools/guards/orphan-files-gate.mjs,8,./_guard-utils.mjs,IMPORT_OR_EXPORT,tools
tools/guards/oss-toolchain-policy-gate.mjs,12,node:fs,IMPORT_OR_EXPORT,tools
tools/guards/oss-toolchain-policy-gate.mjs,13,node:path,IMPORT_OR_EXPORT,tools
tools/guards/oss-toolchain-policy-gate.mjs,14,./_guard-utils.mjs,IMPORT_OR_EXPORT,tools
tools/guards/partner/partner-support-truth-gate.mjs,1,../_guard-utils.mjs,IMPORT_OR_EXPORT,tools
tools/guards/partner/partner-surface-truth-gate.mjs,1,../_guard-utils.mjs,IMPORT_OR_EXPORT,tools
tools/guards/performance-budget-gate.mjs,16,node:fs,IMPORT_OR_EXPORT,tools
tools/guards/performance-budget-gate.mjs,17,node:path,IMPORT_OR_EXPORT,tools
tools/guards/performance-budget-gate.mjs,18,./_guard-utils.mjs,IMPORT_OR_EXPORT,tools
tools/guards/platform-change-sets-gate.mjs,1,node:fs,IMPORT_OR_EXPORT,tools
tools/guards/platform-change-sets-gate.mjs,2,node:path,IMPORT_OR_EXPORT,tools
tools/guards/platform/operational-policy-ui-truth-gate.mjs,1,../_guard-utils.mjs,IMPORT_OR_EXPORT,tools
tools/guards/privacy/client-address-privacy-integration-gate.mjs,1,../_guard-utils.mjs,IMPORT_OR_EXPORT,tools
tools/guards/privacy/client-address-privacy-truth-gate.mjs,1,../_guard-utils.mjs,IMPORT_OR_EXPORT,tools
tools/guards/repository-naming-gate.mjs,20,node:fs,IMPORT_OR_EXPORT,tools
tools/guards/repository-naming-gate.mjs,21,node:path,IMPORT_OR_EXPORT,tools
tools/guards/repository-naming-gate.mjs,22,node:child_process,IMPORT_OR_EXPORT,tools
tools/guards/repository-naming-gate.mjs,23,./_guard-utils.mjs,IMPORT_OR_EXPORT,tools
tools/guards/repository-size-gate.mjs,17,node:fs,IMPORT_OR_EXPORT,tools
tools/guards/repository-size-gate.mjs,18,node:path,IMPORT_OR_EXPORT,tools
tools/guards/repository-size-gate.mjs,19,./_guard-utils.mjs,IMPORT_OR_EXPORT,tools
tools/guards/repository-structure-gate.mjs,17,node:fs,IMPORT_OR_EXPORT,tools
tools/guards/repository-structure-gate.mjs,18,node:path,IMPORT_OR_EXPORT,tools
tools/guards/repository-structure-gate.mjs,19,./_guard-utils.mjs,IMPORT_OR_EXPORT,tools
tools/guards/required-command-integrity-gate.mjs,1,node:fs,IMPORT_OR_EXPORT,tools
tools/guards/required-command-integrity-gate.mjs,2,node:path,IMPORT_OR_EXPORT,tools
tools/guards/required-command-integrity-gate.mjs,3,./_guard-utils.mjs,IMPORT_OR_EXPORT,tools
tools/guards/required-command-integrity-gate.mjs,4,./_workflow-registry.mjs,IMPORT_OR_EXPORT,tools
tools/guards/runtime-config-gate.mjs,1,node:fs,IMPORT_OR_EXPORT,tools
tools/guards/runtime-config-gate.mjs,2,node:path,IMPORT_OR_EXPORT,tools
tools/guards/runtime-config-gate.mjs,3,./_guard-utils.mjs,IMPORT_OR_EXPORT,tools
tools/guards/runtime-config-gate.mjs,4,../dev/local-actors.mjs,IMPORT_OR_EXPORT,tools
tools/guards/runtime-real-bindings-gate.mjs,1,node:fs,IMPORT_OR_EXPORT,tools
tools/guards/runtime-real-bindings-gate.mjs,2,node:path,IMPORT_OR_EXPORT,tools
tools/guards/runtime-real-bindings-gate.mjs,3,typescript,IMPORT_OR_EXPORT,tools
tools/guards/runtime-real-bindings-gate.mjs,4,./_guard-utils.mjs,IMPORT_OR_EXPORT,tools
tools/guards/same-commit-evidence-gate.mjs,4,node:fs,IMPORT_OR_EXPORT,tools
tools/guards/same-commit-evidence-gate.mjs,5,node:path,IMPORT_OR_EXPORT,tools
tools/guards/same-commit-evidence-gate.mjs,6,node:child_process,IMPORT_OR_EXPORT,tools
tools/guards/same-commit-evidence-gate.mjs,7,./_guard-utils.mjs,IMPORT_OR_EXPORT,tools
tools/guards/sdlc/invoke-sdlc-gate.mjs,1,node:child_process,IMPORT_OR_EXPORT,tools
tools/guards/sdlc/invoke-sdlc-gate.mjs,2,node:process,IMPORT_OR_EXPORT,tools
tools/guards/sdlc/validate-financial-and-evidence-scopes.mjs,1,node:fs,IMPORT_OR_EXPORT,tools
tools/guards/sdlc/validate-financial-and-evidence-scopes.mjs,2,node:path,IMPORT_OR_EXPORT,tools
tools/guards/sdlc/validate-financial-and-evidence-scopes.mjs,3,../_guard-utils.mjs,IMPORT_OR_EXPORT,tools
tools/guards/sdlc/validate-product-truth.mjs,1,node:fs,IMPORT_OR_EXPORT,tools
tools/guards/sdlc/validate-product-truth.mjs,2,node:path,IMPORT_OR_EXPORT,tools
tools/guards/sdlc/validate-product-truth.mjs,3,ajv,IMPORT_OR_EXPORT,tools
tools/guards/sdlc/validate-product-truth.mjs,4,../_guard-utils.mjs,IMPORT_OR_EXPORT,tools
tools/guards/sdlc/validate-quality-profile.mjs,1,node:fs,IMPORT_OR_EXPORT,tools
tools/guards/sdlc/validate-quality-profile.mjs,2,node:path,IMPORT_OR_EXPORT,tools
tools/guards/sdlc/validate-quality-profile.mjs,3,../_guard-utils.mjs,IMPORT_OR_EXPORT,tools
tools/guards/sdlc/validate-role-separation.mjs,1,node:fs,IMPORT_OR_EXPORT,tools
tools/guards/sdlc/validate-role-separation.mjs,2,node:path,IMPORT_OR_EXPORT,tools
tools/guards/sdlc/validate-role-separation.mjs,3,../_guard-utils.mjs,IMPORT_OR_EXPORT,tools
tools/guards/sdlc/validate-sdlc-artifact-inputs.mjs,1,node:fs,IMPORT_OR_EXPORT,tools
tools/guards/sdlc/validate-sdlc-artifact-inputs.mjs,2,node:path,IMPORT_OR_EXPORT,tools
tools/guards/sdlc/validate-sdlc-artifact-inputs.mjs,3,ajv,IMPORT_OR_EXPORT,tools
tools/guards/sdlc/validate-sdlc-artifact-inputs.mjs,4,../_guard-utils.mjs,IMPORT_OR_EXPORT,tools
tools/guards/sdlc/validate-sdlc-manifest.mjs,1,node:fs,IMPORT_OR_EXPORT,tools
tools/guards/sdlc/validate-sdlc-manifest.mjs,2,node:path,IMPORT_OR_EXPORT,tools
tools/guards/sdlc/validate-sdlc-manifest.mjs,3,ajv,IMPORT_OR_EXPORT,tools
tools/guards/sdlc/validate-sdlc-manifest.mjs,4,../_guard-utils.mjs,IMPORT_OR_EXPORT,tools
tools/guards/sdlc/validate-security-profile.mjs,1,node:fs,IMPORT_OR_EXPORT,tools
tools/guards/sdlc/validate-security-profile.mjs,2,node:path,IMPORT_OR_EXPORT,tools
tools/guards/sdlc/validate-security-profile.mjs,3,../_guard-utils.mjs,IMPORT_OR_EXPORT,tools
tools/guards/sdlc/validate-stage-transition.mjs,1,node:fs,IMPORT_OR_EXPORT,tools
tools/guards/sdlc/validate-stage-transition.mjs,2,node:path,IMPORT_OR_EXPORT,tools
tools/guards/sdlc/validate-stage-transition.mjs,3,../_guard-utils.mjs,IMPORT_OR_EXPORT,tools
tools/guards/sdlc/validate-traceability.mjs,1,node:fs,IMPORT_OR_EXPORT,tools
tools/guards/sdlc/validate-traceability.mjs,2,node:path,IMPORT_OR_EXPORT,tools
tools/guards/sdlc/validate-traceability.mjs,3,../_guard-utils.mjs,IMPORT_OR_EXPORT,tools
tools/guards/service-manifest-drift-gate.mjs,1,node:fs,IMPORT_OR_EXPORT,tools
tools/guards/service-manifest-drift-gate.mjs,2,node:path,IMPORT_OR_EXPORT,tools
tools/guards/service-manifest-drift-gate.mjs,3,./_guard-utils.mjs,IMPORT_OR_EXPORT,tools
tools/guards/service-manifest-drift-gate.mjs,4,./_openapi-utils.mjs,IMPORT_OR_EXPORT,tools
tools/guards/service-workspace-gate.mjs,1,node:fs,IMPORT_OR_EXPORT,tools
tools/guards/service-workspace-gate.mjs,2,node:path,IMPORT_OR_EXPORT,tools
tools/guards/service-workspace-gate.mjs,3,./_guard-utils.mjs,IMPORT_OR_EXPORT,tools
tools/guards/tool-catalog-coverage-gate.mjs,1,node:fs,IMPORT_OR_EXPORT,tools
tools/guards/tool-catalog-coverage-gate.mjs,2,node:path,IMPORT_OR_EXPORT,tools
tools/guards/tool-catalog-coverage-gate.mjs,3,./_guard-utils.mjs,IMPORT_OR_EXPORT,tools
tools/guards/toolchain-activation-gate.mjs,1,node:fs,IMPORT_OR_EXPORT,tools
tools/guards/toolchain-activation-gate.mjs,2,node:path,IMPORT_OR_EXPORT,tools
tools/guards/toolchain-activation-gate.mjs,3,./_guard-utils.mjs,IMPORT_OR_EXPORT,tools
tools/guards/ui-actions/ui-action-binding-gate.mjs,1,node:fs,IMPORT_OR_EXPORT,tools
tools/guards/ui-actions/ui-action-binding-gate.mjs,2,node:path,IMPORT_OR_EXPORT,tools
tools/guards/ui-actions/ui-action-binding-gate.mjs,3,typescript,IMPORT_OR_EXPORT,tools
tools/guards/ui-kit-boundary-gate.mjs,1,node:fs,IMPORT_OR_EXPORT,tools
tools/guards/ui-kit-boundary-gate.mjs,2,node:path,IMPORT_OR_EXPORT,tools
tools/guards/ui-kit-boundary-gate.mjs,3,./_guard-utils.mjs,IMPORT_OR_EXPORT,tools
tools/guards/ui-kit-visual-contract-gate.mjs,1,node:child_process,IMPORT_OR_EXPORT,tools
tools/guards/ui-kit-visual-contract-gate.mjs,2,node:fs,IMPORT_OR_EXPORT,tools
tools/guards/ui-kit-visual-contract-gate.mjs,3,node:path,IMPORT_OR_EXPORT,tools
tools/guards/ui-kit-visual-contract-gate.mjs,4,./_guard-utils.mjs,IMPORT_OR_EXPORT,tools
tools/guards/ui-provider-required-gate.mjs,1,node:fs,IMPORT_OR_EXPORT,tools
tools/guards/ui-provider-required-gate.mjs,2,node:path,IMPORT_OR_EXPORT,tools
tools/guards/ui-provider-required-gate.mjs,3,./_guard-utils.mjs,IMPORT_OR_EXPORT,tools
tools/guards/wlt-financial-boundary-gate.mjs,1,node:fs,IMPORT_OR_EXPORT,tools
tools/guards/wlt-financial-boundary-gate.mjs,2,node:path,IMPORT_OR_EXPORT,tools
tools/guards/wlt-financial-boundary-gate.mjs,3,./_guard-utils.mjs,IMPORT_OR_EXPORT,tools
tools/guards/wlt-financial-boundary-gate.mjs,4,../scripts/openapi-context-composer.mjs,IMPORT_OR_EXPORT,tools
tools/guards/wlt-financial-boundary-gate.mjs,5,yaml,IMPORT_OR_EXPORT,tools
tools/guards/wlt-openapi-bundle-gate.mjs,1,node:assert/strict,IMPORT_OR_EXPORT,tools
tools/guards/workflow-temp-files-gate.mjs,4,node:fs,IMPORT_OR_EXPORT,tools
tools/guards/workflow-temp-files-gate.mjs,5,node:path,IMPORT_OR_EXPORT,tools
tools/guards/workflow-temp-files-gate.mjs,6,./_guard-utils.mjs,IMPORT_OR_EXPORT,tools
tools/guards/workflow-temp-files-gate.mjs,7,./_workflow-registry.mjs,IMPORT_OR_EXPORT,tools
tools/important-scripts/contracts-foundation.mjs,1,node:fs,IMPORT_OR_EXPORT,tools
tools/important-scripts/contracts-foundation.mjs,2,node:path,IMPORT_OR_EXPORT,tools
tools/important-scripts/contracts-foundation.mjs,3,node:crypto,IMPORT_OR_EXPORT,tools
tools/important-scripts/contracts-foundation.mjs,4,../guards/_guard-utils.mjs,IMPORT_OR_EXPORT,tools
tools/important-scripts/contracts-foundation.mjs,5,../guards/_openapi-utils.mjs,IMPORT_OR_EXPORT,tools
tools/important-scripts/contracts-typecheck.mjs,1,node:fs,IMPORT_OR_EXPORT,tools
tools/important-scripts/contracts-typecheck.mjs,2,node:os,IMPORT_OR_EXPORT,tools
tools/important-scripts/contracts-typecheck.mjs,3,node:path,IMPORT_OR_EXPORT,tools
tools/important-scripts/contracts-typecheck.mjs,4,node:child_process,IMPORT_OR_EXPORT,tools
tools/important-scripts/contracts-typecheck.mjs,5,../contracts/normalize-openapi-metadata.mjs,IMPORT_OR_EXPORT,tools
tools/important-scripts/contracts-typecheck.mjs,6,../scripts/openapi-context-composer.mjs,IMPORT_OR_EXPORT,tools
tools/mobile/defineBthwaniExpoApp.d.ts,1,expo/config,IMPORT_OR_EXPORT,tools
tools/mobile/defineBthwaniExpoApp.js,1,fs,IMPORT_OR_EXPORT,tools
tools/mobile/defineBthwaniExpoApp.js,2,path,IMPORT_OR_EXPORT,tools
tools/mobile/defineBthwaniExpoApp.js,3,./mobile-apps.manifest.json,IMPORT_OR_EXPORT,tools
tools/mobile/defineBthwaniExpoApp.js,4,./sentry-env.js,IMPORT_OR_EXPORT,tools
tools/mobile/google-services-config.mjs,1,node:fs,IMPORT_OR_EXPORT,tools
tools/mobile/google-services-config.mjs,2,node:path,IMPORT_OR_EXPORT,tools
tools/mobile/google-services-config.mjs,3,node:url,IMPORT_OR_EXPORT,tools
tools/mobile/sentry-env.js,3,fs,IMPORT_OR_EXPORT,tools
tools/mobile/sentry-env.js,4,path,IMPORT_OR_EXPORT,tools
tools/observability/otel-node-smoke.mjs,15,@opentelemetry/sdk-node,IMPORT_OR_EXPORT,tools
tools/observability/otel-node-smoke.mjs,16,@opentelemetry/exporter-trace-otlp-http,IMPORT_OR_EXPORT,tools
tools/observability/otel-node-smoke.mjs,17,@opentelemetry/resources,IMPORT_OR_EXPORT,tools
tools/observability/otel-node-smoke.mjs,18,@opentelemetry/semantic-conventions,IMPORT_OR_EXPORT,tools
tools/observability/otel-node-smoke.mjs,19,@opentelemetry/api,IMPORT_OR_EXPORT,tools
tools/performance/k6/dsh-smoke.js,13,k6/http,IMPORT_OR_EXPORT,tools
tools/performance/k6/dsh-smoke.js,14,k6,IMPORT_OR_EXPORT,tools
tools/performance/k6/dsh-smoke.js,15,k6/metrics,IMPORT_OR_EXPORT,tools
tools/performance/k6/identity-smoke.js,13,k6/http,IMPORT_OR_EXPORT,tools
tools/performance/k6/identity-smoke.js,14,k6,IMPORT_OR_EXPORT,tools
tools/performance/k6/identity-smoke.js,15,k6/metrics,IMPORT_OR_EXPORT,tools
tools/performance/k6/wlt-smoke.js,13,k6/http,IMPORT_OR_EXPORT,tools
tools/performance/k6/wlt-smoke.js,14,k6,IMPORT_OR_EXPORT,tools
tools/performance/k6/wlt-smoke.js,15,k6/metrics,IMPORT_OR_EXPORT,tools
tools/scripts/_external-tool-runner.mjs,1,node:child_process,IMPORT_OR_EXPORT,tools
tools/scripts/_external-tool-runner.mjs,2,node:fs,IMPORT_OR_EXPORT,tools
tools/scripts/_external-tool-runner.mjs,3,node:path,IMPORT_OR_EXPORT,tools
tools/scripts/_external-tool-runner.mjs,4,../guards/_guard-utils.mjs,IMPORT_OR_EXPORT,tools
tools/scripts/bootstrap-dev-data.mjs,8,../../apps/mobile/mobile-dev-data.mjs,IMPORT_OR_EXPORT,tools
tools/scripts/build-swagger-static.mjs,1,node:fs,IMPORT_OR_EXPORT,tools
tools/scripts/build-swagger-static.mjs,2,node:os,IMPORT_OR_EXPORT,tools
tools/scripts/build-swagger-static.mjs,3,node:path,IMPORT_OR_EXPORT,tools
tools/scripts/build-swagger-static.mjs,4,node:url,IMPORT_OR_EXPORT,tools
tools/scripts/build-swagger-static.mjs,5,node:child_process,IMPORT_OR_EXPORT,tools
tools/scripts/build-ui-kit-catalog.mjs,1,node:crypto,IMPORT_OR_EXPORT,tools
tools/scripts/build-ui-kit-catalog.mjs,2,node:fs,IMPORT_OR_EXPORT,tools
tools/scripts/build-ui-kit-catalog.mjs,3,node:path,IMPORT_OR_EXPORT,tools
tools/scripts/build-ui-kit-catalog.mjs,4,node:child_process,IMPORT_OR_EXPORT,tools
tools/scripts/build-ui-kit-catalog.mjs,5,../guards/_guard-utils.mjs,IMPORT_OR_EXPORT,tools
tools/scripts/check-ci-source-immutability.mjs,1,node:fs,IMPORT_OR_EXPORT,tools
tools/scripts/check-ci-source-immutability.mjs,2,node:path,IMPORT_OR_EXPORT,tools
tools/scripts/check-ci-source-immutability.mjs,3,node:url,IMPORT_OR_EXPORT,tools
tools/scripts/check-ci-source-immutability.test.mjs,1,node:assert/strict,IMPORT_OR_EXPORT,tools
tools/scripts/check-ci-source-immutability.test.mjs,2,node:test,IMPORT_OR_EXPORT,tools
tools/scripts/check-ci-source-immutability.test.mjs,3,./check-ci-source-immutability.mjs,IMPORT_OR_EXPORT,tools
tools/scripts/check-dsh-database-contract.mjs,1,node:fs,IMPORT_OR_EXPORT,tools
tools/scripts/check-dsh-database-contract.mjs,2,node:path,IMPORT_OR_EXPORT,tools
tools/scripts/check-dsh-database-contract.mjs,3,node:process,IMPORT_OR_EXPORT,tools
tools/scripts/check-expo-atlas-readiness.mjs,1,node:fs,IMPORT_OR_EXPORT,tools
tools/scripts/check-expo-atlas-readiness.mjs,2,node:path,IMPORT_OR_EXPORT,tools
tools/scripts/check-expo-atlas-readiness.mjs,3,../guards/_guard-utils.mjs,IMPORT_OR_EXPORT,tools
tools/scripts/check-journey-scenarios.mjs,1,node:fs,IMPORT_OR_EXPORT,tools
tools/scripts/check-journey-scenarios.mjs,2,node:path,IMPORT_OR_EXPORT,tools
tools/scripts/check-journey-scenarios.mjs,3,../guards/_guard-utils.mjs,IMPORT_OR_EXPORT,tools
tools/scripts/check-local-media-contract.mjs,1,node:crypto,IMPORT_OR_EXPORT,tools
tools/scripts/check-local-media-contract.mjs,2,node:fs,IMPORT_OR_EXPORT,tools
tools/scripts/check-local-media-contract.mjs,3,node:path,IMPORT_OR_EXPORT,tools
tools/scripts/check-local-media-contract.mjs,4,node:url,IMPORT_OR_EXPORT,tools
tools/scripts/check-portable-tracked-config.mjs,1,node:fs,IMPORT_OR_EXPORT,tools
tools/scripts/check-portable-tracked-config.mjs,2,node:path,IMPORT_OR_EXPORT,tools
tools/scripts/check-portable-tracked-config.mjs,3,node:url,IMPORT_OR_EXPORT,tools
tools/scripts/check-repository-hygiene.mjs,1,node:crypto,IMPORT_OR_EXPORT,tools
tools/scripts/check-repository-hygiene.mjs,2,node:fs,IMPORT_OR_EXPORT,tools
tools/scripts/check-repository-hygiene.mjs,3,node:path,IMPORT_OR_EXPORT,tools
tools/scripts/check-repository-hygiene.mjs,4,node:child_process,IMPORT_OR_EXPORT,tools
tools/scripts/check-repository-hygiene.mjs,5,node:url,IMPORT_OR_EXPORT,tools
tools/scripts/check-smsm-journey-coverage.mjs,1,node:fs,IMPORT_OR_EXPORT,tools
tools/scripts/check-smsm-journey-coverage.mjs,2,node:path,IMPORT_OR_EXPORT,tools
tools/scripts/check-smsm-journey-coverage.mjs,3,node:url,IMPORT_OR_EXPORT,tools
tools/scripts/check-state-machines.mjs,1,node:fs,IMPORT_OR_EXPORT,tools
tools/scripts/check-state-machines.mjs,2,node:path,IMPORT_OR_EXPORT,tools
tools/scripts/check-state-machines.mjs,3,../guards/_guard-utils.mjs,IMPORT_OR_EXPORT,tools
tools/scripts/check-style-dictionary-readiness.mjs,1,node:fs,IMPORT_OR_EXPORT,tools
tools/scripts/check-style-dictionary-readiness.mjs,2,node:path,IMPORT_OR_EXPORT,tools
tools/scripts/check-style-dictionary-readiness.mjs,3,../guards/_guard-utils.mjs,IMPORT_OR_EXPORT,tools
tools/scripts/ci-runtime-bootstrap-policy.test.mjs,1,node:assert/strict,IMPORT_OR_EXPORT,tools
tools/scripts/ci-runtime-bootstrap-policy.test.mjs,2,node:fs,IMPORT_OR_EXPORT,tools
tools/scripts/ci-runtime-bootstrap-policy.test.mjs,3,node:test,IMPORT_OR_EXPORT,tools
tools/scripts/ci-runtime-bootstrap-policy.test.mjs,4,node:url,IMPORT_OR_EXPORT,tools
tools/scripts/ci-runtime-bootstrap-policy.test.mjs,5,node:path,IMPORT_OR_EXPORT,tools
tools/scripts/compose-openapi-context.mjs,7,./openapi-composition-integrity.mjs,IMPORT_OR_EXPORT,tools
tools/scripts/detect-ci-context.mjs,1,node:child_process,IMPORT_OR_EXPORT,tools
tools/scripts/detect-ci-context.mjs,2,node:fs,IMPORT_OR_EXPORT,tools
tools/scripts/detect-ci-context.mjs,3,node:path,IMPORT_OR_EXPORT,tools
tools/scripts/detect-ci-context.mjs,4,node:url,IMPORT_OR_EXPORT,tools
tools/scripts/detect-ci-context.test.mjs,1,node:assert/strict,IMPORT_OR_EXPORT,tools
tools/scripts/detect-ci-context.test.mjs,2,node:test,IMPORT_OR_EXPORT,tools
tools/scripts/detect-ci-context.test.mjs,3,./detect-ci-context.mjs,IMPORT_OR_EXPORT,tools
tools/scripts/eas-build-mobile.mjs,1,../../apps/mobile/eas-build-mobile.mjs,IMPORT_OR_EXPORT,tools
tools/scripts/export-mobile-app.mjs,1,node:child_process,IMPORT_OR_EXPORT,tools
tools/scripts/export-mobile-app.mjs,2,node:fs,IMPORT_OR_EXPORT,tools
tools/scripts/export-mobile-app.mjs,3,node:os,IMPORT_OR_EXPORT,tools
tools/scripts/export-mobile-app.mjs,4,node:path,IMPORT_OR_EXPORT,tools
tools/scripts/export-mobile-app.mjs,5,./lib/package-manager-invocation.mjs,IMPORT_OR_EXPORT,tools
tools/scripts/generate-contract-registry.mjs,5,node:fs,IMPORT_OR_EXPORT,tools
tools/scripts/generate-contract-registry.mjs,6,node:path,IMPORT_OR_EXPORT,tools
tools/scripts/generate-contract-registry.mjs,7,node:crypto,IMPORT_OR_EXPORT,tools
tools/scripts/generate-contract-registry.mjs,8,../guards/_guard-utils.mjs,IMPORT_OR_EXPORT,tools
tools/scripts/generate-contract-registry.mjs,9,../guards/_openapi-utils.mjs,IMPORT_OR_EXPORT,tools
tools/scripts/generate-migration-manifest.mjs,13,node:fs,IMPORT_OR_EXPORT,tools
tools/scripts/generate-migration-manifest.mjs,14,node:path,IMPORT_OR_EXPORT,tools
tools/scripts/generate-migration-manifest.mjs,15,node:crypto,IMPORT_OR_EXPORT,tools
tools/scripts/generate-migration-manifest.mjs,16,node:child_process,IMPORT_OR_EXPORT,tools
tools/scripts/generate-operational-gap-ledger.mjs,1,node:fs,IMPORT_OR_EXPORT,tools
tools/scripts/generate-operational-gap-ledger.mjs,2,node:path,IMPORT_OR_EXPORT,tools
tools/scripts/generate-operational-gap-ledger.mjs,3,node:child_process,IMPORT_OR_EXPORT,tools
tools/scripts/generate-operational-gap-ledger.mjs,4,../guards/_guard-utils.mjs,IMPORT_OR_EXPORT,tools
tools/scripts/generate-operational-journey-inventory.mjs,1,node:fs,IMPORT_OR_EXPORT,tools
tools/scripts/generate-operational-journey-inventory.mjs,2,node:path,IMPORT_OR_EXPORT,tools
tools/scripts/generate-operational-journey-inventory.mjs,3,node:child_process,IMPORT_OR_EXPORT,tools
tools/scripts/generate-operational-journey-inventory.mjs,4,../guards/_guard-utils.mjs,IMPORT_OR_EXPORT,tools
tools/scripts/generate-operational-surface-inventory.mjs,1,node:fs,IMPORT_OR_EXPORT,tools
tools/scripts/generate-operational-surface-inventory.mjs,2,node:path,IMPORT_OR_EXPORT,tools
tools/scripts/generate-operational-surface-inventory.mjs,3,node:child_process,IMPORT_OR_EXPORT,tools
tools/scripts/generate-operational-surface-inventory.mjs,4,../guards/_guard-utils.mjs,IMPORT_OR_EXPORT,tools
tools/scripts/generate-operational-toolchain-inventory.mjs,1,node:fs,IMPORT_OR_EXPORT,tools
tools/scripts/generate-operational-toolchain-inventory.mjs,2,node:path,IMPORT_OR_EXPORT,tools
tools/scripts/generate-operational-toolchain-inventory.mjs,3,node:child_process,IMPORT_OR_EXPORT,tools
tools/scripts/generate-operational-toolchain-inventory.mjs,4,../guards/_guard-utils.mjs,IMPORT_OR_EXPORT,tools
tools/scripts/generate-performance-report.mjs,16,node:fs,IMPORT_OR_EXPORT,tools
tools/scripts/generate-performance-report.mjs,17,node:path,IMPORT_OR_EXPORT,tools
tools/scripts/generate-performance-report.mjs,18,../guards/_guard-utils.mjs,IMPORT_OR_EXPORT,tools
tools/scripts/generate-realistic-images.mjs,1,node:fs,IMPORT_OR_EXPORT,tools
tools/scripts/generate-realistic-images.mjs,2,node:path,IMPORT_OR_EXPORT,tools
tools/scripts/generate-realistic-images.mjs,3,node:url,IMPORT_OR_EXPORT,tools
tools/scripts/generate-realistic-images.mjs,4,node:crypto,IMPORT_OR_EXPORT,tools
tools/scripts/generate-repository-structure-report.mjs,14,node:fs,IMPORT_OR_EXPORT,tools
tools/scripts/generate-repository-structure-report.mjs,15,node:path,IMPORT_OR_EXPORT,tools
tools/scripts/generate-repository-structure-report.mjs,16,../guards/_guard-utils.mjs,IMPORT_OR_EXPORT,tools
tools/scripts/generate-security-openapi.mjs,1,fs,IMPORT_OR_EXPORT,tools
tools/scripts/generate-security-openapi.mjs,2,path,IMPORT_OR_EXPORT,tools
tools/scripts/generate-security-openapi.mjs,3,url,IMPORT_OR_EXPORT,tools
tools/scripts/generate-toolchain-execution-plan.mjs,1,node:fs,IMPORT_OR_EXPORT,tools
tools/scripts/generate-toolchain-execution-plan.mjs,2,node:path,IMPORT_OR_EXPORT,tools
tools/scripts/generate-toolchain-execution-plan.mjs,3,../guards/_guard-utils.mjs,IMPORT_OR_EXPORT,tools
tools/scripts/guard-mobile-apps.mjs,1,node:child_process,IMPORT_OR_EXPORT,tools
tools/scripts/guard-mobile-apps.mjs,2,node:fs,IMPORT_OR_EXPORT,tools
tools/scripts/guard-mobile-apps.mjs,3,node:path,IMPORT_OR_EXPORT,tools
tools/scripts/guard-mobile-apps.mjs,4,node:module,IMPORT_OR_EXPORT,tools
tools/scripts/guard-mobile-apps.mjs,5,../mobile/google-services-config.mjs,IMPORT_OR_EXPORT,tools
tools/scripts/guard-mobile-apps.mjs,6,./lib/package-manager-invocation.mjs,IMPORT_OR_EXPORT,tools
tools/scripts/guard-mobile-apps.mjs,9,../mobile/sentry-env.js,IMPORT_OR_EXPORT,tools
tools/scripts/guard-mobile-apps.test.mjs,1,node:test,IMPORT_OR_EXPORT,tools
tools/scripts/guard-mobile-apps.test.mjs,2,node:assert/strict,IMPORT_OR_EXPORT,tools
tools/scripts/guard-mobile-apps.test.mjs,3,node:child_process,IMPORT_OR_EXPORT,tools
tools/scripts/guard-mobile-apps.test.mjs,4,node:fs,IMPORT_OR_EXPORT,tools
tools/scripts/guard-mobile-apps.test.mjs,5,node:path,IMPORT_OR_EXPORT,tools
tools/scripts/guard-mobile-expo-sdk56-versions.mjs,1,./guard-mobile-package-manager-invocation.mjs,IMPORT_OR_EXPORT,tools
tools/scripts/guard-mobile-expo-sdk56-versions.mjs,2,node:fs,IMPORT_OR_EXPORT,tools
tools/scripts/guard-mobile-expo-sdk56-versions.mjs,3,node:path,IMPORT_OR_EXPORT,tools
tools/scripts/guard-mobile-package-manager-invocation.mjs,1,node:fs,IMPORT_OR_EXPORT,tools
tools/scripts/guard-mobile-package-manager-invocation.mjs,2,node:path,IMPORT_OR_EXPORT,tools
tools/scripts/guard-mobile-package-manager-invocation.mjs,16,../../apps/mobile/eas-build-mobile.mjs,IMPORT_OR_EXPORT,tools
tools/scripts/guard-mobile-package-manager-invocation.mjs,21,../../../apps/mobile/lib/package-manager-invocation.mjs,IMPORT_OR_EXPORT,tools
tools/scripts/lib/mobile-app-key.test.mjs,1,node:assert/strict,IMPORT_OR_EXPORT,tools
tools/scripts/lib/mobile-app-key.test.mjs,2,node:test,IMPORT_OR_EXPORT,tools
tools/scripts/lib/package-manager-invocation.mjs,1,../../../apps/mobile/lib/package-manager-invocation.mjs,IMPORT_OR_EXPORT,tools
tools/scripts/mobile-dev-data.mjs,1,../../apps/mobile/mobile-dev-data.mjs,IMPORT_OR_EXPORT,tools
tools/scripts/openapi-composition-integrity.mjs,1,node:fs,IMPORT_OR_EXPORT,tools
tools/scripts/openapi-composition-integrity.mjs,2,node:path,IMPORT_OR_EXPORT,tools
tools/scripts/openapi-composition-integrity.mjs,3,node:url,IMPORT_OR_EXPORT,tools
tools/scripts/openapi-composition-integrity.mjs,4,yaml,IMPORT_OR_EXPORT,tools
tools/scripts/openapi-context-composer.mjs,1,node:crypto,IMPORT_OR_EXPORT,tools
tools/scripts/openapi-context-composer.mjs,2,node:fs,IMPORT_OR_EXPORT,tools
tools/scripts/openapi-context-composer.mjs,3,node:path,IMPORT_OR_EXPORT,tools
tools/scripts/openapi-context-composer.mjs,4,node:util,IMPORT_OR_EXPORT,tools
tools/scripts/openapi-context-composer.mjs,5,node:url,IMPORT_OR_EXPORT,tools
tools/scripts/openapi-context-composer.mjs,6,yaml,IMPORT_OR_EXPORT,tools
tools/scripts/postinstall-generate-clients.mjs,13,node:child_process,IMPORT_OR_EXPORT,tools
tools/scripts/reconcile-operational-diagnostics.mjs,1,node:fs,IMPORT_OR_EXPORT,tools
tools/scripts/reconcile-operational-diagnostics.mjs,2,node:path,IMPORT_OR_EXPORT,tools
tools/scripts/reconcile-operational-diagnostics.mjs,3,node:child_process,IMPORT_OR_EXPORT,tools
tools/scripts/reconcile-operational-diagnostics.mjs,4,node:url,IMPORT_OR_EXPORT,tools
tools/scripts/reconcile-operational-diagnostics.test.mjs,1,node:assert/strict,IMPORT_OR_EXPORT,tools
tools/scripts/reconcile-operational-diagnostics.test.mjs,2,node:test,IMPORT_OR_EXPORT,tools
tools/scripts/reconcile-operational-diagnostics.test.mjs,3,./reconcile-operational-diagnostics.mjs,IMPORT_OR_EXPORT,tools
tools/scripts/run-actionlint.mjs,1,node:child_process,IMPORT_OR_EXPORT,tools
tools/scripts/run-actionlint.mjs,2,node:fs,IMPORT_OR_EXPORT,tools
tools/scripts/run-actionlint.mjs,3,node:path,IMPORT_OR_EXPORT,tools
tools/scripts/run-affected-verification.mjs,1,node:child_process,IMPORT_OR_EXPORT,tools
tools/scripts/run-affected-verification.mjs,2,node:path,IMPORT_OR_EXPORT,tools
tools/scripts/run-affected-verification.mjs,3,node:url,IMPORT_OR_EXPORT,tools
tools/scripts/run-affected-verification.test.mjs,1,node:assert/strict,IMPORT_OR_EXPORT,tools
tools/scripts/run-affected-verification.test.mjs,2,node:test,IMPORT_OR_EXPORT,tools
tools/scripts/run-affected-verification.test.mjs,3,./run-affected-verification.mjs,IMPORT_OR_EXPORT,tools
tools/scripts/run-command-check.mjs,3,node:child_process,IMPORT_OR_EXPORT,tools
tools/scripts/run-conftest.mjs,1,node:child_process,IMPORT_OR_EXPORT,tools
tools/scripts/run-conftest.mjs,2,node:fs,IMPORT_OR_EXPORT,tools
tools/scripts/run-conftest.mjs,3,node:os,IMPORT_OR_EXPORT,tools
tools/scripts/run-conftest.mjs,4,node:path,IMPORT_OR_EXPORT,tools
tools/scripts/run-conftest.mjs,5,./_external-tool-runner.mjs,IMPORT_OR_EXPORT,tools
tools/scripts/run-hadolint.mjs,1,node:fs,IMPORT_OR_EXPORT,tools
tools/scripts/run-hadolint.mjs,2,node:path,IMPORT_OR_EXPORT,tools
tools/scripts/run-hadolint.mjs,3,./_external-tool-runner.mjs,IMPORT_OR_EXPORT,tools
tools/scripts/run-osv-scanner.mjs,1,./_external-tool-runner.mjs,IMPORT_OR_EXPORT,tools
tools/scripts/run-pinact.mjs,1,node:fs,IMPORT_OR_EXPORT,tools
tools/scripts/run-pinact.mjs,2,node:path,IMPORT_OR_EXPORT,tools
tools/scripts/run-pinact.mjs,3,node:url,IMPORT_OR_EXPORT,tools
tools/scripts/run-regal.mjs,1,./_external-tool-runner.mjs,IMPORT_OR_EXPORT,tools
tools/scripts/run-shellcheck.mjs,1,./_external-tool-runner.mjs,IMPORT_OR_EXPORT,tools
tools/scripts/run-trivy.mjs,1,./_external-tool-runner.mjs,IMPORT_OR_EXPORT,tools
tools/scripts/run-tsc-check.mjs,3,node:fs,IMPORT_OR_EXPORT,tools
tools/scripts/run-tsc-check.mjs,4,node:child_process,IMPORT_OR_EXPORT,tools
tools/scripts/run-yamllint.mjs,1,node:fs,IMPORT_OR_EXPORT,tools
tools/scripts/run-yamllint.mjs,2,node:path,IMPORT_OR_EXPORT,tools
tools/scripts/run-yamllint.mjs,3,./_external-tool-runner.mjs,IMPORT_OR_EXPORT,tools
tools/scripts/run-zizmor.mjs,1,node:fs,IMPORT_OR_EXPORT,tools
tools/scripts/run-zizmor.mjs,2,node:path,IMPORT_OR_EXPORT,tools
tools/scripts/run-zizmor.mjs,3,node:child_process,IMPORT_OR_EXPORT,tools
tools/scripts/run-zizmor.mjs,4,./_external-tool-runner.mjs,IMPORT_OR_EXPORT,tools
tools/scripts/serve-swagger.mjs,1,http,IMPORT_OR_EXPORT,tools
tools/scripts/serve-swagger.mjs,2,fs,IMPORT_OR_EXPORT,tools
tools/scripts/serve-swagger.mjs,3,path,IMPORT_OR_EXPORT,tools
tools/scripts/serve-swagger.mjs,4,url,IMPORT_OR_EXPORT,tools
tools/scripts/serve-swagger.mjs,5,child_process,IMPORT_OR_EXPORT,tools
tools/scripts/sync-mobile-apps.mjs,1,node:child_process,IMPORT_OR_EXPORT,tools
tools/scripts/sync-mobile-apps.mjs,2,node:fs,IMPORT_OR_EXPORT,tools
tools/scripts/sync-mobile-apps.mjs,3,node:path,IMPORT_OR_EXPORT,tools
tools/scripts/sync-mobile-apps.mjs,4,./lib/package-manager-invocation.mjs,IMPORT_OR_EXPORT,tools
tools/scripts/sync-mobile-apps.mjs,5,./lib/mobile-app-key.mjs,IMPORT_OR_EXPORT,tools
tools/scripts/sync-mobile-apps.mjs,158,../../../tools/mobile/defineBthwaniExpoApp,IMPORT_OR_EXPORT,tools
tools/scripts/sync-mobile-apps.mjs,166,expo/config,IMPORT_OR_EXPORT,tools
tools/scripts/verify-go-build.mjs,1,node:child_process,IMPORT_OR_EXPORT,tools
tools/scripts/verify-go-build.mjs,2,node:fs,IMPORT_OR_EXPORT,tools
tools/scripts/verify-go-build.mjs,3,node:os,IMPORT_OR_EXPORT,tools
tools/scripts/verify-go-build.mjs,4,node:path,IMPORT_OR_EXPORT,tools
tools/scripts/verify-go-build.mjs,5,node:process,IMPORT_OR_EXPORT,tools
tools/scripts/verify-go-build.mjs,6,node:url,IMPORT_OR_EXPORT,tools
tools/scripts/verify-mobile-prebuild.mjs,1,node:child_process,IMPORT_OR_EXPORT,tools
tools/scripts/verify-mobile-prebuild.mjs,2,node:fs,IMPORT_OR_EXPORT,tools
tools/scripts/verify-mobile-prebuild.mjs,3,node:path,IMPORT_OR_EXPORT,tools
tools/scripts/verify-mobile-prebuild.mjs,4,./lib/package-manager-invocation.mjs,IMPORT_OR_EXPORT,tools
tools/scripts/verify-mobile-sentry-env.mjs,1,node:module,IMPORT_OR_EXPORT,tools
tools/scripts/verify-mobile-sentry-env.mjs,4,../mobile/sentry-env.js,IMPORT_OR_EXPORT,tools
tools/scripts/wlt-openapi-bundle-lib.test.mjs,1,node:assert/strict,IMPORT_OR_EXPORT,tools
tools/scripts/wlt-openapi-bundle-lib.test.mjs,2,node:test,IMPORT_OR_EXPORT,tools
tools/scripts/wlt-openapi-bundle-lib.test.mjs,3,./openapi-context-composer.mjs,IMPORT_OR_EXPORT,tools
tools/verification/catalog-readback-store-media-contract.test.mjs,1,node:assert/strict,IMPORT_OR_EXPORT,tools
tools/verification/catalog-readback-store-media-contract.test.mjs,2,node:fs/promises,IMPORT_OR_EXPORT,tools
tools/verification/catalog-readback-store-media-contract.test.mjs,3,node:test,IMPORT_OR_EXPORT,tools
tools/verification/identity-local-operator_context-bootstrap.test.mjs,1,node:assert/strict,IMPORT_OR_EXPORT,tools
tools/verification/identity-local-operator_context-bootstrap.test.mjs,2,node:fs,IMPORT_OR_EXPORT,tools
tools/verification/identity-local-operator_context-bootstrap.test.mjs,3,node:test,IMPORT_OR_EXPORT,tools
tools/verification/runtime-postgres-bootstrap-retry.test.mjs,1,node:assert/strict,IMPORT_OR_EXPORT,tools
tools/verification/runtime-postgres-bootstrap-retry.test.mjs,2,node:fs/promises,IMPORT_OR_EXPORT,tools
tools/verification/runtime-postgres-bootstrap-retry.test.mjs,3,node:test,IMPORT_OR_EXPORT,tools
