journey_id,slice_id,slice_order,slice_name,canonical_dossier,execution_task_id,status,depends_on,exit_gate,evidence_sha
J001,J001-SL-01,1,Product Truth والنتيجة والثوابت,governance/operational_journey_protocol_package/smsm-dsh-wlt-journeys/01-identity-workforce-platform-providers/J001.md,TASK-0015,BLOCKED_BY_FOUNDATION,FOUNDATION-00,ZERO_APPLICABLE_OPEN_GAPS_AND_SAME_SHA_EVIDENCE,
J001,J001-SL-02,2,Actors وهويات الخدمات,governance/operational_journey_protocol_package/smsm-dsh-wlt-journeys/01-identity-workforce-platform-providers/J001.md,TASK-0015,BLOCKED_BY_FOUNDATION,J001-SL-01,ZERO_APPLICABLE_OPEN_GAPS_AND_SAME_SHA_EVIDENCE,
J001,J001-SL-03,3,التبعيات وشروط الدخول والخروج,governance/operational_journey_protocol_package/smsm-dsh-wlt-journeys/01-identity-workforce-platform-providers/J001.md,TASK-0015,BLOCKED_BY_FOUNDATION,J001-SL-02,ZERO_APPLICABLE_OPEN_GAPS_AND_SAME_SHA_EVIDENCE,
J001,J001-SL-04,4,Identity/session/device,governance/operational_journey_protocol_package/smsm-dsh-wlt-journeys/01-identity-workforce-platform-providers/J001.md,TASK-0015,BLOCKED_BY_FOUNDATION,J001-SL-03,ZERO_APPLICABLE_OPEN_GAPS_AND_SAME_SHA_EVIDENCE,
J001,J001-SL-05,5,Permission/trusted scope/object authorization,governance/operational_journey_protocol_package/smsm-dsh-wlt-journeys/01-identity-workforce-platform-providers/J001.md,TASK-0015,BLOCKED_BY_FOUNDATION,J001-SL-04,ZERO_APPLICABLE_OPEN_GAPS_AND_SAME_SHA_EVIDENCE,
J001,J001-SL-06,6,Entrypoints/routes/deep links/navigation,governance/operational_journey_protocol_package/smsm-dsh-wlt-journeys/01-identity-workforce-platform-providers/J001.md,TASK-0015,BLOCKED_BY_FOUNDATION,J001-SL-05,ZERO_APPLICABLE_OPEN_GAPS_AND_SAME_SHA_EVIDENCE,
J001,J001-SL-07,7,Screens/pages/tabs/buttons/icons/forms,governance/operational_journey_protocol_package/smsm-dsh-wlt-journeys/01-identity-workforce-platform-providers/J001.md,TASK-0015,BLOCKED_BY_FOUNDATION,J001-SL-06,ZERO_APPLICABLE_OPEN_GAPS_AND_SAME_SHA_EVIDENCE,
J001,J001-SL-08,8,Shared brain/view model/visible states,governance/operational_journey_protocol_package/smsm-dsh-wlt-journeys/01-identity-workforce-platform-providers/J001.md,TASK-0015,BLOCKED_BY_FOUNDATION,J001-SL-07,ZERO_APPLICABLE_OPEN_GAPS_AND_SAME_SHA_EVIDENCE,
J001,J001-SL-09,9,OpenAPI/error/security/idempotency,governance/operational_journey_protocol_package/smsm-dsh-wlt-journeys/01-identity-workforce-platform-providers/J001.md,TASK-0015,BLOCKED_BY_FOUNDATION,J001-SL-08,ZERO_APPLICABLE_OPEN_GAPS_AND_SAME_SHA_EVIDENCE,
J001,J001-SL-10,10,Generated clients/transports,governance/operational_journey_protocol_package/smsm-dsh-wlt-journeys/01-identity-workforce-platform-providers/J001.md,TASK-0015,BLOCKED_BY_FOUNDATION,J001-SL-09,ZERO_APPLICABLE_OPEN_GAPS_AND_SAME_SHA_EVIDENCE,
J001,J001-SL-11,11,Backend handler/domain/repository,governance/operational_journey_protocol_package/smsm-dsh-wlt-journeys/01-identity-workforce-platform-providers/J001.md,TASK-0015,BLOCKED_BY_FOUNDATION,J001-SL-10,ZERO_APPLICABLE_OPEN_GAPS_AND_SAME_SHA_EVIDENCE,
J001,J001-SL-12,12,State machine/allowed actions,governance/operational_journey_protocol_package/smsm-dsh-wlt-journeys/01-identity-workforce-platform-providers/J001.md,TASK-0015,BLOCKED_BY_FOUNDATION,J001-SL-11,ZERO_APPLICABLE_OPEN_GAPS_AND_SAME_SHA_EVIDENCE,
J001,J001-SL-13,13,Database/migrations/constraints/indexes,governance/operational_journey_protocol_package/smsm-dsh-wlt-journeys/01-identity-workforce-platform-providers/J001.md,TASK-0015,BLOCKED_BY_FOUNDATION,J001-SL-12,ZERO_APPLICABLE_OPEN_GAPS_AND_SAME_SHA_EVIDENCE,
J001,J001-SL-14,14,Events/outbox/inbox/jobs/DLQ,governance/operational_journey_protocol_package/smsm-dsh-wlt-journeys/01-identity-workforce-platform-providers/J001.md,TASK-0015,BLOCKED_BY_FOUNDATION,J001-SL-13,ZERO_APPLICABLE_OPEN_GAPS_AND_SAME_SHA_EVIDENCE,
J001,J001-SL-15,15,Media/providers/cache/search,governance/operational_journey_protocol_package/smsm-dsh-wlt-journeys/01-identity-workforce-platform-providers/J001.md,TASK-0015,BLOCKED_BY_FOUNDATION,J001-SL-14,ZERO_APPLICABLE_OPEN_GAPS_AND_SAME_SHA_EVIDENCE,
J001,J001-SL-16,16,DSH↔WLT financial boundary,governance/operational_journey_protocol_package/smsm-dsh-wlt-journeys/01-identity-workforce-platform-providers/J001.md,TASK-0015,BLOCKED_BY_FOUNDATION,J001-SL-15,ZERO_APPLICABLE_OPEN_GAPS_AND_SAME_SHA_EVIDENCE,
J001,J001-SL-17,17,Concurrency/idempotency/unknown result,governance/operational_journey_protocol_package/smsm-dsh-wlt-journeys/01-identity-workforce-platform-providers/J001.md,TASK-0015,BLOCKED_BY_FOUNDATION,J001-SL-16,ZERO_APPLICABLE_OPEN_GAPS_AND_SAME_SHA_EVIDENCE,
J001,J001-SL-18,18,Offline/retry/recovery,governance/operational_journey_protocol_package/smsm-dsh-wlt-journeys/01-identity-workforce-platform-providers/J001.md,TASK-0015,BLOCKED_BY_FOUNDATION,J001-SL-17,ZERO_APPLICABLE_OPEN_GAPS_AND_SAME_SHA_EVIDENCE,
J001,J001-SL-19,19,Cross-surface readback,governance/operational_journey_protocol_package/smsm-dsh-wlt-journeys/01-identity-workforce-platform-providers/J001.md,TASK-0015,BLOCKED_BY_FOUNDATION,J001-SL-18,ZERO_APPLICABLE_OPEN_GAPS_AND_SAME_SHA_EVIDENCE,
J001,J001-SL-20,20,Security/privacy/negative tests,governance/operational_journey_protocol_package/smsm-dsh-wlt-journeys/01-identity-workforce-platform-providers/J001.md,TASK-0015,BLOCKED_BY_FOUNDATION,J001-SL-19,ZERO_APPLICABLE_OPEN_GAPS_AND_SAME_SHA_EVIDENCE,
J001,J001-SL-21,21,Audit/observability/performance,governance/operational_journey_protocol_package/smsm-dsh-wlt-journeys/01-identity-workforce-platform-providers/J001.md,TASK-0015,BLOCKED_BY_FOUNDATION,J001-SL-20,ZERO_APPLICABLE_OPEN_GAPS_AND_SAME_SHA_EVIDENCE,
J001,J001-SL-22,22,Accessibility/RTL/localization,governance/operational_journey_protocol_package/smsm-dsh-wlt-journeys/01-identity-workforce-platform-providers/J001.md,TASK-0015,BLOCKED_BY_FOUNDATION,J001-SL-21,ZERO_APPLICABLE_OPEN_GAPS_AND_SAME_SHA_EVIDENCE,
J001,J001-SL-23,23,Manual operational acceptance,governance/operational_journey_protocol_package/smsm-dsh-wlt-journeys/01-identity-workforce-platform-providers/J001.md,TASK-0015,BLOCKED_BY_FOUNDATION,J001-SL-22,ZERO_APPLICABLE_OPEN_GAPS_AND_SAME_SHA_EVIDENCE,
J001,J001-SL-24,24,Cleanup/same-SHA evidence/closure,governance/operational_journey_protocol_package/smsm-dsh-wlt-journeys/01-identity-workforce-platform-providers/J001.md,TASK-0015,BLOCKED_BY_FOUNDATION,J001-SL-23,ZERO_APPLICABLE_OPEN_GAPS_AND_SAME_SHA_EVIDENCE,
J002,J002-SL-01,1,Product Truth والنتيجة والثوابت,governance/operational_journey_protocol_package/smsm-dsh-wlt-journeys/01-identity-workforce-platform-providers/J002.md,TASK-0015,BLOCKED_BY_FOUNDATION,FOUNDATION-00,ZERO_APPLICABLE_OPEN_GAPS_AND_SAME_SHA_EVIDENCE,
J002,J002-SL-02,2,Actors وهويات الخدمات,governance/operational_journey_protocol_package/smsm-dsh-wlt-journeys/01-identity-workforce-platform-providers/J002.md,TASK-0015,BLOCKED_BY_FOUNDATION,J002-SL-01,ZERO_APPLICABLE_OPEN_GAPS_AND_SAME_SHA_EVIDENCE,
J002,J002-SL-03,3,التبعيات وشروط الدخول والخروج,governance/operational_journey_protocol_package/smsm-dsh-wlt-journeys/01-identity-workforce-platform-providers/J002.md,TASK-0015,BLOCKED_BY_FOUNDATION,J002-SL-02,ZERO_APPLICABLE_OPEN_GAPS_AND_SAME_SHA_EVIDENCE,
J002,J002-SL-04,4,Identity/session/device,governance/operational_journey_protocol_package/smsm-dsh-wlt-journeys/01-identity-workforce-platform-providers/J002.md,TASK-0015,BLOCKED_BY_FOUNDATION,J002-SL-03,ZERO_APPLICABLE_OPEN_GAPS_AND_SAME_SHA_EVIDENCE,
J002,J002-SL-05,5,Permission/trusted scope/object authorization,governance/operational_journey_protocol_package/smsm-dsh-wlt-journeys/01-identity-workforce-platform-providers/J002.md,TASK-0015,BLOCKED_BY_FOUNDATION,J002-SL-04,ZERO_APPLICABLE_OPEN_GAPS_AND_SAME_SHA_EVIDENCE,
J002,J002-SL-06,6,Entrypoints/routes/deep links/navigation,governance/operational_journey_protocol_package/smsm-dsh-wlt-journeys/01-identity-workforce-platform-providers/J002.md,TASK-0015,BLOCKED_BY_FOUNDATION,J002-SL-05,ZERO_APPLICABLE_OPEN_GAPS_AND_SAME_SHA_EVIDENCE,
J002,J002-SL-07,7,Screens/pages/tabs/buttons/icons/forms,governance/operational_journey_protocol_package/smsm-dsh-wlt-journeys/01-identity-workforce-platform-providers/J002.md,TASK-0015,BLOCKED_BY_FOUNDATION,J002-SL-06,ZERO_APPLICABLE_OPEN_GAPS_AND_SAME_SHA_EVIDENCE,
J002,J002-SL-08,8,Shared brain/view model/visible states,governance/operational_journey_protocol_package/smsm-dsh-wlt-journeys/01-identity-workforce-platform-providers/J002.md,TASK-0015,BLOCKED_BY_FOUNDATION,J002-SL-07,ZERO_APPLICABLE_OPEN_GAPS_AND_SAME_SHA_EVIDENCE,
J002,J002-SL-09,9,OpenAPI/error/security/idempotency,governance/operational_journey_protocol_package/smsm-dsh-wlt-journeys/01-identity-workforce-platform-providers/J002.md,TASK-0015,BLOCKED_BY_FOUNDATION,J002-SL-08,ZERO_APPLICABLE_OPEN_GAPS_AND_SAME_SHA_EVIDENCE,
J002,J002-SL-10,10,Generated clients/transports,governance/operational_journey_protocol_package/smsm-dsh-wlt-journeys/01-identity-workforce-platform-providers/J002.md,TASK-0015,BLOCKED_BY_FOUNDATION,J002-SL-09,ZERO_APPLICABLE_OPEN_GAPS_AND_SAME_SHA_EVIDENCE,
J002,J002-SL-11,11,Backend handler/domain/repository,governance/operational_journey_protocol_package/smsm-dsh-wlt-journeys/01-identity-workforce-platform-providers/J002.md,TASK-0015,BLOCKED_BY_FOUNDATION,J002-SL-10,ZERO_APPLICABLE_OPEN_GAPS_AND_SAME_SHA_EVIDENCE,
J002,J002-SL-12,12,State machine/allowed actions,governance/operational_journey_protocol_package/smsm-dsh-wlt-journeys/01-identity-workforce-platform-providers/J002.md,TASK-0015,BLOCKED_BY_FOUNDATION,J002-SL-11,ZERO_APPLICABLE_OPEN_GAPS_AND_SAME_SHA_EVIDENCE,
J002,J002-SL-13,13,Database/migrations/constraints/indexes,governance/operational_journey_protocol_package/smsm-dsh-wlt-journeys/01-identity-workforce-platform-providers/J002.md,TASK-0015,BLOCKED_BY_FOUNDATION,J002-SL-12,ZERO_APPLICABLE_OPEN_GAPS_AND_SAME_SHA_EVIDENCE,
J002,J002-SL-14,14,Events/outbox/inbox/jobs/DLQ,governance/operational_journey_protocol_package/smsm-dsh-wlt-journeys/01-identity-workforce-platform-providers/J002.md,TASK-0015,BLOCKED_BY_FOUNDATION,J002-SL-13,ZERO_APPLICABLE_OPEN_GAPS_AND_SAME_SHA_EVIDENCE,
J002,J002-SL-15,15,Media/providers/cache/search,governance/operational_journey_protocol_package/smsm-dsh-wlt-journeys/01-identity-workforce-platform-providers/J002.md,TASK-0015,BLOCKED_BY_FOUNDATION,J002-SL-14,ZERO_APPLICABLE_OPEN_GAPS_AND_SAME_SHA_EVIDENCE,
J002,J002-SL-16,16,DSH↔WLT financial boundary,governance/operational_journey_protocol_package/smsm-dsh-wlt-journeys/01-identity-workforce-platform-providers/J002.md,TASK-0015,BLOCKED_BY_FOUNDATION,J002-SL-15,ZERO_APPLICABLE_OPEN_GAPS_AND_SAME_SHA_EVIDENCE,
J002,J002-SL-17,17,Concurrency/idempotency/unknown result,governance/operational_journey_protocol_package/smsm-dsh-wlt-journeys/01-identity-workforce-platform-providers/J002.md,TASK-0015,BLOCKED_BY_FOUNDATION,J002-SL-16,ZERO_APPLICABLE_OPEN_GAPS_AND_SAME_SHA_EVIDENCE,
J002,J002-SL-18,18,Offline/retry/recovery,governance/operational_journey_protocol_package/smsm-dsh-wlt-journeys/01-identity-workforce-platform-providers/J002.md,TASK-0015,BLOCKED_BY_FOUNDATION,J002-SL-17,ZERO_APPLICABLE_OPEN_GAPS_AND_SAME_SHA_EVIDENCE,
J002,J002-SL-19,19,Cross-surface readback,governance/operational_journey_protocol_package/smsm-dsh-wlt-journeys/01-identity-workforce-platform-providers/J002.md,TASK-0015,BLOCKED_BY_FOUNDATION,J002-SL-18,ZERO_APPLICABLE_OPEN_GAPS_AND_SAME_SHA_EVIDENCE,
J002,J002-SL-20,20,Security/privacy/negative tests,governance/operational_journey_protocol_package/smsm-dsh-wlt-journeys/01-identity-workforce-platform-providers/J002.md,TASK-0015,BLOCKED_BY_FOUNDATION,J002-SL-19,ZERO_APPLICABLE_OPEN_GAPS_AND_SAME_SHA_EVIDENCE,
J002,J002-SL-21,21,Audit/observability/performance,governance/operational_journey_protocol_package/smsm-dsh-wlt-journeys/01-identity-workforce-platform-providers/J002.md,TASK-0015,BLOCKED_BY_FOUNDATION,J002-SL-20,ZERO_APPLICABLE_OPEN_GAPS_AND_SAME_SHA_EVIDENCE,
J002,J002-SL-22,22,Accessibility/RTL/localization,governance/operational_journey_protocol_package/smsm-dsh-wlt-journeys/01-identity-workforce-platform-providers/J002.md,TASK-0015,BLOCKED_BY_FOUNDATION,J002-SL-21,ZERO_APPLICABLE_OPEN_GAPS_AND_SAME_SHA_EVIDENCE,
J002,J002-SL-23,23,Manual operational acceptance,governance/operational_journey_protocol_package/smsm-dsh-wlt-journeys/01-identity-workforce-platform-providers/J002.md,TASK-0015,BLOCKED_BY_FOUNDATION,J002-SL-22,ZERO_APPLICABLE_OPEN_GAPS_AND_SAME_SHA_EVIDENCE,
J002,J002-SL-24,24,Cleanup/same-SHA evidence/closure,governance/operational_journey_protocol_package/smsm-dsh-wlt-journeys/01-identity-workforce-platform-providers/J002.md,TASK-0015,BLOCKED_BY_FOUNDATION,J002-SL-23,ZERO_APPLICABLE_OPEN_GAPS_AND_SAME_SHA_EVIDENCE,
J003,J003-SL-01,1,Product Truth والنتيجة والثوابت,governance/operational_journey_protocol_package/smsm-dsh-wlt-journeys/01-identity-workforce-platform-providers/J003.md,TASK-0015,BLOCKED_BY_FOUNDATION,FOUNDATION-00,ZERO_APPLICABLE_OPEN_GAPS_AND_SAME_SHA_EVIDENCE,
J003,J003-SL-02,2,Actors وهويات الخدمات,governance/operational_journey_protocol_package/smsm-dsh-wlt-journeys/01-identity-workforce-platform-providers/J003.md,TASK-0015,BLOCKED_BY_FOUNDATION,J003-SL-01,ZERO_APPLICABLE_OPEN_GAPS_AND_SAME_SHA_EVIDENCE,
J003,J003-SL-03,3,التبعيات وشروط الدخول والخروج,governance/operational_journey_protocol_package/smsm-dsh-wlt-journeys/01-identity-workforce-platform-providers/J003.md,TASK-0015,BLOCKED_BY_FOUNDATION,J003-SL-02,ZERO_APPLICABLE_OPEN_GAPS_AND_SAME_SHA_EVIDENCE,
J003,J003-SL-04,4,Identity/session/device,governance/operational_journey_protocol_package/smsm-dsh-wlt-journeys/01-identity-workforce-platform-providers/J003.md,TASK-0015,BLOCKED_BY_FOUNDATION,J003-SL-03,ZERO_APPLICABLE_OPEN_GAPS_AND_SAME_SHA_EVIDENCE,
J003,J003-SL-05,5,Permission/trusted scope/object authorization,governance/operational_journey_protocol_package/smsm-dsh-wlt-journeys/01-identity-workforce-platform-providers/J003.md,TASK-0015,BLOCKED_BY_FOUNDATION,J003-SL-04,ZERO_APPLICABLE_OPEN_GAPS_AND_SAME_SHA_EVIDENCE,
J003,J003-SL-06,6,Entrypoints/routes/deep links/navigation,governance/operational_journey_protocol_package/smsm-dsh-wlt-journeys/01-identity-workforce-platform-providers/J003.md,TASK-0015,BLOCKED_BY_FOUNDATION,J003-SL-05,ZERO_APPLICABLE_OPEN_GAPS_AND_SAME_SHA_EVIDENCE,
J003,J003-SL-07,7,Screens/pages/tabs/buttons/icons/forms,governance/operational_journey_protocol_package/smsm-dsh-wlt-journeys/01-identity-workforce-platform-providers/J003.md,TASK-0015,BLOCKED_BY_FOUNDATION,J003-SL-06,ZERO_APPLICABLE_OPEN_GAPS_AND_SAME_SHA_EVIDENCE,
J003,J003-SL-08,8,Shared brain/view model/visible states,governance/operational_journey_protocol_package/smsm-dsh-wlt-journeys/01-identity-workforce-platform-providers/J003.md,TASK-0015,BLOCKED_BY_FOUNDATION,J003-SL-07,ZERO_APPLICABLE_OPEN_GAPS_AND_SAME_SHA_EVIDENCE,
J003,J003-SL-09,9,OpenAPI/error/security/idempotency,governance/operational_journey_protocol_package/smsm-dsh-wlt-journeys/01-identity-workforce-platform-providers/J003.md,TASK-0015,BLOCKED_BY_FOUNDATION,J003-SL-08,ZERO_APPLICABLE_OPEN_GAPS_AND_SAME_SHA_EVIDENCE,
J003,J003-SL-10,10,Generated clients/transports,governance/operational_journey_protocol_package/smsm-dsh-wlt-journeys/01-identity-workforce-platform-providers/J003.md,TASK-0015,BLOCKED_BY_FOUNDATION,J003-SL-09,ZERO_APPLICABLE_OPEN_GAPS_AND_SAME_SHA_EVIDENCE,
J003,J003-SL-11,11,Backend handler/domain/repository,governance/operational_journey_protocol_package/smsm-dsh-wlt-journeys/01-identity-workforce-platform-providers/J003.md,TASK-0015,BLOCKED_BY_FOUNDATION,J003-SL-10,ZERO_APPLICABLE_OPEN_GAPS_AND_SAME_SHA_EVIDENCE,
J003,J003-SL-12,12,State machine/allowed actions,governance/operational_journey_protocol_package/smsm-dsh-wlt-journeys/01-identity-workforce-platform-providers/J003.md,TASK-0015,BLOCKED_BY_FOUNDATION,J003-SL-11,ZERO_APPLICABLE_OPEN_GAPS_AND_SAME_SHA_EVIDENCE,
J003,J003-SL-13,13,Database/migrations/constraints/indexes,governance/operational_journey_protocol_package/smsm-dsh-wlt-journeys/01-identity-workforce-platform-providers/J003.md,TASK-0015,BLOCKED_BY_FOUNDATION,J003-SL-12,ZERO_APPLICABLE_OPEN_GAPS_AND_SAME_SHA_EVIDENCE,
J003,J003-SL-14,14,Events/outbox/inbox/jobs/DLQ,governance/operational_journey_protocol_package/smsm-dsh-wlt-journeys/01-identity-workforce-platform-providers/J003.md,TASK-0015,BLOCKED_BY_FOUNDATION,J003-SL-13,ZERO_APPLICABLE_OPEN_GAPS_AND_SAME_SHA_EVIDENCE,
J003,J003-SL-15,15,Media/providers/cache/search,governance/operational_journey_protocol_package/smsm-dsh-wlt-journeys/01-identity-workforce-platform-providers/J003.md,TASK-0015,BLOCKED_BY_FOUNDATION,J003-SL-14,ZERO_APPLICABLE_OPEN_GAPS_AND_SAME_SHA_EVIDENCE,
J003,J003-SL-16,16,DSH↔WLT financial boundary,governance/operational_journey_protocol_package/smsm-dsh-wlt-journeys/01-identity-workforce-platform-providers/J003.md,TASK-0015,BLOCKED_BY_FOUNDATION,J003-SL-15,ZERO_APPLICABLE_OPEN_GAPS_AND_SAME_SHA_EVIDENCE,
J003,J003-SL-17,17,Concurrency/idempotency/unknown result,governance/operational_journey_protocol_package/smsm-dsh-wlt-journeys/01-identity-workforce-platform-providers/J003.md,TASK-0015,BLOCKED_BY_FOUNDATION,J003-SL-16,ZERO_APPLICABLE_OPEN_GAPS_AND_SAME_SHA_EVIDENCE,
J003,J003-SL-18,18,Offline/retry/recovery,governance/operational_journey_protocol_package/smsm-dsh-wlt-journeys/01-identity-workforce-platform-providers/J003.md,TASK-0015,BLOCKED_BY_FOUNDATION,J003-SL-17,ZERO_APPLICABLE_OPEN_GAPS_AND_SAME_SHA_EVIDENCE,
J003,J003-SL-19,19,Cross-surface readback,governance/operational_journey_protocol_package/smsm-dsh-wlt-journeys/01-identity-workforce-platform-providers/J003.md,TASK-0015,BLOCKED_BY_FOUNDATION,J003-SL-18,ZERO_APPLICABLE_OPEN_GAPS_AND_SAME_SHA_EVIDENCE,
J003,J003-SL-20,20,Security/privacy/negative tests,governance/operational_journey_protocol_package/smsm-dsh-wlt-journeys/01-identity-workforce-platform-providers/J003.md,TASK-0015,BLOCKED_BY_FOUNDATION,J003-SL-19,ZERO_APPLICABLE_OPEN_GAPS_AND_SAME_SHA_EVIDENCE,
J003,J003-SL-21,21,Audit/observability/performance,governance/operational_journey_protocol_package/smsm-dsh-wlt-journeys/01-identity-workforce-platform-providers/J003.md,TASK-0015,BLOCKED_BY_FOUNDATION,J003-SL-20,ZERO_APPLICABLE_OPEN_GAPS_AND_SAME_SHA_EVIDENCE,
J003,J003-SL-22,22,Accessibility/RTL/localization,governance/operational_journey_protocol_package/smsm-dsh-wlt-journeys/01-identity-workforce-platform-providers/J003.md,TASK-0015,BLOCKED_BY_FOUNDATION,J003-SL-21,ZERO_APPLICABLE_OPEN_GAPS_AND_SAME_SHA_EVIDENCE,
J003,J003-SL-23,23,Manual operational acceptance,governance/operational_journey_protocol_package/smsm-dsh-wlt-journeys/01-identity-workforce-platform-providers/J003.md,TASK-0015,BLOCKED_BY_FOUNDATION,J003-SL-22,ZERO_APPLICABLE_OPEN_GAPS_AND_SAME_SHA_EVIDENCE,
J003,J003-SL-24,24,Cleanup/same-SHA evidence/closure,governance/operational_journey_protocol_package/smsm-dsh-wlt-journeys/01-identity-workforce-platform-providers/J003.md,TASK-0015,BLOCKED_BY_FOUNDATION,J003-SL-23,ZERO_APPLICABLE_OPEN_GAPS_AND_SAME_SHA_EVIDENCE,
J004,J004-SL-01,1,Product Truth والنتيجة والثوابت,governance/operational_journey_protocol_package/smsm-dsh-wlt-journeys/01-identity-workforce-platform-providers/J004.md,TASK-0015,BLOCKED_BY_FOUNDATION,FOUNDATION-00,ZERO_APPLICABLE_OPEN_GAPS_AND_SAME_SHA_EVIDENCE,
J004,J004-SL-02,2,Actors وهويات الخدمات,governance/operational_journey_protocol_package/smsm-dsh-wlt-journeys/01-identity-workforce-platform-providers/J004.md,TASK-0015,BLOCKED_BY_FOUNDATION,J004-SL-01,ZERO_APPLICABLE_OPEN_GAPS_AND_SAME_SHA_EVIDENCE,
J004,J004-SL-03,3,التبعيات وشروط الدخول والخروج,governance/operational_journey_protocol_package/smsm-dsh-wlt-journeys/01-identity-workforce-platform-providers/J004.md,TASK-0015,BLOCKED_BY_FOUNDATION,J004-SL-02,ZERO_APPLICABLE_OPEN_GAPS_AND_SAME_SHA_EVIDENCE,
J004,J004-SL-04,4,Identity/session/device,governance/operational_journey_protocol_package/smsm-dsh-wlt-journeys/01-identity-workforce-platform-providers/J004.md,TASK-0015,BLOCKED_BY_FOUNDATION,J004-SL-03,ZERO_APPLICABLE_OPEN_GAPS_AND_SAME_SHA_EVIDENCE,
J004,J004-SL-05,5,Permission/trusted scope/object authorization,governance/operational_journey_protocol_package/smsm-dsh-wlt-journeys/01-identity-workforce-platform-providers/J004.md,TASK-0015,BLOCKED_BY_FOUNDATION,J004-SL-04,ZERO_APPLICABLE_OPEN_GAPS_AND_SAME_SHA_EVIDENCE,
J004,J004-SL-06,6,Entrypoints/routes/deep links/navigation,governance/operational_journey_protocol_package/smsm-dsh-wlt-journeys/01-identity-workforce-platform-providers/J004.md,TASK-0015,BLOCKED_BY_FOUNDATION,J004-SL-05,ZERO_APPLICABLE_OPEN_GAPS_AND_SAME_SHA_EVIDENCE,
J004,J004-SL-07,7,Screens/pages/tabs/buttons/icons/forms,governance/operational_journey_protocol_package/smsm-dsh-wlt-journeys/01-identity-workforce-platform-providers/J004.md,TASK-0015,BLOCKED_BY_FOUNDATION,J004-SL-06,ZERO_APPLICABLE_OPEN_GAPS_AND_SAME_SHA_EVIDENCE,
J004,J004-SL-08,8,Shared brain/view model/visible states,governance/operational_journey_protocol_package/smsm-dsh-wlt-journeys/01-identity-workforce-platform-providers/J004.md,TASK-0015,BLOCKED_BY_FOUNDATION,J004-SL-07,ZERO_APPLICABLE_OPEN_GAPS_AND_SAME_SHA_EVIDENCE,
J004,J004-SL-09,9,OpenAPI/error/security/idempotency,governance/operational_journey_protocol_package/smsm-dsh-wlt-journeys/01-identity-workforce-platform-providers/J004.md,TASK-0015,BLOCKED_BY_FOUNDATION,J004-SL-08,ZERO_APPLICABLE_OPEN_GAPS_AND_SAME_SHA_EVIDENCE,
J004,J004-SL-10,10,Generated clients/transports,governance/operational_journey_protocol_package/smsm-dsh-wlt-journeys/01-identity-workforce-platform-providers/J004.md,TASK-0015,BLOCKED_BY_FOUNDATION,J004-SL-09,ZERO_APPLICABLE_OPEN_GAPS_AND_SAME_SHA_EVIDENCE,
J004,J004-SL-11,11,Backend handler/domain/repository,governance/operational_journey_protocol_package/smsm-dsh-wlt-journeys/01-identity-workforce-platform-providers/J004.md,TASK-0015,BLOCKED_BY_FOUNDATION,J004-SL-10,ZERO_APPLICABLE_OPEN_GAPS_AND_SAME_SHA_EVIDENCE,
J004,J004-SL-12,12,State machine/allowed actions,governance/operational_journey_protocol_package/smsm-dsh-wlt-journeys/01-identity-workforce-platform-providers/J004.md,TASK-0015,BLOCKED_BY_FOUNDATION,J004-SL-11,ZERO_APPLICABLE_OPEN_GAPS_AND_SAME_SHA_EVIDENCE,
J004,J004-SL-13,13,Database/migrations/constraints/indexes,governance/operational_journey_protocol_package/smsm-dsh-wlt-journeys/01-identity-workforce-platform-providers/J004.md,TASK-0015,BLOCKED_BY_FOUNDATION,J004-SL-12,ZERO_APPLICABLE_OPEN_GAPS_AND_SAME_SHA_EVIDENCE,
J004,J004-SL-14,14,Events/outbox/inbox/jobs/DLQ,governance/operational_journey_protocol_package/smsm-dsh-wlt-journeys/01-identity-workforce-platform-providers/J004.md,TASK-0015,BLOCKED_BY_FOUNDATION,J004-SL-13,ZERO_APPLICABLE_OPEN_GAPS_AND_SAME_SHA_EVIDENCE,
J004,J004-SL-15,15,Media/providers/cache/search,governance/operational_journey_protocol_package/smsm-dsh-wlt-journeys/01-identity-workforce-platform-providers/J004.md,TASK-0015,BLOCKED_BY_FOUNDATION,J004-SL-14,ZERO_APPLICABLE_OPEN_GAPS_AND_SAME_SHA_EVIDENCE,
J004,J004-SL-16,16,DSH↔WLT financial boundary,governance/operational_journey_protocol_package/smsm-dsh-wlt-journeys/01-identity-workforce-platform-providers/J004.md,TASK-0015,BLOCKED_BY_FOUNDATION,J004-SL-15,ZERO_APPLICABLE_OPEN_GAPS_AND_SAME_SHA_EVIDENCE,
J004,J004-SL-17,17,Concurrency/idempotency/unknown result,governance/operational_journey_protocol_package/smsm-dsh-wlt-journeys/01-identity-workforce-platform-providers/J004.md,TASK-0015,BLOCKED_BY_FOUNDATION,J004-SL-16,ZERO_APPLICABLE_OPEN_GAPS_AND_SAME_SHA_EVIDENCE,
J004,J004-SL-18,18,Offline/retry/recovery,governance/operational_journey_protocol_package/smsm-dsh-wlt-journeys/01-identity-workforce-platform-providers/J004.md,TASK-0015,BLOCKED_BY_FOUNDATION,J004-SL-17,ZERO_APPLICABLE_OPEN_GAPS_AND_SAME_SHA_EVIDENCE,
J004,J004-SL-19,19,Cross-surface readback,governance/operational_journey_protocol_package/smsm-dsh-wlt-journeys/01-identity-workforce-platform-providers/J004.md,TASK-0015,BLOCKED_BY_FOUNDATION,J004-SL-18,ZERO_APPLICABLE_OPEN_GAPS_AND_SAME_SHA_EVIDENCE,
J004,J004-SL-20,20,Security/privacy/negative tests,governance/operational_journey_protocol_package/smsm-dsh-wlt-journeys/01-identity-workforce-platform-providers/J004.md,TASK-0015,BLOCKED_BY_FOUNDATION,J004-SL-19,ZERO_APPLICABLE_OPEN_GAPS_AND_SAME_SHA_EVIDENCE,
J004,J004-SL-21,21,Audit/observability/performance,governance/operational_journey_protocol_package/smsm-dsh-wlt-journeys/01-identity-workforce-platform-providers/J004.md,TASK-0015,BLOCKED_BY_FOUNDATION,J004-SL-20,ZERO_APPLICABLE_OPEN_GAPS_AND_SAME_SHA_EVIDENCE,
J004,J004-SL-22,22,Accessibility/RTL/localization,governance/operational_journey_protocol_package/smsm-dsh-wlt-journeys/01-identity-workforce-platform-providers/J004.md,TASK-0015,BLOCKED_BY_FOUNDATION,J004-SL-21,ZERO_APPLICABLE_OPEN_GAPS_AND_SAME_SHA_EVIDENCE,
J004,J004-SL-23,23,Manual operational acceptance,governance/operational_journey_protocol_package/smsm-dsh-wlt-journeys/01-identity-workforce-platform-providers/J004.md,TASK-0015,BLOCKED_BY_FOUNDATION,J004-SL-22,ZERO_APPLICABLE_OPEN_GAPS_AND_SAME_SHA_EVIDENCE,
J004,J004-SL-24,24,Cleanup/same-SHA evidence/closure,governance/operational_journey_protocol_package/smsm-dsh-wlt-journeys/01-identity-workforce-platform-providers/J004.md,TASK-0015,BLOCKED_BY_FOUNDATION,J004-SL-23,ZERO_APPLICABLE_OPEN_GAPS_AND_SAME_SHA_EVIDENCE,
J005,J005-SL-01,1,Product Truth والنتيجة والثوابت,governance/operational_journey_protocol_package/smsm-dsh-wlt-journeys/01-identity-workforce-platform-providers/J005.md,TASK-0015,BLOCKED_BY_FOUNDATION,FOUNDATION-00,ZERO_APPLICABLE_OPEN_GAPS_AND_SAME_SHA_EVIDENCE,
J005,J005-SL-02,2,Actors وهويات الخدمات,governance/operational_journey_protocol_package/smsm-dsh-wlt-journeys/01-identity-workforce-platform-providers/J005.md,TASK-0015,BLOCKED_BY_FOUNDATION,J005-SL-01,ZERO_APPLICABLE_OPEN_GAPS_AND_SAME_SHA_EVIDENCE,
J005,J005-SL-03,3,التبعيات وشروط الدخول والخروج,governance/operational_journey_protocol_package/smsm-dsh-wlt-journeys/01-identity-workforce-platform-providers/J005.md,TASK-0015,BLOCKED_BY_FOUNDATION,J005-SL-02,ZERO_APPLICABLE_OPEN_GAPS_AND_SAME_SHA_EVIDENCE,
J005,J005-SL-04,4,Identity/session/device,governance/operational_journey_protocol_package/smsm-dsh-wlt-journeys/01-identity-workforce-platform-providers/J005.md,TASK-0015,BLOCKED_BY_FOUNDATION,J005-SL-03,ZERO_APPLICABLE_OPEN_GAPS_AND_SAME_SHA_EVIDENCE,
J005,J005-SL-05,5,Permission/trusted scope/object authorization,governance/operational_journey_protocol_package/smsm-dsh-wlt-journeys/01-identity-workforce-platform-providers/J005.md,TASK-0015,BLOCKED_BY_FOUNDATION,J005-SL-04,ZERO_APPLICABLE_OPEN_GAPS_AND_SAME_SHA_EVIDENCE,
J005,J005-SL-06,6,Entrypoints/routes/deep links/navigation,governance/operational_journey_protocol_package/smsm-dsh-wlt-journeys/01-identity-workforce-platform-providers/J005.md,TASK-0015,BLOCKED_BY_FOUNDATION,J005-SL-05,ZERO_APPLICABLE_OPEN_GAPS_AND_SAME_SHA_EVIDENCE,
J005,J005-SL-07,7,Screens/pages/tabs/buttons/icons/forms,governance/operational_journey_protocol_package/smsm-dsh-wlt-journeys/01-identity-workforce-platform-providers/J005.md,TASK-0015,BLOCKED_BY_FOUNDATION,J005-SL-06,ZERO_APPLICABLE_OPEN_GAPS_AND_SAME_SHA_EVIDENCE,
J005,J005-SL-08,8,Shared brain/view model/visible states,governance/operational_journey_protocol_package/smsm-dsh-wlt-journeys/01-identity-workforce-platform-providers/J005.md,TASK-0015,BLOCKED_BY_FOUNDATION,J005-SL-07,ZERO_APPLICABLE_OPEN_GAPS_AND_SAME_SHA_EVIDENCE,
J005,J005-SL-09,9,OpenAPI/error/security/idempotency,governance/operational_journey_protocol_package/smsm-dsh-wlt-journeys/01-identity-workforce-platform-providers/J005.md,TASK-0015,BLOCKED_BY_FOUNDATION,J005-SL-08,ZERO_APPLICABLE_OPEN_GAPS_AND_SAME_SHA_EVIDENCE,
J005,J005-SL-10,10,Generated clients/transports,governance/operational_journey_protocol_package/smsm-dsh-wlt-journeys/01-identity-workforce-platform-providers/J005.md,TASK-0015,BLOCKED_BY_FOUNDATION,J005-SL-09,ZERO_APPLICABLE_OPEN_GAPS_AND_SAME_SHA_EVIDENCE,
J005,J005-SL-11,11,Backend handler/domain/repository,governance/operational_journey_protocol_package/smsm-dsh-wlt-journeys/01-identity-workforce-platform-providers/J005.md,TASK-0015,BLOCKED_BY_FOUNDATION,J005-SL-10,ZERO_APPLICABLE_OPEN_GAPS_AND_SAME_SHA_EVIDENCE,
J005,J005-SL-12,12,State machine/allowed actions,governance/operational_journey_protocol_package/smsm-dsh-wlt-journeys/01-identity-workforce-platform-providers/J005.md,TASK-0015,BLOCKED_BY_FOUNDATION,J005-SL-11,ZERO_APPLICABLE_OPEN_GAPS_AND_SAME_SHA_EVIDENCE,
J005,J005-SL-13,13,Database/migrations/constraints/indexes,governance/operational_journey_protocol_package/smsm-dsh-wlt-journeys/01-identity-workforce-platform-providers/J005.md,TASK-0015,BLOCKED_BY_FOUNDATION,J005-SL-12,ZERO_APPLICABLE_OPEN_GAPS_AND_SAME_SHA_EVIDENCE,
J005,J005-SL-14,14,Events/outbox/inbox/jobs/DLQ,governance/operational_journey_protocol_package/smsm-dsh-wlt-journeys/01-identity-workforce-platform-providers/J005.md,TASK-0015,BLOCKED_BY_FOUNDATION,J005-SL-13,ZERO_APPLICABLE_OPEN_GAPS_AND_SAME_SHA_EVIDENCE,
J005,J005-SL-15,15,Media/providers/cache/search,governance/operational_journey_protocol_package/smsm-dsh-wlt-journeys/01-identity-workforce-platform-providers/J005.md,TASK-0015,BLOCKED_BY_FOUNDATION,J005-SL-14,ZERO_APPLICABLE_OPEN_GAPS_AND_SAME_SHA_EVIDENCE,
J005,J005-SL-16,16,DSH↔WLT financial boundary,governance/operational_journey_protocol_package/smsm-dsh-wlt-journeys/01-identity-workforce-platform-providers/J005.md,TASK-0015,BLOCKED_BY_FOUNDATION,J005-SL-15,ZERO_APPLICABLE_OPEN_GAPS_AND_SAME_SHA_EVIDENCE,
J005,J005-SL-17,17,Concurrency/idempotency/unknown result,governance/operational_journey_protocol_package/smsm-dsh-wlt-journeys/01-identity-workforce-platform-providers/J005.md,TASK-0015,BLOCKED_BY_FOUNDATION,J005-SL-16,ZERO_APPLICABLE_OPEN_GAPS_AND_SAME_SHA_EVIDENCE,
J005,J005-SL-18,18,Offline/retry/recovery,governance/operational_journey_protocol_package/smsm-dsh-wlt-journeys/01-identity-workforce-platform-providers/J005.md,TASK-0015,BLOCKED_BY_FOUNDATION,J005-SL-17,ZERO_APPLICABLE_OPEN_GAPS_AND_SAME_SHA_EVIDENCE,
J005,J005-SL-19,19,Cross-surface readback,governance/operational_journey_protocol_package/smsm-dsh-wlt-journeys/01-identity-workforce-platform-providers/J005.md,TASK-0015,BLOCKED_BY_FOUNDATION,J005-SL-18,ZERO_APPLICABLE_OPEN_GAPS_AND_SAME_SHA_EVIDENCE,
J005,J005-SL-20,20,Security/privacy/negative tests,governance/operational_journey_protocol_package/smsm-dsh-wlt-journeys/01-identity-workforce-platform-providers/J005.md,TASK-0015,BLOCKED_BY_FOUNDATION,J005-SL-19,ZERO_APPLICABLE_OPEN_GAPS_AND_SAME_SHA_EVIDENCE,
J005,J005-SL-21,21,Audit/observability/performance,governance/operational_journey_protocol_package/smsm-dsh-wlt-journeys/01-identity-workforce-platform-providers/J005.md,TASK-0015,BLOCKED_BY_FOUNDATION,J005-SL-20,ZERO_APPLICABLE_OPEN_GAPS_AND_SAME_SHA_EVIDENCE,
J005,J005-SL-22,22,Accessibility/RTL/localization,governance/operational_journey_protocol_package/smsm-dsh-wlt-journeys/01-identity-workforce-platform-providers/J005.md,TASK-0015,BLOCKED_BY_FOUNDATION,J005-SL-21,ZERO_APPLICABLE_OPEN_GAPS_AND_SAME_SHA_EVIDENCE,
J005,J005-SL-23,23,Manual operational acceptance,governance/operational_journey_protocol_package/smsm-dsh-wlt-journeys/01-identity-workforce-platform-providers/J005.md,TASK-0015,BLOCKED_BY_FOUNDATION,J005-SL-22,ZERO_APPLICABLE_OPEN_GAPS_AND_SAME_SHA_EVIDENCE,
J005,J005-SL-24,24,Cleanup/same-SHA evidence/closure,governance/operational_journey_protocol_package/smsm-dsh-wlt-journeys/01-identity-workforce-platform-providers/J005.md,TASK-0015,BLOCKED_BY_FOUNDATION,J005-SL-23,ZERO_APPLICABLE_OPEN_GAPS_AND_SAME_SHA_EVIDENCE,
J006,J006-SL-01,1,Product Truth والنتيجة والثوابت,governance/operational_journey_protocol_package/smsm-dsh-wlt-journeys/01-identity-workforce-platform-providers/J006.md,TASK-0015,BLOCKED_BY_FOUNDATION,FOUNDATION-00,ZERO_APPLICABLE_OPEN_GAPS_AND_SAME_SHA_EVIDENCE,
J006,J006-SL-02,2,Actors وهويات الخدمات,governance/operational_journey_protocol_package/smsm-dsh-wlt-journeys/01-identity-workforce-platform-providers/J006.md,TASK-0015,BLOCKED_BY_FOUNDATION,J006-SL-01,ZERO_APPLICABLE_OPEN_GAPS_AND_SAME_SHA_EVIDENCE,
J006,J006-SL-03,3,التبعيات وشروط الدخول والخروج,governance/operational_journey_protocol_package/smsm-dsh-wlt-journeys/01-identity-workforce-platform-providers/J006.md,TASK-0015,BLOCKED_BY_FOUNDATION,J006-SL-02,ZERO_APPLICABLE_OPEN_GAPS_AND_SAME_SHA_EVIDENCE,
J006,J006-SL-04,4,Identity/session/device,governance/operational_journey_protocol_package/smsm-dsh-wlt-journeys/01-identity-workforce-platform-providers/J006.md,TASK-0015,BLOCKED_BY_FOUNDATION,J006-SL-03,ZERO_APPLICABLE_OPEN_GAPS_AND_SAME_SHA_EVIDENCE,
J006,J006-SL-05,5,Permission/trusted scope/object authorization,governance/operational_journey_protocol_package/smsm-dsh-wlt-journeys/01-identity-workforce-platform-providers/J006.md,TASK-0015,BLOCKED_BY_FOUNDATION,J006-SL-04,ZERO_APPLICABLE_OPEN_GAPS_AND_SAME_SHA_EVIDENCE,
J006,J006-SL-06,6,Entrypoints/routes/deep links/navigation,governance/operational_journey_protocol_package/smsm-dsh-wlt-journeys/01-identity-workforce-platform-providers/J006.md,TASK-0015,BLOCKED_BY_FOUNDATION,J006-SL-05,ZERO_APPLICABLE_OPEN_GAPS_AND_SAME_SHA_EVIDENCE,
J006,J006-SL-07,7,Screens/pages/tabs/buttons/icons/forms,governance/operational_journey_protocol_package/smsm-dsh-wlt-journeys/01-identity-workforce-platform-providers/J006.md,TASK-0015,BLOCKED_BY_FOUNDATION,J006-SL-06,ZERO_APPLICABLE_OPEN_GAPS_AND_SAME_SHA_EVIDENCE,
J006,J006-SL-08,8,Shared brain/view model/visible states,governance/operational_journey_protocol_package/smsm-dsh-wlt-journeys/01-identity-workforce-platform-providers/J006.md,TASK-0015,BLOCKED_BY_FOUNDATION,J006-SL-07,ZERO_APPLICABLE_OPEN_GAPS_AND_SAME_SHA_EVIDENCE,
J006,J006-SL-09,9,OpenAPI/error/security/idempotency,governance/operational_journey_protocol_package/smsm-dsh-wlt-journeys/01-identity-workforce-platform-providers/J006.md,TASK-0015,BLOCKED_BY_FOUNDATION,J006-SL-08,ZERO_APPLICABLE_OPEN_GAPS_AND_SAME_SHA_EVIDENCE,
J006,J006-SL-10,10,Generated clients/transports,governance/operational_journey_protocol_package/smsm-dsh-wlt-journeys/01-identity-workforce-platform-providers/J006.md,TASK-0015,BLOCKED_BY_FOUNDATION,J006-SL-09,ZERO_APPLICABLE_OPEN_GAPS_AND_SAME_SHA_EVIDENCE,
J006,J006-SL-11,11,Backend handler/domain/repository,governance/operational_journey_protocol_package/smsm-dsh-wlt-journeys/01-identity-workforce-platform-providers/J006.md,TASK-0015,BLOCKED_BY_FOUNDATION,J006-SL-10,ZERO_APPLICABLE_OPEN_GAPS_AND_SAME_SHA_EVIDENCE,
J006,J006-SL-12,12,State machine/allowed actions,governance/operational_journey_protocol_package/smsm-dsh-wlt-journeys/01-identity-workforce-platform-providers/J006.md,TASK-0015,BLOCKED_BY_FOUNDATION,J006-SL-11,ZERO_APPLICABLE_OPEN_GAPS_AND_SAME_SHA_EVIDENCE,
J006,J006-SL-13,13,Database/migrations/constraints/indexes,governance/operational_journey_protocol_package/smsm-dsh-wlt-journeys/01-identity-workforce-platform-providers/J006.md,TASK-0015,BLOCKED_BY_FOUNDATION,J006-SL-12,ZERO_APPLICABLE_OPEN_GAPS_AND_SAME_SHA_EVIDENCE,
J006,J006-SL-14,14,Events/outbox/inbox/jobs/DLQ,governance/operational_journey_protocol_package/smsm-dsh-wlt-journeys/01-identity-workforce-platform-providers/J006.md,TASK-0015,BLOCKED_BY_FOUNDATION,J006-SL-13,ZERO_APPLICABLE_OPEN_GAPS_AND_SAME_SHA_EVIDENCE,
J006,J006-SL-15,15,Media/providers/cache/search,governance/operational_journey_protocol_package/smsm-dsh-wlt-journeys/01-identity-workforce-platform-providers/J006.md,TASK-0015,BLOCKED_BY_FOUNDATION,J006-SL-14,ZERO_APPLICABLE_OPEN_GAPS_AND_SAME_SHA_EVIDENCE,
J006,J006-SL-16,16,DSH↔WLT financial boundary,governance/operational_journey_protocol_package/smsm-dsh-wlt-journeys/01-identity-workforce-platform-providers/J006.md,TASK-0015,BLOCKED_BY_FOUNDATION,J006-SL-15,ZERO_APPLICABLE_OPEN_GAPS_AND_SAME_SHA_EVIDENCE,
J006,J006-SL-17,17,Concurrency/idempotency/unknown result,governance/operational_journey_protocol_package/smsm-dsh-wlt-journeys/01-identity-workforce-platform-providers/J006.md,TASK-0015,BLOCKED_BY_FOUNDATION,J006-SL-16,ZERO_APPLICABLE_OPEN_GAPS_AND_SAME_SHA_EVIDENCE,
J006,J006-SL-18,18,Offline/retry/recovery,governance/operational_journey_protocol_package/smsm-dsh-wlt-journeys/01-identity-workforce-platform-providers/J006.md,TASK-0015,BLOCKED_BY_FOUNDATION,J006-SL-17,ZERO_APPLICABLE_OPEN_GAPS_AND_SAME_SHA_EVIDENCE,
J006,J006-SL-19,19,Cross-surface readback,governance/operational_journey_protocol_package/smsm-dsh-wlt-journeys/01-identity-workforce-platform-providers/J006.md,TASK-0015,BLOCKED_BY_FOUNDATION,J006-SL-18,ZERO_APPLICABLE_OPEN_GAPS_AND_SAME_SHA_EVIDENCE,
J006,J006-SL-20,20,Security/privacy/negative tests,governance/operational_journey_protocol_package/smsm-dsh-wlt-journeys/01-identity-workforce-platform-providers/J006.md,TASK-0015,BLOCKED_BY_FOUNDATION,J006-SL-19,ZERO_APPLICABLE_OPEN_GAPS_AND_SAME_SHA_EVIDENCE,
J006,J006-SL-21,21,Audit/observability/performance,governance/operational_journey_protocol_package/smsm-dsh-wlt-journeys/01-identity-workforce-platform-providers/J006.md,TASK-0015,BLOCKED_BY_FOUNDATION,J006-SL-20,ZERO_APPLICABLE_OPEN_GAPS_AND_SAME_SHA_EVIDENCE,
J006,J006-SL-22,22,Accessibility/RTL/localization,governance/operational_journey_protocol_package/smsm-dsh-wlt-journeys/01-identity-workforce-platform-providers/J006.md,TASK-0015,BLOCKED_BY_FOUNDATION,J006-SL-21,ZERO_APPLICABLE_OPEN_GAPS_AND_SAME_SHA_EVIDENCE,
J006,J006-SL-23,23,Manual operational acceptance,governance/operational_journey_protocol_package/smsm-dsh-wlt-journeys/01-identity-workforce-platform-providers/J006.md,TASK-0015,BLOCKED_BY_FOUNDATION,J006-SL-22,ZERO_APPLICABLE_OPEN_GAPS_AND_SAME_SHA_EVIDENCE,
J006,J006-SL-24,24,Cleanup/same-SHA evidence/closure,governance/operational_journey_protocol_package/smsm-dsh-wlt-journeys/01-identity-workforce-platform-providers/J006.md,TASK-0015,BLOCKED_BY_FOUNDATION,J006-SL-23,ZERO_APPLICABLE_OPEN_GAPS_AND_SAME_SHA_EVIDENCE,
J007,J007-SL-01,1,Product Truth والنتيجة والثوابت,governance/operational_journey_protocol_package/smsm-dsh-wlt-journeys/01-identity-workforce-platform-providers/J007.md,TASK-0015,BLOCKED_BY_FOUNDATION,FOUNDATION-00,ZERO_APPLICABLE_OPEN_GAPS_AND_SAME_SHA_EVIDENCE,
J007,J007-SL-02,2,Actors وهويات الخدمات,governance/operational_journey_protocol_package/smsm-dsh-wlt-journeys/01-identity-workforce-platform-providers/J007.md,TASK-0015,BLOCKED_BY_FOUNDATION,J007-SL-01,ZERO_APPLICABLE_OPEN_GAPS_AND_SAME_SHA_EVIDENCE,
J007,J007-SL-03,3,التبعيات وشروط الدخول والخروج,governance/operational_journey_protocol_package/smsm-dsh-wlt-journeys/01-identity-workforce-platform-providers/J007.md,TASK-0015,BLOCKED_BY_FOUNDATION,J007-SL-02,ZERO_APPLICABLE_OPEN_GAPS_AND_SAME_SHA_EVIDENCE,
J007,J007-SL-04,4,Identity/session/device,governance/operational_journey_protocol_package/smsm-dsh-wlt-journeys/01-identity-workforce-platform-providers/J007.md,TASK-0015,BLOCKED_BY_FOUNDATION,J007-SL-03,ZERO_APPLICABLE_OPEN_GAPS_AND_SAME_SHA_EVIDENCE,
J007,J007-SL-05,5,Permission/trusted scope/object authorization,governance/operational_journey_protocol_package/smsm-dsh-wlt-journeys/01-identity-workforce-platform-providers/J007.md,TASK-0015,BLOCKED_BY_FOUNDATION,J007-SL-04,ZERO_APPLICABLE_OPEN_GAPS_AND_SAME_SHA_EVIDENCE,
J007,J007-SL-06,6,Entrypoints/routes/deep links/navigation,governance/operational_journey_protocol_package/smsm-dsh-wlt-journeys/01-identity-workforce-platform-providers/J007.md,TASK-0015,BLOCKED_BY_FOUNDATION,J007-SL-05,ZERO_APPLICABLE_OPEN_GAPS_AND_SAME_SHA_EVIDENCE,
J007,J007-SL-07,7,Screens/pages/tabs/buttons/icons/forms,governance/operational_journey_protocol_package/smsm-dsh-wlt-journeys/01-identity-workforce-platform-providers/J007.md,TASK-0015,BLOCKED_BY_FOUNDATION,J007-SL-06,ZERO_APPLICABLE_OPEN_GAPS_AND_SAME_SHA_EVIDENCE,
J007,J007-SL-08,8,Shared brain/view model/visible states,governance/operational_journey_protocol_package/smsm-dsh-wlt-journeys/01-identity-workforce-platform-providers/J007.md,TASK-0015,BLOCKED_BY_FOUNDATION,J007-SL-07,ZERO_APPLICABLE_OPEN_GAPS_AND_SAME_SHA_EVIDENCE,
J007,J007-SL-09,9,OpenAPI/error/security/idempotency,governance/operational_journey_protocol_package/smsm-dsh-wlt-journeys/01-identity-workforce-platform-providers/J007.md,TASK-0015,BLOCKED_BY_FOUNDATION,J007-SL-08,ZERO_APPLICABLE_OPEN_GAPS_AND_SAME_SHA_EVIDENCE,
J007,J007-SL-10,10,Generated clients/transports,governance/operational_journey_protocol_package/smsm-dsh-wlt-journeys/01-identity-workforce-platform-providers/J007.md,TASK-0015,BLOCKED_BY_FOUNDATION,J007-SL-09,ZERO_APPLICABLE_OPEN_GAPS_AND_SAME_SHA_EVIDENCE,
J007,J007-SL-11,11,Backend handler/domain/repository,governance/operational_journey_protocol_package/smsm-dsh-wlt-journeys/01-identity-workforce-platform-providers/J007.md,TASK-0015,BLOCKED_BY_FOUNDATION,J007-SL-10,ZERO_APPLICABLE_OPEN_GAPS_AND_SAME_SHA_EVIDENCE,
J007,J007-SL-12,12,State machine/allowed actions,governance/operational_journey_protocol_package/smsm-dsh-wlt-journeys/01-identity-workforce-platform-providers/J007.md,TASK-0015,BLOCKED_BY_FOUNDATION,J007-SL-11,ZERO_APPLICABLE_OPEN_GAPS_AND_SAME_SHA_EVIDENCE,
J007,J007-SL-13,13,Database/migrations/constraints/indexes,governance/operational_journey_protocol_package/smsm-dsh-wlt-journeys/01-identity-workforce-platform-providers/J007.md,TASK-0015,BLOCKED_BY_FOUNDATION,J007-SL-12,ZERO_APPLICABLE_OPEN_GAPS_AND_SAME_SHA_EVIDENCE,
J007,J007-SL-14,14,Events/outbox/inbox/jobs/DLQ,governance/operational_journey_protocol_package/smsm-dsh-wlt-journeys/01-identity-workforce-platform-providers/J007.md,TASK-0015,BLOCKED_BY_FOUNDATION,J007-SL-13,ZERO_APPLICABLE_OPEN_GAPS_AND_SAME_SHA_EVIDENCE,
J007,J007-SL-15,15,Media/providers/cache/search,governance/operational_journey_protocol_package/smsm-dsh-wlt-journeys/01-identity-workforce-platform-providers/J007.md,TASK-0015,BLOCKED_BY_FOUNDATION,J007-SL-14,ZERO_APPLICABLE_OPEN_GAPS_AND_SAME_SHA_EVIDENCE,
J007,J007-SL-16,16,DSH↔WLT financial boundary,governance/operational_journey_protocol_package/smsm-dsh-wlt-journeys/01-identity-workforce-platform-providers/J007.md,TASK-0015,BLOCKED_BY_FOUNDATION,J007-SL-15,ZERO_APPLICABLE_OPEN_GAPS_AND_SAME_SHA_EVIDENCE,
J007,J007-SL-17,17,Concurrency/idempotency/unknown result,governance/operational_journey_protocol_package/smsm-dsh-wlt-journeys/01-identity-workforce-platform-providers/J007.md,TASK-0015,BLOCKED_BY_FOUNDATION,J007-SL-16,ZERO_APPLICABLE_OPEN_GAPS_AND_SAME_SHA_EVIDENCE,
J007,J007-SL-18,18,Offline/retry/recovery,governance/operational_journey_protocol_package/smsm-dsh-wlt-journeys/01-identity-workforce-platform-providers/J007.md,TASK-0015,BLOCKED_BY_FOUNDATION,J007-SL-17,ZERO_APPLICABLE_OPEN_GAPS_AND_SAME_SHA_EVIDENCE,
J007,J007-SL-19,19,Cross-surface readback,governance/operational_journey_protocol_package/smsm-dsh-wlt-journeys/01-identity-workforce-platform-providers/J007.md,TASK-0015,BLOCKED_BY_FOUNDATION,J007-SL-18,ZERO_APPLICABLE_OPEN_GAPS_AND_SAME_SHA_EVIDENCE,
J007,J007-SL-20,20,Security/privacy/negative tests,governance/operational_journey_protocol_package/smsm-dsh-wlt-journeys/01-identity-workforce-platform-providers/J007.md,TASK-0015,BLOCKED_BY_FOUNDATION,J007-SL-19,ZERO_APPLICABLE_OPEN_GAPS_AND_SAME_SHA_EVIDENCE,
J007,J007-SL-21,21,Audit/observability/performance,governance/operational_journey_protocol_package/smsm-dsh-wlt-journeys/01-identity-workforce-platform-providers/J007.md,TASK-0015,BLOCKED_BY_FOUNDATION,J007-SL-20,ZERO_APPLICABLE_OPEN_GAPS_AND_SAME_SHA_EVIDENCE,
J007,J007-SL-22,22,Accessibility/RTL/localization,governance/operational_journey_protocol_package/smsm-dsh-wlt-journeys/01-identity-workforce-platform-providers/J007.md,TASK-0015,BLOCKED_BY_FOUNDATION,J007-SL-21,ZERO_APPLICABLE_OPEN_GAPS_AND_SAME_SHA_EVIDENCE,
J007,J007-SL-23,23,Manual operational acceptance,governance/operational_journey_protocol_package/smsm-dsh-wlt-journeys/01-identity-workforce-platform-providers/J007.md,TASK-0015,BLOCKED_BY_FOUNDATION,J007-SL-22,ZERO_APPLICABLE_OPEN_GAPS_AND_SAME_SHA_EVIDENCE,
J007,J007-SL-24,24,Cleanup/same-SHA evidence/closure,governance/operational_journey_protocol_package/smsm-dsh-wlt-journeys/01-identity-workforce-platform-providers/J007.md,TASK-0015,BLOCKED_BY_FOUNDATION,J007-SL-23,ZERO_APPLICABLE_OPEN_GAPS_AND_SAME_SHA_EVIDENCE,
J008,J008-SL-01,1,Product Truth والنتيجة والثوابت,governance/operational_journey_protocol_package/smsm-dsh-wlt-journeys/01-identity-workforce-platform-providers/J008.md,TASK-0015,BLOCKED_BY_FOUNDATION,FOUNDATION-00,ZERO_APPLICABLE_OPEN_GAPS_AND_SAME_SHA_EVIDENCE,
J008,J008-SL-02,2,Actors وهويات الخدمات,governance/operational_journey_protocol_package/smsm-dsh-wlt-journeys/01-identity-workforce-platform-providers/J008.md,TASK-0015,BLOCKED_BY_FOUNDATION,J008-SL-01,ZERO_APPLICABLE_OPEN_GAPS_AND_SAME_SHA_EVIDENCE,
J008,J008-SL-03,3,التبعيات وشروط الدخول والخروج,governance/operational_journey_protocol_package/smsm-dsh-wlt-journeys/01-identity-workforce-platform-providers/J008.md,TASK-0015,BLOCKED_BY_FOUNDATION,J008-SL-02,ZERO_APPLICABLE_OPEN_GAPS_AND_SAME_SHA_EVIDENCE,
J008,J008-SL-04,4,Identity/session/device,governance/operational_journey_protocol_package/smsm-dsh-wlt-journeys/01-identity-workforce-platform-providers/J008.md,TASK-0015,BLOCKED_BY_FOUNDATION,J008-SL-03,ZERO_APPLICABLE_OPEN_GAPS_AND_SAME_SHA_EVIDENCE,
J008,J008-SL-05,5,Permission/trusted scope/object authorization,governance/operational_journey_protocol_package/smsm-dsh-wlt-journeys/01-identity-workforce-platform-providers/J008.md,TASK-0015,BLOCKED_BY_FOUNDATION,J008-SL-04,ZERO_APPLICABLE_OPEN_GAPS_AND_SAME_SHA_EVIDENCE,
J008,J008-SL-06,6,Entrypoints/routes/deep links/navigation,governance/operational_journey_protocol_package/smsm-dsh-wlt-journeys/01-identity-workforce-platform-providers/J008.md,TASK-0015,BLOCKED_BY_FOUNDATION,J008-SL-05,ZERO_APPLICABLE_OPEN_GAPS_AND_SAME_SHA_EVIDENCE,
J008,J008-SL-07,7,Screens/pages/tabs/buttons/icons/forms,governance/operational_journey_protocol_package/smsm-dsh-wlt-journeys/01-identity-workforce-platform-providers/J008.md,TASK-0015,BLOCKED_BY_FOUNDATION,J008-SL-06,ZERO_APPLICABLE_OPEN_GAPS_AND_SAME_SHA_EVIDENCE,
J008,J008-SL-08,8,Shared brain/view model/visible states,governance/operational_journey_protocol_package/smsm-dsh-wlt-journeys/01-identity-workforce-platform-providers/J008.md,TASK-0015,BLOCKED_BY_FOUNDATION,J008-SL-07,ZERO_APPLICABLE_OPEN_GAPS_AND_SAME_SHA_EVIDENCE,
J008,J008-SL-09,9,OpenAPI/error/security/idempotency,governance/operational_journey_protocol_package/smsm-dsh-wlt-journeys/01-identity-workforce-platform-providers/J008.md,TASK-0015,BLOCKED_BY_FOUNDATION,J008-SL-08,ZERO_APPLICABLE_OPEN_GAPS_AND_SAME_SHA_EVIDENCE,
J008,J008-SL-10,10,Generated clients/transports,governance/operational_journey_protocol_package/smsm-dsh-wlt-journeys/01-identity-workforce-platform-providers/J008.md,TASK-0015,BLOCKED_BY_FOUNDATION,J008-SL-09,ZERO_APPLICABLE_OPEN_GAPS_AND_SAME_SHA_EVIDENCE,
J008,J008-SL-11,11,Backend handler/domain/repository,governance/operational_journey_protocol_package/smsm-dsh-wlt-journeys/01-identity-workforce-platform-providers/J008.md,TASK-0015,BLOCKED_BY_FOUNDATION,J008-SL-10,ZERO_APPLICABLE_OPEN_GAPS_AND_SAME_SHA_EVIDENCE,
J008,J008-SL-12,12,State machine/allowed actions,governance/operational_journey_protocol_package/smsm-dsh-wlt-journeys/01-identity-workforce-platform-providers/J008.md,TASK-0015,BLOCKED_BY_FOUNDATION,J008-SL-11,ZERO_APPLICABLE_OPEN_GAPS_AND_SAME_SHA_EVIDENCE,
J008,J008-SL-13,13,Database/migrations/constraints/indexes,governance/operational_journey_protocol_package/smsm-dsh-wlt-journeys/01-identity-workforce-platform-providers/J008.md,TASK-0015,BLOCKED_BY_FOUNDATION,J008-SL-12,ZERO_APPLICABLE_OPEN_GAPS_AND_SAME_SHA_EVIDENCE,
J008,J008-SL-14,14,Events/outbox/inbox/jobs/DLQ,governance/operational_journey_protocol_package/smsm-dsh-wlt-journeys/01-identity-workforce-platform-providers/J008.md,TASK-0015,BLOCKED_BY_FOUNDATION,J008-SL-13,ZERO_APPLICABLE_OPEN_GAPS_AND_SAME_SHA_EVIDENCE,
J008,J008-SL-15,15,Media/providers/cache/search,governance/operational_journey_protocol_package/smsm-dsh-wlt-journeys/01-identity-workforce-platform-providers/J008.md,TASK-0015,BLOCKED_BY_FOUNDATION,J008-SL-14,ZERO_APPLICABLE_OPEN_GAPS_AND_SAME_SHA_EVIDENCE,
J008,J008-SL-16,16,DSH↔WLT financial boundary,governance/operational_journey_protocol_package/smsm-dsh-wlt-journeys/01-identity-workforce-platform-providers/J008.md,TASK-0015,BLOCKED_BY_FOUNDATION,J008-SL-15,ZERO_APPLICABLE_OPEN_GAPS_AND_SAME_SHA_EVIDENCE,
J008,J008-SL-17,17,Concurrency/idempotency/unknown result,governance/operational_journey_protocol_package/smsm-dsh-wlt-journeys/01-identity-workforce-platform-providers/J008.md,TASK-0015,BLOCKED_BY_FOUNDATION,J008-SL-16,ZERO_APPLICABLE_OPEN_GAPS_AND_SAME_SHA_EVIDENCE,
J008,J008-SL-18,18,Offline/retry/recovery,governance/operational_journey_protocol_package/smsm-dsh-wlt-journeys/01-identity-workforce-platform-providers/J008.md,TASK-0015,BLOCKED_BY_FOUNDATION,J008-SL-17,ZERO_APPLICABLE_OPEN_GAPS_AND_SAME_SHA_EVIDENCE,
J008,J008-SL-19,19,Cross-surface readback,governance/operational_journey_protocol_package/smsm-dsh-wlt-journeys/01-identity-workforce-platform-providers/J008.md,TASK-0015,BLOCKED_BY_FOUNDATION,J008-SL-18,ZERO_APPLICABLE_OPEN_GAPS_AND_SAME_SHA_EVIDENCE,
J008,J008-SL-20,20,Security/privacy/negative tests,governance/operational_journey_protocol_package/smsm-dsh-wlt-journeys/01-identity-workforce-platform-providers/J008.md,TASK-0015,BLOCKED_BY_FOUNDATION,J008-SL-19,ZERO_APPLICABLE_OPEN_GAPS_AND_SAME_SHA_EVIDENCE,
J008,J008-SL-21,21,Audit/observability/performance,governance/operational_journey_protocol_package/smsm-dsh-wlt-journeys/01-identity-workforce-platform-providers/J008.md,TASK-0015,BLOCKED_BY_FOUNDATION,J008-SL-20,ZERO_APPLICABLE_OPEN_GAPS_AND_SAME_SHA_EVIDENCE,
J008,J008-SL-22,22,Accessibility/RTL/localization,governance/operational_journey_protocol_package/smsm-dsh-wlt-journeys/01-identity-workforce-platform-providers/J008.md,TASK-0015,BLOCKED_BY_FOUNDATION,J008-SL-21,ZERO_APPLICABLE_OPEN_GAPS_AND_SAME_SHA_EVIDENCE,
J008,J008-SL-23,23,Manual operational acceptance,governance/operational_journey_protocol_package/smsm-dsh-wlt-journeys/01-identity-workforce-platform-providers/J008.md,TASK-0015,BLOCKED_BY_FOUNDATION,J008-SL-22,ZERO_APPLICABLE_OPEN_GAPS_AND_SAME_SHA_EVIDENCE,
J008,J008-SL-24,24,Cleanup/same-SHA evidence/closure,governance/operational_journey_protocol_package/smsm-dsh-wlt-journeys/01-identity-workforce-platform-providers/J008.md,TASK-0015,BLOCKED_BY_FOUNDATION,J008-SL-23,ZERO_APPLICABLE_OPEN_GAPS_AND_SAME_SHA_EVIDENCE,
J009,J009-SL-01,1,Product Truth والنتيجة والثوابت,governance/operational_journey_protocol_package/smsm-dsh-wlt-journeys/01-identity-workforce-platform-providers/J009.md,TASK-0015,BLOCKED_BY_FOUNDATION,FOUNDATION-00,ZERO_APPLICABLE_OPEN_GAPS_AND_SAME_SHA_EVIDENCE,
J009,J009-SL-02,2,Actors وهويات الخدمات,governance/operational_journey_protocol_package/smsm-dsh-wlt-journeys/01-identity-workforce-platform-providers/J009.md,TASK-0015,BLOCKED_BY_FOUNDATION,J009-SL-01,ZERO_APPLICABLE_OPEN_GAPS_AND_SAME_SHA_EVIDENCE,
J009,J009-SL-03,3,التبعيات وشروط الدخول والخروج,governance/operational_journey_protocol_package/smsm-dsh-wlt-journeys/01-identity-workforce-platform-providers/J009.md,TASK-0015,BLOCKED_BY_FOUNDATION,J009-SL-02,ZERO_APPLICABLE_OPEN_GAPS_AND_SAME_SHA_EVIDENCE,
J009,J009-SL-04,4,Identity/session/device,governance/operational_journey_protocol_package/smsm-dsh-wlt-journeys/01-identity-workforce-platform-providers/J009.md,TASK-0015,BLOCKED_BY_FOUNDATION,J009-SL-03,ZERO_APPLICABLE_OPEN_GAPS_AND_SAME_SHA_EVIDENCE,
J009,J009-SL-05,5,Permission/trusted scope/object authorization,governance/operational_journey_protocol_package/smsm-dsh-wlt-journeys/01-identity-workforce-platform-providers/J009.md,TASK-0015,BLOCKED_BY_FOUNDATION,J009-SL-04,ZERO_APPLICABLE_OPEN_GAPS_AND_SAME_SHA_EVIDENCE,
J009,J009-SL-06,6,Entrypoints/routes/deep links/navigation,governance/operational_journey_protocol_package/smsm-dsh-wlt-journeys/01-identity-workforce-platform-providers/J009.md,TASK-0015,BLOCKED_BY_FOUNDATION,J009-SL-05,ZERO_APPLICABLE_OPEN_GAPS_AND_SAME_SHA_EVIDENCE,
J009,J009-SL-07,7,Screens/pages/tabs/buttons/icons/forms,governance/operational_journey_protocol_package/smsm-dsh-wlt-journeys/01-identity-workforce-platform-providers/J009.md,TASK-0015,BLOCKED_BY_FOUNDATION,J009-SL-06,ZERO_APPLICABLE_OPEN_GAPS_AND_SAME_SHA_EVIDENCE,
J009,J009-SL-08,8,Shared brain/view model/visible states,governance/operational_journey_protocol_package/smsm-dsh-wlt-journeys/01-identity-workforce-platform-providers/J009.md,TASK-0015,BLOCKED_BY_FOUNDATION,J009-SL-07,ZERO_APPLICABLE_OPEN_GAPS_AND_SAME_SHA_EVIDENCE,
J009,J009-SL-09,9,OpenAPI/error/security/idempotency,governance/operational_journey_protocol_package/smsm-dsh-wlt-journeys/01-identity-workforce-platform-providers/J009.md,TASK-0015,BLOCKED_BY_FOUNDATION,J009-SL-08,ZERO_APPLICABLE_OPEN_GAPS_AND_SAME_SHA_EVIDENCE,
J009,J009-SL-10,10,Generated clients/transports,governance/operational_journey_protocol_package/smsm-dsh-wlt-journeys/01-identity-workforce-platform-providers/J009.md,TASK-0015,BLOCKED_BY_FOUNDATION,J009-SL-09,ZERO_APPLICABLE_OPEN_GAPS_AND_SAME_SHA_EVIDENCE,
J009,J009-SL-11,11,Backend handler/domain/repository,governance/operational_journey_protocol_package/smsm-dsh-wlt-journeys/01-identity-workforce-platform-providers/J009.md,TASK-0015,BLOCKED_BY_FOUNDATION,J009-SL-10,ZERO_APPLICABLE_OPEN_GAPS_AND_SAME_SHA_EVIDENCE,
J009,J009-SL-12,12,State machine/allowed actions,governance/operational_journey_protocol_package/smsm-dsh-wlt-journeys/01-identity-workforce-platform-providers/J009.md,TASK-0015,BLOCKED_BY_FOUNDATION,J009-SL-11,ZERO_APPLICABLE_OPEN_GAPS_AND_SAME_SHA_EVIDENCE,
J009,J009-SL-13,13,Database/migrations/constraints/indexes,governance/operational_journey_protocol_package/smsm-dsh-wlt-journeys/01-identity-workforce-platform-providers/J009.md,TASK-0015,BLOCKED_BY_FOUNDATION,J009-SL-12,ZERO_APPLICABLE_OPEN_GAPS_AND_SAME_SHA_EVIDENCE,
J009,J009-SL-14,14,Events/outbox/inbox/jobs/DLQ,governance/operational_journey_protocol_package/smsm-dsh-wlt-journeys/01-identity-workforce-platform-providers/J009.md,TASK-0015,BLOCKED_BY_FOUNDATION,J009-SL-13,ZERO_APPLICABLE_OPEN_GAPS_AND_SAME_SHA_EVIDENCE,
J009,J009-SL-15,15,Media/providers/cache/search,governance/operational_journey_protocol_package/smsm-dsh-wlt-journeys/01-identity-workforce-platform-providers/J009.md,TASK-0015,BLOCKED_BY_FOUNDATION,J009-SL-14,ZERO_APPLICABLE_OPEN_GAPS_AND_SAME_SHA_EVIDENCE,
J009,J009-SL-16,16,DSH↔WLT financial boundary,governance/operational_journey_protocol_package/smsm-dsh-wlt-journeys/01-identity-workforce-platform-providers/J009.md,TASK-0015,BLOCKED_BY_FOUNDATION,J009-SL-15,ZERO_APPLICABLE_OPEN_GAPS_AND_SAME_SHA_EVIDENCE,
J009,J009-SL-17,17,Concurrency/idempotency/unknown result,governance/operational_journey_protocol_package/smsm-dsh-wlt-journeys/01-identity-workforce-platform-providers/J009.md,TASK-0015,BLOCKED_BY_FOUNDATION,J009-SL-16,ZERO_APPLICABLE_OPEN_GAPS_AND_SAME_SHA_EVIDENCE,
J009,J009-SL-18,18,Offline/retry/recovery,governance/operational_journey_protocol_package/smsm-dsh-wlt-journeys/01-identity-workforce-platform-providers/J009.md,TASK-0015,BLOCKED_BY_FOUNDATION,J009-SL-17,ZERO_APPLICABLE_OPEN_GAPS_AND_SAME_SHA_EVIDENCE,
J009,J009-SL-19,19,Cross-surface readback,governance/operational_journey_protocol_package/smsm-dsh-wlt-journeys/01-identity-workforce-platform-providers/J009.md,TASK-0015,BLOCKED_BY_FOUNDATION,J009-SL-18,ZERO_APPLICABLE_OPEN_GAPS_AND_SAME_SHA_EVIDENCE,
J009,J009-SL-20,20,Security/privacy/negative tests,governance/operational_journey_protocol_package/smsm-dsh-wlt-journeys/01-identity-workforce-platform-providers/J009.md,TASK-0015,BLOCKED_BY_FOUNDATION,J009-SL-19,ZERO_APPLICABLE_OPEN_GAPS_AND_SAME_SHA_EVIDENCE,
J009,J009-SL-21,21,Audit/observability/performance,governance/operational_journey_protocol_package/smsm-dsh-wlt-journeys/01-identity-workforce-platform-providers/J009.md,TASK-0015,BLOCKED_BY_FOUNDATION,J009-SL-20,ZERO_APPLICABLE_OPEN_GAPS_AND_SAME_SHA_EVIDENCE,
J009,J009-SL-22,22,Accessibility/RTL/localization,governance/operational_journey_protocol_package/smsm-dsh-wlt-journeys/01-identity-workforce-platform-providers/J009.md,TASK-0015,BLOCKED_BY_FOUNDATION,J009-SL-21,ZERO_APPLICABLE_OPEN_GAPS_AND_SAME_SHA_EVIDENCE,
J009,J009-SL-23,23,Manual operational acceptance,governance/operational_journey_protocol_package/smsm-dsh-wlt-journeys/01-identity-workforce-platform-providers/J009.md,TASK-0015,BLOCKED_BY_FOUNDATION,J009-SL-22,ZERO_APPLICABLE_OPEN_GAPS_AND_SAME_SHA_EVIDENCE,
J009,J009-SL-24,24,Cleanup/same-SHA evidence/closure,governance/operational_journey_protocol_package/smsm-dsh-wlt-journeys/01-identity-workforce-platform-providers/J009.md,TASK-0015,BLOCKED_BY_FOUNDATION,J009-SL-23,ZERO_APPLICABLE_OPEN_GAPS_AND_SAME_SHA_EVIDENCE,
J010,J010-SL-01,1,Product Truth والنتيجة والثوابت,governance/operational_journey_protocol_package/smsm-dsh-wlt-journeys/01-identity-workforce-platform-providers/J010.md,TASK-0015,BLOCKED_BY_FOUNDATION,FOUNDATION-00,ZERO_APPLICABLE_OPEN_GAPS_AND_SAME_SHA_EVIDENCE,
J010,J010-SL-02,2,Actors وهويات الخدمات,governance/operational_journey_protocol_package/smsm-dsh-wlt-journeys/01-identity-workforce-platform-providers/J010.md,TASK-0015,BLOCKED_BY_FOUNDATION,J010-SL-01,ZERO_APPLICABLE_OPEN_GAPS_AND_SAME_SHA_EVIDENCE,
J010,J010-SL-03,3,التبعيات وشروط الدخول والخروج,governance/operational_journey_protocol_package/smsm-dsh-wlt-journeys/01-identity-workforce-platform-providers/J010.md,TASK-0015,BLOCKED_BY_FOUNDATION,J010-SL-02,ZERO_APPLICABLE_OPEN_GAPS_AND_SAME_SHA_EVIDENCE,
J010,J010-SL-04,4,Identity/session/device,governance/operational_journey_protocol_package/smsm-dsh-wlt-journeys/01-identity-workforce-platform-providers/J010.md,TASK-0015,BLOCKED_BY_FOUNDATION,J010-SL-03,ZERO_APPLICABLE_OPEN_GAPS_AND_SAME_SHA_EVIDENCE,
J010,J010-SL-05,5,Permission/trusted scope/object authorization,governance/operational_journey_protocol_package/smsm-dsh-wlt-journeys/01-identity-workforce-platform-providers/J010.md,TASK-0015,BLOCKED_BY_FOUNDATION,J010-SL-04,ZERO_APPLICABLE_OPEN_GAPS_AND_SAME_SHA_EVIDENCE,
J010,J010-SL-06,6,Entrypoints/routes/deep links/navigation,governance/operational_journey_protocol_package/smsm-dsh-wlt-journeys/01-identity-workforce-platform-providers/J010.md,TASK-0015,BLOCKED_BY_FOUNDATION,J010-SL-05,ZERO_APPLICABLE_OPEN_GAPS_AND_SAME_SHA_EVIDENCE,
J010,J010-SL-07,7,Screens/pages/tabs/buttons/icons/forms,governance/operational_journey_protocol_package/smsm-dsh-wlt-journeys/01-identity-workforce-platform-providers/J010.md,TASK-0015,BLOCKED_BY_FOUNDATION,J010-SL-06,ZERO_APPLICABLE_OPEN_GAPS_AND_SAME_SHA_EVIDENCE,
J010,J010-SL-08,8,Shared brain/view model/visible states,governance/operational_journey_protocol_package/smsm-dsh-wlt-journeys/01-identity-workforce-platform-providers/J010.md,TASK-0015,BLOCKED_BY_FOUNDATION,J010-SL-07,ZERO_APPLICABLE_OPEN_GAPS_AND_SAME_SHA_EVIDENCE,
J010,J010-SL-09,9,OpenAPI/error/security/idempotency,governance/operational_journey_protocol_package/smsm-dsh-wlt-journeys/01-identity-workforce-platform-providers/J010.md,TASK-0015,BLOCKED_BY_FOUNDATION,J010-SL-08,ZERO_APPLICABLE_OPEN_GAPS_AND_SAME_SHA_EVIDENCE,
J010,J010-SL-10,10,Generated clients/transports,governance/operational_journey_protocol_package/smsm-dsh-wlt-journeys/01-identity-workforce-platform-providers/J010.md,TASK-0015,BLOCKED_BY_FOUNDATION,J010-SL-09,ZERO_APPLICABLE_OPEN_GAPS_AND_SAME_SHA_EVIDENCE,
J010,J010-SL-11,11,Backend handler/domain/repository,governance/operational_journey_protocol_package/smsm-dsh-wlt-journeys/01-identity-workforce-platform-providers/J010.md,TASK-0015,BLOCKED_BY_FOUNDATION,J010-SL-10,ZERO_APPLICABLE_OPEN_GAPS_AND_SAME_SHA_EVIDENCE,
J010,J010-SL-12,12,State machine/allowed actions,governance/operational_journey_protocol_package/smsm-dsh-wlt-journeys/01-identity-workforce-platform-providers/J010.md,TASK-0015,BLOCKED_BY_FOUNDATION,J010-SL-11,ZERO_APPLICABLE_OPEN_GAPS_AND_SAME_SHA_EVIDENCE,
J010,J010-SL-13,13,Database/migrations/constraints/indexes,governance/operational_journey_protocol_package/smsm-dsh-wlt-journeys/01-identity-workforce-platform-providers/J010.md,TASK-0015,BLOCKED_BY_FOUNDATION,J010-SL-12,ZERO_APPLICABLE_OPEN_GAPS_AND_SAME_SHA_EVIDENCE,
J010,J010-SL-14,14,Events/outbox/inbox/jobs/DLQ,governance/operational_journey_protocol_package/smsm-dsh-wlt-journeys/01-identity-workforce-platform-providers/J010.md,TASK-0015,BLOCKED_BY_FOUNDATION,J010-SL-13,ZERO_APPLICABLE_OPEN_GAPS_AND_SAME_SHA_EVIDENCE,
J010,J010-SL-15,15,Media/providers/cache/search,governance/operational_journey_protocol_package/smsm-dsh-wlt-journeys/01-identity-workforce-platform-providers/J010.md,TASK-0015,BLOCKED_BY_FOUNDATION,J010-SL-14,ZERO_APPLICABLE_OPEN_GAPS_AND_SAME_SHA_EVIDENCE,
J010,J010-SL-16,16,DSH↔WLT financial boundary,governance/operational_journey_protocol_package/smsm-dsh-wlt-journeys/01-identity-workforce-platform-providers/J010.md,TASK-0015,BLOCKED_BY_FOUNDATION,J010-SL-15,ZERO_APPLICABLE_OPEN_GAPS_AND_SAME_SHA_EVIDENCE,
J010,J010-SL-17,17,Concurrency/idempotency/unknown result,governance/operational_journey_protocol_package/smsm-dsh-wlt-journeys/01-identity-workforce-platform-providers/J010.md,TASK-0015,BLOCKED_BY_FOUNDATION,J010-SL-16,ZERO_APPLICABLE_OPEN_GAPS_AND_SAME_SHA_EVIDENCE,
J010,J010-SL-18,18,Offline/retry/recovery,governance/operational_journey_protocol_package/smsm-dsh-wlt-journeys/01-identity-workforce-platform-providers/J010.md,TASK-0015,BLOCKED_BY_FOUNDATION,J010-SL-17,ZERO_APPLICABLE_OPEN_GAPS_AND_SAME_SHA_EVIDENCE,
J010,J010-SL-19,19,Cross-surface readback,governance/operational_journey_protocol_package/smsm-dsh-wlt-journeys/01-identity-workforce-platform-providers/J010.md,TASK-0015,BLOCKED_BY_FOUNDATION,J010-SL-18,ZERO_APPLICABLE_OPEN_GAPS_AND_SAME_SHA_EVIDENCE,
J010,J010-SL-20,20,Security/privacy/negative tests,governance/operational_journey_protocol_package/smsm-dsh-wlt-journeys/01-identity-workforce-platform-providers/J010.md,TASK-0015,BLOCKED_BY_FOUNDATION,J010-SL-19,ZERO_APPLICABLE_OPEN_GAPS_AND_SAME_SHA_EVIDENCE,
J010,J010-SL-21,21,Audit/observability/performance,governance/operational_journey_protocol_package/smsm-dsh-wlt-journeys/01-identity-workforce-platform-providers/J010.md,TASK-0015,BLOCKED_BY_FOUNDATION,J010-SL-20,ZERO_APPLICABLE_OPEN_GAPS_AND_SAME_SHA_EVIDENCE,
J010,J010-SL-22,22,Accessibility/RTL/localization,governance/operational_journey_protocol_package/smsm-dsh-wlt-journeys/01-identity-workforce-platform-providers/J010.md,TASK-0015,BLOCKED_BY_FOUNDATION,J010-SL-21,ZERO_APPLICABLE_OPEN_GAPS_AND_SAME_SHA_EVIDENCE,
J010,J010-SL-23,23,Manual operational acceptance,governance/operational_journey_protocol_package/smsm-dsh-wlt-journeys/01-identity-workforce-platform-providers/J010.md,TASK-0015,BLOCKED_BY_FOUNDATION,J010-SL-22,ZERO_APPLICABLE_OPEN_GAPS_AND_SAME_SHA_EVIDENCE,
J010,J010-SL-24,24,Cleanup/same-SHA evidence/closure,governance/operational_journey_protocol_package/smsm-dsh-wlt-journeys/01-identity-workforce-platform-providers/J010.md,TASK-0015,BLOCKED_BY_FOUNDATION,J010-SL-23,ZERO_APPLICABLE_OPEN_GAPS_AND_SAME_SHA_EVIDENCE,
J011,J011-SL-01,1,Product Truth والنتيجة والثوابت,governance/operational_journey_protocol_package/smsm-dsh-wlt-journeys/01-identity-workforce-platform-providers/J011.md,TASK-0015,BLOCKED_BY_FOUNDATION,FOUNDATION-00,ZERO_APPLICABLE_OPEN_GAPS_AND_SAME_SHA_EVIDENCE,
J011,J011-SL-02,2,Actors وهويات الخدمات,governance/operational_journey_protocol_package/smsm-dsh-wlt-journeys/01-identity-workforce-platform-providers/J011.md,TASK-0015,BLOCKED_BY_FOUNDATION,J011-SL-01,ZERO_APPLICABLE_OPEN_GAPS_AND_SAME_SHA_EVIDENCE,
J011,J011-SL-03,3,التبعيات وشروط الدخول والخروج,governance/operational_journey_protocol_package/smsm-dsh-wlt-journeys/01-identity-workforce-platform-providers/J011.md,TASK-0015,BLOCKED_BY_FOUNDATION,J011-SL-02,ZERO_APPLICABLE_OPEN_GAPS_AND_SAME_SHA_EVIDENCE,
J011,J011-SL-04,4,Identity/session/device,governance/operational_journey_protocol_package/smsm-dsh-wlt-journeys/01-identity-workforce-platform-providers/J011.md,TASK-0015,BLOCKED_BY_FOUNDATION,J011-SL-03,ZERO_APPLICABLE_OPEN_GAPS_AND_SAME_SHA_EVIDENCE,
J011,J011-SL-05,5,Permission/trusted scope/object authorization,governance/operational_journey_protocol_package/smsm-dsh-wlt-journeys/01-identity-workforce-platform-providers/J011.md,TASK-0015,BLOCKED_BY_FOUNDATION,J011-SL-04,ZERO_APPLICABLE_OPEN_GAPS_AND_SAME_SHA_EVIDENCE,
J011,J011-SL-06,6,Entrypoints/routes/deep links/navigation,governance/operational_journey_protocol_package/smsm-dsh-wlt-journeys/01-identity-workforce-platform-providers/J011.md,TASK-0015,BLOCKED_BY_FOUNDATION,J011-SL-05,ZERO_APPLICABLE_OPEN_GAPS_AND_SAME_SHA_EVIDENCE,
J011,J011-SL-07,7,Screens/pages/tabs/buttons/icons/forms,governance/operational_journey_protocol_package/smsm-dsh-wlt-journeys/01-identity-workforce-platform-providers/J011.md,TASK-0015,BLOCKED_BY_FOUNDATION,J011-SL-06,ZERO_APPLICABLE_OPEN_GAPS_AND_SAME_SHA_EVIDENCE,
J011,J011-SL-08,8,Shared brain/view model/visible states,governance/operational_journey_protocol_package/smsm-dsh-wlt-journeys/01-identity-workforce-platform-providers/J011.md,TASK-0015,BLOCKED_BY_FOUNDATION,J011-SL-07,ZERO_APPLICABLE_OPEN_GAPS_AND_SAME_SHA_EVIDENCE,
J011,J011-SL-09,9,OpenAPI/error/security/idempotency,governance/operational_journey_protocol_package/smsm-dsh-wlt-journeys/01-identity-workforce-platform-providers/J011.md,TASK-0015,BLOCKED_BY_FOUNDATION,J011-SL-08,ZERO_APPLICABLE_OPEN_GAPS_AND_SAME_SHA_EVIDENCE,
J011,J011-SL-10,10,Generated clients/transports,governance/operational_journey_protocol_package/smsm-dsh-wlt-journeys/01-identity-workforce-platform-providers/J011.md,TASK-0015,BLOCKED_BY_FOUNDATION,J011-SL-09,ZERO_APPLICABLE_OPEN_GAPS_AND_SAME_SHA_EVIDENCE,
J011,J011-SL-11,11,Backend handler/domain/repository,governance/operational_journey_protocol_package/smsm-dsh-wlt-journeys/01-identity-workforce-platform-providers/J011.md,TASK-0015,BLOCKED_BY_FOUNDATION,J011-SL-10,ZERO_APPLICABLE_OPEN_GAPS_AND_SAME_SHA_EVIDENCE,
J011,J011-SL-12,12,State machine/allowed actions,governance/operational_journey_protocol_package/smsm-dsh-wlt-journeys/01-identity-workforce-platform-providers/J011.md,TASK-0015,BLOCKED_BY_FOUNDATION,J011-SL-11,ZERO_APPLICABLE_OPEN_GAPS_AND_SAME_SHA_EVIDENCE,
J011,J011-SL-13,13,Database/migrations/constraints/indexes,governance/operational_journey_protocol_package/smsm-dsh-wlt-journeys/01-identity-workforce-platform-providers/J011.md,TASK-0015,BLOCKED_BY_FOUNDATION,J011-SL-12,ZERO_APPLICABLE_OPEN_GAPS_AND_SAME_SHA_EVIDENCE,
J011,J011-SL-14,14,Events/outbox/inbox/jobs/DLQ,governance/operational_journey_protocol_package/smsm-dsh-wlt-journeys/01-identity-workforce-platform-providers/J011.md,TASK-0015,BLOCKED_BY_FOUNDATION,J011-SL-13,ZERO_APPLICABLE_OPEN_GAPS_AND_SAME_SHA_EVIDENCE,
J011,J011-SL-15,15,Media/providers/cache/search,governance/operational_journey_protocol_package/smsm-dsh-wlt-journeys/01-identity-workforce-platform-providers/J011.md,TASK-0015,BLOCKED_BY_FOUNDATION,J011-SL-14,ZERO_APPLICABLE_OPEN_GAPS_AND_SAME_SHA_EVIDENCE,
J011,J011-SL-16,16,DSH↔WLT financial boundary,governance/operational_journey_protocol_package/smsm-dsh-wlt-journeys/01-identity-workforce-platform-providers/J011.md,TASK-0015,BLOCKED_BY_FOUNDATION,J011-SL-15,ZERO_APPLICABLE_OPEN_GAPS_AND_SAME_SHA_EVIDENCE,
J011,J011-SL-17,17,Concurrency/idempotency/unknown result,governance/operational_journey_protocol_package/smsm-dsh-wlt-journeys/01-identity-workforce-platform-providers/J011.md,TASK-0015,BLOCKED_BY_FOUNDATION,J011-SL-16,ZERO_APPLICABLE_OPEN_GAPS_AND_SAME_SHA_EVIDENCE,
J011,J011-SL-18,18,Offline/retry/recovery,governance/operational_journey_protocol_package/smsm-dsh-wlt-journeys/01-identity-workforce-platform-providers/J011.md,TASK-0015,BLOCKED_BY_FOUNDATION,J011-SL-17,ZERO_APPLICABLE_OPEN_GAPS_AND_SAME_SHA_EVIDENCE,
J011,J011-SL-19,19,Cross-surface readback,governance/operational_journey_protocol_package/smsm-dsh-wlt-journeys/01-identity-workforce-platform-providers/J011.md,TASK-0015,BLOCKED_BY_FOUNDATION,J011-SL-18,ZERO_APPLICABLE_OPEN_GAPS_AND_SAME_SHA_EVIDENCE,
J011,J011-SL-20,20,Security/privacy/negative tests,governance/operational_journey_protocol_package/smsm-dsh-wlt-journeys/01-identity-workforce-platform-providers/J011.md,TASK-0015,BLOCKED_BY_FOUNDATION,J011-SL-19,ZERO_APPLICABLE_OPEN_GAPS_AND_SAME_SHA_EVIDENCE,
J011,J011-SL-21,21,Audit/observability/performance,governance/operational_journey_protocol_package/smsm-dsh-wlt-journeys/01-identity-workforce-platform-providers/J011.md,TASK-0015,BLOCKED_BY_FOUNDATION,J011-SL-20,ZERO_APPLICABLE_OPEN_GAPS_AND_SAME_SHA_EVIDENCE,
J011,J011-SL-22,22,Accessibility/RTL/localization,governance/operational_journey_protocol_package/smsm-dsh-wlt-journeys/01-identity-workforce-platform-providers/J011.md,TASK-0015,BLOCKED_BY_FOUNDATION,J011-SL-21,ZERO_APPLICABLE_OPEN_GAPS_AND_SAME_SHA_EVIDENCE,
J011,J011-SL-23,23,Manual operational acceptance,governance/operational_journey_protocol_package/smsm-dsh-wlt-journeys/01-identity-workforce-platform-providers/J011.md,TASK-0015,BLOCKED_BY_FOUNDATION,J011-SL-22,ZERO_APPLICABLE_OPEN_GAPS_AND_SAME_SHA_EVIDENCE,
J011,J011-SL-24,24,Cleanup/same-SHA evidence/closure,governance/operational_journey_protocol_package/smsm-dsh-wlt-journeys/01-identity-workforce-platform-providers/J011.md,TASK-0015,BLOCKED_BY_FOUNDATION,J011-SL-23,ZERO_APPLICABLE_OPEN_GAPS_AND_SAME_SHA_EVIDENCE,
J012,J012-SL-01,1,Product Truth والنتيجة والثوابت,governance/operational_journey_protocol_package/smsm-dsh-wlt-journeys/01-identity-workforce-platform-providers/J012.md,TASK-0015,BLOCKED_BY_FOUNDATION,FOUNDATION-00,ZERO_APPLICABLE_OPEN_GAPS_AND_SAME_SHA_EVIDENCE,
J012,J012-SL-02,2,Actors وهويات الخدمات,governance/operational_journey_protocol_package/smsm-dsh-wlt-journeys/01-identity-workforce-platform-providers/J012.md,TASK-0015,BLOCKED_BY_FOUNDATION,J012-SL-01,ZERO_APPLICABLE_OPEN_GAPS_AND_SAME_SHA_EVIDENCE,
J012,J012-SL-03,3,التبعيات وشروط الدخول والخروج,governance/operational_journey_protocol_package/smsm-dsh-wlt-journeys/01-identity-workforce-platform-providers/J012.md,TASK-0015,BLOCKED_BY_FOUNDATION,J012-SL-02,ZERO_APPLICABLE_OPEN_GAPS_AND_SAME_SHA_EVIDENCE,
J012,J012-SL-04,4,Identity/session/device,governance/operational_journey_protocol_package/smsm-dsh-wlt-journeys/01-identity-workforce-platform-providers/J012.md,TASK-0015,BLOCKED_BY_FOUNDATION,J012-SL-03,ZERO_APPLICABLE_OPEN_GAPS_AND_SAME_SHA_EVIDENCE,
J012,J012-SL-05,5,Permission/trusted scope/object authorization,governance/operational_journey_protocol_package/smsm-dsh-wlt-journeys/01-identity-workforce-platform-providers/J012.md,TASK-0015,BLOCKED_BY_FOUNDATION,J012-SL-04,ZERO_APPLICABLE_OPEN_GAPS_AND_SAME_SHA_EVIDENCE,
J012,J012-SL-06,6,Entrypoints/routes/deep links/navigation,governance/operational_journey_protocol_package/smsm-dsh-wlt-journeys/01-identity-workforce-platform-providers/J012.md,TASK-0015,BLOCKED_BY_FOUNDATION,J012-SL-05,ZERO_APPLICABLE_OPEN_GAPS_AND_SAME_SHA_EVIDENCE,
J012,J012-SL-07,7,Screens/pages/tabs/buttons/icons/forms,governance/operational_journey_protocol_package/smsm-dsh-wlt-journeys/01-identity-workforce-platform-providers/J012.md,TASK-0015,BLOCKED_BY_FOUNDATION,J012-SL-06,ZERO_APPLICABLE_OPEN_GAPS_AND_SAME_SHA_EVIDENCE,
J012,J012-SL-08,8,Shared brain/view model/visible states,governance/operational_journey_protocol_package/smsm-dsh-wlt-journeys/01-identity-workforce-platform-providers/J012.md,TASK-0015,BLOCKED_BY_FOUNDATION,J012-SL-07,ZERO_APPLICABLE_OPEN_GAPS_AND_SAME_SHA_EVIDENCE,
J012,J012-SL-09,9,OpenAPI/error/security/idempotency,governance/operational_journey_protocol_package/smsm-dsh-wlt-journeys/01-identity-workforce-platform-providers/J012.md,TASK-0015,BLOCKED_BY_FOUNDATION,J012-SL-08,ZERO_APPLICABLE_OPEN_GAPS_AND_SAME_SHA_EVIDENCE,
J012,J012-SL-10,10,Generated clients/transports,governance/operational_journey_protocol_package/smsm-dsh-wlt-journeys/01-identity-workforce-platform-providers/J012.md,TASK-0015,BLOCKED_BY_FOUNDATION,J012-SL-09,ZERO_APPLICABLE_OPEN_GAPS_AND_SAME_SHA_EVIDENCE,
J012,J012-SL-11,11,Backend handler/domain/repository,governance/operational_journey_protocol_package/smsm-dsh-wlt-journeys/01-identity-workforce-platform-providers/J012.md,TASK-0015,BLOCKED_BY_FOUNDATION,J012-SL-10,ZERO_APPLICABLE_OPEN_GAPS_AND_SAME_SHA_EVIDENCE,
J012,J012-SL-12,12,State machine/allowed actions,governance/operational_journey_protocol_package/smsm-dsh-wlt-journeys/01-identity-workforce-platform-providers/J012.md,TASK-0015,BLOCKED_BY_FOUNDATION,J012-SL-11,ZERO_APPLICABLE_OPEN_GAPS_AND_SAME_SHA_EVIDENCE,
J012,J012-SL-13,13,Database/migrations/constraints/indexes,governance/operational_journey_protocol_package/smsm-dsh-wlt-journeys/01-identity-workforce-platform-providers/J012.md,TASK-0015,BLOCKED_BY_FOUNDATION,J012-SL-12,ZERO_APPLICABLE_OPEN_GAPS_AND_SAME_SHA_EVIDENCE,
J012,J012-SL-14,14,Events/outbox/inbox/jobs/DLQ,governance/operational_journey_protocol_package/smsm-dsh-wlt-journeys/01-identity-workforce-platform-providers/J012.md,TASK-0015,BLOCKED_BY_FOUNDATION,J012-SL-13,ZERO_APPLICABLE_OPEN_GAPS_AND_SAME_SHA_EVIDENCE,
J012,J012-SL-15,15,Media/providers/cache/search,governance/operational_journey_protocol_package/smsm-dsh-wlt-journeys/01-identity-workforce-platform-providers/J012.md,TASK-0015,BLOCKED_BY_FOUNDATION,J012-SL-14,ZERO_APPLICABLE_OPEN_GAPS_AND_SAME_SHA_EVIDENCE,
J012,J012-SL-16,16,DSH↔WLT financial boundary,governance/operational_journey_protocol_package/smsm-dsh-wlt-journeys/01-identity-workforce-platform-providers/J012.md,TASK-0015,BLOCKED_BY_FOUNDATION,J012-SL-15,ZERO_APPLICABLE_OPEN_GAPS_AND_SAME_SHA_EVIDENCE,
J012,J012-SL-17,17,Concurrency/idempotency/unknown result,governance/operational_journey_protocol_package/smsm-dsh-wlt-journeys/01-identity-workforce-platform-providers/J012.md,TASK-0015,BLOCKED_BY_FOUNDATION,J012-SL-16,ZERO_APPLICABLE_OPEN_GAPS_AND_SAME_SHA_EVIDENCE,
J012,J012-SL-18,18,Offline/retry/recovery,governance/operational_journey_protocol_package/smsm-dsh-wlt-journeys/01-identity-workforce-platform-providers/J012.md,TASK-0015,BLOCKED_BY_FOUNDATION,J012-SL-17,ZERO_APPLICABLE_OPEN_GAPS_AND_SAME_SHA_EVIDENCE,
J012,J012-SL-19,19,Cross-surface readback,governance/operational_journey_protocol_package/smsm-dsh-wlt-journeys/01-identity-workforce-platform-providers/J012.md,TASK-0015,BLOCKED_BY_FOUNDATION,J012-SL-18,ZERO_APPLICABLE_OPEN_GAPS_AND_SAME_SHA_EVIDENCE,
J012,J012-SL-20,20,Security/privacy/negative tests,governance/operational_journey_protocol_package/smsm-dsh-wlt-journeys/01-identity-workforce-platform-providers/J012.md,TASK-0015,BLOCKED_BY_FOUNDATION,J012-SL-19,ZERO_APPLICABLE_OPEN_GAPS_AND_SAME_SHA_EVIDENCE,
J012,J012-SL-21,21,Audit/observability/performance,governance/operational_journey_protocol_package/smsm-dsh-wlt-journeys/01-identity-workforce-platform-providers/J012.md,TASK-0015,BLOCKED_BY_FOUNDATION,J012-SL-20,ZERO_APPLICABLE_OPEN_GAPS_AND_SAME_SHA_EVIDENCE,
J012,J012-SL-22,22,Accessibility/RTL/localization,governance/operational_journey_protocol_package/smsm-dsh-wlt-journeys/01-identity-workforce-platform-providers/J012.md,TASK-0015,BLOCKED_BY_FOUNDATION,J012-SL-21,ZERO_APPLICABLE_OPEN_GAPS_AND_SAME_SHA_EVIDENCE,
J012,J012-SL-23,23,Manual operational acceptance,governance/operational_journey_protocol_package/smsm-dsh-wlt-journeys/01-identity-workforce-platform-providers/J012.md,TASK-0015,BLOCKED_BY_FOUNDATION,J012-SL-22,ZERO_APPLICABLE_OPEN_GAPS_AND_SAME_SHA_EVIDENCE,
J012,J012-SL-24,24,Cleanup/same-SHA evidence/closure,governance/operational_journey_protocol_package/smsm-dsh-wlt-journeys/01-identity-workforce-platform-providers/J012.md,TASK-0015,BLOCKED_BY_FOUNDATION,J012-SL-23,ZERO_APPLICABLE_OPEN_GAPS_AND_SAME_SHA_EVIDENCE,
J013,J013-SL-01,1,Product Truth والنتيجة والثوابت,governance/operational_journey_protocol_package/smsm-dsh-wlt-journeys/01-identity-workforce-platform-providers/J013.md,TASK-0015,BLOCKED_BY_FOUNDATION,FOUNDATION-00,ZERO_APPLICABLE_OPEN_GAPS_AND_SAME_SHA_EVIDENCE,
J013,J013-SL-02,2,Actors وهويات الخدمات,governance/operational_journey_protocol_package/smsm-dsh-wlt-journeys/01-identity-workforce-platform-providers/J013.md,TASK-0015,BLOCKED_BY_FOUNDATION,J013-SL-01,ZERO_APPLICABLE_OPEN_GAPS_AND_SAME_SHA_EVIDENCE,
J013,J013-SL-03,3,التبعيات وشروط الدخول والخروج,governance/operational_journey_protocol_package/smsm-dsh-wlt-journeys/01-identity-workforce-platform-providers/J013.md,TASK-0015,BLOCKED_BY_FOUNDATION,J013-SL-02,ZERO_APPLICABLE_OPEN_GAPS_AND_SAME_SHA_EVIDENCE,
J013,J013-SL-04,4,Identity/session/device,governance/operational_journey_protocol_package/smsm-dsh-wlt-journeys/01-identity-workforce-platform-providers/J013.md,TASK-0015,BLOCKED_BY_FOUNDATION,J013-SL-03,ZERO_APPLICABLE_OPEN_GAPS_AND_SAME_SHA_EVIDENCE,
J013,J013-SL-05,5,Permission/trusted scope/object authorization,governance/operational_journey_protocol_package/smsm-dsh-wlt-journeys/01-identity-workforce-platform-providers/J013.md,TASK-0015,BLOCKED_BY_FOUNDATION,J013-SL-04,ZERO_APPLICABLE_OPEN_GAPS_AND_SAME_SHA_EVIDENCE,
J013,J013-SL-06,6,Entrypoints/routes/deep links/navigation,governance/operational_journey_protocol_package/smsm-dsh-wlt-journeys/01-identity-workforce-platform-providers/J013.md,TASK-0015,BLOCKED_BY_FOUNDATION,J013-SL-05,ZERO_APPLICABLE_OPEN_GAPS_AND_SAME_SHA_EVIDENCE,
J013,J013-SL-07,7,Screens/pages/tabs/buttons/icons/forms,governance/operational_journey_protocol_package/smsm-dsh-wlt-journeys/01-identity-workforce-platform-providers/J013.md,TASK-0015,BLOCKED_BY_FOUNDATION,J013-SL-06,ZERO_APPLICABLE_OPEN_GAPS_AND_SAME_SHA_EVIDENCE,
J013,J013-SL-08,8,Shared brain/view model/visible states,governance/operational_journey_protocol_package/smsm-dsh-wlt-journeys/01-identity-workforce-platform-providers/J013.md,TASK-0015,BLOCKED_BY_FOUNDATION,J013-SL-07,ZERO_APPLICABLE_OPEN_GAPS_AND_SAME_SHA_EVIDENCE,
J013,J013-SL-09,9,OpenAPI/error/security/idempotency,governance/operational_journey_protocol_package/smsm-dsh-wlt-journeys/01-identity-workforce-platform-providers/J013.md,TASK-0015,BLOCKED_BY_FOUNDATION,J013-SL-08,ZERO_APPLICABLE_OPEN_GAPS_AND_SAME_SHA_EVIDENCE,
J013,J013-SL-10,10,Generated clients/transports,governance/operational_journey_protocol_package/smsm-dsh-wlt-journeys/01-identity-workforce-platform-providers/J013.md,TASK-0015,BLOCKED_BY_FOUNDATION,J013-SL-09,ZERO_APPLICABLE_OPEN_GAPS_AND_SAME_SHA_EVIDENCE,
J013,J013-SL-11,11,Backend handler/domain/repository,governance/operational_journey_protocol_package/smsm-dsh-wlt-journeys/01-identity-workforce-platform-providers/J013.md,TASK-0015,BLOCKED_BY_FOUNDATION,J013-SL-10,ZERO_APPLICABLE_OPEN_GAPS_AND_SAME_SHA_EVIDENCE,
J013,J013-SL-12,12,State machine/allowed actions,governance/operational_journey_protocol_package/smsm-dsh-wlt-journeys/01-identity-workforce-platform-providers/J013.md,TASK-0015,BLOCKED_BY_FOUNDATION,J013-SL-11,ZERO_APPLICABLE_OPEN_GAPS_AND_SAME_SHA_EVIDENCE,
J013,J013-SL-13,13,Database/migrations/constraints/indexes,governance/operational_journey_protocol_package/smsm-dsh-wlt-journeys/01-identity-workforce-platform-providers/J013.md,TASK-0015,BLOCKED_BY_FOUNDATION,J013-SL-12,ZERO_APPLICABLE_OPEN_GAPS_AND_SAME_SHA_EVIDENCE,
J013,J013-SL-14,14,Events/outbox/inbox/jobs/DLQ,governance/operational_journey_protocol_package/smsm-dsh-wlt-journeys/01-identity-workforce-platform-providers/J013.md,TASK-0015,BLOCKED_BY_FOUNDATION,J013-SL-13,ZERO_APPLICABLE_OPEN_GAPS_AND_SAME_SHA_EVIDENCE,
J013,J013-SL-15,15,Media/providers/cache/search,governance/operational_journey_protocol_package/smsm-dsh-wlt-journeys/01-identity-workforce-platform-providers/J013.md,TASK-0015,BLOCKED_BY_FOUNDATION,J013-SL-14,ZERO_APPLICABLE_OPEN_GAPS_AND_SAME_SHA_EVIDENCE,
J013,J013-SL-16,16,DSH↔WLT financial boundary,governance/operational_journey_protocol_package/smsm-dsh-wlt-journeys/01-identity-workforce-platform-providers/J013.md,TASK-0015,BLOCKED_BY_FOUNDATION,J013-SL-15,ZERO_APPLICABLE_OPEN_GAPS_AND_SAME_SHA_EVIDENCE,
J013,J013-SL-17,17,Concurrency/idempotency/unknown result,governance/operational_journey_protocol_package/smsm-dsh-wlt-journeys/01-identity-workforce-platform-providers/J013.md,TASK-0015,BLOCKED_BY_FOUNDATION,J013-SL-16,ZERO_APPLICABLE_OPEN_GAPS_AND_SAME_SHA_EVIDENCE,
J013,J013-SL-18,18,Offline/retry/recovery,governance/operational_journey_protocol_package/smsm-dsh-wlt-journeys/01-identity-workforce-platform-providers/J013.md,TASK-0015,BLOCKED_BY_FOUNDATION,J013-SL-17,ZERO_APPLICABLE_OPEN_GAPS_AND_SAME_SHA_EVIDENCE,
J013,J013-SL-19,19,Cross-surface readback,governance/operational_journey_protocol_package/smsm-dsh-wlt-journeys/01-identity-workforce-platform-providers/J013.md,TASK-0015,BLOCKED_BY_FOUNDATION,J013-SL-18,ZERO_APPLICABLE_OPEN_GAPS_AND_SAME_SHA_EVIDENCE,
J013,J013-SL-20,20,Security/privacy/negative tests,governance/operational_journey_protocol_package/smsm-dsh-wlt-journeys/01-identity-workforce-platform-providers/J013.md,TASK-0015,BLOCKED_BY_FOUNDATION,J013-SL-19,ZERO_APPLICABLE_OPEN_GAPS_AND_SAME_SHA_EVIDENCE,
J013,J013-SL-21,21,Audit/observability/performance,governance/operational_journey_protocol_package/smsm-dsh-wlt-journeys/01-identity-workforce-platform-providers/J013.md,TASK-0015,BLOCKED_BY_FOUNDATION,J013-SL-20,ZERO_APPLICABLE_OPEN_GAPS_AND_SAME_SHA_EVIDENCE,
J013,J013-SL-22,22,Accessibility/RTL/localization,governance/operational_journey_protocol_package/smsm-dsh-wlt-journeys/01-identity-workforce-platform-providers/J013.md,TASK-0015,BLOCKED_BY_FOUNDATION,J013-SL-21,ZERO_APPLICABLE_OPEN_GAPS_AND_SAME_SHA_EVIDENCE,
J013,J013-SL-23,23,Manual operational acceptance,governance/operational_journey_protocol_package/smsm-dsh-wlt-journeys/01-identity-workforce-platform-providers/J013.md,TASK-0015,BLOCKED_BY_FOUNDATION,J013-SL-22,ZERO_APPLICABLE_OPEN_GAPS_AND_SAME_SHA_EVIDENCE,
J013,J013-SL-24,24,Cleanup/same-SHA evidence/closure,governance/operational_journey_protocol_package/smsm-dsh-wlt-journeys/01-identity-workforce-platform-providers/J013.md,TASK-0015,BLOCKED_BY_FOUNDATION,J013-SL-23,ZERO_APPLICABLE_OPEN_GAPS_AND_SAME_SHA_EVIDENCE,
J014,J014-SL-01,1,Product Truth والنتيجة والثوابت,governance/operational_journey_protocol_package/smsm-dsh-wlt-journeys/01-identity-workforce-platform-providers/J014.md,TASK-0015,BLOCKED_BY_FOUNDATION,FOUNDATION-00,ZERO_APPLICABLE_OPEN_GAPS_AND_SAME_SHA_EVIDENCE,
J014,J014-SL-02,2,Actors وهويات الخدمات,governance/operational_journey_protocol_package/smsm-dsh-wlt-journeys/01-identity-workforce-platform-providers/J014.md,TASK-0015,BLOCKED_BY_FOUNDATION,J014-SL-01,ZERO_APPLICABLE_OPEN_GAPS_AND_SAME_SHA_EVIDENCE,
J014,J014-SL-03,3,التبعيات وشروط الدخول والخروج,governance/operational_journey_protocol_package/smsm-dsh-wlt-journeys/01-identity-workforce-platform-providers/J014.md,TASK-0015,BLOCKED_BY_FOUNDATION,J014-SL-02,ZERO_APPLICABLE_OPEN_GAPS_AND_SAME_SHA_EVIDENCE,
J014,J014-SL-04,4,Identity/session/device,governance/operational_journey_protocol_package/smsm-dsh-wlt-journeys/01-identity-workforce-platform-providers/J014.md,TASK-0015,BLOCKED_BY_FOUNDATION,J014-SL-03,ZERO_APPLICABLE_OPEN_GAPS_AND_SAME_SHA_EVIDENCE,
J014,J014-SL-05,5,Permission/trusted scope/object authorization,governance/operational_journey_protocol_package/smsm-dsh-wlt-journeys/01-identity-workforce-platform-providers/J014.md,TASK-0015,BLOCKED_BY_FOUNDATION,J014-SL-04,ZERO_APPLICABLE_OPEN_GAPS_AND_SAME_SHA_EVIDENCE,
J014,J014-SL-06,6,Entrypoints/routes/deep links/navigation,governance/operational_journey_protocol_package/smsm-dsh-wlt-journeys/01-identity-workforce-platform-providers/J014.md,TASK-0015,BLOCKED_BY_FOUNDATION,J014-SL-05,ZERO_APPLICABLE_OPEN_GAPS_AND_SAME_SHA_EVIDENCE,
J014,J014-SL-07,7,Screens/pages/tabs/buttons/icons/forms,governance/operational_journey_protocol_package/smsm-dsh-wlt-journeys/01-identity-workforce-platform-providers/J014.md,TASK-0015,BLOCKED_BY_FOUNDATION,J014-SL-06,ZERO_APPLICABLE_OPEN_GAPS_AND_SAME_SHA_EVIDENCE,
J014,J014-SL-08,8,Shared brain/view model/visible states,governance/operational_journey_protocol_package/smsm-dsh-wlt-journeys/01-identity-workforce-platform-providers/J014.md,TASK-0015,BLOCKED_BY_FOUNDATION,J014-SL-07,ZERO_APPLICABLE_OPEN_GAPS_AND_SAME_SHA_EVIDENCE,
J014,J014-SL-09,9,OpenAPI/error/security/idempotency,governance/operational_journey_protocol_package/smsm-dsh-wlt-journeys/01-identity-workforce-platform-providers/J014.md,TASK-0015,BLOCKED_BY_FOUNDATION,J014-SL-08,ZERO_APPLICABLE_OPEN_GAPS_AND_SAME_SHA_EVIDENCE,
J014,J014-SL-10,10,Generated clients/transports,governance/operational_journey_protocol_package/smsm-dsh-wlt-journeys/01-identity-workforce-platform-providers/J014.md,TASK-0015,BLOCKED_BY_FOUNDATION,J014-SL-09,ZERO_APPLICABLE_OPEN_GAPS_AND_SAME_SHA_EVIDENCE,
J014,J014-SL-11,11,Backend handler/domain/repository,governance/operational_journey_protocol_package/smsm-dsh-wlt-journeys/01-identity-workforce-platform-providers/J014.md,TASK-0015,BLOCKED_BY_FOUNDATION,J014-SL-10,ZERO_APPLICABLE_OPEN_GAPS_AND_SAME_SHA_EVIDENCE,
J014,J014-SL-12,12,State machine/allowed actions,governance/operational_journey_protocol_package/smsm-dsh-wlt-journeys/01-identity-workforce-platform-providers/J014.md,TASK-0015,BLOCKED_BY_FOUNDATION,J014-SL-11,ZERO_APPLICABLE_OPEN_GAPS_AND_SAME_SHA_EVIDENCE,
J014,J014-SL-13,13,Database/migrations/constraints/indexes,governance/operational_journey_protocol_package/smsm-dsh-wlt-journeys/01-identity-workforce-platform-providers/J014.md,TASK-0015,BLOCKED_BY_FOUNDATION,J014-SL-12,ZERO_APPLICABLE_OPEN_GAPS_AND_SAME_SHA_EVIDENCE,
J014,J014-SL-14,14,Events/outbox/inbox/jobs/DLQ,governance/operational_journey_protocol_package/smsm-dsh-wlt-journeys/01-identity-workforce-platform-providers/J014.md,TASK-0015,BLOCKED_BY_FOUNDATION,J014-SL-13,ZERO_APPLICABLE_OPEN_GAPS_AND_SAME_SHA_EVIDENCE,
J014,J014-SL-15,15,Media/providers/cache/search,governance/operational_journey_protocol_package/smsm-dsh-wlt-journeys/01-identity-workforce-platform-providers/J014.md,TASK-0015,BLOCKED_BY_FOUNDATION,J014-SL-14,ZERO_APPLICABLE_OPEN_GAPS_AND_SAME_SHA_EVIDENCE,
J014,J014-SL-16,16,DSH↔WLT financial boundary,governance/operational_journey_protocol_package/smsm-dsh-wlt-journeys/01-identity-workforce-platform-providers/J014.md,TASK-0015,BLOCKED_BY_FOUNDATION,J014-SL-15,ZERO_APPLICABLE_OPEN_GAPS_AND_SAME_SHA_EVIDENCE,
J014,J014-SL-17,17,Concurrency/idempotency/unknown result,governance/operational_journey_protocol_package/smsm-dsh-wlt-journeys/01-identity-workforce-platform-providers/J014.md,TASK-0015,BLOCKED_BY_FOUNDATION,J014-SL-16,ZERO_APPLICABLE_OPEN_GAPS_AND_SAME_SHA_EVIDENCE,
J014,J014-SL-18,18,Offline/retry/recovery,governance/operational_journey_protocol_package/smsm-dsh-wlt-journeys/01-identity-workforce-platform-providers/J014.md,TASK-0015,BLOCKED_BY_FOUNDATION,J014-SL-17,ZERO_APPLICABLE_OPEN_GAPS_AND_SAME_SHA_EVIDENCE,
J014,J014-SL-19,19,Cross-surface readback,governance/operational_journey_protocol_package/smsm-dsh-wlt-journeys/01-identity-workforce-platform-providers/J014.md,TASK-0015,BLOCKED_BY_FOUNDATION,J014-SL-18,ZERO_APPLICABLE_OPEN_GAPS_AND_SAME_SHA_EVIDENCE,
J014,J014-SL-20,20,Security/privacy/negative tests,governance/operational_journey_protocol_package/smsm-dsh-wlt-journeys/01-identity-workforce-platform-providers/J014.md,TASK-0015,BLOCKED_BY_FOUNDATION,J014-SL-19,ZERO_APPLICABLE_OPEN_GAPS_AND_SAME_SHA_EVIDENCE,
J014,J014-SL-21,21,Audit/observability/performance,governance/operational_journey_protocol_package/smsm-dsh-wlt-journeys/01-identity-workforce-platform-providers/J014.md,TASK-0015,BLOCKED_BY_FOUNDATION,J014-SL-20,ZERO_APPLICABLE_OPEN_GAPS_AND_SAME_SHA_EVIDENCE,
J014,J014-SL-22,22,Accessibility/RTL/localization,governance/operational_journey_protocol_package/smsm-dsh-wlt-journeys/01-identity-workforce-platform-providers/J014.md,TASK-0015,BLOCKED_BY_FOUNDATION,J014-SL-21,ZERO_APPLICABLE_OPEN_GAPS_AND_SAME_SHA_EVIDENCE,
J014,J014-SL-23,23,Manual operational acceptance,governance/operational_journey_protocol_package/smsm-dsh-wlt-journeys/01-identity-workforce-platform-providers/J014.md,TASK-0015,BLOCKED_BY_FOUNDATION,J014-SL-22,ZERO_APPLICABLE_OPEN_GAPS_AND_SAME_SHA_EVIDENCE,
J014,J014-SL-24,24,Cleanup/same-SHA evidence/closure,governance/operational_journey_protocol_package/smsm-dsh-wlt-journeys/01-identity-workforce-platform-providers/J014.md,TASK-0015,BLOCKED_BY_FOUNDATION,J014-SL-23,ZERO_APPLICABLE_OPEN_GAPS_AND_SAME_SHA_EVIDENCE,
J015,J015-SL-01,1,Product Truth والنتيجة والثوابت,governance/operational_journey_protocol_package/smsm-dsh-wlt-journeys/01-identity-workforce-platform-providers/J015.md,TASK-0015,BLOCKED_BY_FOUNDATION,FOUNDATION-00,ZERO_APPLICABLE_OPEN_GAPS_AND_SAME_SHA_EVIDENCE,
J015,J015-SL-02,2,Actors وهويات الخدمات,governance/operational_journey_protocol_package/smsm-dsh-wlt-journeys/01-identity-workforce-platform-providers/J015.md,TASK-0015,BLOCKED_BY_FOUNDATION,J015-SL-01,ZERO_APPLICABLE_OPEN_GAPS_AND_SAME_SHA_EVIDENCE,
J015,J015-SL-03,3,التبعيات وشروط الدخول والخروج,governance/operational_journey_protocol_package/smsm-dsh-wlt-journeys/01-identity-workforce-platform-providers/J015.md,TASK-0015,BLOCKED_BY_FOUNDATION,J015-SL-02,ZERO_APPLICABLE_OPEN_GAPS_AND_SAME_SHA_EVIDENCE,
J015,J015-SL-04,4,Identity/session/device,governance/operational_journey_protocol_package/smsm-dsh-wlt-journeys/01-identity-workforce-platform-providers/J015.md,TASK-0015,BLOCKED_BY_FOUNDATION,J015-SL-03,ZERO_APPLICABLE_OPEN_GAPS_AND_SAME_SHA_EVIDENCE,
J015,J015-SL-05,5,Permission/trusted scope/object authorization,governance/operational_journey_protocol_package/smsm-dsh-wlt-journeys/01-identity-workforce-platform-providers/J015.md,TASK-0015,BLOCKED_BY_FOUNDATION,J015-SL-04,ZERO_APPLICABLE_OPEN_GAPS_AND_SAME_SHA_EVIDENCE,
J015,J015-SL-06,6,Entrypoints/routes/deep links/navigation,governance/operational_journey_protocol_package/smsm-dsh-wlt-journeys/01-identity-workforce-platform-providers/J015.md,TASK-0015,BLOCKED_BY_FOUNDATION,J015-SL-05,ZERO_APPLICABLE_OPEN_GAPS_AND_SAME_SHA_EVIDENCE,
J015,J015-SL-07,7,Screens/pages/tabs/buttons/icons/forms,governance/operational_journey_protocol_package/smsm-dsh-wlt-journeys/01-identity-workforce-platform-providers/J015.md,TASK-0015,BLOCKED_BY_FOUNDATION,J015-SL-06,ZERO_APPLICABLE_OPEN_GAPS_AND_SAME_SHA_EVIDENCE,
J015,J015-SL-08,8,Shared brain/view model/visible states,governance/operational_journey_protocol_package/smsm-dsh-wlt-journeys/01-identity-workforce-platform-providers/J015.md,TASK-0015,BLOCKED_BY_FOUNDATION,J015-SL-07,ZERO_APPLICABLE_OPEN_GAPS_AND_SAME_SHA_EVIDENCE,
J015,J015-SL-09,9,OpenAPI/error/security/idempotency,governance/operational_journey_protocol_package/smsm-dsh-wlt-journeys/01-identity-workforce-platform-providers/J015.md,TASK-0015,BLOCKED_BY_FOUNDATION,J015-SL-08,ZERO_APPLICABLE_OPEN_GAPS_AND_SAME_SHA_EVIDENCE,
J015,J015-SL-10,10,Generated clients/transports,governance/operational_journey_protocol_package/smsm-dsh-wlt-journeys/01-identity-workforce-platform-providers/J015.md,TASK-0015,BLOCKED_BY_FOUNDATION,J015-SL-09,ZERO_APPLICABLE_OPEN_GAPS_AND_SAME_SHA_EVIDENCE,
J015,J015-SL-11,11,Backend handler/domain/repository,governance/operational_journey_protocol_package/smsm-dsh-wlt-journeys/01-identity-workforce-platform-providers/J015.md,TASK-0015,BLOCKED_BY_FOUNDATION,J015-SL-10,ZERO_APPLICABLE_OPEN_GAPS_AND_SAME_SHA_EVIDENCE,
J015,J015-SL-12,12,State machine/allowed actions,governance/operational_journey_protocol_package/smsm-dsh-wlt-journeys/01-identity-workforce-platform-providers/J015.md,TASK-0015,BLOCKED_BY_FOUNDATION,J015-SL-11,ZERO_APPLICABLE_OPEN_GAPS_AND_SAME_SHA_EVIDENCE,
J015,J015-SL-13,13,Database/migrations/constraints/indexes,governance/operational_journey_protocol_package/smsm-dsh-wlt-journeys/01-identity-workforce-platform-providers/J015.md,TASK-0015,BLOCKED_BY_FOUNDATION,J015-SL-12,ZERO_APPLICABLE_OPEN_GAPS_AND_SAME_SHA_EVIDENCE,
J015,J015-SL-14,14,Events/outbox/inbox/jobs/DLQ,governance/operational_journey_protocol_package/smsm-dsh-wlt-journeys/01-identity-workforce-platform-providers/J015.md,TASK-0015,BLOCKED_BY_FOUNDATION,J015-SL-13,ZERO_APPLICABLE_OPEN_GAPS_AND_SAME_SHA_EVIDENCE,
J015,J015-SL-15,15,Media/providers/cache/search,governance/operational_journey_protocol_package/smsm-dsh-wlt-journeys/01-identity-workforce-platform-providers/J015.md,TASK-0015,BLOCKED_BY_FOUNDATION,J015-SL-14,ZERO_APPLICABLE_OPEN_GAPS_AND_SAME_SHA_EVIDENCE,
J015,J015-SL-16,16,DSH↔WLT financial boundary,governance/operational_journey_protocol_package/smsm-dsh-wlt-journeys/01-identity-workforce-platform-providers/J015.md,TASK-0015,BLOCKED_BY_FOUNDATION,J015-SL-15,ZERO_APPLICABLE_OPEN_GAPS_AND_SAME_SHA_EVIDENCE,
J015,J015-SL-17,17,Concurrency/idempotency/unknown result,governance/operational_journey_protocol_package/smsm-dsh-wlt-journeys/01-identity-workforce-platform-providers/J015.md,TASK-0015,BLOCKED_BY_FOUNDATION,J015-SL-16,ZERO_APPLICABLE_OPEN_GAPS_AND_SAME_SHA_EVIDENCE,
J015,J015-SL-18,18,Offline/retry/recovery,governance/operational_journey_protocol_package/smsm-dsh-wlt-journeys/01-identity-workforce-platform-providers/J015.md,TASK-0015,BLOCKED_BY_FOUNDATION,J015-SL-17,ZERO_APPLICABLE_OPEN_GAPS_AND_SAME_SHA_EVIDENCE,
J015,J015-SL-19,19,Cross-surface readback,governance/operational_journey_protocol_package/smsm-dsh-wlt-journeys/01-identity-workforce-platform-providers/J015.md,TASK-0015,BLOCKED_BY_FOUNDATION,J015-SL-18,ZERO_APPLICABLE_OPEN_GAPS_AND_SAME_SHA_EVIDENCE,
J015,J015-SL-20,20,Security/privacy/negative tests,governance/operational_journey_protocol_package/smsm-dsh-wlt-journeys/01-identity-workforce-platform-providers/J015.md,TASK-0015,BLOCKED_BY_FOUNDATION,J015-SL-19,ZERO_APPLICABLE_OPEN_GAPS_AND_SAME_SHA_EVIDENCE,
J015,J015-SL-21,21,Audit/observability/performance,governance/operational_journey_protocol_package/smsm-dsh-wlt-journeys/01-identity-workforce-platform-providers/J015.md,TASK-0015,BLOCKED_BY_FOUNDATION,J015-SL-20,ZERO_APPLICABLE_OPEN_GAPS_AND_SAME_SHA_EVIDENCE,
J015,J015-SL-22,22,Accessibility/RTL/localization,governance/operational_journey_protocol_package/smsm-dsh-wlt-journeys/01-identity-workforce-platform-providers/J015.md,TASK-0015,BLOCKED_BY_FOUNDATION,J015-SL-21,ZERO_APPLICABLE_OPEN_GAPS_AND_SAME_SHA_EVIDENCE,
J015,J015-SL-23,23,Manual operational acceptance,governance/operational_journey_protocol_package/smsm-dsh-wlt-journeys/01-identity-workforce-platform-providers/J015.md,TASK-0015,BLOCKED_BY_FOUNDATION,J015-SL-22,ZERO_APPLICABLE_OPEN_GAPS_AND_SAME_SHA_EVIDENCE,
J015,J015-SL-24,24,Cleanup/same-SHA evidence/closure,governance/operational_journey_protocol_package/smsm-dsh-wlt-journeys/01-identity-workforce-platform-providers/J015.md,TASK-0015,BLOCKED_BY_FOUNDATION,J015-SL-23,ZERO_APPLICABLE_OPEN_GAPS_AND_SAME_SHA_EVIDENCE,
J016,J016-SL-01,1,Product Truth والنتيجة والثوابت,governance/operational_journey_protocol_package/smsm-dsh-wlt-journeys/01-identity-workforce-platform-providers/J016.md,TASK-0015,BLOCKED_BY_FOUNDATION,FOUNDATION-00,ZERO_APPLICABLE_OPEN_GAPS_AND_SAME_SHA_EVIDENCE,
J016,J016-SL-02,2,Actors وهويات الخدمات,governance/operational_journey_protocol_package/smsm-dsh-wlt-journeys/01-identity-workforce-platform-providers/J016.md,TASK-0015,BLOCKED_BY_FOUNDATION,J016-SL-01,ZERO_APPLICABLE_OPEN_GAPS_AND_SAME_SHA_EVIDENCE,
J016,J016-SL-03,3,التبعيات وشروط الدخول والخروج,governance/operational_journey_protocol_package/smsm-dsh-wlt-journeys/01-identity-workforce-platform-providers/J016.md,TASK-0015,BLOCKED_BY_FOUNDATION,J016-SL-02,ZERO_APPLICABLE_OPEN_GAPS_AND_SAME_SHA_EVIDENCE,
J016,J016-SL-04,4,Identity/session/device,governance/operational_journey_protocol_package/smsm-dsh-wlt-journeys/01-identity-workforce-platform-providers/J016.md,TASK-0015,BLOCKED_BY_FOUNDATION,J016-SL-03,ZERO_APPLICABLE_OPEN_GAPS_AND_SAME_SHA_EVIDENCE,
J016,J016-SL-05,5,Permission/trusted scope/object authorization,governance/operational_journey_protocol_package/smsm-dsh-wlt-journeys/01-identity-workforce-platform-providers/J016.md,TASK-0015,BLOCKED_BY_FOUNDATION,J016-SL-04,ZERO_APPLICABLE_OPEN_GAPS_AND_SAME_SHA_EVIDENCE,
J016,J016-SL-06,6,Entrypoints/routes/deep links/navigation,governance/operational_journey_protocol_package/smsm-dsh-wlt-journeys/01-identity-workforce-platform-providers/J016.md,TASK-0015,BLOCKED_BY_FOUNDATION,J016-SL-05,ZERO_APPLICABLE_OPEN_GAPS_AND_SAME_SHA_EVIDENCE,
J016,J016-SL-07,7,Screens/pages/tabs/buttons/icons/forms,governance/operational_journey_protocol_package/smsm-dsh-wlt-journeys/01-identity-workforce-platform-providers/J016.md,TASK-0015,BLOCKED_BY_FOUNDATION,J016-SL-06,ZERO_APPLICABLE_OPEN_GAPS_AND_SAME_SHA_EVIDENCE,
J016,J016-SL-08,8,Shared brain/view model/visible states,governance/operational_journey_protocol_package/smsm-dsh-wlt-journeys/01-identity-workforce-platform-providers/J016.md,TASK-0015,BLOCKED_BY_FOUNDATION,J016-SL-07,ZERO_APPLICABLE_OPEN_GAPS_AND_SAME_SHA_EVIDENCE,
J016,J016-SL-09,9,OpenAPI/error/security/idempotency,governance/operational_journey_protocol_package/smsm-dsh-wlt-journeys/01-identity-workforce-platform-providers/J016.md,TASK-0015,BLOCKED_BY_FOUNDATION,J016-SL-08,ZERO_APPLICABLE_OPEN_GAPS_AND_SAME_SHA_EVIDENCE,
J016,J016-SL-10,10,Generated clients/transports,governance/operational_journey_protocol_package/smsm-dsh-wlt-journeys/01-identity-workforce-platform-providers/J016.md,TASK-0015,BLOCKED_BY_FOUNDATION,J016-SL-09,ZERO_APPLICABLE_OPEN_GAPS_AND_SAME_SHA_EVIDENCE,
J016,J016-SL-11,11,Backend handler/domain/repository,governance/operational_journey_protocol_package/smsm-dsh-wlt-journeys/01-identity-workforce-platform-providers/J016.md,TASK-0015,BLOCKED_BY_FOUNDATION,J016-SL-10,ZERO_APPLICABLE_OPEN_GAPS_AND_SAME_SHA_EVIDENCE,
J016,J016-SL-12,12,State machine/allowed actions,governance/operational_journey_protocol_package/smsm-dsh-wlt-journeys/01-identity-workforce-platform-providers/J016.md,TASK-0015,BLOCKED_BY_FOUNDATION,J016-SL-11,ZERO_APPLICABLE_OPEN_GAPS_AND_SAME_SHA_EVIDENCE,
J016,J016-SL-13,13,Database/migrations/constraints/indexes,governance/operational_journey_protocol_package/smsm-dsh-wlt-journeys/01-identity-workforce-platform-providers/J016.md,TASK-0015,BLOCKED_BY_FOUNDATION,J016-SL-12,ZERO_APPLICABLE_OPEN_GAPS_AND_SAME_SHA_EVIDENCE,
J016,J016-SL-14,14,Events/outbox/inbox/jobs/DLQ,governance/operational_journey_protocol_package/smsm-dsh-wlt-journeys/01-identity-workforce-platform-providers/J016.md,TASK-0015,BLOCKED_BY_FOUNDATION,J016-SL-13,ZERO_APPLICABLE_OPEN_GAPS_AND_SAME_SHA_EVIDENCE,
J016,J016-SL-15,15,Media/providers/cache/search,governance/operational_journey_protocol_package/smsm-dsh-wlt-journeys/01-identity-workforce-platform-providers/J016.md,TASK-0015,BLOCKED_BY_FOUNDATION,J016-SL-14,ZERO_APPLICABLE_OPEN_GAPS_AND_SAME_SHA_EVIDENCE,
J016,J016-SL-16,16,DSH↔WLT financial boundary,governance/operational_journey_protocol_package/smsm-dsh-wlt-journeys/01-identity-workforce-platform-providers/J016.md,TASK-0015,BLOCKED_BY_FOUNDATION,J016-SL-15,ZERO_APPLICABLE_OPEN_GAPS_AND_SAME_SHA_EVIDENCE,
J016,J016-SL-17,17,Concurrency/idempotency/unknown result,governance/operational_journey_protocol_package/smsm-dsh-wlt-journeys/01-identity-workforce-platform-providers/J016.md,TASK-0015,BLOCKED_BY_FOUNDATION,J016-SL-16,ZERO_APPLICABLE_OPEN_GAPS_AND_SAME_SHA_EVIDENCE,
J016,J016-SL-18,18,Offline/retry/recovery,governance/operational_journey_protocol_package/smsm-dsh-wlt-journeys/01-identity-workforce-platform-providers/J016.md,TASK-0015,BLOCKED_BY_FOUNDATION,J016-SL-17,ZERO_APPLICABLE_OPEN_GAPS_AND_SAME_SHA_EVIDENCE,
J016,J016-SL-19,19,Cross-surface readback,governance/operational_journey_protocol_package/smsm-dsh-wlt-journeys/01-identity-workforce-platform-providers/J016.md,TASK-0015,BLOCKED_BY_FOUNDATION,J016-SL-18,ZERO_APPLICABLE_OPEN_GAPS_AND_SAME_SHA_EVIDENCE,
J016,J016-SL-20,20,Security/privacy/negative tests,governance/operational_journey_protocol_package/smsm-dsh-wlt-journeys/01-identity-workforce-platform-providers/J016.md,TASK-0015,BLOCKED_BY_FOUNDATION,J016-SL-19,ZERO_APPLICABLE_OPEN_GAPS_AND_SAME_SHA_EVIDENCE,
J016,J016-SL-21,21,Audit/observability/performance,governance/operational_journey_protocol_package/smsm-dsh-wlt-journeys/01-identity-workforce-platform-providers/J016.md,TASK-0015,BLOCKED_BY_FOUNDATION,J016-SL-20,ZERO_APPLICABLE_OPEN_GAPS_AND_SAME_SHA_EVIDENCE,
J016,J016-SL-22,22,Accessibility/RTL/localization,governance/operational_journey_protocol_package/smsm-dsh-wlt-journeys/01-identity-workforce-platform-providers/J016.md,TASK-0015,BLOCKED_BY_FOUNDATION,J016-SL-21,ZERO_APPLICABLE_OPEN_GAPS_AND_SAME_SHA_EVIDENCE,
J016,J016-SL-23,23,Manual operational acceptance,governance/operational_journey_protocol_package/smsm-dsh-wlt-journeys/01-identity-workforce-platform-providers/J016.md,TASK-0015,BLOCKED_BY_FOUNDATION,J016-SL-22,ZERO_APPLICABLE_OPEN_GAPS_AND_SAME_SHA_EVIDENCE,
J016,J016-SL-24,24,Cleanup/same-SHA evidence/closure,governance/operational_journey_protocol_package/smsm-dsh-wlt-journeys/01-identity-workforce-platform-providers/J016.md,TASK-0015,BLOCKED_BY_FOUNDATION,J016-SL-23,ZERO_APPLICABLE_OPEN_GAPS_AND_SAME_SHA_EVIDENCE,
J017,J017-SL-01,1,Product Truth والنتيجة والثوابت,governance/operational_journey_protocol_package/smsm-dsh-wlt-journeys/01-identity-workforce-platform-providers/J017.md,TASK-0015,BLOCKED_BY_FOUNDATION,FOUNDATION-00,ZERO_APPLICABLE_OPEN_GAPS_AND_SAME_SHA_EVIDENCE,
J017,J017-SL-02,2,Actors وهويات الخدمات,governance/operational_journey_protocol_package/smsm-dsh-wlt-journeys/01-identity-workforce-platform-providers/J017.md,TASK-0015,BLOCKED_BY_FOUNDATION,J017-SL-01,ZERO_APPLICABLE_OPEN_GAPS_AND_SAME_SHA_EVIDENCE,
J017,J017-SL-03,3,التبعيات وشروط الدخول والخروج,governance/operational_journey_protocol_package/smsm-dsh-wlt-journeys/01-identity-workforce-platform-providers/J017.md,TASK-0015,BLOCKED_BY_FOUNDATION,J017-SL-02,ZERO_APPLICABLE_OPEN_GAPS_AND_SAME_SHA_EVIDENCE,
J017,J017-SL-04,4,Identity/session/device,governance/operational_journey_protocol_package/smsm-dsh-wlt-journeys/01-identity-workforce-platform-providers/J017.md,TASK-0015,BLOCKED_BY_FOUNDATION,J017-SL-03,ZERO_APPLICABLE_OPEN_GAPS_AND_SAME_SHA_EVIDENCE,
J017,J017-SL-05,5,Permission/trusted scope/object authorization,governance/operational_journey_protocol_package/smsm-dsh-wlt-journeys/01-identity-workforce-platform-providers/J017.md,TASK-0015,BLOCKED_BY_FOUNDATION,J017-SL-04,ZERO_APPLICABLE_OPEN_GAPS_AND_SAME_SHA_EVIDENCE,
J017,J017-SL-06,6,Entrypoints/routes/deep links/navigation,governance/operational_journey_protocol_package/smsm-dsh-wlt-journeys/01-identity-workforce-platform-providers/J017.md,TASK-0015,BLOCKED_BY_FOUNDATION,J017-SL-05,ZERO_APPLICABLE_OPEN_GAPS_AND_SAME_SHA_EVIDENCE,
J017,J017-SL-07,7,Screens/pages/tabs/buttons/icons/forms,governance/operational_journey_protocol_package/smsm-dsh-wlt-journeys/01-identity-workforce-platform-providers/J017.md,TASK-0015,BLOCKED_BY_FOUNDATION,J017-SL-06,ZERO_APPLICABLE_OPEN_GAPS_AND_SAME_SHA_EVIDENCE,
J017,J017-SL-08,8,Shared brain/view model/visible states,governance/operational_journey_protocol_package/smsm-dsh-wlt-journeys/01-identity-workforce-platform-providers/J017.md,TASK-0015,BLOCKED_BY_FOUNDATION,J017-SL-07,ZERO_APPLICABLE_OPEN_GAPS_AND_SAME_SHA_EVIDENCE,
J017,J017-SL-09,9,OpenAPI/error/security/idempotency,governance/operational_journey_protocol_package/smsm-dsh-wlt-journeys/01-identity-workforce-platform-providers/J017.md,TASK-0015,BLOCKED_BY_FOUNDATION,J017-SL-08,ZERO_APPLICABLE_OPEN_GAPS_AND_SAME_SHA_EVIDENCE,
J017,J017-SL-10,10,Generated clients/transports,governance/operational_journey_protocol_package/smsm-dsh-wlt-journeys/01-identity-workforce-platform-providers/J017.md,TASK-0015,BLOCKED_BY_FOUNDATION,J017-SL-09,ZERO_APPLICABLE_OPEN_GAPS_AND_SAME_SHA_EVIDENCE,
J017,J017-SL-11,11,Backend handler/domain/repository,governance/operational_journey_protocol_package/smsm-dsh-wlt-journeys/01-identity-workforce-platform-providers/J017.md,TASK-0015,BLOCKED_BY_FOUNDATION,J017-SL-10,ZERO_APPLICABLE_OPEN_GAPS_AND_SAME_SHA_EVIDENCE,
J017,J017-SL-12,12,State machine/allowed actions,governance/operational_journey_protocol_package/smsm-dsh-wlt-journeys/01-identity-workforce-platform-providers/J017.md,TASK-0015,BLOCKED_BY_FOUNDATION,J017-SL-11,ZERO_APPLICABLE_OPEN_GAPS_AND_SAME_SHA_EVIDENCE,
J017,J017-SL-13,13,Database/migrations/constraints/indexes,governance/operational_journey_protocol_package/smsm-dsh-wlt-journeys/01-identity-workforce-platform-providers/J017.md,TASK-0015,BLOCKED_BY_FOUNDATION,J017-SL-12,ZERO_APPLICABLE_OPEN_GAPS_AND_SAME_SHA_EVIDENCE,
J017,J017-SL-14,14,Events/outbox/inbox/jobs/DLQ,governance/operational_journey_protocol_package/smsm-dsh-wlt-journeys/01-identity-workforce-platform-providers/J017.md,TASK-0015,BLOCKED_BY_FOUNDATION,J017-SL-13,ZERO_APPLICABLE_OPEN_GAPS_AND_SAME_SHA_EVIDENCE,
J017,J017-SL-15,15,Media/providers/cache/search,governance/operational_journey_protocol_package/smsm-dsh-wlt-journeys/01-identity-workforce-platform-providers/J017.md,TASK-0015,BLOCKED_BY_FOUNDATION,J017-SL-14,ZERO_APPLICABLE_OPEN_GAPS_AND_SAME_SHA_EVIDENCE,
J017,J017-SL-16,16,DSH↔WLT financial boundary,governance/operational_journey_protocol_package/smsm-dsh-wlt-journeys/01-identity-workforce-platform-providers/J017.md,TASK-0015,BLOCKED_BY_FOUNDATION,J017-SL-15,ZERO_APPLICABLE_OPEN_GAPS_AND_SAME_SHA_EVIDENCE,
J017,J017-SL-17,17,Concurrency/idempotency/unknown result,governance/operational_journey_protocol_package/smsm-dsh-wlt-journeys/01-identity-workforce-platform-providers/J017.md,TASK-0015,BLOCKED_BY_FOUNDATION,J017-SL-16,ZERO_APPLICABLE_OPEN_GAPS_AND_SAME_SHA_EVIDENCE,
J017,J017-SL-18,18,Offline/retry/recovery,governance/operational_journey_protocol_package/smsm-dsh-wlt-journeys/01-identity-workforce-platform-providers/J017.md,TASK-0015,BLOCKED_BY_FOUNDATION,J017-SL-17,ZERO_APPLICABLE_OPEN_GAPS_AND_SAME_SHA_EVIDENCE,
J017,J017-SL-19,19,Cross-surface readback,governance/operational_journey_protocol_package/smsm-dsh-wlt-journeys/01-identity-workforce-platform-providers/J017.md,TASK-0015,BLOCKED_BY_FOUNDATION,J017-SL-18,ZERO_APPLICABLE_OPEN_GAPS_AND_SAME_SHA_EVIDENCE,
J017,J017-SL-20,20,Security/privacy/negative tests,governance/operational_journey_protocol_package/smsm-dsh-wlt-journeys/01-identity-workforce-platform-providers/J017.md,TASK-0015,BLOCKED_BY_FOUNDATION,J017-SL-19,ZERO_APPLICABLE_OPEN_GAPS_AND_SAME_SHA_EVIDENCE,
J017,J017-SL-21,21,Audit/observability/performance,governance/operational_journey_protocol_package/smsm-dsh-wlt-journeys/01-identity-workforce-platform-providers/J017.md,TASK-0015,BLOCKED_BY_FOUNDATION,J017-SL-20,ZERO_APPLICABLE_OPEN_GAPS_AND_SAME_SHA_EVIDENCE,
J017,J017-SL-22,22,Accessibility/RTL/localization,governance/operational_journey_protocol_package/smsm-dsh-wlt-journeys/01-identity-workforce-platform-providers/J017.md,TASK-0015,BLOCKED_BY_FOUNDATION,J017-SL-21,ZERO_APPLICABLE_OPEN_GAPS_AND_SAME_SHA_EVIDENCE,
J017,J017-SL-23,23,Manual operational acceptance,governance/operational_journey_protocol_package/smsm-dsh-wlt-journeys/01-identity-workforce-platform-providers/J017.md,TASK-0015,BLOCKED_BY_FOUNDATION,J017-SL-22,ZERO_APPLICABLE_OPEN_GAPS_AND_SAME_SHA_EVIDENCE,
J017,J017-SL-24,24,Cleanup/same-SHA evidence/closure,governance/operational_journey_protocol_package/smsm-dsh-wlt-journeys/01-identity-workforce-platform-providers/J017.md,TASK-0015,BLOCKED_BY_FOUNDATION,J017-SL-23,ZERO_APPLICABLE_OPEN_GAPS_AND_SAME_SHA_EVIDENCE,
J018,J018-SL-01,1,Product Truth والنتيجة والثوابت,governance/operational_journey_protocol_package/smsm-dsh-wlt-journeys/01-identity-workforce-platform-providers/J018.md,TASK-0015,BLOCKED_BY_FOUNDATION,FOUNDATION-00,ZERO_APPLICABLE_OPEN_GAPS_AND_SAME_SHA_EVIDENCE,
J018,J018-SL-02,2,Actors وهويات الخدمات,governance/operational_journey_protocol_package/smsm-dsh-wlt-journeys/01-identity-workforce-platform-providers/J018.md,TASK-0015,BLOCKED_BY_FOUNDATION,J018-SL-01,ZERO_APPLICABLE_OPEN_GAPS_AND_SAME_SHA_EVIDENCE,
J018,J018-SL-03,3,التبعيات وشروط الدخول والخروج,governance/operational_journey_protocol_package/smsm-dsh-wlt-journeys/01-identity-workforce-platform-providers/J018.md,TASK-0015,BLOCKED_BY_FOUNDATION,J018-SL-02,ZERO_APPLICABLE_OPEN_GAPS_AND_SAME_SHA_EVIDENCE,
J018,J018-SL-04,4,Identity/session/device,governance/operational_journey_protocol_package/smsm-dsh-wlt-journeys/01-identity-workforce-platform-providers/J018.md,TASK-0015,BLOCKED_BY_FOUNDATION,J018-SL-03,ZERO_APPLICABLE_OPEN_GAPS_AND_SAME_SHA_EVIDENCE,
J018,J018-SL-05,5,Permission/trusted scope/object authorization,governance/operational_journey_protocol_package/smsm-dsh-wlt-journeys/01-identity-workforce-platform-providers/J018.md,TASK-0015,BLOCKED_BY_FOUNDATION,J018-SL-04,ZERO_APPLICABLE_OPEN_GAPS_AND_SAME_SHA_EVIDENCE,
J018,J018-SL-06,6,Entrypoints/routes/deep links/navigation,governance/operational_journey_protocol_package/smsm-dsh-wlt-journeys/01-identity-workforce-platform-providers/J018.md,TASK-0015,BLOCKED_BY_FOUNDATION,J018-SL-05,ZERO_APPLICABLE_OPEN_GAPS_AND_SAME_SHA_EVIDENCE,
J018,J018-SL-07,7,Screens/pages/tabs/buttons/icons/forms,governance/operational_journey_protocol_package/smsm-dsh-wlt-journeys/01-identity-workforce-platform-providers/J018.md,TASK-0015,BLOCKED_BY_FOUNDATION,J018-SL-06,ZERO_APPLICABLE_OPEN_GAPS_AND_SAME_SHA_EVIDENCE,
J018,J018-SL-08,8,Shared brain/view model/visible states,governance/operational_journey_protocol_package/smsm-dsh-wlt-journeys/01-identity-workforce-platform-providers/J018.md,TASK-0015,BLOCKED_BY_FOUNDATION,J018-SL-07,ZERO_APPLICABLE_OPEN_GAPS_AND_SAME_SHA_EVIDENCE,
J018,J018-SL-09,9,OpenAPI/error/security/idempotency,governance/operational_journey_protocol_package/smsm-dsh-wlt-journeys/01-identity-workforce-platform-providers/J018.md,TASK-0015,BLOCKED_BY_FOUNDATION,J018-SL-08,ZERO_APPLICABLE_OPEN_GAPS_AND_SAME_SHA_EVIDENCE,
J018,J018-SL-10,10,Generated clients/transports,governance/operational_journey_protocol_package/smsm-dsh-wlt-journeys/01-identity-workforce-platform-providers/J018.md,TASK-0015,BLOCKED_BY_FOUNDATION,J018-SL-09,ZERO_APPLICABLE_OPEN_GAPS_AND_SAME_SHA_EVIDENCE,
J018,J018-SL-11,11,Backend handler/domain/repository,governance/operational_journey_protocol_package/smsm-dsh-wlt-journeys/01-identity-workforce-platform-providers/J018.md,TASK-0015,BLOCKED_BY_FOUNDATION,J018-SL-10,ZERO_APPLICABLE_OPEN_GAPS_AND_SAME_SHA_EVIDENCE,
J018,J018-SL-12,12,State machine/allowed actions,governance/operational_journey_protocol_package/smsm-dsh-wlt-journeys/01-identity-workforce-platform-providers/J018.md,TASK-0015,BLOCKED_BY_FOUNDATION,J018-SL-11,ZERO_APPLICABLE_OPEN_GAPS_AND_SAME_SHA_EVIDENCE,
J018,J018-SL-13,13,Database/migrations/constraints/indexes,governance/operational_journey_protocol_package/smsm-dsh-wlt-journeys/01-identity-workforce-platform-providers/J018.md,TASK-0015,BLOCKED_BY_FOUNDATION,J018-SL-12,ZERO_APPLICABLE_OPEN_GAPS_AND_SAME_SHA_EVIDENCE,
J018,J018-SL-14,14,Events/outbox/inbox/jobs/DLQ,governance/operational_journey_protocol_package/smsm-dsh-wlt-journeys/01-identity-workforce-platform-providers/J018.md,TASK-0015,BLOCKED_BY_FOUNDATION,J018-SL-13,ZERO_APPLICABLE_OPEN_GAPS_AND_SAME_SHA_EVIDENCE,
J018,J018-SL-15,15,Media/providers/cache/search,governance/operational_journey_protocol_package/smsm-dsh-wlt-journeys/01-identity-workforce-platform-providers/J018.md,TASK-0015,BLOCKED_BY_FOUNDATION,J018-SL-14,ZERO_APPLICABLE_OPEN_GAPS_AND_SAME_SHA_EVIDENCE,
J018,J018-SL-16,16,DSH↔WLT financial boundary,governance/operational_journey_protocol_package/smsm-dsh-wlt-journeys/01-identity-workforce-platform-providers/J018.md,TASK-0015,BLOCKED_BY_FOUNDATION,J018-SL-15,ZERO_APPLICABLE_OPEN_GAPS_AND_SAME_SHA_EVIDENCE,
J018,J018-SL-17,17,Concurrency/idempotency/unknown result,governance/operational_journey_protocol_package/smsm-dsh-wlt-journeys/01-identity-workforce-platform-providers/J018.md,TASK-0015,BLOCKED_BY_FOUNDATION,J018-SL-16,ZERO_APPLICABLE_OPEN_GAPS_AND_SAME_SHA_EVIDENCE,
J018,J018-SL-18,18,Offline/retry/recovery,governance/operational_journey_protocol_package/smsm-dsh-wlt-journeys/01-identity-workforce-platform-providers/J018.md,TASK-0015,BLOCKED_BY_FOUNDATION,J018-SL-17,ZERO_APPLICABLE_OPEN_GAPS_AND_SAME_SHA_EVIDENCE,
J018,J018-SL-19,19,Cross-surface readback,governance/operational_journey_protocol_package/smsm-dsh-wlt-journeys/01-identity-workforce-platform-providers/J018.md,TASK-0015,BLOCKED_BY_FOUNDATION,J018-SL-18,ZERO_APPLICABLE_OPEN_GAPS_AND_SAME_SHA_EVIDENCE,
J018,J018-SL-20,20,Security/privacy/negative tests,governance/operational_journey_protocol_package/smsm-dsh-wlt-journeys/01-identity-workforce-platform-providers/J018.md,TASK-0015,BLOCKED_BY_FOUNDATION,J018-SL-19,ZERO_APPLICABLE_OPEN_GAPS_AND_SAME_SHA_EVIDENCE,
J018,J018-SL-21,21,Audit/observability/performance,governance/operational_journey_protocol_package/smsm-dsh-wlt-journeys/01-identity-workforce-platform-providers/J018.md,TASK-0015,BLOCKED_BY_FOUNDATION,J018-SL-20,ZERO_APPLICABLE_OPEN_GAPS_AND_SAME_SHA_EVIDENCE,
J018,J018-SL-22,22,Accessibility/RTL/localization,governance/operational_journey_protocol_package/smsm-dsh-wlt-journeys/01-identity-workforce-platform-providers/J018.md,TASK-0015,BLOCKED_BY_FOUNDATION,J018-SL-21,ZERO_APPLICABLE_OPEN_GAPS_AND_SAME_SHA_EVIDENCE,
J018,J018-SL-23,23,Manual operational acceptance,governance/operational_journey_protocol_package/smsm-dsh-wlt-journeys/01-identity-workforce-platform-providers/J018.md,TASK-0015,BLOCKED_BY_FOUNDATION,J018-SL-22,ZERO_APPLICABLE_OPEN_GAPS_AND_SAME_SHA_EVIDENCE,
J018,J018-SL-24,24,Cleanup/same-SHA evidence/closure,governance/operational_journey_protocol_package/smsm-dsh-wlt-journeys/01-identity-workforce-platform-providers/J018.md,TASK-0015,BLOCKED_BY_FOUNDATION,J018-SL-23,ZERO_APPLICABLE_OPEN_GAPS_AND_SAME_SHA_EVIDENCE,
J019,J019-SL-01,1,Product Truth والنتيجة والثوابت,governance/operational_journey_protocol_package/smsm-dsh-wlt-journeys/01-identity-workforce-platform-providers/J019.md,TASK-0015,BLOCKED_BY_FOUNDATION,FOUNDATION-00,ZERO_APPLICABLE_OPEN_GAPS_AND_SAME_SHA_EVIDENCE,
J019,J019-SL-02,2,Actors وهويات الخدمات,governance/operational_journey_protocol_package/smsm-dsh-wlt-journeys/01-identity-workforce-platform-providers/J019.md,TASK-0015,BLOCKED_BY_FOUNDATION,J019-SL-01,ZERO_APPLICABLE_OPEN_GAPS_AND_SAME_SHA_EVIDENCE,
J019,J019-SL-03,3,التبعيات وشروط الدخول والخروج,governance/operational_journey_protocol_package/smsm-dsh-wlt-journeys/01-identity-workforce-platform-providers/J019.md,TASK-0015,BLOCKED_BY_FOUNDATION,J019-SL-02,ZERO_APPLICABLE_OPEN_GAPS_AND_SAME_SHA_EVIDENCE,
J019,J019-SL-04,4,Identity/session/device,governance/operational_journey_protocol_package/smsm-dsh-wlt-journeys/01-identity-workforce-platform-providers/J019.md,TASK-0015,BLOCKED_BY_FOUNDATION,J019-SL-03,ZERO_APPLICABLE_OPEN_GAPS_AND_SAME_SHA_EVIDENCE,
J019,J019-SL-05,5,Permission/trusted scope/object authorization,governance/operational_journey_protocol_package/smsm-dsh-wlt-journeys/01-identity-workforce-platform-providers/J019.md,TASK-0015,BLOCKED_BY_FOUNDATION,J019-SL-04,ZERO_APPLICABLE_OPEN_GAPS_AND_SAME_SHA_EVIDENCE,
J019,J019-SL-06,6,Entrypoints/routes/deep links/navigation,governance/operational_journey_protocol_package/smsm-dsh-wlt-journeys/01-identity-workforce-platform-providers/J019.md,TASK-0015,BLOCKED_BY_FOUNDATION,J019-SL-05,ZERO_APPLICABLE_OPEN_GAPS_AND_SAME_SHA_EVIDENCE,
J019,J019-SL-07,7,Screens/pages/tabs/buttons/icons/forms,governance/operational_journey_protocol_package/smsm-dsh-wlt-journeys/01-identity-workforce-platform-providers/J019.md,TASK-0015,BLOCKED_BY_FOUNDATION,J019-SL-06,ZERO_APPLICABLE_OPEN_GAPS_AND_SAME_SHA_EVIDENCE,
J019,J019-SL-08,8,Shared brain/view model/visible states,governance/operational_journey_protocol_package/smsm-dsh-wlt-journeys/01-identity-workforce-platform-providers/J019.md,TASK-0015,BLOCKED_BY_FOUNDATION,J019-SL-07,ZERO_APPLICABLE_OPEN_GAPS_AND_SAME_SHA_EVIDENCE,
J019,J019-SL-09,9,OpenAPI/error/security/idempotency,governance/operational_journey_protocol_package/smsm-dsh-wlt-journeys/01-identity-workforce-platform-providers/J019.md,TASK-0015,BLOCKED_BY_FOUNDATION,J019-SL-08,ZERO_APPLICABLE_OPEN_GAPS_AND_SAME_SHA_EVIDENCE,
J019,J019-SL-10,10,Generated clients/transports,governance/operational_journey_protocol_package/smsm-dsh-wlt-journeys/01-identity-workforce-platform-providers/J019.md,TASK-0015,BLOCKED_BY_FOUNDATION,J019-SL-09,ZERO_APPLICABLE_OPEN_GAPS_AND_SAME_SHA_EVIDENCE,
J019,J019-SL-11,11,Backend handler/domain/repository,governance/operational_journey_protocol_package/smsm-dsh-wlt-journeys/01-identity-workforce-platform-providers/J019.md,TASK-0015,BLOCKED_BY_FOUNDATION,J019-SL-10,ZERO_APPLICABLE_OPEN_GAPS_AND_SAME_SHA_EVIDENCE,
J019,J019-SL-12,12,State machine/allowed actions,governance/operational_journey_protocol_package/smsm-dsh-wlt-journeys/01-identity-workforce-platform-providers/J019.md,TASK-0015,BLOCKED_BY_FOUNDATION,J019-SL-11,ZERO_APPLICABLE_OPEN_GAPS_AND_SAME_SHA_EVIDENCE,
J019,J019-SL-13,13,Database/migrations/constraints/indexes,governance/operational_journey_protocol_package/smsm-dsh-wlt-journeys/01-identity-workforce-platform-providers/J019.md,TASK-0015,BLOCKED_BY_FOUNDATION,J019-SL-12,ZERO_APPLICABLE_OPEN_GAPS_AND_SAME_SHA_EVIDENCE,
J019,J019-SL-14,14,Events/outbox/inbox/jobs/DLQ,governance/operational_journey_protocol_package/smsm-dsh-wlt-journeys/01-identity-workforce-platform-providers/J019.md,TASK-0015,BLOCKED_BY_FOUNDATION,J019-SL-13,ZERO_APPLICABLE_OPEN_GAPS_AND_SAME_SHA_EVIDENCE,
J019,J019-SL-15,15,Media/providers/cache/search,governance/operational_journey_protocol_package/smsm-dsh-wlt-journeys/01-identity-workforce-platform-providers/J019.md,TASK-0015,BLOCKED_BY_FOUNDATION,J019-SL-14,ZERO_APPLICABLE_OPEN_GAPS_AND_SAME_SHA_EVIDENCE,
J019,J019-SL-16,16,DSH↔WLT financial boundary,governance/operational_journey_protocol_package/smsm-dsh-wlt-journeys/01-identity-workforce-platform-providers/J019.md,TASK-0015,BLOCKED_BY_FOUNDATION,J019-SL-15,ZERO_APPLICABLE_OPEN_GAPS_AND_SAME_SHA_EVIDENCE,
J019,J019-SL-17,17,Concurrency/idempotency/unknown result,governance/operational_journey_protocol_package/smsm-dsh-wlt-journeys/01-identity-workforce-platform-providers/J019.md,TASK-0015,BLOCKED_BY_FOUNDATION,J019-SL-16,ZERO_APPLICABLE_OPEN_GAPS_AND_SAME_SHA_EVIDENCE,
J019,J019-SL-18,18,Offline/retry/recovery,governance/operational_journey_protocol_package/smsm-dsh-wlt-journeys/01-identity-workforce-platform-providers/J019.md,TASK-0015,BLOCKED_BY_FOUNDATION,J019-SL-17,ZERO_APPLICABLE_OPEN_GAPS_AND_SAME_SHA_EVIDENCE,
J019,J019-SL-19,19,Cross-surface readback,governance/operational_journey_protocol_package/smsm-dsh-wlt-journeys/01-identity-workforce-platform-providers/J019.md,TASK-0015,BLOCKED_BY_FOUNDATION,J019-SL-18,ZERO_APPLICABLE_OPEN_GAPS_AND_SAME_SHA_EVIDENCE,
J019,J019-SL-20,20,Security/privacy/negative tests,governance/operational_journey_protocol_package/smsm-dsh-wlt-journeys/01-identity-workforce-platform-providers/J019.md,TASK-0015,BLOCKED_BY_FOUNDATION,J019-SL-19,ZERO_APPLICABLE_OPEN_GAPS_AND_SAME_SHA_EVIDENCE,
J019,J019-SL-21,21,Audit/observability/performance,governance/operational_journey_protocol_package/smsm-dsh-wlt-journeys/01-identity-workforce-platform-providers/J019.md,TASK-0015,BLOCKED_BY_FOUNDATION,J019-SL-20,ZERO_APPLICABLE_OPEN_GAPS_AND_SAME_SHA_EVIDENCE,
J019,J019-SL-22,22,Accessibility/RTL/localization,governance/operational_journey_protocol_package/smsm-dsh-wlt-journeys/01-identity-workforce-platform-providers/J019.md,TASK-0015,BLOCKED_BY_FOUNDATION,J019-SL-21,ZERO_APPLICABLE_OPEN_GAPS_AND_SAME_SHA_EVIDENCE,
J019,J019-SL-23,23,Manual operational acceptance,governance/operational_journey_protocol_package/smsm-dsh-wlt-journeys/01-identity-workforce-platform-providers/J019.md,TASK-0015,BLOCKED_BY_FOUNDATION,J019-SL-22,ZERO_APPLICABLE_OPEN_GAPS_AND_SAME_SHA_EVIDENCE,
J019,J019-SL-24,24,Cleanup/same-SHA evidence/closure,governance/operational_journey_protocol_package/smsm-dsh-wlt-journeys/01-identity-workforce-platform-providers/J019.md,TASK-0015,BLOCKED_BY_FOUNDATION,J019-SL-23,ZERO_APPLICABLE_OPEN_GAPS_AND_SAME_SHA_EVIDENCE,
J020,J020-SL-01,1,Product Truth والنتيجة والثوابت,governance/operational_journey_protocol_package/smsm-dsh-wlt-journeys/02-partner-store-catalog-marketing/J020.md,TASK-0016,BLOCKED_BY_FOUNDATION,FOUNDATION-00,ZERO_APPLICABLE_OPEN_GAPS_AND_SAME_SHA_EVIDENCE,
J020,J020-SL-02,2,Actors وهويات الخدمات,governance/operational_journey_protocol_package/smsm-dsh-wlt-journeys/02-partner-store-catalog-marketing/J020.md,TASK-0016,BLOCKED_BY_FOUNDATION,J020-SL-01,ZERO_APPLICABLE_OPEN_GAPS_AND_SAME_SHA_EVIDENCE,
J020,J020-SL-03,3,التبعيات وشروط الدخول والخروج,governance/operational_journey_protocol_package/smsm-dsh-wlt-journeys/02-partner-store-catalog-marketing/J020.md,TASK-0016,BLOCKED_BY_FOUNDATION,J020-SL-02,ZERO_APPLICABLE_OPEN_GAPS_AND_SAME_SHA_EVIDENCE,
J020,J020-SL-04,4,Identity/session/device,governance/operational_journey_protocol_package/smsm-dsh-wlt-journeys/02-partner-store-catalog-marketing/J020.md,TASK-0016,BLOCKED_BY_FOUNDATION,J020-SL-03,ZERO_APPLICABLE_OPEN_GAPS_AND_SAME_SHA_EVIDENCE,
J020,J020-SL-05,5,Permission/trusted scope/object authorization,governance/operational_journey_protocol_package/smsm-dsh-wlt-journeys/02-partner-store-catalog-marketing/J020.md,TASK-0016,BLOCKED_BY_FOUNDATION,J020-SL-04,ZERO_APPLICABLE_OPEN_GAPS_AND_SAME_SHA_EVIDENCE,
J020,J020-SL-06,6,Entrypoints/routes/deep links/navigation,governance/operational_journey_protocol_package/smsm-dsh-wlt-journeys/02-partner-store-catalog-marketing/J020.md,TASK-0016,BLOCKED_BY_FOUNDATION,J020-SL-05,ZERO_APPLICABLE_OPEN_GAPS_AND_SAME_SHA_EVIDENCE,
J020,J020-SL-07,7,Screens/pages/tabs/buttons/icons/forms,governance/operational_journey_protocol_package/smsm-dsh-wlt-journeys/02-partner-store-catalog-marketing/J020.md,TASK-0016,BLOCKED_BY_FOUNDATION,J020-SL-06,ZERO_APPLICABLE_OPEN_GAPS_AND_SAME_SHA_EVIDENCE,
J020,J020-SL-08,8,Shared brain/view model/visible states,governance/operational_journey_protocol_package/smsm-dsh-wlt-journeys/02-partner-store-catalog-marketing/J020.md,TASK-0016,BLOCKED_BY_FOUNDATION,J020-SL-07,ZERO_APPLICABLE_OPEN_GAPS_AND_SAME_SHA_EVIDENCE,
J020,J020-SL-09,9,OpenAPI/error/security/idempotency,governance/operational_journey_protocol_package/smsm-dsh-wlt-journeys/02-partner-store-catalog-marketing/J020.md,TASK-0016,BLOCKED_BY_FOUNDATION,J020-SL-08,ZERO_APPLICABLE_OPEN_GAPS_AND_SAME_SHA_EVIDENCE,
J020,J020-SL-10,10,Generated clients/transports,governance/operational_journey_protocol_package/smsm-dsh-wlt-journeys/02-partner-store-catalog-marketing/J020.md,TASK-0016,BLOCKED_BY_FOUNDATION,J020-SL-09,ZERO_APPLICABLE_OPEN_GAPS_AND_SAME_SHA_EVIDENCE,
J020,J020-SL-11,11,Backend handler/domain/repository,governance/operational_journey_protocol_package/smsm-dsh-wlt-journeys/02-partner-store-catalog-marketing/J020.md,TASK-0016,BLOCKED_BY_FOUNDATION,J020-SL-10,ZERO_APPLICABLE_OPEN_GAPS_AND_SAME_SHA_EVIDENCE,
J020,J020-SL-12,12,State machine/allowed actions,governance/operational_journey_protocol_package/smsm-dsh-wlt-journeys/02-partner-store-catalog-marketing/J020.md,TASK-0016,BLOCKED_BY_FOUNDATION,J020-SL-11,ZERO_APPLICABLE_OPEN_GAPS_AND_SAME_SHA_EVIDENCE,
J020,J020-SL-13,13,Database/migrations/constraints/indexes,governance/operational_journey_protocol_package/smsm-dsh-wlt-journeys/02-partner-store-catalog-marketing/J020.md,TASK-0016,BLOCKED_BY_FOUNDATION,J020-SL-12,ZERO_APPLICABLE_OPEN_GAPS_AND_SAME_SHA_EVIDENCE,
J020,J020-SL-14,14,Events/outbox/inbox/jobs/DLQ,governance/operational_journey_protocol_package/smsm-dsh-wlt-journeys/02-partner-store-catalog-marketing/J020.md,TASK-0016,BLOCKED_BY_FOUNDATION,J020-SL-13,ZERO_APPLICABLE_OPEN_GAPS_AND_SAME_SHA_EVIDENCE,
J020,J020-SL-15,15,Media/providers/cache/search,governance/operational_journey_protocol_package/smsm-dsh-wlt-journeys/02-partner-store-catalog-marketing/J020.md,TASK-0016,BLOCKED_BY_FOUNDATION,J020-SL-14,ZERO_APPLICABLE_OPEN_GAPS_AND_SAME_SHA_EVIDENCE,
J020,J020-SL-16,16,DSH↔WLT financial boundary,governance/operational_journey_protocol_package/smsm-dsh-wlt-journeys/02-partner-store-catalog-marketing/J020.md,TASK-0016,BLOCKED_BY_FOUNDATION,J020-SL-15,ZERO_APPLICABLE_OPEN_GAPS_AND_SAME_SHA_EVIDENCE,
J020,J020-SL-17,17,Concurrency/idempotency/unknown result,governance/operational_journey_protocol_package/smsm-dsh-wlt-journeys/02-partner-store-catalog-marketing/J020.md,TASK-0016,BLOCKED_BY_FOUNDATION,J020-SL-16,ZERO_APPLICABLE_OPEN_GAPS_AND_SAME_SHA_EVIDENCE,
J020,J020-SL-18,18,Offline/retry/recovery,governance/operational_journey_protocol_package/smsm-dsh-wlt-journeys/02-partner-store-catalog-marketing/J020.md,TASK-0016,BLOCKED_BY_FOUNDATION,J020-SL-17,ZERO_APPLICABLE_OPEN_GAPS_AND_SAME_SHA_EVIDENCE,
J020,J020-SL-19,19,Cross-surface readback,governance/operational_journey_protocol_package/smsm-dsh-wlt-journeys/02-partner-store-catalog-marketing/J020.md,TASK-0016,BLOCKED_BY_FOUNDATION,J020-SL-18,ZERO_APPLICABLE_OPEN_GAPS_AND_SAME_SHA_EVIDENCE,
J020,J020-SL-20,20,Security/privacy/negative tests,governance/operational_journey_protocol_package/smsm-dsh-wlt-journeys/02-partner-store-catalog-marketing/J020.md,TASK-0016,BLOCKED_BY_FOUNDATION,J020-SL-19,ZERO_APPLICABLE_OPEN_GAPS_AND_SAME_SHA_EVIDENCE,
J020,J020-SL-21,21,Audit/observability/performance,governance/operational_journey_protocol_package/smsm-dsh-wlt-journeys/02-partner-store-catalog-marketing/J020.md,TASK-0016,BLOCKED_BY_FOUNDATION,J020-SL-20,ZERO_APPLICABLE_OPEN_GAPS_AND_SAME_SHA_EVIDENCE,
J020,J020-SL-22,22,Accessibility/RTL/localization,governance/operational_journey_protocol_package/smsm-dsh-wlt-journeys/02-partner-store-catalog-marketing/J020.md,TASK-0016,BLOCKED_BY_FOUNDATION,J020-SL-21,ZERO_APPLICABLE_OPEN_GAPS_AND_SAME_SHA_EVIDENCE,
J020,J020-SL-23,23,Manual operational acceptance,governance/operational_journey_protocol_package/smsm-dsh-wlt-journeys/02-partner-store-catalog-marketing/J020.md,TASK-0016,BLOCKED_BY_FOUNDATION,J020-SL-22,ZERO_APPLICABLE_OPEN_GAPS_AND_SAME_SHA_EVIDENCE,
J020,J020-SL-24,24,Cleanup/same-SHA evidence/closure,governance/operational_journey_protocol_package/smsm-dsh-wlt-journeys/02-partner-store-catalog-marketing/J020.md,TASK-0016,BLOCKED_BY_FOUNDATION,J020-SL-23,ZERO_APPLICABLE_OPEN_GAPS_AND_SAME_SHA_EVIDENCE,
J021,J021-SL-01,1,Product Truth والنتيجة والثوابت,governance/operational_journey_protocol_package/smsm-dsh-wlt-journeys/02-partner-store-catalog-marketing/J021.md,TASK-0016,BLOCKED_BY_FOUNDATION,FOUNDATION-00,ZERO_APPLICABLE_OPEN_GAPS_AND_SAME_SHA_EVIDENCE,
J021,J021-SL-02,2,Actors وهويات الخدمات,governance/operational_journey_protocol_package/smsm-dsh-wlt-journeys/02-partner-store-catalog-marketing/J021.md,TASK-0016,BLOCKED_BY_FOUNDATION,J021-SL-01,ZERO_APPLICABLE_OPEN_GAPS_AND_SAME_SHA_EVIDENCE,
J021,J021-SL-03,3,التبعيات وشروط الدخول والخروج,governance/operational_journey_protocol_package/smsm-dsh-wlt-journeys/02-partner-store-catalog-marketing/J021.md,TASK-0016,BLOCKED_BY_FOUNDATION,J021-SL-02,ZERO_APPLICABLE_OPEN_GAPS_AND_SAME_SHA_EVIDENCE,
J021,J021-SL-04,4,Identity/session/device,governance/operational_journey_protocol_package/smsm-dsh-wlt-journeys/02-partner-store-catalog-marketing/J021.md,TASK-0016,BLOCKED_BY_FOUNDATION,J021-SL-03,ZERO_APPLICABLE_OPEN_GAPS_AND_SAME_SHA_EVIDENCE,
J021,J021-SL-05,5,Permission/trusted scope/object authorization,governance/operational_journey_protocol_package/smsm-dsh-wlt-journeys/02-partner-store-catalog-marketing/J021.md,TASK-0016,BLOCKED_BY_FOUNDATION,J021-SL-04,ZERO_APPLICABLE_OPEN_GAPS_AND_SAME_SHA_EVIDENCE,
J021,J021-SL-06,6,Entrypoints/routes/deep links/navigation,governance/operational_journey_protocol_package/smsm-dsh-wlt-journeys/02-partner-store-catalog-marketing/J021.md,TASK-0016,BLOCKED_BY_FOUNDATION,J021-SL-05,ZERO_APPLICABLE_OPEN_GAPS_AND_SAME_SHA_EVIDENCE,
J021,J021-SL-07,7,Screens/pages/tabs/buttons/icons/forms,governance/operational_journey_protocol_package/smsm-dsh-wlt-journeys/02-partner-store-catalog-marketing/J021.md,TASK-0016,BLOCKED_BY_FOUNDATION,J021-SL-06,ZERO_APPLICABLE_OPEN_GAPS_AND_SAME_SHA_EVIDENCE,
J021,J021-SL-08,8,Shared brain/view model/visible states,governance/operational_journey_protocol_package/smsm-dsh-wlt-journeys/02-partner-store-catalog-marketing/J021.md,TASK-0016,BLOCKED_BY_FOUNDATION,J021-SL-07,ZERO_APPLICABLE_OPEN_GAPS_AND_SAME_SHA_EVIDENCE,
J021,J021-SL-09,9,OpenAPI/error/security/idempotency,governance/operational_journey_protocol_package/smsm-dsh-wlt-journeys/02-partner-store-catalog-marketing/J021.md,TASK-0016,BLOCKED_BY_FOUNDATION,J021-SL-08,ZERO_APPLICABLE_OPEN_GAPS_AND_SAME_SHA_EVIDENCE,
J021,J021-SL-10,10,Generated clients/transports,governance/operational_journey_protocol_package/smsm-dsh-wlt-journeys/02-partner-store-catalog-marketing/J021.md,TASK-0016,BLOCKED_BY_FOUNDATION,J021-SL-09,ZERO_APPLICABLE_OPEN_GAPS_AND_SAME_SHA_EVIDENCE,
J021,J021-SL-11,11,Backend handler/domain/repository,governance/operational_journey_protocol_package/smsm-dsh-wlt-journeys/02-partner-store-catalog-marketing/J021.md,TASK-0016,BLOCKED_BY_FOUNDATION,J021-SL-10,ZERO_APPLICABLE_OPEN_GAPS_AND_SAME_SHA_EVIDENCE,
J021,J021-SL-12,12,State machine/allowed actions,governance/operational_journey_protocol_package/smsm-dsh-wlt-journeys/02-partner-store-catalog-marketing/J021.md,TASK-0016,BLOCKED_BY_FOUNDATION,J021-SL-11,ZERO_APPLICABLE_OPEN_GAPS_AND_SAME_SHA_EVIDENCE,
J021,J021-SL-13,13,Database/migrations/constraints/indexes,governance/operational_journey_protocol_package/smsm-dsh-wlt-journeys/02-partner-store-catalog-marketing/J021.md,TASK-0016,BLOCKED_BY_FOUNDATION,J021-SL-12,ZERO_APPLICABLE_OPEN_GAPS_AND_SAME_SHA_EVIDENCE,
J021,J021-SL-14,14,Events/outbox/inbox/jobs/DLQ,governance/operational_journey_protocol_package/smsm-dsh-wlt-journeys/02-partner-store-catalog-marketing/J021.md,TASK-0016,BLOCKED_BY_FOUNDATION,J021-SL-13,ZERO_APPLICABLE_OPEN_GAPS_AND_SAME_SHA_EVIDENCE,
J021,J021-SL-15,15,Media/providers/cache/search,governance/operational_journey_protocol_package/smsm-dsh-wlt-journeys/02-partner-store-catalog-marketing/J021.md,TASK-0016,BLOCKED_BY_FOUNDATION,J021-SL-14,ZERO_APPLICABLE_OPEN_GAPS_AND_SAME_SHA_EVIDENCE,
J021,J021-SL-16,16,DSH↔WLT financial boundary,governance/operational_journey_protocol_package/smsm-dsh-wlt-journeys/02-partner-store-catalog-marketing/J021.md,TASK-0016,BLOCKED_BY_FOUNDATION,J021-SL-15,ZERO_APPLICABLE_OPEN_GAPS_AND_SAME_SHA_EVIDENCE,
J021,J021-SL-17,17,Concurrency/idempotency/unknown result,governance/operational_journey_protocol_package/smsm-dsh-wlt-journeys/02-partner-store-catalog-marketing/J021.md,TASK-0016,BLOCKED_BY_FOUNDATION,J021-SL-16,ZERO_APPLICABLE_OPEN_GAPS_AND_SAME_SHA_EVIDENCE,
J021,J021-SL-18,18,Offline/retry/recovery,governance/operational_journey_protocol_package/smsm-dsh-wlt-journeys/02-partner-store-catalog-marketing/J021.md,TASK-0016,BLOCKED_BY_FOUNDATION,J021-SL-17,ZERO_APPLICABLE_OPEN_GAPS_AND_SAME_SHA_EVIDENCE,
J021,J021-SL-19,19,Cross-surface readback,governance/operational_journey_protocol_package/smsm-dsh-wlt-journeys/02-partner-store-catalog-marketing/J021.md,TASK-0016,BLOCKED_BY_FOUNDATION,J021-SL-18,ZERO_APPLICABLE_OPEN_GAPS_AND_SAME_SHA_EVIDENCE,
J021,J021-SL-20,20,Security/privacy/negative tests,governance/operational_journey_protocol_package/smsm-dsh-wlt-journeys/02-partner-store-catalog-marketing/J021.md,TASK-0016,BLOCKED_BY_FOUNDATION,J021-SL-19,ZERO_APPLICABLE_OPEN_GAPS_AND_SAME_SHA_EVIDENCE,
J021,J021-SL-21,21,Audit/observability/performance,governance/operational_journey_protocol_package/smsm-dsh-wlt-journeys/02-partner-store-catalog-marketing/J021.md,TASK-0016,BLOCKED_BY_FOUNDATION,J021-SL-20,ZERO_APPLICABLE_OPEN_GAPS_AND_SAME_SHA_EVIDENCE,
J021,J021-SL-22,22,Accessibility/RTL/localization,governance/operational_journey_protocol_package/smsm-dsh-wlt-journeys/02-partner-store-catalog-marketing/J021.md,TASK-0016,BLOCKED_BY_FOUNDATION,J021-SL-21,ZERO_APPLICABLE_OPEN_GAPS_AND_SAME_SHA_EVIDENCE,
J021,J021-SL-23,23,Manual operational acceptance,governance/operational_journey_protocol_package/smsm-dsh-wlt-journeys/02-partner-store-catalog-marketing/J021.md,TASK-0016,BLOCKED_BY_FOUNDATION,J021-SL-22,ZERO_APPLICABLE_OPEN_GAPS_AND_SAME_SHA_EVIDENCE,
J021,J021-SL-24,24,Cleanup/same-SHA evidence/closure,governance/operational_journey_protocol_package/smsm-dsh-wlt-journeys/02-partner-store-catalog-marketing/J021.md,TASK-0016,BLOCKED_BY_FOUNDATION,J021-SL-23,ZERO_APPLICABLE_OPEN_GAPS_AND_SAME_SHA_EVIDENCE,
J022,J022-SL-01,1,Product Truth والنتيجة والثوابت,governance/operational_journey_protocol_package/smsm-dsh-wlt-journeys/02-partner-store-catalog-marketing/J022.md,TASK-0016,BLOCKED_BY_FOUNDATION,FOUNDATION-00,ZERO_APPLICABLE_OPEN_GAPS_AND_SAME_SHA_EVIDENCE,
J022,J022-SL-02,2,Actors وهويات الخدمات,governance/operational_journey_protocol_package/smsm-dsh-wlt-journeys/02-partner-store-catalog-marketing/J022.md,TASK-0016,BLOCKED_BY_FOUNDATION,J022-SL-01,ZERO_APPLICABLE_OPEN_GAPS_AND_SAME_SHA_EVIDENCE,
J022,J022-SL-03,3,التبعيات وشروط الدخول والخروج,governance/operational_journey_protocol_package/smsm-dsh-wlt-journeys/02-partner-store-catalog-marketing/J022.md,TASK-0016,BLOCKED_BY_FOUNDATION,J022-SL-02,ZERO_APPLICABLE_OPEN_GAPS_AND_SAME_SHA_EVIDENCE,
J022,J022-SL-04,4,Identity/session/device,governance/operational_journey_protocol_package/smsm-dsh-wlt-journeys/02-partner-store-catalog-marketing/J022.md,TASK-0016,BLOCKED_BY_FOUNDATION,J022-SL-03,ZERO_APPLICABLE_OPEN_GAPS_AND_SAME_SHA_EVIDENCE,
J022,J022-SL-05,5,Permission/trusted scope/object authorization,governance/operational_journey_protocol_package/smsm-dsh-wlt-journeys/02-partner-store-catalog-marketing/J022.md,TASK-0016,BLOCKED_BY_FOUNDATION,J022-SL-04,ZERO_APPLICABLE_OPEN_GAPS_AND_SAME_SHA_EVIDENCE,
J022,J022-SL-06,6,Entrypoints/routes/deep links/navigation,governance/operational_journey_protocol_package/smsm-dsh-wlt-journeys/02-partner-store-catalog-marketing/J022.md,TASK-0016,BLOCKED_BY_FOUNDATION,J022-SL-05,ZERO_APPLICABLE_OPEN_GAPS_AND_SAME_SHA_EVIDENCE,
J022,J022-SL-07,7,Screens/pages/tabs/buttons/icons/forms,governance/operational_journey_protocol_package/smsm-dsh-wlt-journeys/02-partner-store-catalog-marketing/J022.md,TASK-0016,BLOCKED_BY_FOUNDATION,J022-SL-06,ZERO_APPLICABLE_OPEN_GAPS_AND_SAME_SHA_EVIDENCE,
J022,J022-SL-08,8,Shared brain/view model/visible states,governance/operational_journey_protocol_package/smsm-dsh-wlt-journeys/02-partner-store-catalog-marketing/J022.md,TASK-0016,BLOCKED_BY_FOUNDATION,J022-SL-07,ZERO_APPLICABLE_OPEN_GAPS_AND_SAME_SHA_EVIDENCE,
J022,J022-SL-09,9,OpenAPI/error/security/idempotency,governance/operational_journey_protocol_package/smsm-dsh-wlt-journeys/02-partner-store-catalog-marketing/J022.md,TASK-0016,BLOCKED_BY_FOUNDATION,J022-SL-08,ZERO_APPLICABLE_OPEN_GAPS_AND_SAME_SHA_EVIDENCE,
J022,J022-SL-10,10,Generated clients/transports,governance/operational_journey_protocol_package/smsm-dsh-wlt-journeys/02-partner-store-catalog-marketing/J022.md,TASK-0016,BLOCKED_BY_FOUNDATION,J022-SL-09,ZERO_APPLICABLE_OPEN_GAPS_AND_SAME_SHA_EVIDENCE,
J022,J022-SL-11,11,Backend handler/domain/repository,governance/operational_journey_protocol_package/smsm-dsh-wlt-journeys/02-partner-store-catalog-marketing/J022.md,TASK-0016,BLOCKED_BY_FOUNDATION,J022-SL-10,ZERO_APPLICABLE_OPEN_GAPS_AND_SAME_SHA_EVIDENCE,
J022,J022-SL-12,12,State machine/allowed actions,governance/operational_journey_protocol_package/smsm-dsh-wlt-journeys/02-partner-store-catalog-marketing/J022.md,TASK-0016,BLOCKED_BY_FOUNDATION,J022-SL-11,ZERO_APPLICABLE_OPEN_GAPS_AND_SAME_SHA_EVIDENCE,
J022,J022-SL-13,13,Database/migrations/constraints/indexes,governance/operational_journey_protocol_package/smsm-dsh-wlt-journeys/02-partner-store-catalog-marketing/J022.md,TASK-0016,BLOCKED_BY_FOUNDATION,J022-SL-12,ZERO_APPLICABLE_OPEN_GAPS_AND_SAME_SHA_EVIDENCE,
J022,J022-SL-14,14,Events/outbox/inbox/jobs/DLQ,governance/operational_journey_protocol_package/smsm-dsh-wlt-journeys/02-partner-store-catalog-marketing/J022.md,TASK-0016,BLOCKED_BY_FOUNDATION,J022-SL-13,ZERO_APPLICABLE_OPEN_GAPS_AND_SAME_SHA_EVIDENCE,
J022,J022-SL-15,15,Media/providers/cache/search,governance/operational_journey_protocol_package/smsm-dsh-wlt-journeys/02-partner-store-catalog-marketing/J022.md,TASK-0016,BLOCKED_BY_FOUNDATION,J022-SL-14,ZERO_APPLICABLE_OPEN_GAPS_AND_SAME_SHA_EVIDENCE,
J022,J022-SL-16,16,DSH↔WLT financial boundary,governance/operational_journey_protocol_package/smsm-dsh-wlt-journeys/02-partner-store-catalog-marketing/J022.md,TASK-0016,BLOCKED_BY_FOUNDATION,J022-SL-15,ZERO_APPLICABLE_OPEN_GAPS_AND_SAME_SHA_EVIDENCE,
J022,J022-SL-17,17,Concurrency/idempotency/unknown result,governance/operational_journey_protocol_package/smsm-dsh-wlt-journeys/02-partner-store-catalog-marketing/J022.md,TASK-0016,BLOCKED_BY_FOUNDATION,J022-SL-16,ZERO_APPLICABLE_OPEN_GAPS_AND_SAME_SHA_EVIDENCE,
J022,J022-SL-18,18,Offline/retry/recovery,governance/operational_journey_protocol_package/smsm-dsh-wlt-journeys/02-partner-store-catalog-marketing/J022.md,TASK-0016,BLOCKED_BY_FOUNDATION,J022-SL-17,ZERO_APPLICABLE_OPEN_GAPS_AND_SAME_SHA_EVIDENCE,
J022,J022-SL-19,19,Cross-surface readback,governance/operational_journey_protocol_package/smsm-dsh-wlt-journeys/02-partner-store-catalog-marketing/J022.md,TASK-0016,BLOCKED_BY_FOUNDATION,J022-SL-18,ZERO_APPLICABLE_OPEN_GAPS_AND_SAME_SHA_EVIDENCE,
J022,J022-SL-20,20,Security/privacy/negative tests,governance/operational_journey_protocol_package/smsm-dsh-wlt-journeys/02-partner-store-catalog-marketing/J022.md,TASK-0016,BLOCKED_BY_FOUNDATION,J022-SL-19,ZERO_APPLICABLE_OPEN_GAPS_AND_SAME_SHA_EVIDENCE,
J022,J022-SL-21,21,Audit/observability/performance,governance/operational_journey_protocol_package/smsm-dsh-wlt-journeys/02-partner-store-catalog-marketing/J022.md,TASK-0016,BLOCKED_BY_FOUNDATION,J022-SL-20,ZERO_APPLICABLE_OPEN_GAPS_AND_SAME_SHA_EVIDENCE,
J022,J022-SL-22,22,Accessibility/RTL/localization,governance/operational_journey_protocol_package/smsm-dsh-wlt-journeys/02-partner-store-catalog-marketing/J022.md,TASK-0016,BLOCKED_BY_FOUNDATION,J022-SL-21,ZERO_APPLICABLE_OPEN_GAPS_AND_SAME_SHA_EVIDENCE,
J022,J022-SL-23,23,Manual operational acceptance,governance/operational_journey_protocol_package/smsm-dsh-wlt-journeys/02-partner-store-catalog-marketing/J022.md,TASK-0016,BLOCKED_BY_FOUNDATION,J022-SL-22,ZERO_APPLICABLE_OPEN_GAPS_AND_SAME_SHA_EVIDENCE,
J022,J022-SL-24,24,Cleanup/same-SHA evidence/closure,governance/operational_journey_protocol_package/smsm-dsh-wlt-journeys/02-partner-store-catalog-marketing/J022.md,TASK-0016,BLOCKED_BY_FOUNDATION,J022-SL-23,ZERO_APPLICABLE_OPEN_GAPS_AND_SAME_SHA_EVIDENCE,
J023,J023-SL-01,1,Product Truth والنتيجة والثوابت,governance/operational_journey_protocol_package/smsm-dsh-wlt-journeys/02-partner-store-catalog-marketing/J023.md,TASK-0016,BLOCKED_BY_FOUNDATION,FOUNDATION-00,ZERO_APPLICABLE_OPEN_GAPS_AND_SAME_SHA_EVIDENCE,
J023,J023-SL-02,2,Actors وهويات الخدمات,governance/operational_journey_protocol_package/smsm-dsh-wlt-journeys/02-partner-store-catalog-marketing/J023.md,TASK-0016,BLOCKED_BY_FOUNDATION,J023-SL-01,ZERO_APPLICABLE_OPEN_GAPS_AND_SAME_SHA_EVIDENCE,
J023,J023-SL-03,3,التبعيات وشروط الدخول والخروج,governance/operational_journey_protocol_package/smsm-dsh-wlt-journeys/02-partner-store-catalog-marketing/J023.md,TASK-0016,BLOCKED_BY_FOUNDATION,J023-SL-02,ZERO_APPLICABLE_OPEN_GAPS_AND_SAME_SHA_EVIDENCE,
J023,J023-SL-04,4,Identity/session/device,governance/operational_journey_protocol_package/smsm-dsh-wlt-journeys/02-partner-store-catalog-marketing/J023.md,TASK-0016,BLOCKED_BY_FOUNDATION,J023-SL-03,ZERO_APPLICABLE_OPEN_GAPS_AND_SAME_SHA_EVIDENCE,
J023,J023-SL-05,5,Permission/trusted scope/object authorization,governance/operational_journey_protocol_package/smsm-dsh-wlt-journeys/02-partner-store-catalog-marketing/J023.md,TASK-0016,BLOCKED_BY_FOUNDATION,J023-SL-04,ZERO_APPLICABLE_OPEN_GAPS_AND_SAME_SHA_EVIDENCE,
J023,J023-SL-06,6,Entrypoints/routes/deep links/navigation,governance/operational_journey_protocol_package/smsm-dsh-wlt-journeys/02-partner-store-catalog-marketing/J023.md,TASK-0016,BLOCKED_BY_FOUNDATION,J023-SL-05,ZERO_APPLICABLE_OPEN_GAPS_AND_SAME_SHA_EVIDENCE,
J023,J023-SL-07,7,Screens/pages/tabs/buttons/icons/forms,governance/operational_journey_protocol_package/smsm-dsh-wlt-journeys/02-partner-store-catalog-marketing/J023.md,TASK-0016,BLOCKED_BY_FOUNDATION,J023-SL-06,ZERO_APPLICABLE_OPEN_GAPS_AND_SAME_SHA_EVIDENCE,
J023,J023-SL-08,8,Shared brain/view model/visible states,governance/operational_journey_protocol_package/smsm-dsh-wlt-journeys/02-partner-store-catalog-marketing/J023.md,TASK-0016,BLOCKED_BY_FOUNDATION,J023-SL-07,ZERO_APPLICABLE_OPEN_GAPS_AND_SAME_SHA_EVIDENCE,
J023,J023-SL-09,9,OpenAPI/error/security/idempotency,governance/operational_journey_protocol_package/smsm-dsh-wlt-journeys/02-partner-store-catalog-marketing/J023.md,TASK-0016,BLOCKED_BY_FOUNDATION,J023-SL-08,ZERO_APPLICABLE_OPEN_GAPS_AND_SAME_SHA_EVIDENCE,
J023,J023-SL-10,10,Generated clients/transports,governance/operational_journey_protocol_package/smsm-dsh-wlt-journeys/02-partner-store-catalog-marketing/J023.md,TASK-0016,BLOCKED_BY_FOUNDATION,J023-SL-09,ZERO_APPLICABLE_OPEN_GAPS_AND_SAME_SHA_EVIDENCE,
J023,J023-SL-11,11,Backend handler/domain/repository,governance/operational_journey_protocol_package/smsm-dsh-wlt-journeys/02-partner-store-catalog-marketing/J023.md,TASK-0016,BLOCKED_BY_FOUNDATION,J023-SL-10,ZERO_APPLICABLE_OPEN_GAPS_AND_SAME_SHA_EVIDENCE,
J023,J023-SL-12,12,State machine/allowed actions,governance/operational_journey_protocol_package/smsm-dsh-wlt-journeys/02-partner-store-catalog-marketing/J023.md,TASK-0016,BLOCKED_BY_FOUNDATION,J023-SL-11,ZERO_APPLICABLE_OPEN_GAPS_AND_SAME_SHA_EVIDENCE,
J023,J023-SL-13,13,Database/migrations/constraints/indexes,governance/operational_journey_protocol_package/smsm-dsh-wlt-journeys/02-partner-store-catalog-marketing/J023.md,TASK-0016,BLOCKED_BY_FOUNDATION,J023-SL-12,ZERO_APPLICABLE_OPEN_GAPS_AND_SAME_SHA_EVIDENCE,
J023,J023-SL-14,14,Events/outbox/inbox/jobs/DLQ,governance/operational_journey_protocol_package/smsm-dsh-wlt-journeys/02-partner-store-catalog-marketing/J023.md,TASK-0016,BLOCKED_BY_FOUNDATION,J023-SL-13,ZERO_APPLICABLE_OPEN_GAPS_AND_SAME_SHA_EVIDENCE,
J023,J023-SL-15,15,Media/providers/cache/search,governance/operational_journey_protocol_package/smsm-dsh-wlt-journeys/02-partner-store-catalog-marketing/J023.md,TASK-0016,BLOCKED_BY_FOUNDATION,J023-SL-14,ZERO_APPLICABLE_OPEN_GAPS_AND_SAME_SHA_EVIDENCE,
J023,J023-SL-16,16,DSH↔WLT financial boundary,governance/operational_journey_protocol_package/smsm-dsh-wlt-journeys/02-partner-store-catalog-marketing/J023.md,TASK-0016,BLOCKED_BY_FOUNDATION,J023-SL-15,ZERO_APPLICABLE_OPEN_GAPS_AND_SAME_SHA_EVIDENCE,
J023,J023-SL-17,17,Concurrency/idempotency/unknown result,governance/operational_journey_protocol_package/smsm-dsh-wlt-journeys/02-partner-store-catalog-marketing/J023.md,TASK-0016,BLOCKED_BY_FOUNDATION,J023-SL-16,ZERO_APPLICABLE_OPEN_GAPS_AND_SAME_SHA_EVIDENCE,
J023,J023-SL-18,18,Offline/retry/recovery,governance/operational_journey_protocol_package/smsm-dsh-wlt-journeys/02-partner-store-catalog-marketing/J023.md,TASK-0016,BLOCKED_BY_FOUNDATION,J023-SL-17,ZERO_APPLICABLE_OPEN_GAPS_AND_SAME_SHA_EVIDENCE,
J023,J023-SL-19,19,Cross-surface readback,governance/operational_journey_protocol_package/smsm-dsh-wlt-journeys/02-partner-store-catalog-marketing/J023.md,TASK-0016,BLOCKED_BY_FOUNDATION,J023-SL-18,ZERO_APPLICABLE_OPEN_GAPS_AND_SAME_SHA_EVIDENCE,
J023,J023-SL-20,20,Security/privacy/negative tests,governance/operational_journey_protocol_package/smsm-dsh-wlt-journeys/02-partner-store-catalog-marketing/J023.md,TASK-0016,BLOCKED_BY_FOUNDATION,J023-SL-19,ZERO_APPLICABLE_OPEN_GAPS_AND_SAME_SHA_EVIDENCE,
J023,J023-SL-21,21,Audit/observability/performance,governance/operational_journey_protocol_package/smsm-dsh-wlt-journeys/02-partner-store-catalog-marketing/J023.md,TASK-0016,BLOCKED_BY_FOUNDATION,J023-SL-20,ZERO_APPLICABLE_OPEN_GAPS_AND_SAME_SHA_EVIDENCE,
J023,J023-SL-22,22,Accessibility/RTL/localization,governance/operational_journey_protocol_package/smsm-dsh-wlt-journeys/02-partner-store-catalog-marketing/J023.md,TASK-0016,BLOCKED_BY_FOUNDATION,J023-SL-21,ZERO_APPLICABLE_OPEN_GAPS_AND_SAME_SHA_EVIDENCE,
J023,J023-SL-23,23,Manual operational acceptance,governance/operational_journey_protocol_package/smsm-dsh-wlt-journeys/02-partner-store-catalog-marketing/J023.md,TASK-0016,BLOCKED_BY_FOUNDATION,J023-SL-22,ZERO_APPLICABLE_OPEN_GAPS_AND_SAME_SHA_EVIDENCE,
J023,J023-SL-24,24,Cleanup/same-SHA evidence/closure,governance/operational_journey_protocol_package/smsm-dsh-wlt-journeys/02-partner-store-catalog-marketing/J023.md,TASK-0016,BLOCKED_BY_FOUNDATION,J023-SL-23,ZERO_APPLICABLE_OPEN_GAPS_AND_SAME_SHA_EVIDENCE,
J024,J024-SL-01,1,Product Truth والنتيجة والثوابت,governance/operational_journey_protocol_package/smsm-dsh-wlt-journeys/02-partner-store-catalog-marketing/J024.md,TASK-0016,BLOCKED_BY_FOUNDATION,FOUNDATION-00,ZERO_APPLICABLE_OPEN_GAPS_AND_SAME_SHA_EVIDENCE,
J024,J024-SL-02,2,Actors وهويات الخدمات,governance/operational_journey_protocol_package/smsm-dsh-wlt-journeys/02-partner-store-catalog-marketing/J024.md,TASK-0016,BLOCKED_BY_FOUNDATION,J024-SL-01,ZERO_APPLICABLE_OPEN_GAPS_AND_SAME_SHA_EVIDENCE,
J024,J024-SL-03,3,التبعيات وشروط الدخول والخروج,governance/operational_journey_protocol_package/smsm-dsh-wlt-journeys/02-partner-store-catalog-marketing/J024.md,TASK-0016,BLOCKED_BY_FOUNDATION,J024-SL-02,ZERO_APPLICABLE_OPEN_GAPS_AND_SAME_SHA_EVIDENCE,
J024,J024-SL-04,4,Identity/session/device,governance/operational_journey_protocol_package/smsm-dsh-wlt-journeys/02-partner-store-catalog-marketing/J024.md,TASK-0016,BLOCKED_BY_FOUNDATION,J024-SL-03,ZERO_APPLICABLE_OPEN_GAPS_AND_SAME_SHA_EVIDENCE,
J024,J024-SL-05,5,Permission/trusted scope/object authorization,governance/operational_journey_protocol_package/smsm-dsh-wlt-journeys/02-partner-store-catalog-marketing/J024.md,TASK-0016,BLOCKED_BY_FOUNDATION,J024-SL-04,ZERO_APPLICABLE_OPEN_GAPS_AND_SAME_SHA_EVIDENCE,
J024,J024-SL-06,6,Entrypoints/routes/deep links/navigation,governance/operational_journey_protocol_package/smsm-dsh-wlt-journeys/02-partner-store-catalog-marketing/J024.md,TASK-0016,BLOCKED_BY_FOUNDATION,J024-SL-05,ZERO_APPLICABLE_OPEN_GAPS_AND_SAME_SHA_EVIDENCE,
J024,J024-SL-07,7,Screens/pages/tabs/buttons/icons/forms,governance/operational_journey_protocol_package/smsm-dsh-wlt-journeys/02-partner-store-catalog-marketing/J024.md,TASK-0016,BLOCKED_BY_FOUNDATION,J024-SL-06,ZERO_APPLICABLE_OPEN_GAPS_AND_SAME_SHA_EVIDENCE,
J024,J024-SL-08,8,Shared brain/view model/visible states,governance/operational_journey_protocol_package/smsm-dsh-wlt-journeys/02-partner-store-catalog-marketing/J024.md,TASK-0016,BLOCKED_BY_FOUNDATION,J024-SL-07,ZERO_APPLICABLE_OPEN_GAPS_AND_SAME_SHA_EVIDENCE,
J024,J024-SL-09,9,OpenAPI/error/security/idempotency,governance/operational_journey_protocol_package/smsm-dsh-wlt-journeys/02-partner-store-catalog-marketing/J024.md,TASK-0016,BLOCKED_BY_FOUNDATION,J024-SL-08,ZERO_APPLICABLE_OPEN_GAPS_AND_SAME_SHA_EVIDENCE,
J024,J024-SL-10,10,Generated clients/transports,governance/operational_journey_protocol_package/smsm-dsh-wlt-journeys/02-partner-store-catalog-marketing/J024.md,TASK-0016,BLOCKED_BY_FOUNDATION,J024-SL-09,ZERO_APPLICABLE_OPEN_GAPS_AND_SAME_SHA_EVIDENCE,
J024,J024-SL-11,11,Backend handler/domain/repository,governance/operational_journey_protocol_package/smsm-dsh-wlt-journeys/02-partner-store-catalog-marketing/J024.md,TASK-0016,BLOCKED_BY_FOUNDATION,J024-SL-10,ZERO_APPLICABLE_OPEN_GAPS_AND_SAME_SHA_EVIDENCE,
J024,J024-SL-12,12,State machine/allowed actions,governance/operational_journey_protocol_package/smsm-dsh-wlt-journeys/02-partner-store-catalog-marketing/J024.md,TASK-0016,BLOCKED_BY_FOUNDATION,J024-SL-11,ZERO_APPLICABLE_OPEN_GAPS_AND_SAME_SHA_EVIDENCE,
J024,J024-SL-13,13,Database/migrations/constraints/indexes,governance/operational_journey_protocol_package/smsm-dsh-wlt-journeys/02-partner-store-catalog-marketing/J024.md,TASK-0016,BLOCKED_BY_FOUNDATION,J024-SL-12,ZERO_APPLICABLE_OPEN_GAPS_AND_SAME_SHA_EVIDENCE,
J024,J024-SL-14,14,Events/outbox/inbox/jobs/DLQ,governance/operational_journey_protocol_package/smsm-dsh-wlt-journeys/02-partner-store-catalog-marketing/J024.md,TASK-0016,BLOCKED_BY_FOUNDATION,J024-SL-13,ZERO_APPLICABLE_OPEN_GAPS_AND_SAME_SHA_EVIDENCE,
J024,J024-SL-15,15,Media/providers/cache/search,governance/operational_journey_protocol_package/smsm-dsh-wlt-journeys/02-partner-store-catalog-marketing/J024.md,TASK-0016,BLOCKED_BY_FOUNDATION,J024-SL-14,ZERO_APPLICABLE_OPEN_GAPS_AND_SAME_SHA_EVIDENCE,
J024,J024-SL-16,16,DSH↔WLT financial boundary,governance/operational_journey_protocol_package/smsm-dsh-wlt-journeys/02-partner-store-catalog-marketing/J024.md,TASK-0016,BLOCKED_BY_FOUNDATION,J024-SL-15,ZERO_APPLICABLE_OPEN_GAPS_AND_SAME_SHA_EVIDENCE,
J024,J024-SL-17,17,Concurrency/idempotency/unknown result,governance/operational_journey_protocol_package/smsm-dsh-wlt-journeys/02-partner-store-catalog-marketing/J024.md,TASK-0016,BLOCKED_BY_FOUNDATION,J024-SL-16,ZERO_APPLICABLE_OPEN_GAPS_AND_SAME_SHA_EVIDENCE,
J024,J024-SL-18,18,Offline/retry/recovery,governance/operational_journey_protocol_package/smsm-dsh-wlt-journeys/02-partner-store-catalog-marketing/J024.md,TASK-0016,BLOCKED_BY_FOUNDATION,J024-SL-17,ZERO_APPLICABLE_OPEN_GAPS_AND_SAME_SHA_EVIDENCE,
J024,J024-SL-19,19,Cross-surface readback,governance/operational_journey_protocol_package/smsm-dsh-wlt-journeys/02-partner-store-catalog-marketing/J024.md,TASK-0016,BLOCKED_BY_FOUNDATION,J024-SL-18,ZERO_APPLICABLE_OPEN_GAPS_AND_SAME_SHA_EVIDENCE,
J024,J024-SL-20,20,Security/privacy/negative tests,governance/operational_journey_protocol_package/smsm-dsh-wlt-journeys/02-partner-store-catalog-marketing/J024.md,TASK-0016,BLOCKED_BY_FOUNDATION,J024-SL-19,ZERO_APPLICABLE_OPEN_GAPS_AND_SAME_SHA_EVIDENCE,
J024,J024-SL-21,21,Audit/observability/performance,governance/operational_journey_protocol_package/smsm-dsh-wlt-journeys/02-partner-store-catalog-marketing/J024.md,TASK-0016,BLOCKED_BY_FOUNDATION,J024-SL-20,ZERO_APPLICABLE_OPEN_GAPS_AND_SAME_SHA_EVIDENCE,
J024,J024-SL-22,22,Accessibility/RTL/localization,governance/operational_journey_protocol_package/smsm-dsh-wlt-journeys/02-partner-store-catalog-marketing/J024.md,TASK-0016,BLOCKED_BY_FOUNDATION,J024-SL-21,ZERO_APPLICABLE_OPEN_GAPS_AND_SAME_SHA_EVIDENCE,
J024,J024-SL-23,23,Manual operational acceptance,governance/operational_journey_protocol_package/smsm-dsh-wlt-journeys/02-partner-store-catalog-marketing/J024.md,TASK-0016,BLOCKED_BY_FOUNDATION,J024-SL-22,ZERO_APPLICABLE_OPEN_GAPS_AND_SAME_SHA_EVIDENCE,
J024,J024-SL-24,24,Cleanup/same-SHA evidence/closure,governance/operational_journey_protocol_package/smsm-dsh-wlt-journeys/02-partner-store-catalog-marketing/J024.md,TASK-0016,BLOCKED_BY_FOUNDATION,J024-SL-23,ZERO_APPLICABLE_OPEN_GAPS_AND_SAME_SHA_EVIDENCE,
J025,J025-SL-01,1,Product Truth والنتيجة والثوابت,governance/operational_journey_protocol_package/smsm-dsh-wlt-journeys/02-partner-store-catalog-marketing/J025.md,TASK-0016,BLOCKED_BY_FOUNDATION,FOUNDATION-00,ZERO_APPLICABLE_OPEN_GAPS_AND_SAME_SHA_EVIDENCE,
J025,J025-SL-02,2,Actors وهويات الخدمات,governance/operational_journey_protocol_package/smsm-dsh-wlt-journeys/02-partner-store-catalog-marketing/J025.md,TASK-0016,BLOCKED_BY_FOUNDATION,J025-SL-01,ZERO_APPLICABLE_OPEN_GAPS_AND_SAME_SHA_EVIDENCE,
J025,J025-SL-03,3,التبعيات وشروط الدخول والخروج,governance/operational_journey_protocol_package/smsm-dsh-wlt-journeys/02-partner-store-catalog-marketing/J025.md,TASK-0016,BLOCKED_BY_FOUNDATION,J025-SL-02,ZERO_APPLICABLE_OPEN_GAPS_AND_SAME_SHA_EVIDENCE,
J025,J025-SL-04,4,Identity/session/device,governance/operational_journey_protocol_package/smsm-dsh-wlt-journeys/02-partner-store-catalog-marketing/J025.md,TASK-0016,BLOCKED_BY_FOUNDATION,J025-SL-03,ZERO_APPLICABLE_OPEN_GAPS_AND_SAME_SHA_EVIDENCE,
J025,J025-SL-05,5,Permission/trusted scope/object authorization,governance/operational_journey_protocol_package/smsm-dsh-wlt-journeys/02-partner-store-catalog-marketing/J025.md,TASK-0016,BLOCKED_BY_FOUNDATION,J025-SL-04,ZERO_APPLICABLE_OPEN_GAPS_AND_SAME_SHA_EVIDENCE,
J025,J025-SL-06,6,Entrypoints/routes/deep links/navigation,governance/operational_journey_protocol_package/smsm-dsh-wlt-journeys/02-partner-store-catalog-marketing/J025.md,TASK-0016,BLOCKED_BY_FOUNDATION,J025-SL-05,ZERO_APPLICABLE_OPEN_GAPS_AND_SAME_SHA_EVIDENCE,
J025,J025-SL-07,7,Screens/pages/tabs/buttons/icons/forms,governance/operational_journey_protocol_package/smsm-dsh-wlt-journeys/02-partner-store-catalog-marketing/J025.md,TASK-0016,BLOCKED_BY_FOUNDATION,J025-SL-06,ZERO_APPLICABLE_OPEN_GAPS_AND_SAME_SHA_EVIDENCE,
J025,J025-SL-08,8,Shared brain/view model/visible states,governance/operational_journey_protocol_package/smsm-dsh-wlt-journeys/02-partner-store-catalog-marketing/J025.md,TASK-0016,BLOCKED_BY_FOUNDATION,J025-SL-07,ZERO_APPLICABLE_OPEN_GAPS_AND_SAME_SHA_EVIDENCE,
J025,J025-SL-09,9,OpenAPI/error/security/idempotency,governance/operational_journey_protocol_package/smsm-dsh-wlt-journeys/02-partner-store-catalog-marketing/J025.md,TASK-0016,BLOCKED_BY_FOUNDATION,J025-SL-08,ZERO_APPLICABLE_OPEN_GAPS_AND_SAME_SHA_EVIDENCE,
J025,J025-SL-10,10,Generated clients/transports,governance/operational_journey_protocol_package/smsm-dsh-wlt-journeys/02-partner-store-catalog-marketing/J025.md,TASK-0016,BLOCKED_BY_FOUNDATION,J025-SL-09,ZERO_APPLICABLE_OPEN_GAPS_AND_SAME_SHA_EVIDENCE,
J025,J025-SL-11,11,Backend handler/domain/repository,governance/operational_journey_protocol_package/smsm-dsh-wlt-journeys/02-partner-store-catalog-marketing/J025.md,TASK-0016,BLOCKED_BY_FOUNDATION,J025-SL-10,ZERO_APPLICABLE_OPEN_GAPS_AND_SAME_SHA_EVIDENCE,
J025,J025-SL-12,12,State machine/allowed actions,governance/operational_journey_protocol_package/smsm-dsh-wlt-journeys/02-partner-store-catalog-marketing/J025.md,TASK-0016,BLOCKED_BY_FOUNDATION,J025-SL-11,ZERO_APPLICABLE_OPEN_GAPS_AND_SAME_SHA_EVIDENCE,
J025,J025-SL-13,13,Database/migrations/constraints/indexes,governance/operational_journey_protocol_package/smsm-dsh-wlt-journeys/02-partner-store-catalog-marketing/J025.md,TASK-0016,BLOCKED_BY_FOUNDATION,J025-SL-12,ZERO_APPLICABLE_OPEN_GAPS_AND_SAME_SHA_EVIDENCE,
J025,J025-SL-14,14,Events/outbox/inbox/jobs/DLQ,governance/operational_journey_protocol_package/smsm-dsh-wlt-journeys/02-partner-store-catalog-marketing/J025.md,TASK-0016,BLOCKED_BY_FOUNDATION,J025-SL-13,ZERO_APPLICABLE_OPEN_GAPS_AND_SAME_SHA_EVIDENCE,
J025,J025-SL-15,15,Media/providers/cache/search,governance/operational_journey_protocol_package/smsm-dsh-wlt-journeys/02-partner-store-catalog-marketing/J025.md,TASK-0016,BLOCKED_BY_FOUNDATION,J025-SL-14,ZERO_APPLICABLE_OPEN_GAPS_AND_SAME_SHA_EVIDENCE,
J025,J025-SL-16,16,DSH↔WLT financial boundary,governance/operational_journey_protocol_package/smsm-dsh-wlt-journeys/02-partner-store-catalog-marketing/J025.md,TASK-0016,BLOCKED_BY_FOUNDATION,J025-SL-15,ZERO_APPLICABLE_OPEN_GAPS_AND_SAME_SHA_EVIDENCE,
J025,J025-SL-17,17,Concurrency/idempotency/unknown result,governance/operational_journey_protocol_package/smsm-dsh-wlt-journeys/02-partner-store-catalog-marketing/J025.md,TASK-0016,BLOCKED_BY_FOUNDATION,J025-SL-16,ZERO_APPLICABLE_OPEN_GAPS_AND_SAME_SHA_EVIDENCE,
J025,J025-SL-18,18,Offline/retry/recovery,governance/operational_journey_protocol_package/smsm-dsh-wlt-journeys/02-partner-store-catalog-marketing/J025.md,TASK-0016,BLOCKED_BY_FOUNDATION,J025-SL-17,ZERO_APPLICABLE_OPEN_GAPS_AND_SAME_SHA_EVIDENCE,
J025,J025-SL-19,19,Cross-surface readback,governance/operational_journey_protocol_package/smsm-dsh-wlt-journeys/02-partner-store-catalog-marketing/J025.md,TASK-0016,BLOCKED_BY_FOUNDATION,J025-SL-18,ZERO_APPLICABLE_OPEN_GAPS_AND_SAME_SHA_EVIDENCE,
J025,J025-SL-20,20,Security/privacy/negative tests,governance/operational_journey_protocol_package/smsm-dsh-wlt-journeys/02-partner-store-catalog-marketing/J025.md,TASK-0016,BLOCKED_BY_FOUNDATION,J025-SL-19,ZERO_APPLICABLE_OPEN_GAPS_AND_SAME_SHA_EVIDENCE,
J025,J025-SL-21,21,Audit/observability/performance,governance/operational_journey_protocol_package/smsm-dsh-wlt-journeys/02-partner-store-catalog-marketing/J025.md,TASK-0016,BLOCKED_BY_FOUNDATION,J025-SL-20,ZERO_APPLICABLE_OPEN_GAPS_AND_SAME_SHA_EVIDENCE,
J025,J025-SL-22,22,Accessibility/RTL/localization,governance/operational_journey_protocol_package/smsm-dsh-wlt-journeys/02-partner-store-catalog-marketing/J025.md,TASK-0016,BLOCKED_BY_FOUNDATION,J025-SL-21,ZERO_APPLICABLE_OPEN_GAPS_AND_SAME_SHA_EVIDENCE,
J025,J025-SL-23,23,Manual operational acceptance,governance/operational_journey_protocol_package/smsm-dsh-wlt-journeys/02-partner-store-catalog-marketing/J025.md,TASK-0016,BLOCKED_BY_FOUNDATION,J025-SL-22,ZERO_APPLICABLE_OPEN_GAPS_AND_SAME_SHA_EVIDENCE,
J025,J025-SL-24,24,Cleanup/same-SHA evidence/closure,governance/operational_journey_protocol_package/smsm-dsh-wlt-journeys/02-partner-store-catalog-marketing/J025.md,TASK-0016,BLOCKED_BY_FOUNDATION,J025-SL-23,ZERO_APPLICABLE_OPEN_GAPS_AND_SAME_SHA_EVIDENCE,
J026,J026-SL-01,1,Product Truth والنتيجة والثوابت,governance/operational_journey_protocol_package/smsm-dsh-wlt-journeys/02-partner-store-catalog-marketing/J026.md,TASK-0016,BLOCKED_BY_FOUNDATION,FOUNDATION-00,ZERO_APPLICABLE_OPEN_GAPS_AND_SAME_SHA_EVIDENCE,
J026,J026-SL-02,2,Actors وهويات الخدمات,governance/operational_journey_protocol_package/smsm-dsh-wlt-journeys/02-partner-store-catalog-marketing/J026.md,TASK-0016,BLOCKED_BY_FOUNDATION,J026-SL-01,ZERO_APPLICABLE_OPEN_GAPS_AND_SAME_SHA_EVIDENCE,
J026,J026-SL-03,3,التبعيات وشروط الدخول والخروج,governance/operational_journey_protocol_package/smsm-dsh-wlt-journeys/02-partner-store-catalog-marketing/J026.md,TASK-0016,BLOCKED_BY_FOUNDATION,J026-SL-02,ZERO_APPLICABLE_OPEN_GAPS_AND_SAME_SHA_EVIDENCE,
J026,J026-SL-04,4,Identity/session/device,governance/operational_journey_protocol_package/smsm-dsh-wlt-journeys/02-partner-store-catalog-marketing/J026.md,TASK-0016,BLOCKED_BY_FOUNDATION,J026-SL-03,ZERO_APPLICABLE_OPEN_GAPS_AND_SAME_SHA_EVIDENCE,
J026,J026-SL-05,5,Permission/trusted scope/object authorization,governance/operational_journey_protocol_package/smsm-dsh-wlt-journeys/02-partner-store-catalog-marketing/J026.md,TASK-0016,BLOCKED_BY_FOUNDATION,J026-SL-04,ZERO_APPLICABLE_OPEN_GAPS_AND_SAME_SHA_EVIDENCE,
J026,J026-SL-06,6,Entrypoints/routes/deep links/navigation,governance/operational_journey_protocol_package/smsm-dsh-wlt-journeys/02-partner-store-catalog-marketing/J026.md,TASK-0016,BLOCKED_BY_FOUNDATION,J026-SL-05,ZERO_APPLICABLE_OPEN_GAPS_AND_SAME_SHA_EVIDENCE,
J026,J026-SL-07,7,Screens/pages/tabs/buttons/icons/forms,governance/operational_journey_protocol_package/smsm-dsh-wlt-journeys/02-partner-store-catalog-marketing/J026.md,TASK-0016,BLOCKED_BY_FOUNDATION,J026-SL-06,ZERO_APPLICABLE_OPEN_GAPS_AND_SAME_SHA_EVIDENCE,
J026,J026-SL-08,8,Shared brain/view model/visible states,governance/operational_journey_protocol_package/smsm-dsh-wlt-journeys/02-partner-store-catalog-marketing/J026.md,TASK-0016,BLOCKED_BY_FOUNDATION,J026-SL-07,ZERO_APPLICABLE_OPEN_GAPS_AND_SAME_SHA_EVIDENCE,
J026,J026-SL-09,9,OpenAPI/error/security/idempotency,governance/operational_journey_protocol_package/smsm-dsh-wlt-journeys/02-partner-store-catalog-marketing/J026.md,TASK-0016,BLOCKED_BY_FOUNDATION,J026-SL-08,ZERO_APPLICABLE_OPEN_GAPS_AND_SAME_SHA_EVIDENCE,
J026,J026-SL-10,10,Generated clients/transports,governance/operational_journey_protocol_package/smsm-dsh-wlt-journeys/02-partner-store-catalog-marketing/J026.md,TASK-0016,BLOCKED_BY_FOUNDATION,J026-SL-09,ZERO_APPLICABLE_OPEN_GAPS_AND_SAME_SHA_EVIDENCE,
J026,J026-SL-11,11,Backend handler/domain/repository,governance/operational_journey_protocol_package/smsm-dsh-wlt-journeys/02-partner-store-catalog-marketing/J026.md,TASK-0016,BLOCKED_BY_FOUNDATION,J026-SL-10,ZERO_APPLICABLE_OPEN_GAPS_AND_SAME_SHA_EVIDENCE,
J026,J026-SL-12,12,State machine/allowed actions,governance/operational_journey_protocol_package/smsm-dsh-wlt-journeys/02-partner-store-catalog-marketing/J026.md,TASK-0016,BLOCKED_BY_FOUNDATION,J026-SL-11,ZERO_APPLICABLE_OPEN_GAPS_AND_SAME_SHA_EVIDENCE,
J026,J026-SL-13,13,Database/migrations/constraints/indexes,governance/operational_journey_protocol_package/smsm-dsh-wlt-journeys/02-partner-store-catalog-marketing/J026.md,TASK-0016,BLOCKED_BY_FOUNDATION,J026-SL-12,ZERO_APPLICABLE_OPEN_GAPS_AND_SAME_SHA_EVIDENCE,
J026,J026-SL-14,14,Events/outbox/inbox/jobs/DLQ,governance/operational_journey_protocol_package/smsm-dsh-wlt-journeys/02-partner-store-catalog-marketing/J026.md,TASK-0016,BLOCKED_BY_FOUNDATION,J026-SL-13,ZERO_APPLICABLE_OPEN_GAPS_AND_SAME_SHA_EVIDENCE,
J026,J026-SL-15,15,Media/providers/cache/search,governance/operational_journey_protocol_package/smsm-dsh-wlt-journeys/02-partner-store-catalog-marketing/J026.md,TASK-0016,BLOCKED_BY_FOUNDATION,J026-SL-14,ZERO_APPLICABLE_OPEN_GAPS_AND_SAME_SHA_EVIDENCE,
J026,J026-SL-16,16,DSH↔WLT financial boundary,governance/operational_journey_protocol_package/smsm-dsh-wlt-journeys/02-partner-store-catalog-marketing/J026.md,TASK-0016,BLOCKED_BY_FOUNDATION,J026-SL-15,ZERO_APPLICABLE_OPEN_GAPS_AND_SAME_SHA_EVIDENCE,
J026,J026-SL-17,17,Concurrency/idempotency/unknown result,governance/operational_journey_protocol_package/smsm-dsh-wlt-journeys/02-partner-store-catalog-marketing/J026.md,TASK-0016,BLOCKED_BY_FOUNDATION,J026-SL-16,ZERO_APPLICABLE_OPEN_GAPS_AND_SAME_SHA_EVIDENCE,
J026,J026-SL-18,18,Offline/retry/recovery,governance/operational_journey_protocol_package/smsm-dsh-wlt-journeys/02-partner-store-catalog-marketing/J026.md,TASK-0016,BLOCKED_BY_FOUNDATION,J026-SL-17,ZERO_APPLICABLE_OPEN_GAPS_AND_SAME_SHA_EVIDENCE,
J026,J026-SL-19,19,Cross-surface readback,governance/operational_journey_protocol_package/smsm-dsh-wlt-journeys/02-partner-store-catalog-marketing/J026.md,TASK-0016,BLOCKED_BY_FOUNDATION,J026-SL-18,ZERO_APPLICABLE_OPEN_GAPS_AND_SAME_SHA_EVIDENCE,
J026,J026-SL-20,20,Security/privacy/negative tests,governance/operational_journey_protocol_package/smsm-dsh-wlt-journeys/02-partner-store-catalog-marketing/J026.md,TASK-0016,BLOCKED_BY_FOUNDATION,J026-SL-19,ZERO_APPLICABLE_OPEN_GAPS_AND_SAME_SHA_EVIDENCE,
J026,J026-SL-21,21,Audit/observability/performance,governance/operational_journey_protocol_package/smsm-dsh-wlt-journeys/02-partner-store-catalog-marketing/J026.md,TASK-0016,BLOCKED_BY_FOUNDATION,J026-SL-20,ZERO_APPLICABLE_OPEN_GAPS_AND_SAME_SHA_EVIDENCE,
J026,J026-SL-22,22,Accessibility/RTL/localization,governance/operational_journey_protocol_package/smsm-dsh-wlt-journeys/02-partner-store-catalog-marketing/J026.md,TASK-0016,BLOCKED_BY_FOUNDATION,J026-SL-21,ZERO_APPLICABLE_OPEN_GAPS_AND_SAME_SHA_EVIDENCE,
J026,J026-SL-23,23,Manual operational acceptance,governance/operational_journey_protocol_package/smsm-dsh-wlt-journeys/02-partner-store-catalog-marketing/J026.md,TASK-0016,BLOCKED_BY_FOUNDATION,J026-SL-22,ZERO_APPLICABLE_OPEN_GAPS_AND_SAME_SHA_EVIDENCE,
J026,J026-SL-24,24,Cleanup/same-SHA evidence/closure,governance/operational_journey_protocol_package/smsm-dsh-wlt-journeys/02-partner-store-catalog-marketing/J026.md,TASK-0016,BLOCKED_BY_FOUNDATION,J026-SL-23,ZERO_APPLICABLE_OPEN_GAPS_AND_SAME_SHA_EVIDENCE,
J027,J027-SL-01,1,Product Truth والنتيجة والثوابت,governance/operational_journey_protocol_package/smsm-dsh-wlt-journeys/02-partner-store-catalog-marketing/J027.md,TASK-0016,BLOCKED_BY_FOUNDATION,FOUNDATION-00,ZERO_APPLICABLE_OPEN_GAPS_AND_SAME_SHA_EVIDENCE,
J027,J027-SL-02,2,Actors وهويات الخدمات,governance/operational_journey_protocol_package/smsm-dsh-wlt-journeys/02-partner-store-catalog-marketing/J027.md,TASK-0016,BLOCKED_BY_FOUNDATION,J027-SL-01,ZERO_APPLICABLE_OPEN_GAPS_AND_SAME_SHA_EVIDENCE,
J027,J027-SL-03,3,التبعيات وشروط الدخول والخروج,governance/operational_journey_protocol_package/smsm-dsh-wlt-journeys/02-partner-store-catalog-marketing/J027.md,TASK-0016,BLOCKED_BY_FOUNDATION,J027-SL-02,ZERO_APPLICABLE_OPEN_GAPS_AND_SAME_SHA_EVIDENCE,
J027,J027-SL-04,4,Identity/session/device,governance/operational_journey_protocol_package/smsm-dsh-wlt-journeys/02-partner-store-catalog-marketing/J027.md,TASK-0016,BLOCKED_BY_FOUNDATION,J027-SL-03,ZERO_APPLICABLE_OPEN_GAPS_AND_SAME_SHA_EVIDENCE,
J027,J027-SL-05,5,Permission/trusted scope/object authorization,governance/operational_journey_protocol_package/smsm-dsh-wlt-journeys/02-partner-store-catalog-marketing/J027.md,TASK-0016,BLOCKED_BY_FOUNDATION,J027-SL-04,ZERO_APPLICABLE_OPEN_GAPS_AND_SAME_SHA_EVIDENCE,
J027,J027-SL-06,6,Entrypoints/routes/deep links/navigation,governance/operational_journey_protocol_package/smsm-dsh-wlt-journeys/02-partner-store-catalog-marketing/J027.md,TASK-0016,BLOCKED_BY_FOUNDATION,J027-SL-05,ZERO_APPLICABLE_OPEN_GAPS_AND_SAME_SHA_EVIDENCE,
J027,J027-SL-07,7,Screens/pages/tabs/buttons/icons/forms,governance/operational_journey_protocol_package/smsm-dsh-wlt-journeys/02-partner-store-catalog-marketing/J027.md,TASK-0016,BLOCKED_BY_FOUNDATION,J027-SL-06,ZERO_APPLICABLE_OPEN_GAPS_AND_SAME_SHA_EVIDENCE,
J027,J027-SL-08,8,Shared brain/view model/visible states,governance/operational_journey_protocol_package/smsm-dsh-wlt-journeys/02-partner-store-catalog-marketing/J027.md,TASK-0016,BLOCKED_BY_FOUNDATION,J027-SL-07,ZERO_APPLICABLE_OPEN_GAPS_AND_SAME_SHA_EVIDENCE,
J027,J027-SL-09,9,OpenAPI/error/security/idempotency,governance/operational_journey_protocol_package/smsm-dsh-wlt-journeys/02-partner-store-catalog-marketing/J027.md,TASK-0016,BLOCKED_BY_FOUNDATION,J027-SL-08,ZERO_APPLICABLE_OPEN_GAPS_AND_SAME_SHA_EVIDENCE,
J027,J027-SL-10,10,Generated clients/transports,governance/operational_journey_protocol_package/smsm-dsh-wlt-journeys/02-partner-store-catalog-marketing/J027.md,TASK-0016,BLOCKED_BY_FOUNDATION,J027-SL-09,ZERO_APPLICABLE_OPEN_GAPS_AND_SAME_SHA_EVIDENCE,
J027,J027-SL-11,11,Backend handler/domain/repository,governance/operational_journey_protocol_package/smsm-dsh-wlt-journeys/02-partner-store-catalog-marketing/J027.md,TASK-0016,BLOCKED_BY_FOUNDATION,J027-SL-10,ZERO_APPLICABLE_OPEN_GAPS_AND_SAME_SHA_EVIDENCE,
J027,J027-SL-12,12,State machine/allowed actions,governance/operational_journey_protocol_package/smsm-dsh-wlt-journeys/02-partner-store-catalog-marketing/J027.md,TASK-0016,BLOCKED_BY_FOUNDATION,J027-SL-11,ZERO_APPLICABLE_OPEN_GAPS_AND_SAME_SHA_EVIDENCE,
J027,J027-SL-13,13,Database/migrations/constraints/indexes,governance/operational_journey_protocol_package/smsm-dsh-wlt-journeys/02-partner-store-catalog-marketing/J027.md,TASK-0016,BLOCKED_BY_FOUNDATION,J027-SL-12,ZERO_APPLICABLE_OPEN_GAPS_AND_SAME_SHA_EVIDENCE,
J027,J027-SL-14,14,Events/outbox/inbox/jobs/DLQ,governance/operational_journey_protocol_package/smsm-dsh-wlt-journeys/02-partner-store-catalog-marketing/J027.md,TASK-0016,BLOCKED_BY_FOUNDATION,J027-SL-13,ZERO_APPLICABLE_OPEN_GAPS_AND_SAME_SHA_EVIDENCE,
J027,J027-SL-15,15,Media/providers/cache/search,governance/operational_journey_protocol_package/smsm-dsh-wlt-journeys/02-partner-store-catalog-marketing/J027.md,TASK-0016,BLOCKED_BY_FOUNDATION,J027-SL-14,ZERO_APPLICABLE_OPEN_GAPS_AND_SAME_SHA_EVIDENCE,
J027,J027-SL-16,16,DSH↔WLT financial boundary,governance/operational_journey_protocol_package/smsm-dsh-wlt-journeys/02-partner-store-catalog-marketing/J027.md,TASK-0016,BLOCKED_BY_FOUNDATION,J027-SL-15,ZERO_APPLICABLE_OPEN_GAPS_AND_SAME_SHA_EVIDENCE,
J027,J027-SL-17,17,Concurrency/idempotency/unknown result,governance/operational_journey_protocol_package/smsm-dsh-wlt-journeys/02-partner-store-catalog-marketing/J027.md,TASK-0016,BLOCKED_BY_FOUNDATION,J027-SL-16,ZERO_APPLICABLE_OPEN_GAPS_AND_SAME_SHA_EVIDENCE,
J027,J027-SL-18,18,Offline/retry/recovery,governance/operational_journey_protocol_package/smsm-dsh-wlt-journeys/02-partner-store-catalog-marketing/J027.md,TASK-0016,BLOCKED_BY_FOUNDATION,J027-SL-17,ZERO_APPLICABLE_OPEN_GAPS_AND_SAME_SHA_EVIDENCE,
J027,J027-SL-19,19,Cross-surface readback,governance/operational_journey_protocol_package/smsm-dsh-wlt-journeys/02-partner-store-catalog-marketing/J027.md,TASK-0016,BLOCKED_BY_FOUNDATION,J027-SL-18,ZERO_APPLICABLE_OPEN_GAPS_AND_SAME_SHA_EVIDENCE,
J027,J027-SL-20,20,Security/privacy/negative tests,governance/operational_journey_protocol_package/smsm-dsh-wlt-journeys/02-partner-store-catalog-marketing/J027.md,TASK-0016,BLOCKED_BY_FOUNDATION,J027-SL-19,ZERO_APPLICABLE_OPEN_GAPS_AND_SAME_SHA_EVIDENCE,
J027,J027-SL-21,21,Audit/observability/performance,governance/operational_journey_protocol_package/smsm-dsh-wlt-journeys/02-partner-store-catalog-marketing/J027.md,TASK-0016,BLOCKED_BY_FOUNDATION,J027-SL-20,ZERO_APPLICABLE_OPEN_GAPS_AND_SAME_SHA_EVIDENCE,
J027,J027-SL-22,22,Accessibility/RTL/localization,governance/operational_journey_protocol_package/smsm-dsh-wlt-journeys/02-partner-store-catalog-marketing/J027.md,TASK-0016,BLOCKED_BY_FOUNDATION,J027-SL-21,ZERO_APPLICABLE_OPEN_GAPS_AND_SAME_SHA_EVIDENCE,
J027,J027-SL-23,23,Manual operational acceptance,governance/operational_journey_protocol_package/smsm-dsh-wlt-journeys/02-partner-store-catalog-marketing/J027.md,TASK-0016,BLOCKED_BY_FOUNDATION,J027-SL-22,ZERO_APPLICABLE_OPEN_GAPS_AND_SAME_SHA_EVIDENCE,
J027,J027-SL-24,24,Cleanup/same-SHA evidence/closure,governance/operational_journey_protocol_package/smsm-dsh-wlt-journeys/02-partner-store-catalog-marketing/J027.md,TASK-0016,BLOCKED_BY_FOUNDATION,J027-SL-23,ZERO_APPLICABLE_OPEN_GAPS_AND_SAME_SHA_EVIDENCE,
J028,J028-SL-01,1,Product Truth والنتيجة والثوابت,governance/operational_journey_protocol_package/smsm-dsh-wlt-journeys/02-partner-store-catalog-marketing/J028.md,TASK-0016,BLOCKED_BY_FOUNDATION,FOUNDATION-00,ZERO_APPLICABLE_OPEN_GAPS_AND_SAME_SHA_EVIDENCE,
J028,J028-SL-02,2,Actors وهويات الخدمات,governance/operational_journey_protocol_package/smsm-dsh-wlt-journeys/02-partner-store-catalog-marketing/J028.md,TASK-0016,BLOCKED_BY_FOUNDATION,J028-SL-01,ZERO_APPLICABLE_OPEN_GAPS_AND_SAME_SHA_EVIDENCE,
J028,J028-SL-03,3,التبعيات وشروط الدخول والخروج,governance/operational_journey_protocol_package/smsm-dsh-wlt-journeys/02-partner-store-catalog-marketing/J028.md,TASK-0016,BLOCKED_BY_FOUNDATION,J028-SL-02,ZERO_APPLICABLE_OPEN_GAPS_AND_SAME_SHA_EVIDENCE,
J028,J028-SL-04,4,Identity/session/device,governance/operational_journey_protocol_package/smsm-dsh-wlt-journeys/02-partner-store-catalog-marketing/J028.md,TASK-0016,BLOCKED_BY_FOUNDATION,J028-SL-03,ZERO_APPLICABLE_OPEN_GAPS_AND_SAME_SHA_EVIDENCE,
J028,J028-SL-05,5,Permission/trusted scope/object authorization,governance/operational_journey_protocol_package/smsm-dsh-wlt-journeys/02-partner-store-catalog-marketing/J028.md,TASK-0016,BLOCKED_BY_FOUNDATION,J028-SL-04,ZERO_APPLICABLE_OPEN_GAPS_AND_SAME_SHA_EVIDENCE,
J028,J028-SL-06,6,Entrypoints/routes/deep links/navigation,governance/operational_journey_protocol_package/smsm-dsh-wlt-journeys/02-partner-store-catalog-marketing/J028.md,TASK-0016,BLOCKED_BY_FOUNDATION,J028-SL-05,ZERO_APPLICABLE_OPEN_GAPS_AND_SAME_SHA_EVIDENCE,
J028,J028-SL-07,7,Screens/pages/tabs/buttons/icons/forms,governance/operational_journey_protocol_package/smsm-dsh-wlt-journeys/02-partner-store-catalog-marketing/J028.md,TASK-0016,BLOCKED_BY_FOUNDATION,J028-SL-06,ZERO_APPLICABLE_OPEN_GAPS_AND_SAME_SHA_EVIDENCE,
J028,J028-SL-08,8,Shared brain/view model/visible states,governance/operational_journey_protocol_package/smsm-dsh-wlt-journeys/02-partner-store-catalog-marketing/J028.md,TASK-0016,BLOCKED_BY_FOUNDATION,J028-SL-07,ZERO_APPLICABLE_OPEN_GAPS_AND_SAME_SHA_EVIDENCE,
J028,J028-SL-09,9,OpenAPI/error/security/idempotency,governance/operational_journey_protocol_package/smsm-dsh-wlt-journeys/02-partner-store-catalog-marketing/J028.md,TASK-0016,BLOCKED_BY_FOUNDATION,J028-SL-08,ZERO_APPLICABLE_OPEN_GAPS_AND_SAME_SHA_EVIDENCE,
J028,J028-SL-10,10,Generated clients/transports,governance/operational_journey_protocol_package/smsm-dsh-wlt-journeys/02-partner-store-catalog-marketing/J028.md,TASK-0016,BLOCKED_BY_FOUNDATION,J028-SL-09,ZERO_APPLICABLE_OPEN_GAPS_AND_SAME_SHA_EVIDENCE,
J028,J028-SL-11,11,Backend handler/domain/repository,governance/operational_journey_protocol_package/smsm-dsh-wlt-journeys/02-partner-store-catalog-marketing/J028.md,TASK-0016,BLOCKED_BY_FOUNDATION,J028-SL-10,ZERO_APPLICABLE_OPEN_GAPS_AND_SAME_SHA_EVIDENCE,
J028,J028-SL-12,12,State machine/allowed actions,governance/operational_journey_protocol_package/smsm-dsh-wlt-journeys/02-partner-store-catalog-marketing/J028.md,TASK-0016,BLOCKED_BY_FOUNDATION,J028-SL-11,ZERO_APPLICABLE_OPEN_GAPS_AND_SAME_SHA_EVIDENCE,
J028,J028-SL-13,13,Database/migrations/constraints/indexes,governance/operational_journey_protocol_package/smsm-dsh-wlt-journeys/02-partner-store-catalog-marketing/J028.md,TASK-0016,BLOCKED_BY_FOUNDATION,J028-SL-12,ZERO_APPLICABLE_OPEN_GAPS_AND_SAME_SHA_EVIDENCE,
J028,J028-SL-14,14,Events/outbox/inbox/jobs/DLQ,governance/operational_journey_protocol_package/smsm-dsh-wlt-journeys/02-partner-store-catalog-marketing/J028.md,TASK-0016,BLOCKED_BY_FOUNDATION,J028-SL-13,ZERO_APPLICABLE_OPEN_GAPS_AND_SAME_SHA_EVIDENCE,
J028,J028-SL-15,15,Media/providers/cache/search,governance/operational_journey_protocol_package/smsm-dsh-wlt-journeys/02-partner-store-catalog-marketing/J028.md,TASK-0016,BLOCKED_BY_FOUNDATION,J028-SL-14,ZERO_APPLICABLE_OPEN_GAPS_AND_SAME_SHA_EVIDENCE,
J028,J028-SL-16,16,DSH↔WLT financial boundary,governance/operational_journey_protocol_package/smsm-dsh-wlt-journeys/02-partner-store-catalog-marketing/J028.md,TASK-0016,BLOCKED_BY_FOUNDATION,J028-SL-15,ZERO_APPLICABLE_OPEN_GAPS_AND_SAME_SHA_EVIDENCE,
J028,J028-SL-17,17,Concurrency/idempotency/unknown result,governance/operational_journey_protocol_package/smsm-dsh-wlt-journeys/02-partner-store-catalog-marketing/J028.md,TASK-0016,BLOCKED_BY_FOUNDATION,J028-SL-16,ZERO_APPLICABLE_OPEN_GAPS_AND_SAME_SHA_EVIDENCE,
J028,J028-SL-18,18,Offline/retry/recovery,governance/operational_journey_protocol_package/smsm-dsh-wlt-journeys/02-partner-store-catalog-marketing/J028.md,TASK-0016,BLOCKED_BY_FOUNDATION,J028-SL-17,ZERO_APPLICABLE_OPEN_GAPS_AND_SAME_SHA_EVIDENCE,
J028,J028-SL-19,19,Cross-surface readback,governance/operational_journey_protocol_package/smsm-dsh-wlt-journeys/02-partner-store-catalog-marketing/J028.md,TASK-0016,BLOCKED_BY_FOUNDATION,J028-SL-18,ZERO_APPLICABLE_OPEN_GAPS_AND_SAME_SHA_EVIDENCE,
J028,J028-SL-20,20,Security/privacy/negative tests,governance/operational_journey_protocol_package/smsm-dsh-wlt-journeys/02-partner-store-catalog-marketing/J028.md,TASK-0016,BLOCKED_BY_FOUNDATION,J028-SL-19,ZERO_APPLICABLE_OPEN_GAPS_AND_SAME_SHA_EVIDENCE,
J028,J028-SL-21,21,Audit/observability/performance,governance/operational_journey_protocol_package/smsm-dsh-wlt-journeys/02-partner-store-catalog-marketing/J028.md,TASK-0016,BLOCKED_BY_FOUNDATION,J028-SL-20,ZERO_APPLICABLE_OPEN_GAPS_AND_SAME_SHA_EVIDENCE,
J028,J028-SL-22,22,Accessibility/RTL/localization,governance/operational_journey_protocol_package/smsm-dsh-wlt-journeys/02-partner-store-catalog-marketing/J028.md,TASK-0016,BLOCKED_BY_FOUNDATION,J028-SL-21,ZERO_APPLICABLE_OPEN_GAPS_AND_SAME_SHA_EVIDENCE,
J028,J028-SL-23,23,Manual operational acceptance,governance/operational_journey_protocol_package/smsm-dsh-wlt-journeys/02-partner-store-catalog-marketing/J028.md,TASK-0016,BLOCKED_BY_FOUNDATION,J028-SL-22,ZERO_APPLICABLE_OPEN_GAPS_AND_SAME_SHA_EVIDENCE,
J028,J028-SL-24,24,Cleanup/same-SHA evidence/closure,governance/operational_journey_protocol_package/smsm-dsh-wlt-journeys/02-partner-store-catalog-marketing/J028.md,TASK-0016,BLOCKED_BY_FOUNDATION,J028-SL-23,ZERO_APPLICABLE_OPEN_GAPS_AND_SAME_SHA_EVIDENCE,
J029,J029-SL-01,1,Product Truth والنتيجة والثوابت,governance/operational_journey_protocol_package/smsm-dsh-wlt-journeys/02-partner-store-catalog-marketing/J029.md,TASK-0016,BLOCKED_BY_FOUNDATION,FOUNDATION-00,ZERO_APPLICABLE_OPEN_GAPS_AND_SAME_SHA_EVIDENCE,
J029,J029-SL-02,2,Actors وهويات الخدمات,governance/operational_journey_protocol_package/smsm-dsh-wlt-journeys/02-partner-store-catalog-marketing/J029.md,TASK-0016,BLOCKED_BY_FOUNDATION,J029-SL-01,ZERO_APPLICABLE_OPEN_GAPS_AND_SAME_SHA_EVIDENCE,
J029,J029-SL-03,3,التبعيات وشروط الدخول والخروج,governance/operational_journey_protocol_package/smsm-dsh-wlt-journeys/02-partner-store-catalog-marketing/J029.md,TASK-0016,BLOCKED_BY_FOUNDATION,J029-SL-02,ZERO_APPLICABLE_OPEN_GAPS_AND_SAME_SHA_EVIDENCE,
J029,J029-SL-04,4,Identity/session/device,governance/operational_journey_protocol_package/smsm-dsh-wlt-journeys/02-partner-store-catalog-marketing/J029.md,TASK-0016,BLOCKED_BY_FOUNDATION,J029-SL-03,ZERO_APPLICABLE_OPEN_GAPS_AND_SAME_SHA_EVIDENCE,
J029,J029-SL-05,5,Permission/trusted scope/object authorization,governance/operational_journey_protocol_package/smsm-dsh-wlt-journeys/02-partner-store-catalog-marketing/J029.md,TASK-0016,BLOCKED_BY_FOUNDATION,J029-SL-04,ZERO_APPLICABLE_OPEN_GAPS_AND_SAME_SHA_EVIDENCE,
J029,J029-SL-06,6,Entrypoints/routes/deep links/navigation,governance/operational_journey_protocol_package/smsm-dsh-wlt-journeys/02-partner-store-catalog-marketing/J029.md,TASK-0016,BLOCKED_BY_FOUNDATION,J029-SL-05,ZERO_APPLICABLE_OPEN_GAPS_AND_SAME_SHA_EVIDENCE,
J029,J029-SL-07,7,Screens/pages/tabs/buttons/icons/forms,governance/operational_journey_protocol_package/smsm-dsh-wlt-journeys/02-partner-store-catalog-marketing/J029.md,TASK-0016,BLOCKED_BY_FOUNDATION,J029-SL-06,ZERO_APPLICABLE_OPEN_GAPS_AND_SAME_SHA_EVIDENCE,
J029,J029-SL-08,8,Shared brain/view model/visible states,governance/operational_journey_protocol_package/smsm-dsh-wlt-journeys/02-partner-store-catalog-marketing/J029.md,TASK-0016,BLOCKED_BY_FOUNDATION,J029-SL-07,ZERO_APPLICABLE_OPEN_GAPS_AND_SAME_SHA_EVIDENCE,
J029,J029-SL-09,9,OpenAPI/error/security/idempotency,governance/operational_journey_protocol_package/smsm-dsh-wlt-journeys/02-partner-store-catalog-marketing/J029.md,TASK-0016,BLOCKED_BY_FOUNDATION,J029-SL-08,ZERO_APPLICABLE_OPEN_GAPS_AND_SAME_SHA_EVIDENCE,
J029,J029-SL-10,10,Generated clients/transports,governance/operational_journey_protocol_package/smsm-dsh-wlt-journeys/02-partner-store-catalog-marketing/J029.md,TASK-0016,BLOCKED_BY_FOUNDATION,J029-SL-09,ZERO_APPLICABLE_OPEN_GAPS_AND_SAME_SHA_EVIDENCE,
J029,J029-SL-11,11,Backend handler/domain/repository,governance/operational_journey_protocol_package/smsm-dsh-wlt-journeys/02-partner-store-catalog-marketing/J029.md,TASK-0016,BLOCKED_BY_FOUNDATION,J029-SL-10,ZERO_APPLICABLE_OPEN_GAPS_AND_SAME_SHA_EVIDENCE,
J029,J029-SL-12,12,State machine/allowed actions,governance/operational_journey_protocol_package/smsm-dsh-wlt-journeys/02-partner-store-catalog-marketing/J029.md,TASK-0016,BLOCKED_BY_FOUNDATION,J029-SL-11,ZERO_APPLICABLE_OPEN_GAPS_AND_SAME_SHA_EVIDENCE,
J029,J029-SL-13,13,Database/migrations/constraints/indexes,governance/operational_journey_protocol_package/smsm-dsh-wlt-journeys/02-partner-store-catalog-marketing/J029.md,TASK-0016,BLOCKED_BY_FOUNDATION,J029-SL-12,ZERO_APPLICABLE_OPEN_GAPS_AND_SAME_SHA_EVIDENCE,
J029,J029-SL-14,14,Events/outbox/inbox/jobs/DLQ,governance/operational_journey_protocol_package/smsm-dsh-wlt-journeys/02-partner-store-catalog-marketing/J029.md,TASK-0016,BLOCKED_BY_FOUNDATION,J029-SL-13,ZERO_APPLICABLE_OPEN_GAPS_AND_SAME_SHA_EVIDENCE,
J029,J029-SL-15,15,Media/providers/cache/search,governance/operational_journey_protocol_package/smsm-dsh-wlt-journeys/02-partner-store-catalog-marketing/J029.md,TASK-0016,BLOCKED_BY_FOUNDATION,J029-SL-14,ZERO_APPLICABLE_OPEN_GAPS_AND_SAME_SHA_EVIDENCE,
J029,J029-SL-16,16,DSH↔WLT financial boundary,governance/operational_journey_protocol_package/smsm-dsh-wlt-journeys/02-partner-store-catalog-marketing/J029.md,TASK-0016,BLOCKED_BY_FOUNDATION,J029-SL-15,ZERO_APPLICABLE_OPEN_GAPS_AND_SAME_SHA_EVIDENCE,
J029,J029-SL-17,17,Concurrency/idempotency/unknown result,governance/operational_journey_protocol_package/smsm-dsh-wlt-journeys/02-partner-store-catalog-marketing/J029.md,TASK-0016,BLOCKED_BY_FOUNDATION,J029-SL-16,ZERO_APPLICABLE_OPEN_GAPS_AND_SAME_SHA_EVIDENCE,
J029,J029-SL-18,18,Offline/retry/recovery,governance/operational_journey_protocol_package/smsm-dsh-wlt-journeys/02-partner-store-catalog-marketing/J029.md,TASK-0016,BLOCKED_BY_FOUNDATION,J029-SL-17,ZERO_APPLICABLE_OPEN_GAPS_AND_SAME_SHA_EVIDENCE,
J029,J029-SL-19,19,Cross-surface readback,governance/operational_journey_protocol_package/smsm-dsh-wlt-journeys/02-partner-store-catalog-marketing/J029.md,TASK-0016,BLOCKED_BY_FOUNDATION,J029-SL-18,ZERO_APPLICABLE_OPEN_GAPS_AND_SAME_SHA_EVIDENCE,
J029,J029-SL-20,20,Security/privacy/negative tests,governance/operational_journey_protocol_package/smsm-dsh-wlt-journeys/02-partner-store-catalog-marketing/J029.md,TASK-0016,BLOCKED_BY_FOUNDATION,J029-SL-19,ZERO_APPLICABLE_OPEN_GAPS_AND_SAME_SHA_EVIDENCE,
J029,J029-SL-21,21,Audit/observability/performance,governance/operational_journey_protocol_package/smsm-dsh-wlt-journeys/02-partner-store-catalog-marketing/J029.md,TASK-0016,BLOCKED_BY_FOUNDATION,J029-SL-20,ZERO_APPLICABLE_OPEN_GAPS_AND_SAME_SHA_EVIDENCE,
J029,J029-SL-22,22,Accessibility/RTL/localization,governance/operational_journey_protocol_package/smsm-dsh-wlt-journeys/02-partner-store-catalog-marketing/J029.md,TASK-0016,BLOCKED_BY_FOUNDATION,J029-SL-21,ZERO_APPLICABLE_OPEN_GAPS_AND_SAME_SHA_EVIDENCE,
J029,J029-SL-23,23,Manual operational acceptance,governance/operational_journey_protocol_package/smsm-dsh-wlt-journeys/02-partner-store-catalog-marketing/J029.md,TASK-0016,BLOCKED_BY_FOUNDATION,J029-SL-22,ZERO_APPLICABLE_OPEN_GAPS_AND_SAME_SHA_EVIDENCE,
J029,J029-SL-24,24,Cleanup/same-SHA evidence/closure,governance/operational_journey_protocol_package/smsm-dsh-wlt-journeys/02-partner-store-catalog-marketing/J029.md,TASK-0016,BLOCKED_BY_FOUNDATION,J029-SL-23,ZERO_APPLICABLE_OPEN_GAPS_AND_SAME_SHA_EVIDENCE,
J030,J030-SL-01,1,Product Truth والنتيجة والثوابت,governance/operational_journey_protocol_package/smsm-dsh-wlt-journeys/02-partner-store-catalog-marketing/J030.md,TASK-0016,BLOCKED_BY_FOUNDATION,FOUNDATION-00,ZERO_APPLICABLE_OPEN_GAPS_AND_SAME_SHA_EVIDENCE,
J030,J030-SL-02,2,Actors وهويات الخدمات,governance/operational_journey_protocol_package/smsm-dsh-wlt-journeys/02-partner-store-catalog-marketing/J030.md,TASK-0016,BLOCKED_BY_FOUNDATION,J030-SL-01,ZERO_APPLICABLE_OPEN_GAPS_AND_SAME_SHA_EVIDENCE,
J030,J030-SL-03,3,التبعيات وشروط الدخول والخروج,governance/operational_journey_protocol_package/smsm-dsh-wlt-journeys/02-partner-store-catalog-marketing/J030.md,TASK-0016,BLOCKED_BY_FOUNDATION,J030-SL-02,ZERO_APPLICABLE_OPEN_GAPS_AND_SAME_SHA_EVIDENCE,
J030,J030-SL-04,4,Identity/session/device,governance/operational_journey_protocol_package/smsm-dsh-wlt-journeys/02-partner-store-catalog-marketing/J030.md,TASK-0016,BLOCKED_BY_FOUNDATION,J030-SL-03,ZERO_APPLICABLE_OPEN_GAPS_AND_SAME_SHA_EVIDENCE,
J030,J030-SL-05,5,Permission/trusted scope/object authorization,governance/operational_journey_protocol_package/smsm-dsh-wlt-journeys/02-partner-store-catalog-marketing/J030.md,TASK-0016,BLOCKED_BY_FOUNDATION,J030-SL-04,ZERO_APPLICABLE_OPEN_GAPS_AND_SAME_SHA_EVIDENCE,
J030,J030-SL-06,6,Entrypoints/routes/deep links/navigation,governance/operational_journey_protocol_package/smsm-dsh-wlt-journeys/02-partner-store-catalog-marketing/J030.md,TASK-0016,BLOCKED_BY_FOUNDATION,J030-SL-05,ZERO_APPLICABLE_OPEN_GAPS_AND_SAME_SHA_EVIDENCE,
J030,J030-SL-07,7,Screens/pages/tabs/buttons/icons/forms,governance/operational_journey_protocol_package/smsm-dsh-wlt-journeys/02-partner-store-catalog-marketing/J030.md,TASK-0016,BLOCKED_BY_FOUNDATION,J030-SL-06,ZERO_APPLICABLE_OPEN_GAPS_AND_SAME_SHA_EVIDENCE,
J030,J030-SL-08,8,Shared brain/view model/visible states,governance/operational_journey_protocol_package/smsm-dsh-wlt-journeys/02-partner-store-catalog-marketing/J030.md,TASK-0016,BLOCKED_BY_FOUNDATION,J030-SL-07,ZERO_APPLICABLE_OPEN_GAPS_AND_SAME_SHA_EVIDENCE,
J030,J030-SL-09,9,OpenAPI/error/security/idempotency,governance/operational_journey_protocol_package/smsm-dsh-wlt-journeys/02-partner-store-catalog-marketing/J030.md,TASK-0016,BLOCKED_BY_FOUNDATION,J030-SL-08,ZERO_APPLICABLE_OPEN_GAPS_AND_SAME_SHA_EVIDENCE,
J030,J030-SL-10,10,Generated clients/transports,governance/operational_journey_protocol_package/smsm-dsh-wlt-journeys/02-partner-store-catalog-marketing/J030.md,TASK-0016,BLOCKED_BY_FOUNDATION,J030-SL-09,ZERO_APPLICABLE_OPEN_GAPS_AND_SAME_SHA_EVIDENCE,
J030,J030-SL-11,11,Backend handler/domain/repository,governance/operational_journey_protocol_package/smsm-dsh-wlt-journeys/02-partner-store-catalog-marketing/J030.md,TASK-0016,BLOCKED_BY_FOUNDATION,J030-SL-10,ZERO_APPLICABLE_OPEN_GAPS_AND_SAME_SHA_EVIDENCE,
J030,J030-SL-12,12,State machine/allowed actions,governance/operational_journey_protocol_package/smsm-dsh-wlt-journeys/02-partner-store-catalog-marketing/J030.md,TASK-0016,BLOCKED_BY_FOUNDATION,J030-SL-11,ZERO_APPLICABLE_OPEN_GAPS_AND_SAME_SHA_EVIDENCE,
J030,J030-SL-13,13,Database/migrations/constraints/indexes,governance/operational_journey_protocol_package/smsm-dsh-wlt-journeys/02-partner-store-catalog-marketing/J030.md,TASK-0016,BLOCKED_BY_FOUNDATION,J030-SL-12,ZERO_APPLICABLE_OPEN_GAPS_AND_SAME_SHA_EVIDENCE,
J030,J030-SL-14,14,Events/outbox/inbox/jobs/DLQ,governance/operational_journey_protocol_package/smsm-dsh-wlt-journeys/02-partner-store-catalog-marketing/J030.md,TASK-0016,BLOCKED_BY_FOUNDATION,J030-SL-13,ZERO_APPLICABLE_OPEN_GAPS_AND_SAME_SHA_EVIDENCE,
J030,J030-SL-15,15,Media/providers/cache/search,governance/operational_journey_protocol_package/smsm-dsh-wlt-journeys/02-partner-store-catalog-marketing/J030.md,TASK-0016,BLOCKED_BY_FOUNDATION,J030-SL-14,ZERO_APPLICABLE_OPEN_GAPS_AND_SAME_SHA_EVIDENCE,
J030,J030-SL-16,16,DSH↔WLT financial boundary,governance/operational_journey_protocol_package/smsm-dsh-wlt-journeys/02-partner-store-catalog-marketing/J030.md,TASK-0016,BLOCKED_BY_FOUNDATION,J030-SL-15,ZERO_APPLICABLE_OPEN_GAPS_AND_SAME_SHA_EVIDENCE,
J030,J030-SL-17,17,Concurrency/idempotency/unknown result,governance/operational_journey_protocol_package/smsm-dsh-wlt-journeys/02-partner-store-catalog-marketing/J030.md,TASK-0016,BLOCKED_BY_FOUNDATION,J030-SL-16,ZERO_APPLICABLE_OPEN_GAPS_AND_SAME_SHA_EVIDENCE,
J030,J030-SL-18,18,Offline/retry/recovery,governance/operational_journey_protocol_package/smsm-dsh-wlt-journeys/02-partner-store-catalog-marketing/J030.md,TASK-0016,BLOCKED_BY_FOUNDATION,J030-SL-17,ZERO_APPLICABLE_OPEN_GAPS_AND_SAME_SHA_EVIDENCE,
J030,J030-SL-19,19,Cross-surface readback,governance/operational_journey_protocol_package/smsm-dsh-wlt-journeys/02-partner-store-catalog-marketing/J030.md,TASK-0016,BLOCKED_BY_FOUNDATION,J030-SL-18,ZERO_APPLICABLE_OPEN_GAPS_AND_SAME_SHA_EVIDENCE,
J030,J030-SL-20,20,Security/privacy/negative tests,governance/operational_journey_protocol_package/smsm-dsh-wlt-journeys/02-partner-store-catalog-marketing/J030.md,TASK-0016,BLOCKED_BY_FOUNDATION,J030-SL-19,ZERO_APPLICABLE_OPEN_GAPS_AND_SAME_SHA_EVIDENCE,
J030,J030-SL-21,21,Audit/observability/performance,governance/operational_journey_protocol_package/smsm-dsh-wlt-journeys/02-partner-store-catalog-marketing/J030.md,TASK-0016,BLOCKED_BY_FOUNDATION,J030-SL-20,ZERO_APPLICABLE_OPEN_GAPS_AND_SAME_SHA_EVIDENCE,
J030,J030-SL-22,22,Accessibility/RTL/localization,governance/operational_journey_protocol_package/smsm-dsh-wlt-journeys/02-partner-store-catalog-marketing/J030.md,TASK-0016,BLOCKED_BY_FOUNDATION,J030-SL-21,ZERO_APPLICABLE_OPEN_GAPS_AND_SAME_SHA_EVIDENCE,
J030,J030-SL-23,23,Manual operational acceptance,governance/operational_journey_protocol_package/smsm-dsh-wlt-journeys/02-partner-store-catalog-marketing/J030.md,TASK-0016,BLOCKED_BY_FOUNDATION,J030-SL-22,ZERO_APPLICABLE_OPEN_GAPS_AND_SAME_SHA_EVIDENCE,
J030,J030-SL-24,24,Cleanup/same-SHA evidence/closure,governance/operational_journey_protocol_package/smsm-dsh-wlt-journeys/02-partner-store-catalog-marketing/J030.md,TASK-0016,BLOCKED_BY_FOUNDATION,J030-SL-23,ZERO_APPLICABLE_OPEN_GAPS_AND_SAME_SHA_EVIDENCE,
J031,J031-SL-01,1,Product Truth والنتيجة والثوابت,governance/operational_journey_protocol_package/smsm-dsh-wlt-journeys/02-partner-store-catalog-marketing/J031.md,TASK-0016,BLOCKED_BY_FOUNDATION,FOUNDATION-00,ZERO_APPLICABLE_OPEN_GAPS_AND_SAME_SHA_EVIDENCE,
J031,J031-SL-02,2,Actors وهويات الخدمات,governance/operational_journey_protocol_package/smsm-dsh-wlt-journeys/02-partner-store-catalog-marketing/J031.md,TASK-0016,BLOCKED_BY_FOUNDATION,J031-SL-01,ZERO_APPLICABLE_OPEN_GAPS_AND_SAME_SHA_EVIDENCE,
J031,J031-SL-03,3,التبعيات وشروط الدخول والخروج,governance/operational_journey_protocol_package/smsm-dsh-wlt-journeys/02-partner-store-catalog-marketing/J031.md,TASK-0016,BLOCKED_BY_FOUNDATION,J031-SL-02,ZERO_APPLICABLE_OPEN_GAPS_AND_SAME_SHA_EVIDENCE,
J031,J031-SL-04,4,Identity/session/device,governance/operational_journey_protocol_package/smsm-dsh-wlt-journeys/02-partner-store-catalog-marketing/J031.md,TASK-0016,BLOCKED_BY_FOUNDATION,J031-SL-03,ZERO_APPLICABLE_OPEN_GAPS_AND_SAME_SHA_EVIDENCE,
J031,J031-SL-05,5,Permission/trusted scope/object authorization,governance/operational_journey_protocol_package/smsm-dsh-wlt-journeys/02-partner-store-catalog-marketing/J031.md,TASK-0016,BLOCKED_BY_FOUNDATION,J031-SL-04,ZERO_APPLICABLE_OPEN_GAPS_AND_SAME_SHA_EVIDENCE,
J031,J031-SL-06,6,Entrypoints/routes/deep links/navigation,governance/operational_journey_protocol_package/smsm-dsh-wlt-journeys/02-partner-store-catalog-marketing/J031.md,TASK-0016,BLOCKED_BY_FOUNDATION,J031-SL-05,ZERO_APPLICABLE_OPEN_GAPS_AND_SAME_SHA_EVIDENCE,
J031,J031-SL-07,7,Screens/pages/tabs/buttons/icons/forms,governance/operational_journey_protocol_package/smsm-dsh-wlt-journeys/02-partner-store-catalog-marketing/J031.md,TASK-0016,BLOCKED_BY_FOUNDATION,J031-SL-06,ZERO_APPLICABLE_OPEN_GAPS_AND_SAME_SHA_EVIDENCE,
J031,J031-SL-08,8,Shared brain/view model/visible states,governance/operational_journey_protocol_package/smsm-dsh-wlt-journeys/02-partner-store-catalog-marketing/J031.md,TASK-0016,BLOCKED_BY_FOUNDATION,J031-SL-07,ZERO_APPLICABLE_OPEN_GAPS_AND_SAME_SHA_EVIDENCE,
J031,J031-SL-09,9,OpenAPI/error/security/idempotency,governance/operational_journey_protocol_package/smsm-dsh-wlt-journeys/02-partner-store-catalog-marketing/J031.md,TASK-0016,BLOCKED_BY_FOUNDATION,J031-SL-08,ZERO_APPLICABLE_OPEN_GAPS_AND_SAME_SHA_EVIDENCE,
J031,J031-SL-10,10,Generated clients/transports,governance/operational_journey_protocol_package/smsm-dsh-wlt-journeys/02-partner-store-catalog-marketing/J031.md,TASK-0016,BLOCKED_BY_FOUNDATION,J031-SL-09,ZERO_APPLICABLE_OPEN_GAPS_AND_SAME_SHA_EVIDENCE,
J031,J031-SL-11,11,Backend handler/domain/repository,governance/operational_journey_protocol_package/smsm-dsh-wlt-journeys/02-partner-store-catalog-marketing/J031.md,TASK-0016,BLOCKED_BY_FOUNDATION,J031-SL-10,ZERO_APPLICABLE_OPEN_GAPS_AND_SAME_SHA_EVIDENCE,
J031,J031-SL-12,12,State machine/allowed actions,governance/operational_journey_protocol_package/smsm-dsh-wlt-journeys/02-partner-store-catalog-marketing/J031.md,TASK-0016,BLOCKED_BY_FOUNDATION,J031-SL-11,ZERO_APPLICABLE_OPEN_GAPS_AND_SAME_SHA_EVIDENCE,
J031,J031-SL-13,13,Database/migrations/constraints/indexes,governance/operational_journey_protocol_package/smsm-dsh-wlt-journeys/02-partner-store-catalog-marketing/J031.md,TASK-0016,BLOCKED_BY_FOUNDATION,J031-SL-12,ZERO_APPLICABLE_OPEN_GAPS_AND_SAME_SHA_EVIDENCE,
J031,J031-SL-14,14,Events/outbox/inbox/jobs/DLQ,governance/operational_journey_protocol_package/smsm-dsh-wlt-journeys/02-partner-store-catalog-marketing/J031.md,TASK-0016,BLOCKED_BY_FOUNDATION,J031-SL-13,ZERO_APPLICABLE_OPEN_GAPS_AND_SAME_SHA_EVIDENCE,
J031,J031-SL-15,15,Media/providers/cache/search,governance/operational_journey_protocol_package/smsm-dsh-wlt-journeys/02-partner-store-catalog-marketing/J031.md,TASK-0016,BLOCKED_BY_FOUNDATION,J031-SL-14,ZERO_APPLICABLE_OPEN_GAPS_AND_SAME_SHA_EVIDENCE,
J031,J031-SL-16,16,DSH↔WLT financial boundary,governance/operational_journey_protocol_package/smsm-dsh-wlt-journeys/02-partner-store-catalog-marketing/J031.md,TASK-0016,BLOCKED_BY_FOUNDATION,J031-SL-15,ZERO_APPLICABLE_OPEN_GAPS_AND_SAME_SHA_EVIDENCE,
J031,J031-SL-17,17,Concurrency/idempotency/unknown result,governance/operational_journey_protocol_package/smsm-dsh-wlt-journeys/02-partner-store-catalog-marketing/J031.md,TASK-0016,BLOCKED_BY_FOUNDATION,J031-SL-16,ZERO_APPLICABLE_OPEN_GAPS_AND_SAME_SHA_EVIDENCE,
J031,J031-SL-18,18,Offline/retry/recovery,governance/operational_journey_protocol_package/smsm-dsh-wlt-journeys/02-partner-store-catalog-marketing/J031.md,TASK-0016,BLOCKED_BY_FOUNDATION,J031-SL-17,ZERO_APPLICABLE_OPEN_GAPS_AND_SAME_SHA_EVIDENCE,
J031,J031-SL-19,19,Cross-surface readback,governance/operational_journey_protocol_package/smsm-dsh-wlt-journeys/02-partner-store-catalog-marketing/J031.md,TASK-0016,BLOCKED_BY_FOUNDATION,J031-SL-18,ZERO_APPLICABLE_OPEN_GAPS_AND_SAME_SHA_EVIDENCE,
J031,J031-SL-20,20,Security/privacy/negative tests,governance/operational_journey_protocol_package/smsm-dsh-wlt-journeys/02-partner-store-catalog-marketing/J031.md,TASK-0016,BLOCKED_BY_FOUNDATION,J031-SL-19,ZERO_APPLICABLE_OPEN_GAPS_AND_SAME_SHA_EVIDENCE,
J031,J031-SL-21,21,Audit/observability/performance,governance/operational_journey_protocol_package/smsm-dsh-wlt-journeys/02-partner-store-catalog-marketing/J031.md,TASK-0016,BLOCKED_BY_FOUNDATION,J031-SL-20,ZERO_APPLICABLE_OPEN_GAPS_AND_SAME_SHA_EVIDENCE,
J031,J031-SL-22,22,Accessibility/RTL/localization,governance/operational_journey_protocol_package/smsm-dsh-wlt-journeys/02-partner-store-catalog-marketing/J031.md,TASK-0016,BLOCKED_BY_FOUNDATION,J031-SL-21,ZERO_APPLICABLE_OPEN_GAPS_AND_SAME_SHA_EVIDENCE,
J031,J031-SL-23,23,Manual operational acceptance,governance/operational_journey_protocol_package/smsm-dsh-wlt-journeys/02-partner-store-catalog-marketing/J031.md,TASK-0016,BLOCKED_BY_FOUNDATION,J031-SL-22,ZERO_APPLICABLE_OPEN_GAPS_AND_SAME_SHA_EVIDENCE,
J031,J031-SL-24,24,Cleanup/same-SHA evidence/closure,governance/operational_journey_protocol_package/smsm-dsh-wlt-journeys/02-partner-store-catalog-marketing/J031.md,TASK-0016,BLOCKED_BY_FOUNDATION,J031-SL-23,ZERO_APPLICABLE_OPEN_GAPS_AND_SAME_SHA_EVIDENCE,
J032,J032-SL-01,1,Product Truth والنتيجة والثوابت,governance/operational_journey_protocol_package/smsm-dsh-wlt-journeys/02-partner-store-catalog-marketing/J032.md,TASK-0016,BLOCKED_BY_FOUNDATION,FOUNDATION-00,ZERO_APPLICABLE_OPEN_GAPS_AND_SAME_SHA_EVIDENCE,
J032,J032-SL-02,2,Actors وهويات الخدمات,governance/operational_journey_protocol_package/smsm-dsh-wlt-journeys/02-partner-store-catalog-marketing/J032.md,TASK-0016,BLOCKED_BY_FOUNDATION,J032-SL-01,ZERO_APPLICABLE_OPEN_GAPS_AND_SAME_SHA_EVIDENCE,
J032,J032-SL-03,3,التبعيات وشروط الدخول والخروج,governance/operational_journey_protocol_package/smsm-dsh-wlt-journeys/02-partner-store-catalog-marketing/J032.md,TASK-0016,BLOCKED_BY_FOUNDATION,J032-SL-02,ZERO_APPLICABLE_OPEN_GAPS_AND_SAME_SHA_EVIDENCE,
J032,J032-SL-04,4,Identity/session/device,governance/operational_journey_protocol_package/smsm-dsh-wlt-journeys/02-partner-store-catalog-marketing/J032.md,TASK-0016,BLOCKED_BY_FOUNDATION,J032-SL-03,ZERO_APPLICABLE_OPEN_GAPS_AND_SAME_SHA_EVIDENCE,
J032,J032-SL-05,5,Permission/trusted scope/object authorization,governance/operational_journey_protocol_package/smsm-dsh-wlt-journeys/02-partner-store-catalog-marketing/J032.md,TASK-0016,BLOCKED_BY_FOUNDATION,J032-SL-04,ZERO_APPLICABLE_OPEN_GAPS_AND_SAME_SHA_EVIDENCE,
J032,J032-SL-06,6,Entrypoints/routes/deep links/navigation,governance/operational_journey_protocol_package/smsm-dsh-wlt-journeys/02-partner-store-catalog-marketing/J032.md,TASK-0016,BLOCKED_BY_FOUNDATION,J032-SL-05,ZERO_APPLICABLE_OPEN_GAPS_AND_SAME_SHA_EVIDENCE,
J032,J032-SL-07,7,Screens/pages/tabs/buttons/icons/forms,governance/operational_journey_protocol_package/smsm-dsh-wlt-journeys/02-partner-store-catalog-marketing/J032.md,TASK-0016,BLOCKED_BY_FOUNDATION,J032-SL-06,ZERO_APPLICABLE_OPEN_GAPS_AND_SAME_SHA_EVIDENCE,
J032,J032-SL-08,8,Shared brain/view model/visible states,governance/operational_journey_protocol_package/smsm-dsh-wlt-journeys/02-partner-store-catalog-marketing/J032.md,TASK-0016,BLOCKED_BY_FOUNDATION,J032-SL-07,ZERO_APPLICABLE_OPEN_GAPS_AND_SAME_SHA_EVIDENCE,
J032,J032-SL-09,9,OpenAPI/error/security/idempotency,governance/operational_journey_protocol_package/smsm-dsh-wlt-journeys/02-partner-store-catalog-marketing/J032.md,TASK-0016,BLOCKED_BY_FOUNDATION,J032-SL-08,ZERO_APPLICABLE_OPEN_GAPS_AND_SAME_SHA_EVIDENCE,
J032,J032-SL-10,10,Generated clients/transports,governance/operational_journey_protocol_package/smsm-dsh-wlt-journeys/02-partner-store-catalog-marketing/J032.md,TASK-0016,BLOCKED_BY_FOUNDATION,J032-SL-09,ZERO_APPLICABLE_OPEN_GAPS_AND_SAME_SHA_EVIDENCE,
J032,J032-SL-11,11,Backend handler/domain/repository,governance/operational_journey_protocol_package/smsm-dsh-wlt-journeys/02-partner-store-catalog-marketing/J032.md,TASK-0016,BLOCKED_BY_FOUNDATION,J032-SL-10,ZERO_APPLICABLE_OPEN_GAPS_AND_SAME_SHA_EVIDENCE,
J032,J032-SL-12,12,State machine/allowed actions,governance/operational_journey_protocol_package/smsm-dsh-wlt-journeys/02-partner-store-catalog-marketing/J032.md,TASK-0016,BLOCKED_BY_FOUNDATION,J032-SL-11,ZERO_APPLICABLE_OPEN_GAPS_AND_SAME_SHA_EVIDENCE,
J032,J032-SL-13,13,Database/migrations/constraints/indexes,governance/operational_journey_protocol_package/smsm-dsh-wlt-journeys/02-partner-store-catalog-marketing/J032.md,TASK-0016,BLOCKED_BY_FOUNDATION,J032-SL-12,ZERO_APPLICABLE_OPEN_GAPS_AND_SAME_SHA_EVIDENCE,
J032,J032-SL-14,14,Events/outbox/inbox/jobs/DLQ,governance/operational_journey_protocol_package/smsm-dsh-wlt-journeys/02-partner-store-catalog-marketing/J032.md,TASK-0016,BLOCKED_BY_FOUNDATION,J032-SL-13,ZERO_APPLICABLE_OPEN_GAPS_AND_SAME_SHA_EVIDENCE,
J032,J032-SL-15,15,Media/providers/cache/search,governance/operational_journey_protocol_package/smsm-dsh-wlt-journeys/02-partner-store-catalog-marketing/J032.md,TASK-0016,BLOCKED_BY_FOUNDATION,J032-SL-14,ZERO_APPLICABLE_OPEN_GAPS_AND_SAME_SHA_EVIDENCE,
J032,J032-SL-16,16,DSH↔WLT financial boundary,governance/operational_journey_protocol_package/smsm-dsh-wlt-journeys/02-partner-store-catalog-marketing/J032.md,TASK-0016,BLOCKED_BY_FOUNDATION,J032-SL-15,ZERO_APPLICABLE_OPEN_GAPS_AND_SAME_SHA_EVIDENCE,
J032,J032-SL-17,17,Concurrency/idempotency/unknown result,governance/operational_journey_protocol_package/smsm-dsh-wlt-journeys/02-partner-store-catalog-marketing/J032.md,TASK-0016,BLOCKED_BY_FOUNDATION,J032-SL-16,ZERO_APPLICABLE_OPEN_GAPS_AND_SAME_SHA_EVIDENCE,
J032,J032-SL-18,18,Offline/retry/recovery,governance/operational_journey_protocol_package/smsm-dsh-wlt-journeys/02-partner-store-catalog-marketing/J032.md,TASK-0016,BLOCKED_BY_FOUNDATION,J032-SL-17,ZERO_APPLICABLE_OPEN_GAPS_AND_SAME_SHA_EVIDENCE,
J032,J032-SL-19,19,Cross-surface readback,governance/operational_journey_protocol_package/smsm-dsh-wlt-journeys/02-partner-store-catalog-marketing/J032.md,TASK-0016,BLOCKED_BY_FOUNDATION,J032-SL-18,ZERO_APPLICABLE_OPEN_GAPS_AND_SAME_SHA_EVIDENCE,
J032,J032-SL-20,20,Security/privacy/negative tests,governance/operational_journey_protocol_package/smsm-dsh-wlt-journeys/02-partner-store-catalog-marketing/J032.md,TASK-0016,BLOCKED_BY_FOUNDATION,J032-SL-19,ZERO_APPLICABLE_OPEN_GAPS_AND_SAME_SHA_EVIDENCE,
J032,J032-SL-21,21,Audit/observability/performance,governance/operational_journey_protocol_package/smsm-dsh-wlt-journeys/02-partner-store-catalog-marketing/J032.md,TASK-0016,BLOCKED_BY_FOUNDATION,J032-SL-20,ZERO_APPLICABLE_OPEN_GAPS_AND_SAME_SHA_EVIDENCE,
J032,J032-SL-22,22,Accessibility/RTL/localization,governance/operational_journey_protocol_package/smsm-dsh-wlt-journeys/02-partner-store-catalog-marketing/J032.md,TASK-0016,BLOCKED_BY_FOUNDATION,J032-SL-21,ZERO_APPLICABLE_OPEN_GAPS_AND_SAME_SHA_EVIDENCE,
J032,J032-SL-23,23,Manual operational acceptance,governance/operational_journey_protocol_package/smsm-dsh-wlt-journeys/02-partner-store-catalog-marketing/J032.md,TASK-0016,BLOCKED_BY_FOUNDATION,J032-SL-22,ZERO_APPLICABLE_OPEN_GAPS_AND_SAME_SHA_EVIDENCE,
J032,J032-SL-24,24,Cleanup/same-SHA evidence/closure,governance/operational_journey_protocol_package/smsm-dsh-wlt-journeys/02-partner-store-catalog-marketing/J032.md,TASK-0016,BLOCKED_BY_FOUNDATION,J032-SL-23,ZERO_APPLICABLE_OPEN_GAPS_AND_SAME_SHA_EVIDENCE,
J033,J033-SL-01,1,Product Truth والنتيجة والثوابت,governance/operational_journey_protocol_package/smsm-dsh-wlt-journeys/02-partner-store-catalog-marketing/J033.md,TASK-0016,BLOCKED_BY_FOUNDATION,FOUNDATION-00,ZERO_APPLICABLE_OPEN_GAPS_AND_SAME_SHA_EVIDENCE,
J033,J033-SL-02,2,Actors وهويات الخدمات,governance/operational_journey_protocol_package/smsm-dsh-wlt-journeys/02-partner-store-catalog-marketing/J033.md,TASK-0016,BLOCKED_BY_FOUNDATION,J033-SL-01,ZERO_APPLICABLE_OPEN_GAPS_AND_SAME_SHA_EVIDENCE,
J033,J033-SL-03,3,التبعيات وشروط الدخول والخروج,governance/operational_journey_protocol_package/smsm-dsh-wlt-journeys/02-partner-store-catalog-marketing/J033.md,TASK-0016,BLOCKED_BY_FOUNDATION,J033-SL-02,ZERO_APPLICABLE_OPEN_GAPS_AND_SAME_SHA_EVIDENCE,
J033,J033-SL-04,4,Identity/session/device,governance/operational_journey_protocol_package/smsm-dsh-wlt-journeys/02-partner-store-catalog-marketing/J033.md,TASK-0016,BLOCKED_BY_FOUNDATION,J033-SL-03,ZERO_APPLICABLE_OPEN_GAPS_AND_SAME_SHA_EVIDENCE,
J033,J033-SL-05,5,Permission/trusted scope/object authorization,governance/operational_journey_protocol_package/smsm-dsh-wlt-journeys/02-partner-store-catalog-marketing/J033.md,TASK-0016,BLOCKED_BY_FOUNDATION,J033-SL-04,ZERO_APPLICABLE_OPEN_GAPS_AND_SAME_SHA_EVIDENCE,
J033,J033-SL-06,6,Entrypoints/routes/deep links/navigation,governance/operational_journey_protocol_package/smsm-dsh-wlt-journeys/02-partner-store-catalog-marketing/J033.md,TASK-0016,BLOCKED_BY_FOUNDATION,J033-SL-05,ZERO_APPLICABLE_OPEN_GAPS_AND_SAME_SHA_EVIDENCE,
J033,J033-SL-07,7,Screens/pages/tabs/buttons/icons/forms,governance/operational_journey_protocol_package/smsm-dsh-wlt-journeys/02-partner-store-catalog-marketing/J033.md,TASK-0016,BLOCKED_BY_FOUNDATION,J033-SL-06,ZERO_APPLICABLE_OPEN_GAPS_AND_SAME_SHA_EVIDENCE,
J033,J033-SL-08,8,Shared brain/view model/visible states,governance/operational_journey_protocol_package/smsm-dsh-wlt-journeys/02-partner-store-catalog-marketing/J033.md,TASK-0016,BLOCKED_BY_FOUNDATION,J033-SL-07,ZERO_APPLICABLE_OPEN_GAPS_AND_SAME_SHA_EVIDENCE,
J033,J033-SL-09,9,OpenAPI/error/security/idempotency,governance/operational_journey_protocol_package/smsm-dsh-wlt-journeys/02-partner-store-catalog-marketing/J033.md,TASK-0016,BLOCKED_BY_FOUNDATION,J033-SL-08,ZERO_APPLICABLE_OPEN_GAPS_AND_SAME_SHA_EVIDENCE,
J033,J033-SL-10,10,Generated clients/transports,governance/operational_journey_protocol_package/smsm-dsh-wlt-journeys/02-partner-store-catalog-marketing/J033.md,TASK-0016,BLOCKED_BY_FOUNDATION,J033-SL-09,ZERO_APPLICABLE_OPEN_GAPS_AND_SAME_SHA_EVIDENCE,
J033,J033-SL-11,11,Backend handler/domain/repository,governance/operational_journey_protocol_package/smsm-dsh-wlt-journeys/02-partner-store-catalog-marketing/J033.md,TASK-0016,BLOCKED_BY_FOUNDATION,J033-SL-10,ZERO_APPLICABLE_OPEN_GAPS_AND_SAME_SHA_EVIDENCE,
J033,J033-SL-12,12,State machine/allowed actions,governance/operational_journey_protocol_package/smsm-dsh-wlt-journeys/02-partner-store-catalog-marketing/J033.md,TASK-0016,BLOCKED_BY_FOUNDATION,J033-SL-11,ZERO_APPLICABLE_OPEN_GAPS_AND_SAME_SHA_EVIDENCE,
J033,J033-SL-13,13,Database/migrations/constraints/indexes,governance/operational_journey_protocol_package/smsm-dsh-wlt-journeys/02-partner-store-catalog-marketing/J033.md,TASK-0016,BLOCKED_BY_FOUNDATION,J033-SL-12,ZERO_APPLICABLE_OPEN_GAPS_AND_SAME_SHA_EVIDENCE,
J033,J033-SL-14,14,Events/outbox/inbox/jobs/DLQ,governance/operational_journey_protocol_package/smsm-dsh-wlt-journeys/02-partner-store-catalog-marketing/J033.md,TASK-0016,BLOCKED_BY_FOUNDATION,J033-SL-13,ZERO_APPLICABLE_OPEN_GAPS_AND_SAME_SHA_EVIDENCE,
J033,J033-SL-15,15,Media/providers/cache/search,governance/operational_journey_protocol_package/smsm-dsh-wlt-journeys/02-partner-store-catalog-marketing/J033.md,TASK-0016,BLOCKED_BY_FOUNDATION,J033-SL-14,ZERO_APPLICABLE_OPEN_GAPS_AND_SAME_SHA_EVIDENCE,
J033,J033-SL-16,16,DSH↔WLT financial boundary,governance/operational_journey_protocol_package/smsm-dsh-wlt-journeys/02-partner-store-catalog-marketing/J033.md,TASK-0016,BLOCKED_BY_FOUNDATION,J033-SL-15,ZERO_APPLICABLE_OPEN_GAPS_AND_SAME_SHA_EVIDENCE,
J033,J033-SL-17,17,Concurrency/idempotency/unknown result,governance/operational_journey_protocol_package/smsm-dsh-wlt-journeys/02-partner-store-catalog-marketing/J033.md,TASK-0016,BLOCKED_BY_FOUNDATION,J033-SL-16,ZERO_APPLICABLE_OPEN_GAPS_AND_SAME_SHA_EVIDENCE,
J033,J033-SL-18,18,Offline/retry/recovery,governance/operational_journey_protocol_package/smsm-dsh-wlt-journeys/02-partner-store-catalog-marketing/J033.md,TASK-0016,BLOCKED_BY_FOUNDATION,J033-SL-17,ZERO_APPLICABLE_OPEN_GAPS_AND_SAME_SHA_EVIDENCE,
J033,J033-SL-19,19,Cross-surface readback,governance/operational_journey_protocol_package/smsm-dsh-wlt-journeys/02-partner-store-catalog-marketing/J033.md,TASK-0016,BLOCKED_BY_FOUNDATION,J033-SL-18,ZERO_APPLICABLE_OPEN_GAPS_AND_SAME_SHA_EVIDENCE,
J033,J033-SL-20,20,Security/privacy/negative tests,governance/operational_journey_protocol_package/smsm-dsh-wlt-journeys/02-partner-store-catalog-marketing/J033.md,TASK-0016,BLOCKED_BY_FOUNDATION,J033-SL-19,ZERO_APPLICABLE_OPEN_GAPS_AND_SAME_SHA_EVIDENCE,
J033,J033-SL-21,21,Audit/observability/performance,governance/operational_journey_protocol_package/smsm-dsh-wlt-journeys/02-partner-store-catalog-marketing/J033.md,TASK-0016,BLOCKED_BY_FOUNDATION,J033-SL-20,ZERO_APPLICABLE_OPEN_GAPS_AND_SAME_SHA_EVIDENCE,
J033,J033-SL-22,22,Accessibility/RTL/localization,governance/operational_journey_protocol_package/smsm-dsh-wlt-journeys/02-partner-store-catalog-marketing/J033.md,TASK-0016,BLOCKED_BY_FOUNDATION,J033-SL-21,ZERO_APPLICABLE_OPEN_GAPS_AND_SAME_SHA_EVIDENCE,
J033,J033-SL-23,23,Manual operational acceptance,governance/operational_journey_protocol_package/smsm-dsh-wlt-journeys/02-partner-store-catalog-marketing/J033.md,TASK-0016,BLOCKED_BY_FOUNDATION,J033-SL-22,ZERO_APPLICABLE_OPEN_GAPS_AND_SAME_SHA_EVIDENCE,
J033,J033-SL-24,24,Cleanup/same-SHA evidence/closure,governance/operational_journey_protocol_package/smsm-dsh-wlt-journeys/02-partner-store-catalog-marketing/J033.md,TASK-0016,BLOCKED_BY_FOUNDATION,J033-SL-23,ZERO_APPLICABLE_OPEN_GAPS_AND_SAME_SHA_EVIDENCE,
J034,J034-SL-01,1,Product Truth والنتيجة والثوابت,governance/operational_journey_protocol_package/smsm-dsh-wlt-journeys/02-partner-store-catalog-marketing/J034.md,TASK-0016,BLOCKED_BY_FOUNDATION,FOUNDATION-00,ZERO_APPLICABLE_OPEN_GAPS_AND_SAME_SHA_EVIDENCE,
J034,J034-SL-02,2,Actors وهويات الخدمات,governance/operational_journey_protocol_package/smsm-dsh-wlt-journeys/02-partner-store-catalog-marketing/J034.md,TASK-0016,BLOCKED_BY_FOUNDATION,J034-SL-01,ZERO_APPLICABLE_OPEN_GAPS_AND_SAME_SHA_EVIDENCE,
J034,J034-SL-03,3,التبعيات وشروط الدخول والخروج,governance/operational_journey_protocol_package/smsm-dsh-wlt-journeys/02-partner-store-catalog-marketing/J034.md,TASK-0016,BLOCKED_BY_FOUNDATION,J034-SL-02,ZERO_APPLICABLE_OPEN_GAPS_AND_SAME_SHA_EVIDENCE,
J034,J034-SL-04,4,Identity/session/device,governance/operational_journey_protocol_package/smsm-dsh-wlt-journeys/02-partner-store-catalog-marketing/J034.md,TASK-0016,BLOCKED_BY_FOUNDATION,J034-SL-03,ZERO_APPLICABLE_OPEN_GAPS_AND_SAME_SHA_EVIDENCE,
J034,J034-SL-05,5,Permission/trusted scope/object authorization,governance/operational_journey_protocol_package/smsm-dsh-wlt-journeys/02-partner-store-catalog-marketing/J034.md,TASK-0016,BLOCKED_BY_FOUNDATION,J034-SL-04,ZERO_APPLICABLE_OPEN_GAPS_AND_SAME_SHA_EVIDENCE,
J034,J034-SL-06,6,Entrypoints/routes/deep links/navigation,governance/operational_journey_protocol_package/smsm-dsh-wlt-journeys/02-partner-store-catalog-marketing/J034.md,TASK-0016,BLOCKED_BY_FOUNDATION,J034-SL-05,ZERO_APPLICABLE_OPEN_GAPS_AND_SAME_SHA_EVIDENCE,
J034,J034-SL-07,7,Screens/pages/tabs/buttons/icons/forms,governance/operational_journey_protocol_package/smsm-dsh-wlt-journeys/02-partner-store-catalog-marketing/J034.md,TASK-0016,BLOCKED_BY_FOUNDATION,J034-SL-06,ZERO_APPLICABLE_OPEN_GAPS_AND_SAME_SHA_EVIDENCE,
J034,J034-SL-08,8,Shared brain/view model/visible states,governance/operational_journey_protocol_package/smsm-dsh-wlt-journeys/02-partner-store-catalog-marketing/J034.md,TASK-0016,BLOCKED_BY_FOUNDATION,J034-SL-07,ZERO_APPLICABLE_OPEN_GAPS_AND_SAME_SHA_EVIDENCE,
J034,J034-SL-09,9,OpenAPI/error/security/idempotency,governance/operational_journey_protocol_package/smsm-dsh-wlt-journeys/02-partner-store-catalog-marketing/J034.md,TASK-0016,BLOCKED_BY_FOUNDATION,J034-SL-08,ZERO_APPLICABLE_OPEN_GAPS_AND_SAME_SHA_EVIDENCE,
J034,J034-SL-10,10,Generated clients/transports,governance/operational_journey_protocol_package/smsm-dsh-wlt-journeys/02-partner-store-catalog-marketing/J034.md,TASK-0016,BLOCKED_BY_FOUNDATION,J034-SL-09,ZERO_APPLICABLE_OPEN_GAPS_AND_SAME_SHA_EVIDENCE,
J034,J034-SL-11,11,Backend handler/domain/repository,governance/operational_journey_protocol_package/smsm-dsh-wlt-journeys/02-partner-store-catalog-marketing/J034.md,TASK-0016,BLOCKED_BY_FOUNDATION,J034-SL-10,ZERO_APPLICABLE_OPEN_GAPS_AND_SAME_SHA_EVIDENCE,
J034,J034-SL-12,12,State machine/allowed actions,governance/operational_journey_protocol_package/smsm-dsh-wlt-journeys/02-partner-store-catalog-marketing/J034.md,TASK-0016,BLOCKED_BY_FOUNDATION,J034-SL-11,ZERO_APPLICABLE_OPEN_GAPS_AND_SAME_SHA_EVIDENCE,
J034,J034-SL-13,13,Database/migrations/constraints/indexes,governance/operational_journey_protocol_package/smsm-dsh-wlt-journeys/02-partner-store-catalog-marketing/J034.md,TASK-0016,BLOCKED_BY_FOUNDATION,J034-SL-12,ZERO_APPLICABLE_OPEN_GAPS_AND_SAME_SHA_EVIDENCE,
J034,J034-SL-14,14,Events/outbox/inbox/jobs/DLQ,governance/operational_journey_protocol_package/smsm-dsh-wlt-journeys/02-partner-store-catalog-marketing/J034.md,TASK-0016,BLOCKED_BY_FOUNDATION,J034-SL-13,ZERO_APPLICABLE_OPEN_GAPS_AND_SAME_SHA_EVIDENCE,
J034,J034-SL-15,15,Media/providers/cache/search,governance/operational_journey_protocol_package/smsm-dsh-wlt-journeys/02-partner-store-catalog-marketing/J034.md,TASK-0016,BLOCKED_BY_FOUNDATION,J034-SL-14,ZERO_APPLICABLE_OPEN_GAPS_AND_SAME_SHA_EVIDENCE,
J034,J034-SL-16,16,DSH↔WLT financial boundary,governance/operational_journey_protocol_package/smsm-dsh-wlt-journeys/02-partner-store-catalog-marketing/J034.md,TASK-0016,BLOCKED_BY_FOUNDATION,J034-SL-15,ZERO_APPLICABLE_OPEN_GAPS_AND_SAME_SHA_EVIDENCE,
J034,J034-SL-17,17,Concurrency/idempotency/unknown result,governance/operational_journey_protocol_package/smsm-dsh-wlt-journeys/02-partner-store-catalog-marketing/J034.md,TASK-0016,BLOCKED_BY_FOUNDATION,J034-SL-16,ZERO_APPLICABLE_OPEN_GAPS_AND_SAME_SHA_EVIDENCE,
J034,J034-SL-18,18,Offline/retry/recovery,governance/operational_journey_protocol_package/smsm-dsh-wlt-journeys/02-partner-store-catalog-marketing/J034.md,TASK-0016,BLOCKED_BY_FOUNDATION,J034-SL-17,ZERO_APPLICABLE_OPEN_GAPS_AND_SAME_SHA_EVIDENCE,
J034,J034-SL-19,19,Cross-surface readback,governance/operational_journey_protocol_package/smsm-dsh-wlt-journeys/02-partner-store-catalog-marketing/J034.md,TASK-0016,BLOCKED_BY_FOUNDATION,J034-SL-18,ZERO_APPLICABLE_OPEN_GAPS_AND_SAME_SHA_EVIDENCE,
J034,J034-SL-20,20,Security/privacy/negative tests,governance/operational_journey_protocol_package/smsm-dsh-wlt-journeys/02-partner-store-catalog-marketing/J034.md,TASK-0016,BLOCKED_BY_FOUNDATION,J034-SL-19,ZERO_APPLICABLE_OPEN_GAPS_AND_SAME_SHA_EVIDENCE,
J034,J034-SL-21,21,Audit/observability/performance,governance/operational_journey_protocol_package/smsm-dsh-wlt-journeys/02-partner-store-catalog-marketing/J034.md,TASK-0016,BLOCKED_BY_FOUNDATION,J034-SL-20,ZERO_APPLICABLE_OPEN_GAPS_AND_SAME_SHA_EVIDENCE,
J034,J034-SL-22,22,Accessibility/RTL/localization,governance/operational_journey_protocol_package/smsm-dsh-wlt-journeys/02-partner-store-catalog-marketing/J034.md,TASK-0016,BLOCKED_BY_FOUNDATION,J034-SL-21,ZERO_APPLICABLE_OPEN_GAPS_AND_SAME_SHA_EVIDENCE,
J034,J034-SL-23,23,Manual operational acceptance,governance/operational_journey_protocol_package/smsm-dsh-wlt-journeys/02-partner-store-catalog-marketing/J034.md,TASK-0016,BLOCKED_BY_FOUNDATION,J034-SL-22,ZERO_APPLICABLE_OPEN_GAPS_AND_SAME_SHA_EVIDENCE,
J034,J034-SL-24,24,Cleanup/same-SHA evidence/closure,governance/operational_journey_protocol_package/smsm-dsh-wlt-journeys/02-partner-store-catalog-marketing/J034.md,TASK-0016,BLOCKED_BY_FOUNDATION,J034-SL-23,ZERO_APPLICABLE_OPEN_GAPS_AND_SAME_SHA_EVIDENCE,
J035,J035-SL-01,1,Product Truth والنتيجة والثوابت,governance/operational_journey_protocol_package/smsm-dsh-wlt-journeys/02-partner-store-catalog-marketing/J035.md,TASK-0016,BLOCKED_BY_FOUNDATION,FOUNDATION-00,ZERO_APPLICABLE_OPEN_GAPS_AND_SAME_SHA_EVIDENCE,
J035,J035-SL-02,2,Actors وهويات الخدمات,governance/operational_journey_protocol_package/smsm-dsh-wlt-journeys/02-partner-store-catalog-marketing/J035.md,TASK-0016,BLOCKED_BY_FOUNDATION,J035-SL-01,ZERO_APPLICABLE_OPEN_GAPS_AND_SAME_SHA_EVIDENCE,
J035,J035-SL-03,3,التبعيات وشروط الدخول والخروج,governance/operational_journey_protocol_package/smsm-dsh-wlt-journeys/02-partner-store-catalog-marketing/J035.md,TASK-0016,BLOCKED_BY_FOUNDATION,J035-SL-02,ZERO_APPLICABLE_OPEN_GAPS_AND_SAME_SHA_EVIDENCE,
J035,J035-SL-04,4,Identity/session/device,governance/operational_journey_protocol_package/smsm-dsh-wlt-journeys/02-partner-store-catalog-marketing/J035.md,TASK-0016,BLOCKED_BY_FOUNDATION,J035-SL-03,ZERO_APPLICABLE_OPEN_GAPS_AND_SAME_SHA_EVIDENCE,
J035,J035-SL-05,5,Permission/trusted scope/object authorization,governance/operational_journey_protocol_package/smsm-dsh-wlt-journeys/02-partner-store-catalog-marketing/J035.md,TASK-0016,BLOCKED_BY_FOUNDATION,J035-SL-04,ZERO_APPLICABLE_OPEN_GAPS_AND_SAME_SHA_EVIDENCE,
J035,J035-SL-06,6,Entrypoints/routes/deep links/navigation,governance/operational_journey_protocol_package/smsm-dsh-wlt-journeys/02-partner-store-catalog-marketing/J035.md,TASK-0016,BLOCKED_BY_FOUNDATION,J035-SL-05,ZERO_APPLICABLE_OPEN_GAPS_AND_SAME_SHA_EVIDENCE,
J035,J035-SL-07,7,Screens/pages/tabs/buttons/icons/forms,governance/operational_journey_protocol_package/smsm-dsh-wlt-journeys/02-partner-store-catalog-marketing/J035.md,TASK-0016,BLOCKED_BY_FOUNDATION,J035-SL-06,ZERO_APPLICABLE_OPEN_GAPS_AND_SAME_SHA_EVIDENCE,
J035,J035-SL-08,8,Shared brain/view model/visible states,governance/operational_journey_protocol_package/smsm-dsh-wlt-journeys/02-partner-store-catalog-marketing/J035.md,TASK-0016,BLOCKED_BY_FOUNDATION,J035-SL-07,ZERO_APPLICABLE_OPEN_GAPS_AND_SAME_SHA_EVIDENCE,
J035,J035-SL-09,9,OpenAPI/error/security/idempotency,governance/operational_journey_protocol_package/smsm-dsh-wlt-journeys/02-partner-store-catalog-marketing/J035.md,TASK-0016,BLOCKED_BY_FOUNDATION,J035-SL-08,ZERO_APPLICABLE_OPEN_GAPS_AND_SAME_SHA_EVIDENCE,
J035,J035-SL-10,10,Generated clients/transports,governance/operational_journey_protocol_package/smsm-dsh-wlt-journeys/02-partner-store-catalog-marketing/J035.md,TASK-0016,BLOCKED_BY_FOUNDATION,J035-SL-09,ZERO_APPLICABLE_OPEN_GAPS_AND_SAME_SHA_EVIDENCE,
J035,J035-SL-11,11,Backend handler/domain/repository,governance/operational_journey_protocol_package/smsm-dsh-wlt-journeys/02-partner-store-catalog-marketing/J035.md,TASK-0016,BLOCKED_BY_FOUNDATION,J035-SL-10,ZERO_APPLICABLE_OPEN_GAPS_AND_SAME_SHA_EVIDENCE,
J035,J035-SL-12,12,State machine/allowed actions,governance/operational_journey_protocol_package/smsm-dsh-wlt-journeys/02-partner-store-catalog-marketing/J035.md,TASK-0016,BLOCKED_BY_FOUNDATION,J035-SL-11,ZERO_APPLICABLE_OPEN_GAPS_AND_SAME_SHA_EVIDENCE,
J035,J035-SL-13,13,Database/migrations/constraints/indexes,governance/operational_journey_protocol_package/smsm-dsh-wlt-journeys/02-partner-store-catalog-marketing/J035.md,TASK-0016,BLOCKED_BY_FOUNDATION,J035-SL-12,ZERO_APPLICABLE_OPEN_GAPS_AND_SAME_SHA_EVIDENCE,
J035,J035-SL-14,14,Events/outbox/inbox/jobs/DLQ,governance/operational_journey_protocol_package/smsm-dsh-wlt-journeys/02-partner-store-catalog-marketing/J035.md,TASK-0016,BLOCKED_BY_FOUNDATION,J035-SL-13,ZERO_APPLICABLE_OPEN_GAPS_AND_SAME_SHA_EVIDENCE,
J035,J035-SL-15,15,Media/providers/cache/search,governance/operational_journey_protocol_package/smsm-dsh-wlt-journeys/02-partner-store-catalog-marketing/J035.md,TASK-0016,BLOCKED_BY_FOUNDATION,J035-SL-14,ZERO_APPLICABLE_OPEN_GAPS_AND_SAME_SHA_EVIDENCE,
J035,J035-SL-16,16,DSH↔WLT financial boundary,governance/operational_journey_protocol_package/smsm-dsh-wlt-journeys/02-partner-store-catalog-marketing/J035.md,TASK-0016,BLOCKED_BY_FOUNDATION,J035-SL-15,ZERO_APPLICABLE_OPEN_GAPS_AND_SAME_SHA_EVIDENCE,
J035,J035-SL-17,17,Concurrency/idempotency/unknown result,governance/operational_journey_protocol_package/smsm-dsh-wlt-journeys/02-partner-store-catalog-marketing/J035.md,TASK-0016,BLOCKED_BY_FOUNDATION,J035-SL-16,ZERO_APPLICABLE_OPEN_GAPS_AND_SAME_SHA_EVIDENCE,
J035,J035-SL-18,18,Offline/retry/recovery,governance/operational_journey_protocol_package/smsm-dsh-wlt-journeys/02-partner-store-catalog-marketing/J035.md,TASK-0016,BLOCKED_BY_FOUNDATION,J035-SL-17,ZERO_APPLICABLE_OPEN_GAPS_AND_SAME_SHA_EVIDENCE,
J035,J035-SL-19,19,Cross-surface readback,governance/operational_journey_protocol_package/smsm-dsh-wlt-journeys/02-partner-store-catalog-marketing/J035.md,TASK-0016,BLOCKED_BY_FOUNDATION,J035-SL-18,ZERO_APPLICABLE_OPEN_GAPS_AND_SAME_SHA_EVIDENCE,
J035,J035-SL-20,20,Security/privacy/negative tests,governance/operational_journey_protocol_package/smsm-dsh-wlt-journeys/02-partner-store-catalog-marketing/J035.md,TASK-0016,BLOCKED_BY_FOUNDATION,J035-SL-19,ZERO_APPLICABLE_OPEN_GAPS_AND_SAME_SHA_EVIDENCE,
J035,J035-SL-21,21,Audit/observability/performance,governance/operational_journey_protocol_package/smsm-dsh-wlt-journeys/02-partner-store-catalog-marketing/J035.md,TASK-0016,BLOCKED_BY_FOUNDATION,J035-SL-20,ZERO_APPLICABLE_OPEN_GAPS_AND_SAME_SHA_EVIDENCE,
J035,J035-SL-22,22,Accessibility/RTL/localization,governance/operational_journey_protocol_package/smsm-dsh-wlt-journeys/02-partner-store-catalog-marketing/J035.md,TASK-0016,BLOCKED_BY_FOUNDATION,J035-SL-21,ZERO_APPLICABLE_OPEN_GAPS_AND_SAME_SHA_EVIDENCE,
J035,J035-SL-23,23,Manual operational acceptance,governance/operational_journey_protocol_package/smsm-dsh-wlt-journeys/02-partner-store-catalog-marketing/J035.md,TASK-0016,BLOCKED_BY_FOUNDATION,J035-SL-22,ZERO_APPLICABLE_OPEN_GAPS_AND_SAME_SHA_EVIDENCE,
J035,J035-SL-24,24,Cleanup/same-SHA evidence/closure,governance/operational_journey_protocol_package/smsm-dsh-wlt-journeys/02-partner-store-catalog-marketing/J035.md,TASK-0016,BLOCKED_BY_FOUNDATION,J035-SL-23,ZERO_APPLICABLE_OPEN_GAPS_AND_SAME_SHA_EVIDENCE,
J036,J036-SL-01,1,Product Truth والنتيجة والثوابت,governance/operational_journey_protocol_package/smsm-dsh-wlt-journeys/02-partner-store-catalog-marketing/J036.md,TASK-0016,BLOCKED_BY_FOUNDATION,FOUNDATION-00,ZERO_APPLICABLE_OPEN_GAPS_AND_SAME_SHA_EVIDENCE,
J036,J036-SL-02,2,Actors وهويات الخدمات,governance/operational_journey_protocol_package/smsm-dsh-wlt-journeys/02-partner-store-catalog-marketing/J036.md,TASK-0016,BLOCKED_BY_FOUNDATION,J036-SL-01,ZERO_APPLICABLE_OPEN_GAPS_AND_SAME_SHA_EVIDENCE,
J036,J036-SL-03,3,التبعيات وشروط الدخول والخروج,governance/operational_journey_protocol_package/smsm-dsh-wlt-journeys/02-partner-store-catalog-marketing/J036.md,TASK-0016,BLOCKED_BY_FOUNDATION,J036-SL-02,ZERO_APPLICABLE_OPEN_GAPS_AND_SAME_SHA_EVIDENCE,
J036,J036-SL-04,4,Identity/session/device,governance/operational_journey_protocol_package/smsm-dsh-wlt-journeys/02-partner-store-catalog-marketing/J036.md,TASK-0016,BLOCKED_BY_FOUNDATION,J036-SL-03,ZERO_APPLICABLE_OPEN_GAPS_AND_SAME_SHA_EVIDENCE,
J036,J036-SL-05,5,Permission/trusted scope/object authorization,governance/operational_journey_protocol_package/smsm-dsh-wlt-journeys/02-partner-store-catalog-marketing/J036.md,TASK-0016,BLOCKED_BY_FOUNDATION,J036-SL-04,ZERO_APPLICABLE_OPEN_GAPS_AND_SAME_SHA_EVIDENCE,
J036,J036-SL-06,6,Entrypoints/routes/deep links/navigation,governance/operational_journey_protocol_package/smsm-dsh-wlt-journeys/02-partner-store-catalog-marketing/J036.md,TASK-0016,BLOCKED_BY_FOUNDATION,J036-SL-05,ZERO_APPLICABLE_OPEN_GAPS_AND_SAME_SHA_EVIDENCE,
J036,J036-SL-07,7,Screens/pages/tabs/buttons/icons/forms,governance/operational_journey_protocol_package/smsm-dsh-wlt-journeys/02-partner-store-catalog-marketing/J036.md,TASK-0016,BLOCKED_BY_FOUNDATION,J036-SL-06,ZERO_APPLICABLE_OPEN_GAPS_AND_SAME_SHA_EVIDENCE,
J036,J036-SL-08,8,Shared brain/view model/visible states,governance/operational_journey_protocol_package/smsm-dsh-wlt-journeys/02-partner-store-catalog-marketing/J036.md,TASK-0016,BLOCKED_BY_FOUNDATION,J036-SL-07,ZERO_APPLICABLE_OPEN_GAPS_AND_SAME_SHA_EVIDENCE,
J036,J036-SL-09,9,OpenAPI/error/security/idempotency,governance/operational_journey_protocol_package/smsm-dsh-wlt-journeys/02-partner-store-catalog-marketing/J036.md,TASK-0016,BLOCKED_BY_FOUNDATION,J036-SL-08,ZERO_APPLICABLE_OPEN_GAPS_AND_SAME_SHA_EVIDENCE,
J036,J036-SL-10,10,Generated clients/transports,governance/operational_journey_protocol_package/smsm-dsh-wlt-journeys/02-partner-store-catalog-marketing/J036.md,TASK-0016,BLOCKED_BY_FOUNDATION,J036-SL-09,ZERO_APPLICABLE_OPEN_GAPS_AND_SAME_SHA_EVIDENCE,
J036,J036-SL-11,11,Backend handler/domain/repository,governance/operational_journey_protocol_package/smsm-dsh-wlt-journeys/02-partner-store-catalog-marketing/J036.md,TASK-0016,BLOCKED_BY_FOUNDATION,J036-SL-10,ZERO_APPLICABLE_OPEN_GAPS_AND_SAME_SHA_EVIDENCE,
J036,J036-SL-12,12,State machine/allowed actions,governance/operational_journey_protocol_package/smsm-dsh-wlt-journeys/02-partner-store-catalog-marketing/J036.md,TASK-0016,BLOCKED_BY_FOUNDATION,J036-SL-11,ZERO_APPLICABLE_OPEN_GAPS_AND_SAME_SHA_EVIDENCE,
J036,J036-SL-13,13,Database/migrations/constraints/indexes,governance/operational_journey_protocol_package/smsm-dsh-wlt-journeys/02-partner-store-catalog-marketing/J036.md,TASK-0016,BLOCKED_BY_FOUNDATION,J036-SL-12,ZERO_APPLICABLE_OPEN_GAPS_AND_SAME_SHA_EVIDENCE,
J036,J036-SL-14,14,Events/outbox/inbox/jobs/DLQ,governance/operational_journey_protocol_package/smsm-dsh-wlt-journeys/02-partner-store-catalog-marketing/J036.md,TASK-0016,BLOCKED_BY_FOUNDATION,J036-SL-13,ZERO_APPLICABLE_OPEN_GAPS_AND_SAME_SHA_EVIDENCE,
J036,J036-SL-15,15,Media/providers/cache/search,governance/operational_journey_protocol_package/smsm-dsh-wlt-journeys/02-partner-store-catalog-marketing/J036.md,TASK-0016,BLOCKED_BY_FOUNDATION,J036-SL-14,ZERO_APPLICABLE_OPEN_GAPS_AND_SAME_SHA_EVIDENCE,
J036,J036-SL-16,16,DSH↔WLT financial boundary,governance/operational_journey_protocol_package/smsm-dsh-wlt-journeys/02-partner-store-catalog-marketing/J036.md,TASK-0016,BLOCKED_BY_FOUNDATION,J036-SL-15,ZERO_APPLICABLE_OPEN_GAPS_AND_SAME_SHA_EVIDENCE,
J036,J036-SL-17,17,Concurrency/idempotency/unknown result,governance/operational_journey_protocol_package/smsm-dsh-wlt-journeys/02-partner-store-catalog-marketing/J036.md,TASK-0016,BLOCKED_BY_FOUNDATION,J036-SL-16,ZERO_APPLICABLE_OPEN_GAPS_AND_SAME_SHA_EVIDENCE,
J036,J036-SL-18,18,Offline/retry/recovery,governance/operational_journey_protocol_package/smsm-dsh-wlt-journeys/02-partner-store-catalog-marketing/J036.md,TASK-0016,BLOCKED_BY_FOUNDATION,J036-SL-17,ZERO_APPLICABLE_OPEN_GAPS_AND_SAME_SHA_EVIDENCE,
J036,J036-SL-19,19,Cross-surface readback,governance/operational_journey_protocol_package/smsm-dsh-wlt-journeys/02-partner-store-catalog-marketing/J036.md,TASK-0016,BLOCKED_BY_FOUNDATION,J036-SL-18,ZERO_APPLICABLE_OPEN_GAPS_AND_SAME_SHA_EVIDENCE,
J036,J036-SL-20,20,Security/privacy/negative tests,governance/operational_journey_protocol_package/smsm-dsh-wlt-journeys/02-partner-store-catalog-marketing/J036.md,TASK-0016,BLOCKED_BY_FOUNDATION,J036-SL-19,ZERO_APPLICABLE_OPEN_GAPS_AND_SAME_SHA_EVIDENCE,
J036,J036-SL-21,21,Audit/observability/performance,governance/operational_journey_protocol_package/smsm-dsh-wlt-journeys/02-partner-store-catalog-marketing/J036.md,TASK-0016,BLOCKED_BY_FOUNDATION,J036-SL-20,ZERO_APPLICABLE_OPEN_GAPS_AND_SAME_SHA_EVIDENCE,
J036,J036-SL-22,22,Accessibility/RTL/localization,governance/operational_journey_protocol_package/smsm-dsh-wlt-journeys/02-partner-store-catalog-marketing/J036.md,TASK-0016,BLOCKED_BY_FOUNDATION,J036-SL-21,ZERO_APPLICABLE_OPEN_GAPS_AND_SAME_SHA_EVIDENCE,
J036,J036-SL-23,23,Manual operational acceptance,governance/operational_journey_protocol_package/smsm-dsh-wlt-journeys/02-partner-store-catalog-marketing/J036.md,TASK-0016,BLOCKED_BY_FOUNDATION,J036-SL-22,ZERO_APPLICABLE_OPEN_GAPS_AND_SAME_SHA_EVIDENCE,
J036,J036-SL-24,24,Cleanup/same-SHA evidence/closure,governance/operational_journey_protocol_package/smsm-dsh-wlt-journeys/02-partner-store-catalog-marketing/J036.md,TASK-0016,BLOCKED_BY_FOUNDATION,J036-SL-23,ZERO_APPLICABLE_OPEN_GAPS_AND_SAME_SHA_EVIDENCE,
J037,J037-SL-01,1,Product Truth والنتيجة والثوابت,governance/operational_journey_protocol_package/smsm-dsh-wlt-journeys/02-partner-store-catalog-marketing/J037.md,TASK-0016,BLOCKED_BY_FOUNDATION,FOUNDATION-00,ZERO_APPLICABLE_OPEN_GAPS_AND_SAME_SHA_EVIDENCE,
J037,J037-SL-02,2,Actors وهويات الخدمات,governance/operational_journey_protocol_package/smsm-dsh-wlt-journeys/02-partner-store-catalog-marketing/J037.md,TASK-0016,BLOCKED_BY_FOUNDATION,J037-SL-01,ZERO_APPLICABLE_OPEN_GAPS_AND_SAME_SHA_EVIDENCE,
J037,J037-SL-03,3,التبعيات وشروط الدخول والخروج,governance/operational_journey_protocol_package/smsm-dsh-wlt-journeys/02-partner-store-catalog-marketing/J037.md,TASK-0016,BLOCKED_BY_FOUNDATION,J037-SL-02,ZERO_APPLICABLE_OPEN_GAPS_AND_SAME_SHA_EVIDENCE,
J037,J037-SL-04,4,Identity/session/device,governance/operational_journey_protocol_package/smsm-dsh-wlt-journeys/02-partner-store-catalog-marketing/J037.md,TASK-0016,BLOCKED_BY_FOUNDATION,J037-SL-03,ZERO_APPLICABLE_OPEN_GAPS_AND_SAME_SHA_EVIDENCE,
J037,J037-SL-05,5,Permission/trusted scope/object authorization,governance/operational_journey_protocol_package/smsm-dsh-wlt-journeys/02-partner-store-catalog-marketing/J037.md,TASK-0016,BLOCKED_BY_FOUNDATION,J037-SL-04,ZERO_APPLICABLE_OPEN_GAPS_AND_SAME_SHA_EVIDENCE,
J037,J037-SL-06,6,Entrypoints/routes/deep links/navigation,governance/operational_journey_protocol_package/smsm-dsh-wlt-journeys/02-partner-store-catalog-marketing/J037.md,TASK-0016,BLOCKED_BY_FOUNDATION,J037-SL-05,ZERO_APPLICABLE_OPEN_GAPS_AND_SAME_SHA_EVIDENCE,
J037,J037-SL-07,7,Screens/pages/tabs/buttons/icons/forms,governance/operational_journey_protocol_package/smsm-dsh-wlt-journeys/02-partner-store-catalog-marketing/J037.md,TASK-0016,BLOCKED_BY_FOUNDATION,J037-SL-06,ZERO_APPLICABLE_OPEN_GAPS_AND_SAME_SHA_EVIDENCE,
J037,J037-SL-08,8,Shared brain/view model/visible states,governance/operational_journey_protocol_package/smsm-dsh-wlt-journeys/02-partner-store-catalog-marketing/J037.md,TASK-0016,BLOCKED_BY_FOUNDATION,J037-SL-07,ZERO_APPLICABLE_OPEN_GAPS_AND_SAME_SHA_EVIDENCE,
J037,J037-SL-09,9,OpenAPI/error/security/idempotency,governance/operational_journey_protocol_package/smsm-dsh-wlt-journeys/02-partner-store-catalog-marketing/J037.md,TASK-0016,BLOCKED_BY_FOUNDATION,J037-SL-08,ZERO_APPLICABLE_OPEN_GAPS_AND_SAME_SHA_EVIDENCE,
J037,J037-SL-10,10,Generated clients/transports,governance/operational_journey_protocol_package/smsm-dsh-wlt-journeys/02-partner-store-catalog-marketing/J037.md,TASK-0016,BLOCKED_BY_FOUNDATION,J037-SL-09,ZERO_APPLICABLE_OPEN_GAPS_AND_SAME_SHA_EVIDENCE,
J037,J037-SL-11,11,Backend handler/domain/repository,governance/operational_journey_protocol_package/smsm-dsh-wlt-journeys/02-partner-store-catalog-marketing/J037.md,TASK-0016,BLOCKED_BY_FOUNDATION,J037-SL-10,ZERO_APPLICABLE_OPEN_GAPS_AND_SAME_SHA_EVIDENCE,
J037,J037-SL-12,12,State machine/allowed actions,governance/operational_journey_protocol_package/smsm-dsh-wlt-journeys/02-partner-store-catalog-marketing/J037.md,TASK-0016,BLOCKED_BY_FOUNDATION,J037-SL-11,ZERO_APPLICABLE_OPEN_GAPS_AND_SAME_SHA_EVIDENCE,
J037,J037-SL-13,13,Database/migrations/constraints/indexes,governance/operational_journey_protocol_package/smsm-dsh-wlt-journeys/02-partner-store-catalog-marketing/J037.md,TASK-0016,BLOCKED_BY_FOUNDATION,J037-SL-12,ZERO_APPLICABLE_OPEN_GAPS_AND_SAME_SHA_EVIDENCE,
J037,J037-SL-14,14,Events/outbox/inbox/jobs/DLQ,governance/operational_journey_protocol_package/smsm-dsh-wlt-journeys/02-partner-store-catalog-marketing/J037.md,TASK-0016,BLOCKED_BY_FOUNDATION,J037-SL-13,ZERO_APPLICABLE_OPEN_GAPS_AND_SAME_SHA_EVIDENCE,
J037,J037-SL-15,15,Media/providers/cache/search,governance/operational_journey_protocol_package/smsm-dsh-wlt-journeys/02-partner-store-catalog-marketing/J037.md,TASK-0016,BLOCKED_BY_FOUNDATION,J037-SL-14,ZERO_APPLICABLE_OPEN_GAPS_AND_SAME_SHA_EVIDENCE,
J037,J037-SL-16,16,DSH↔WLT financial boundary,governance/operational_journey_protocol_package/smsm-dsh-wlt-journeys/02-partner-store-catalog-marketing/J037.md,TASK-0016,BLOCKED_BY_FOUNDATION,J037-SL-15,ZERO_APPLICABLE_OPEN_GAPS_AND_SAME_SHA_EVIDENCE,
J037,J037-SL-17,17,Concurrency/idempotency/unknown result,governance/operational_journey_protocol_package/smsm-dsh-wlt-journeys/02-partner-store-catalog-marketing/J037.md,TASK-0016,BLOCKED_BY_FOUNDATION,J037-SL-16,ZERO_APPLICABLE_OPEN_GAPS_AND_SAME_SHA_EVIDENCE,
J037,J037-SL-18,18,Offline/retry/recovery,governance/operational_journey_protocol_package/smsm-dsh-wlt-journeys/02-partner-store-catalog-marketing/J037.md,TASK-0016,BLOCKED_BY_FOUNDATION,J037-SL-17,ZERO_APPLICABLE_OPEN_GAPS_AND_SAME_SHA_EVIDENCE,
J037,J037-SL-19,19,Cross-surface readback,governance/operational_journey_protocol_package/smsm-dsh-wlt-journeys/02-partner-store-catalog-marketing/J037.md,TASK-0016,BLOCKED_BY_FOUNDATION,J037-SL-18,ZERO_APPLICABLE_OPEN_GAPS_AND_SAME_SHA_EVIDENCE,
J037,J037-SL-20,20,Security/privacy/negative tests,governance/operational_journey_protocol_package/smsm-dsh-wlt-journeys/02-partner-store-catalog-marketing/J037.md,TASK-0016,BLOCKED_BY_FOUNDATION,J037-SL-19,ZERO_APPLICABLE_OPEN_GAPS_AND_SAME_SHA_EVIDENCE,
J037,J037-SL-21,21,Audit/observability/performance,governance/operational_journey_protocol_package/smsm-dsh-wlt-journeys/02-partner-store-catalog-marketing/J037.md,TASK-0016,BLOCKED_BY_FOUNDATION,J037-SL-20,ZERO_APPLICABLE_OPEN_GAPS_AND_SAME_SHA_EVIDENCE,
J037,J037-SL-22,22,Accessibility/RTL/localization,governance/operational_journey_protocol_package/smsm-dsh-wlt-journeys/02-partner-store-catalog-marketing/J037.md,TASK-0016,BLOCKED_BY_FOUNDATION,J037-SL-21,ZERO_APPLICABLE_OPEN_GAPS_AND_SAME_SHA_EVIDENCE,
J037,J037-SL-23,23,Manual operational acceptance,governance/operational_journey_protocol_package/smsm-dsh-wlt-journeys/02-partner-store-catalog-marketing/J037.md,TASK-0016,BLOCKED_BY_FOUNDATION,J037-SL-22,ZERO_APPLICABLE_OPEN_GAPS_AND_SAME_SHA_EVIDENCE,
J037,J037-SL-24,24,Cleanup/same-SHA evidence/closure,governance/operational_journey_protocol_package/smsm-dsh-wlt-journeys/02-partner-store-catalog-marketing/J037.md,TASK-0016,BLOCKED_BY_FOUNDATION,J037-SL-23,ZERO_APPLICABLE_OPEN_GAPS_AND_SAME_SHA_EVIDENCE,
J038,J038-SL-01,1,Product Truth والنتيجة والثوابت,governance/operational_journey_protocol_package/smsm-dsh-wlt-journeys/02-partner-store-catalog-marketing/J038.md,TASK-0016,BLOCKED_BY_FOUNDATION,FOUNDATION-00,ZERO_APPLICABLE_OPEN_GAPS_AND_SAME_SHA_EVIDENCE,
J038,J038-SL-02,2,Actors وهويات الخدمات,governance/operational_journey_protocol_package/smsm-dsh-wlt-journeys/02-partner-store-catalog-marketing/J038.md,TASK-0016,BLOCKED_BY_FOUNDATION,J038-SL-01,ZERO_APPLICABLE_OPEN_GAPS_AND_SAME_SHA_EVIDENCE,
J038,J038-SL-03,3,التبعيات وشروط الدخول والخروج,governance/operational_journey_protocol_package/smsm-dsh-wlt-journeys/02-partner-store-catalog-marketing/J038.md,TASK-0016,BLOCKED_BY_FOUNDATION,J038-SL-02,ZERO_APPLICABLE_OPEN_GAPS_AND_SAME_SHA_EVIDENCE,
J038,J038-SL-04,4,Identity/session/device,governance/operational_journey_protocol_package/smsm-dsh-wlt-journeys/02-partner-store-catalog-marketing/J038.md,TASK-0016,BLOCKED_BY_FOUNDATION,J038-SL-03,ZERO_APPLICABLE_OPEN_GAPS_AND_SAME_SHA_EVIDENCE,
J038,J038-SL-05,5,Permission/trusted scope/object authorization,governance/operational_journey_protocol_package/smsm-dsh-wlt-journeys/02-partner-store-catalog-marketing/J038.md,TASK-0016,BLOCKED_BY_FOUNDATION,J038-SL-04,ZERO_APPLICABLE_OPEN_GAPS_AND_SAME_SHA_EVIDENCE,
J038,J038-SL-06,6,Entrypoints/routes/deep links/navigation,governance/operational_journey_protocol_package/smsm-dsh-wlt-journeys/02-partner-store-catalog-marketing/J038.md,TASK-0016,BLOCKED_BY_FOUNDATION,J038-SL-05,ZERO_APPLICABLE_OPEN_GAPS_AND_SAME_SHA_EVIDENCE,
J038,J038-SL-07,7,Screens/pages/tabs/buttons/icons/forms,governance/operational_journey_protocol_package/smsm-dsh-wlt-journeys/02-partner-store-catalog-marketing/J038.md,TASK-0016,BLOCKED_BY_FOUNDATION,J038-SL-06,ZERO_APPLICABLE_OPEN_GAPS_AND_SAME_SHA_EVIDENCE,
J038,J038-SL-08,8,Shared brain/view model/visible states,governance/operational_journey_protocol_package/smsm-dsh-wlt-journeys/02-partner-store-catalog-marketing/J038.md,TASK-0016,BLOCKED_BY_FOUNDATION,J038-SL-07,ZERO_APPLICABLE_OPEN_GAPS_AND_SAME_SHA_EVIDENCE,
J038,J038-SL-09,9,OpenAPI/error/security/idempotency,governance/operational_journey_protocol_package/smsm-dsh-wlt-journeys/02-partner-store-catalog-marketing/J038.md,TASK-0016,BLOCKED_BY_FOUNDATION,J038-SL-08,ZERO_APPLICABLE_OPEN_GAPS_AND_SAME_SHA_EVIDENCE,
J038,J038-SL-10,10,Generated clients/transports,governance/operational_journey_protocol_package/smsm-dsh-wlt-journeys/02-partner-store-catalog-marketing/J038.md,TASK-0016,BLOCKED_BY_FOUNDATION,J038-SL-09,ZERO_APPLICABLE_OPEN_GAPS_AND_SAME_SHA_EVIDENCE,
J038,J038-SL-11,11,Backend handler/domain/repository,governance/operational_journey_protocol_package/smsm-dsh-wlt-journeys/02-partner-store-catalog-marketing/J038.md,TASK-0016,BLOCKED_BY_FOUNDATION,J038-SL-10,ZERO_APPLICABLE_OPEN_GAPS_AND_SAME_SHA_EVIDENCE,
J038,J038-SL-12,12,State machine/allowed actions,governance/operational_journey_protocol_package/smsm-dsh-wlt-journeys/02-partner-store-catalog-marketing/J038.md,TASK-0016,BLOCKED_BY_FOUNDATION,J038-SL-11,ZERO_APPLICABLE_OPEN_GAPS_AND_SAME_SHA_EVIDENCE,
J038,J038-SL-13,13,Database/migrations/constraints/indexes,governance/operational_journey_protocol_package/smsm-dsh-wlt-journeys/02-partner-store-catalog-marketing/J038.md,TASK-0016,BLOCKED_BY_FOUNDATION,J038-SL-12,ZERO_APPLICABLE_OPEN_GAPS_AND_SAME_SHA_EVIDENCE,
J038,J038-SL-14,14,Events/outbox/inbox/jobs/DLQ,governance/operational_journey_protocol_package/smsm-dsh-wlt-journeys/02-partner-store-catalog-marketing/J038.md,TASK-0016,BLOCKED_BY_FOUNDATION,J038-SL-13,ZERO_APPLICABLE_OPEN_GAPS_AND_SAME_SHA_EVIDENCE,
J038,J038-SL-15,15,Media/providers/cache/search,governance/operational_journey_protocol_package/smsm-dsh-wlt-journeys/02-partner-store-catalog-marketing/J038.md,TASK-0016,BLOCKED_BY_FOUNDATION,J038-SL-14,ZERO_APPLICABLE_OPEN_GAPS_AND_SAME_SHA_EVIDENCE,
J038,J038-SL-16,16,DSH↔WLT financial boundary,governance/operational_journey_protocol_package/smsm-dsh-wlt-journeys/02-partner-store-catalog-marketing/J038.md,TASK-0016,BLOCKED_BY_FOUNDATION,J038-SL-15,ZERO_APPLICABLE_OPEN_GAPS_AND_SAME_SHA_EVIDENCE,
J038,J038-SL-17,17,Concurrency/idempotency/unknown result,governance/operational_journey_protocol_package/smsm-dsh-wlt-journeys/02-partner-store-catalog-marketing/J038.md,TASK-0016,BLOCKED_BY_FOUNDATION,J038-SL-16,ZERO_APPLICABLE_OPEN_GAPS_AND_SAME_SHA_EVIDENCE,
J038,J038-SL-18,18,Offline/retry/recovery,governance/operational_journey_protocol_package/smsm-dsh-wlt-journeys/02-partner-store-catalog-marketing/J038.md,TASK-0016,BLOCKED_BY_FOUNDATION,J038-SL-17,ZERO_APPLICABLE_OPEN_GAPS_AND_SAME_SHA_EVIDENCE,
J038,J038-SL-19,19,Cross-surface readback,governance/operational_journey_protocol_package/smsm-dsh-wlt-journeys/02-partner-store-catalog-marketing/J038.md,TASK-0016,BLOCKED_BY_FOUNDATION,J038-SL-18,ZERO_APPLICABLE_OPEN_GAPS_AND_SAME_SHA_EVIDENCE,
J038,J038-SL-20,20,Security/privacy/negative tests,governance/operational_journey_protocol_package/smsm-dsh-wlt-journeys/02-partner-store-catalog-marketing/J038.md,TASK-0016,BLOCKED_BY_FOUNDATION,J038-SL-19,ZERO_APPLICABLE_OPEN_GAPS_AND_SAME_SHA_EVIDENCE,
J038,J038-SL-21,21,Audit/observability/performance,governance/operational_journey_protocol_package/smsm-dsh-wlt-journeys/02-partner-store-catalog-marketing/J038.md,TASK-0016,BLOCKED_BY_FOUNDATION,J038-SL-20,ZERO_APPLICABLE_OPEN_GAPS_AND_SAME_SHA_EVIDENCE,
J038,J038-SL-22,22,Accessibility/RTL/localization,governance/operational_journey_protocol_package/smsm-dsh-wlt-journeys/02-partner-store-catalog-marketing/J038.md,TASK-0016,BLOCKED_BY_FOUNDATION,J038-SL-21,ZERO_APPLICABLE_OPEN_GAPS_AND_SAME_SHA_EVIDENCE,
J038,J038-SL-23,23,Manual operational acceptance,governance/operational_journey_protocol_package/smsm-dsh-wlt-journeys/02-partner-store-catalog-marketing/J038.md,TASK-0016,BLOCKED_BY_FOUNDATION,J038-SL-22,ZERO_APPLICABLE_OPEN_GAPS_AND_SAME_SHA_EVIDENCE,
J038,J038-SL-24,24,Cleanup/same-SHA evidence/closure,governance/operational_journey_protocol_package/smsm-dsh-wlt-journeys/02-partner-store-catalog-marketing/J038.md,TASK-0016,BLOCKED_BY_FOUNDATION,J038-SL-23,ZERO_APPLICABLE_OPEN_GAPS_AND_SAME_SHA_EVIDENCE,
J039,J039-SL-01,1,Product Truth والنتيجة والثوابت,governance/operational_journey_protocol_package/smsm-dsh-wlt-journeys/02-partner-store-catalog-marketing/J039.md,TASK-0016,BLOCKED_BY_FOUNDATION,FOUNDATION-00,ZERO_APPLICABLE_OPEN_GAPS_AND_SAME_SHA_EVIDENCE,
J039,J039-SL-02,2,Actors وهويات الخدمات,governance/operational_journey_protocol_package/smsm-dsh-wlt-journeys/02-partner-store-catalog-marketing/J039.md,TASK-0016,BLOCKED_BY_FOUNDATION,J039-SL-01,ZERO_APPLICABLE_OPEN_GAPS_AND_SAME_SHA_EVIDENCE,
J039,J039-SL-03,3,التبعيات وشروط الدخول والخروج,governance/operational_journey_protocol_package/smsm-dsh-wlt-journeys/02-partner-store-catalog-marketing/J039.md,TASK-0016,BLOCKED_BY_FOUNDATION,J039-SL-02,ZERO_APPLICABLE_OPEN_GAPS_AND_SAME_SHA_EVIDENCE,
J039,J039-SL-04,4,Identity/session/device,governance/operational_journey_protocol_package/smsm-dsh-wlt-journeys/02-partner-store-catalog-marketing/J039.md,TASK-0016,BLOCKED_BY_FOUNDATION,J039-SL-03,ZERO_APPLICABLE_OPEN_GAPS_AND_SAME_SHA_EVIDENCE,
J039,J039-SL-05,5,Permission/trusted scope/object authorization,governance/operational_journey_protocol_package/smsm-dsh-wlt-journeys/02-partner-store-catalog-marketing/J039.md,TASK-0016,BLOCKED_BY_FOUNDATION,J039-SL-04,ZERO_APPLICABLE_OPEN_GAPS_AND_SAME_SHA_EVIDENCE,
J039,J039-SL-06,6,Entrypoints/routes/deep links/navigation,governance/operational_journey_protocol_package/smsm-dsh-wlt-journeys/02-partner-store-catalog-marketing/J039.md,TASK-0016,BLOCKED_BY_FOUNDATION,J039-SL-05,ZERO_APPLICABLE_OPEN_GAPS_AND_SAME_SHA_EVIDENCE,
J039,J039-SL-07,7,Screens/pages/tabs/buttons/icons/forms,governance/operational_journey_protocol_package/smsm-dsh-wlt-journeys/02-partner-store-catalog-marketing/J039.md,TASK-0016,BLOCKED_BY_FOUNDATION,J039-SL-06,ZERO_APPLICABLE_OPEN_GAPS_AND_SAME_SHA_EVIDENCE,
J039,J039-SL-08,8,Shared brain/view model/visible states,governance/operational_journey_protocol_package/smsm-dsh-wlt-journeys/02-partner-store-catalog-marketing/J039.md,TASK-0016,BLOCKED_BY_FOUNDATION,J039-SL-07,ZERO_APPLICABLE_OPEN_GAPS_AND_SAME_SHA_EVIDENCE,
J039,J039-SL-09,9,OpenAPI/error/security/idempotency,governance/operational_journey_protocol_package/smsm-dsh-wlt-journeys/02-partner-store-catalog-marketing/J039.md,TASK-0016,BLOCKED_BY_FOUNDATION,J039-SL-08,ZERO_APPLICABLE_OPEN_GAPS_AND_SAME_SHA_EVIDENCE,
J039,J039-SL-10,10,Generated clients/transports,governance/operational_journey_protocol_package/smsm-dsh-wlt-journeys/02-partner-store-catalog-marketing/J039.md,TASK-0016,BLOCKED_BY_FOUNDATION,J039-SL-09,ZERO_APPLICABLE_OPEN_GAPS_AND_SAME_SHA_EVIDENCE,
J039,J039-SL-11,11,Backend handler/domain/repository,governance/operational_journey_protocol_package/smsm-dsh-wlt-journeys/02-partner-store-catalog-marketing/J039.md,TASK-0016,BLOCKED_BY_FOUNDATION,J039-SL-10,ZERO_APPLICABLE_OPEN_GAPS_AND_SAME_SHA_EVIDENCE,
J039,J039-SL-12,12,State machine/allowed actions,governance/operational_journey_protocol_package/smsm-dsh-wlt-journeys/02-partner-store-catalog-marketing/J039.md,TASK-0016,BLOCKED_BY_FOUNDATION,J039-SL-11,ZERO_APPLICABLE_OPEN_GAPS_AND_SAME_SHA_EVIDENCE,
J039,J039-SL-13,13,Database/migrations/constraints/indexes,governance/operational_journey_protocol_package/smsm-dsh-wlt-journeys/02-partner-store-catalog-marketing/J039.md,TASK-0016,BLOCKED_BY_FOUNDATION,J039-SL-12,ZERO_APPLICABLE_OPEN_GAPS_AND_SAME_SHA_EVIDENCE,
J039,J039-SL-14,14,Events/outbox/inbox/jobs/DLQ,governance/operational_journey_protocol_package/smsm-dsh-wlt-journeys/02-partner-store-catalog-marketing/J039.md,TASK-0016,BLOCKED_BY_FOUNDATION,J039-SL-13,ZERO_APPLICABLE_OPEN_GAPS_AND_SAME_SHA_EVIDENCE,
J039,J039-SL-15,15,Media/providers/cache/search,governance/operational_journey_protocol_package/smsm-dsh-wlt-journeys/02-partner-store-catalog-marketing/J039.md,TASK-0016,BLOCKED_BY_FOUNDATION,J039-SL-14,ZERO_APPLICABLE_OPEN_GAPS_AND_SAME_SHA_EVIDENCE,
J039,J039-SL-16,16,DSH↔WLT financial boundary,governance/operational_journey_protocol_package/smsm-dsh-wlt-journeys/02-partner-store-catalog-marketing/J039.md,TASK-0016,BLOCKED_BY_FOUNDATION,J039-SL-15,ZERO_APPLICABLE_OPEN_GAPS_AND_SAME_SHA_EVIDENCE,
J039,J039-SL-17,17,Concurrency/idempotency/unknown result,governance/operational_journey_protocol_package/smsm-dsh-wlt-journeys/02-partner-store-catalog-marketing/J039.md,TASK-0016,BLOCKED_BY_FOUNDATION,J039-SL-16,ZERO_APPLICABLE_OPEN_GAPS_AND_SAME_SHA_EVIDENCE,
J039,J039-SL-18,18,Offline/retry/recovery,governance/operational_journey_protocol_package/smsm-dsh-wlt-journeys/02-partner-store-catalog-marketing/J039.md,TASK-0016,BLOCKED_BY_FOUNDATION,J039-SL-17,ZERO_APPLICABLE_OPEN_GAPS_AND_SAME_SHA_EVIDENCE,
J039,J039-SL-19,19,Cross-surface readback,governance/operational_journey_protocol_package/smsm-dsh-wlt-journeys/02-partner-store-catalog-marketing/J039.md,TASK-0016,BLOCKED_BY_FOUNDATION,J039-SL-18,ZERO_APPLICABLE_OPEN_GAPS_AND_SAME_SHA_EVIDENCE,
J039,J039-SL-20,20,Security/privacy/negative tests,governance/operational_journey_protocol_package/smsm-dsh-wlt-journeys/02-partner-store-catalog-marketing/J039.md,TASK-0016,BLOCKED_BY_FOUNDATION,J039-SL-19,ZERO_APPLICABLE_OPEN_GAPS_AND_SAME_SHA_EVIDENCE,
J039,J039-SL-21,21,Audit/observability/performance,governance/operational_journey_protocol_package/smsm-dsh-wlt-journeys/02-partner-store-catalog-marketing/J039.md,TASK-0016,BLOCKED_BY_FOUNDATION,J039-SL-20,ZERO_APPLICABLE_OPEN_GAPS_AND_SAME_SHA_EVIDENCE,
J039,J039-SL-22,22,Accessibility/RTL/localization,governance/operational_journey_protocol_package/smsm-dsh-wlt-journeys/02-partner-store-catalog-marketing/J039.md,TASK-0016,BLOCKED_BY_FOUNDATION,J039-SL-21,ZERO_APPLICABLE_OPEN_GAPS_AND_SAME_SHA_EVIDENCE,
J039,J039-SL-23,23,Manual operational acceptance,governance/operational_journey_protocol_package/smsm-dsh-wlt-journeys/02-partner-store-catalog-marketing/J039.md,TASK-0016,BLOCKED_BY_FOUNDATION,J039-SL-22,ZERO_APPLICABLE_OPEN_GAPS_AND_SAME_SHA_EVIDENCE,
J039,J039-SL-24,24,Cleanup/same-SHA evidence/closure,governance/operational_journey_protocol_package/smsm-dsh-wlt-journeys/02-partner-store-catalog-marketing/J039.md,TASK-0016,BLOCKED_BY_FOUNDATION,J039-SL-23,ZERO_APPLICABLE_OPEN_GAPS_AND_SAME_SHA_EVIDENCE,
J040,J040-SL-01,1,Product Truth والنتيجة والثوابت,governance/operational_journey_protocol_package/smsm-dsh-wlt-journeys/02-partner-store-catalog-marketing/J040.md,TASK-0016,BLOCKED_BY_FOUNDATION,FOUNDATION-00,ZERO_APPLICABLE_OPEN_GAPS_AND_SAME_SHA_EVIDENCE,
J040,J040-SL-02,2,Actors وهويات الخدمات,governance/operational_journey_protocol_package/smsm-dsh-wlt-journeys/02-partner-store-catalog-marketing/J040.md,TASK-0016,BLOCKED_BY_FOUNDATION,J040-SL-01,ZERO_APPLICABLE_OPEN_GAPS_AND_SAME_SHA_EVIDENCE,
J040,J040-SL-03,3,التبعيات وشروط الدخول والخروج,governance/operational_journey_protocol_package/smsm-dsh-wlt-journeys/02-partner-store-catalog-marketing/J040.md,TASK-0016,BLOCKED_BY_FOUNDATION,J040-SL-02,ZERO_APPLICABLE_OPEN_GAPS_AND_SAME_SHA_EVIDENCE,
J040,J040-SL-04,4,Identity/session/device,governance/operational_journey_protocol_package/smsm-dsh-wlt-journeys/02-partner-store-catalog-marketing/J040.md,TASK-0016,BLOCKED_BY_FOUNDATION,J040-SL-03,ZERO_APPLICABLE_OPEN_GAPS_AND_SAME_SHA_EVIDENCE,
J040,J040-SL-05,5,Permission/trusted scope/object authorization,governance/operational_journey_protocol_package/smsm-dsh-wlt-journeys/02-partner-store-catalog-marketing/J040.md,TASK-0016,BLOCKED_BY_FOUNDATION,J040-SL-04,ZERO_APPLICABLE_OPEN_GAPS_AND_SAME_SHA_EVIDENCE,
J040,J040-SL-06,6,Entrypoints/routes/deep links/navigation,governance/operational_journey_protocol_package/smsm-dsh-wlt-journeys/02-partner-store-catalog-marketing/J040.md,TASK-0016,BLOCKED_BY_FOUNDATION,J040-SL-05,ZERO_APPLICABLE_OPEN_GAPS_AND_SAME_SHA_EVIDENCE,
J040,J040-SL-07,7,Screens/pages/tabs/buttons/icons/forms,governance/operational_journey_protocol_package/smsm-dsh-wlt-journeys/02-partner-store-catalog-marketing/J040.md,TASK-0016,BLOCKED_BY_FOUNDATION,J040-SL-06,ZERO_APPLICABLE_OPEN_GAPS_AND_SAME_SHA_EVIDENCE,
J040,J040-SL-08,8,Shared brain/view model/visible states,governance/operational_journey_protocol_package/smsm-dsh-wlt-journeys/02-partner-store-catalog-marketing/J040.md,TASK-0016,BLOCKED_BY_FOUNDATION,J040-SL-07,ZERO_APPLICABLE_OPEN_GAPS_AND_SAME_SHA_EVIDENCE,
J040,J040-SL-09,9,OpenAPI/error/security/idempotency,governance/operational_journey_protocol_package/smsm-dsh-wlt-journeys/02-partner-store-catalog-marketing/J040.md,TASK-0016,BLOCKED_BY_FOUNDATION,J040-SL-08,ZERO_APPLICABLE_OPEN_GAPS_AND_SAME_SHA_EVIDENCE,
J040,J040-SL-10,10,Generated clients/transports,governance/operational_journey_protocol_package/smsm-dsh-wlt-journeys/02-partner-store-catalog-marketing/J040.md,TASK-0016,BLOCKED_BY_FOUNDATION,J040-SL-09,ZERO_APPLICABLE_OPEN_GAPS_AND_SAME_SHA_EVIDENCE,
J040,J040-SL-11,11,Backend handler/domain/repository,governance/operational_journey_protocol_package/smsm-dsh-wlt-journeys/02-partner-store-catalog-marketing/J040.md,TASK-0016,BLOCKED_BY_FOUNDATION,J040-SL-10,ZERO_APPLICABLE_OPEN_GAPS_AND_SAME_SHA_EVIDENCE,
J040,J040-SL-12,12,State machine/allowed actions,governance/operational_journey_protocol_package/smsm-dsh-wlt-journeys/02-partner-store-catalog-marketing/J040.md,TASK-0016,BLOCKED_BY_FOUNDATION,J040-SL-11,ZERO_APPLICABLE_OPEN_GAPS_AND_SAME_SHA_EVIDENCE,
J040,J040-SL-13,13,Database/migrations/constraints/indexes,governance/operational_journey_protocol_package/smsm-dsh-wlt-journeys/02-partner-store-catalog-marketing/J040.md,TASK-0016,BLOCKED_BY_FOUNDATION,J040-SL-12,ZERO_APPLICABLE_OPEN_GAPS_AND_SAME_SHA_EVIDENCE,
J040,J040-SL-14,14,Events/outbox/inbox/jobs/DLQ,governance/operational_journey_protocol_package/smsm-dsh-wlt-journeys/02-partner-store-catalog-marketing/J040.md,TASK-0016,BLOCKED_BY_FOUNDATION,J040-SL-13,ZERO_APPLICABLE_OPEN_GAPS_AND_SAME_SHA_EVIDENCE,
J040,J040-SL-15,15,Media/providers/cache/search,governance/operational_journey_protocol_package/smsm-dsh-wlt-journeys/02-partner-store-catalog-marketing/J040.md,TASK-0016,BLOCKED_BY_FOUNDATION,J040-SL-14,ZERO_APPLICABLE_OPEN_GAPS_AND_SAME_SHA_EVIDENCE,
J040,J040-SL-16,16,DSH↔WLT financial boundary,governance/operational_journey_protocol_package/smsm-dsh-wlt-journeys/02-partner-store-catalog-marketing/J040.md,TASK-0016,BLOCKED_BY_FOUNDATION,J040-SL-15,ZERO_APPLICABLE_OPEN_GAPS_AND_SAME_SHA_EVIDENCE,
J040,J040-SL-17,17,Concurrency/idempotency/unknown result,governance/operational_journey_protocol_package/smsm-dsh-wlt-journeys/02-partner-store-catalog-marketing/J040.md,TASK-0016,BLOCKED_BY_FOUNDATION,J040-SL-16,ZERO_APPLICABLE_OPEN_GAPS_AND_SAME_SHA_EVIDENCE,
J040,J040-SL-18,18,Offline/retry/recovery,governance/operational_journey_protocol_package/smsm-dsh-wlt-journeys/02-partner-store-catalog-marketing/J040.md,TASK-0016,BLOCKED_BY_FOUNDATION,J040-SL-17,ZERO_APPLICABLE_OPEN_GAPS_AND_SAME_SHA_EVIDENCE,
J040,J040-SL-19,19,Cross-surface readback,governance/operational_journey_protocol_package/smsm-dsh-wlt-journeys/02-partner-store-catalog-marketing/J040.md,TASK-0016,BLOCKED_BY_FOUNDATION,J040-SL-18,ZERO_APPLICABLE_OPEN_GAPS_AND_SAME_SHA_EVIDENCE,
J040,J040-SL-20,20,Security/privacy/negative tests,governance/operational_journey_protocol_package/smsm-dsh-wlt-journeys/02-partner-store-catalog-marketing/J040.md,TASK-0016,BLOCKED_BY_FOUNDATION,J040-SL-19,ZERO_APPLICABLE_OPEN_GAPS_AND_SAME_SHA_EVIDENCE,
J040,J040-SL-21,21,Audit/observability/performance,governance/operational_journey_protocol_package/smsm-dsh-wlt-journeys/02-partner-store-catalog-marketing/J040.md,TASK-0016,BLOCKED_BY_FOUNDATION,J040-SL-20,ZERO_APPLICABLE_OPEN_GAPS_AND_SAME_SHA_EVIDENCE,
J040,J040-SL-22,22,Accessibility/RTL/localization,governance/operational_journey_protocol_package/smsm-dsh-wlt-journeys/02-partner-store-catalog-marketing/J040.md,TASK-0016,BLOCKED_BY_FOUNDATION,J040-SL-21,ZERO_APPLICABLE_OPEN_GAPS_AND_SAME_SHA_EVIDENCE,
J040,J040-SL-23,23,Manual operational acceptance,governance/operational_journey_protocol_package/smsm-dsh-wlt-journeys/02-partner-store-catalog-marketing/J040.md,TASK-0016,BLOCKED_BY_FOUNDATION,J040-SL-22,ZERO_APPLICABLE_OPEN_GAPS_AND_SAME_SHA_EVIDENCE,
J040,J040-SL-24,24,Cleanup/same-SHA evidence/closure,governance/operational_journey_protocol_package/smsm-dsh-wlt-journeys/02-partner-store-catalog-marketing/J040.md,TASK-0016,BLOCKED_BY_FOUNDATION,J040-SL-23,ZERO_APPLICABLE_OPEN_GAPS_AND_SAME_SHA_EVIDENCE,
J041,J041-SL-01,1,Product Truth والنتيجة والثوابت,governance/operational_journey_protocol_package/smsm-dsh-wlt-journeys/03-customer-cart-checkout-order/J041.md,TASK-0016,BLOCKED_BY_FOUNDATION,FOUNDATION-00,ZERO_APPLICABLE_OPEN_GAPS_AND_SAME_SHA_EVIDENCE,
J041,J041-SL-02,2,Actors وهويات الخدمات,governance/operational_journey_protocol_package/smsm-dsh-wlt-journeys/03-customer-cart-checkout-order/J041.md,TASK-0016,BLOCKED_BY_FOUNDATION,J041-SL-01,ZERO_APPLICABLE_OPEN_GAPS_AND_SAME_SHA_EVIDENCE,
J041,J041-SL-03,3,التبعيات وشروط الدخول والخروج,governance/operational_journey_protocol_package/smsm-dsh-wlt-journeys/03-customer-cart-checkout-order/J041.md,TASK-0016,BLOCKED_BY_FOUNDATION,J041-SL-02,ZERO_APPLICABLE_OPEN_GAPS_AND_SAME_SHA_EVIDENCE,
J041,J041-SL-04,4,Identity/session/device,governance/operational_journey_protocol_package/smsm-dsh-wlt-journeys/03-customer-cart-checkout-order/J041.md,TASK-0016,BLOCKED_BY_FOUNDATION,J041-SL-03,ZERO_APPLICABLE_OPEN_GAPS_AND_SAME_SHA_EVIDENCE,
J041,J041-SL-05,5,Permission/trusted scope/object authorization,governance/operational_journey_protocol_package/smsm-dsh-wlt-journeys/03-customer-cart-checkout-order/J041.md,TASK-0016,BLOCKED_BY_FOUNDATION,J041-SL-04,ZERO_APPLICABLE_OPEN_GAPS_AND_SAME_SHA_EVIDENCE,
J041,J041-SL-06,6,Entrypoints/routes/deep links/navigation,governance/operational_journey_protocol_package/smsm-dsh-wlt-journeys/03-customer-cart-checkout-order/J041.md,TASK-0016,BLOCKED_BY_FOUNDATION,J041-SL-05,ZERO_APPLICABLE_OPEN_GAPS_AND_SAME_SHA_EVIDENCE,
J041,J041-SL-07,7,Screens/pages/tabs/buttons/icons/forms,governance/operational_journey_protocol_package/smsm-dsh-wlt-journeys/03-customer-cart-checkout-order/J041.md,TASK-0016,BLOCKED_BY_FOUNDATION,J041-SL-06,ZERO_APPLICABLE_OPEN_GAPS_AND_SAME_SHA_EVIDENCE,
J041,J041-SL-08,8,Shared brain/view model/visible states,governance/operational_journey_protocol_package/smsm-dsh-wlt-journeys/03-customer-cart-checkout-order/J041.md,TASK-0016,BLOCKED_BY_FOUNDATION,J041-SL-07,ZERO_APPLICABLE_OPEN_GAPS_AND_SAME_SHA_EVIDENCE,
J041,J041-SL-09,9,OpenAPI/error/security/idempotency,governance/operational_journey_protocol_package/smsm-dsh-wlt-journeys/03-customer-cart-checkout-order/J041.md,TASK-0016,BLOCKED_BY_FOUNDATION,J041-SL-08,ZERO_APPLICABLE_OPEN_GAPS_AND_SAME_SHA_EVIDENCE,
J041,J041-SL-10,10,Generated clients/transports,governance/operational_journey_protocol_package/smsm-dsh-wlt-journeys/03-customer-cart-checkout-order/J041.md,TASK-0016,BLOCKED_BY_FOUNDATION,J041-SL-09,ZERO_APPLICABLE_OPEN_GAPS_AND_SAME_SHA_EVIDENCE,
J041,J041-SL-11,11,Backend handler/domain/repository,governance/operational_journey_protocol_package/smsm-dsh-wlt-journeys/03-customer-cart-checkout-order/J041.md,TASK-0016,BLOCKED_BY_FOUNDATION,J041-SL-10,ZERO_APPLICABLE_OPEN_GAPS_AND_SAME_SHA_EVIDENCE,
J041,J041-SL-12,12,State machine/allowed actions,governance/operational_journey_protocol_package/smsm-dsh-wlt-journeys/03-customer-cart-checkout-order/J041.md,TASK-0016,BLOCKED_BY_FOUNDATION,J041-SL-11,ZERO_APPLICABLE_OPEN_GAPS_AND_SAME_SHA_EVIDENCE,
J041,J041-SL-13,13,Database/migrations/constraints/indexes,governance/operational_journey_protocol_package/smsm-dsh-wlt-journeys/03-customer-cart-checkout-order/J041.md,TASK-0016,BLOCKED_BY_FOUNDATION,J041-SL-12,ZERO_APPLICABLE_OPEN_GAPS_AND_SAME_SHA_EVIDENCE,
J041,J041-SL-14,14,Events/outbox/inbox/jobs/DLQ,governance/operational_journey_protocol_package/smsm-dsh-wlt-journeys/03-customer-cart-checkout-order/J041.md,TASK-0016,BLOCKED_BY_FOUNDATION,J041-SL-13,ZERO_APPLICABLE_OPEN_GAPS_AND_SAME_SHA_EVIDENCE,
J041,J041-SL-15,15,Media/providers/cache/search,governance/operational_journey_protocol_package/smsm-dsh-wlt-journeys/03-customer-cart-checkout-order/J041.md,TASK-0016,BLOCKED_BY_FOUNDATION,J041-SL-14,ZERO_APPLICABLE_OPEN_GAPS_AND_SAME_SHA_EVIDENCE,
J041,J041-SL-16,16,DSH↔WLT financial boundary,governance/operational_journey_protocol_package/smsm-dsh-wlt-journeys/03-customer-cart-checkout-order/J041.md,TASK-0016,BLOCKED_BY_FOUNDATION,J041-SL-15,ZERO_APPLICABLE_OPEN_GAPS_AND_SAME_SHA_EVIDENCE,
J041,J041-SL-17,17,Concurrency/idempotency/unknown result,governance/operational_journey_protocol_package/smsm-dsh-wlt-journeys/03-customer-cart-checkout-order/J041.md,TASK-0016,BLOCKED_BY_FOUNDATION,J041-SL-16,ZERO_APPLICABLE_OPEN_GAPS_AND_SAME_SHA_EVIDENCE,
J041,J041-SL-18,18,Offline/retry/recovery,governance/operational_journey_protocol_package/smsm-dsh-wlt-journeys/03-customer-cart-checkout-order/J041.md,TASK-0016,BLOCKED_BY_FOUNDATION,J041-SL-17,ZERO_APPLICABLE_OPEN_GAPS_AND_SAME_SHA_EVIDENCE,
J041,J041-SL-19,19,Cross-surface readback,governance/operational_journey_protocol_package/smsm-dsh-wlt-journeys/03-customer-cart-checkout-order/J041.md,TASK-0016,BLOCKED_BY_FOUNDATION,J041-SL-18,ZERO_APPLICABLE_OPEN_GAPS_AND_SAME_SHA_EVIDENCE,
J041,J041-SL-20,20,Security/privacy/negative tests,governance/operational_journey_protocol_package/smsm-dsh-wlt-journeys/03-customer-cart-checkout-order/J041.md,TASK-0016,BLOCKED_BY_FOUNDATION,J041-SL-19,ZERO_APPLICABLE_OPEN_GAPS_AND_SAME_SHA_EVIDENCE,
J041,J041-SL-21,21,Audit/observability/performance,governance/operational_journey_protocol_package/smsm-dsh-wlt-journeys/03-customer-cart-checkout-order/J041.md,TASK-0016,BLOCKED_BY_FOUNDATION,J041-SL-20,ZERO_APPLICABLE_OPEN_GAPS_AND_SAME_SHA_EVIDENCE,
J041,J041-SL-22,22,Accessibility/RTL/localization,governance/operational_journey_protocol_package/smsm-dsh-wlt-journeys/03-customer-cart-checkout-order/J041.md,TASK-0016,BLOCKED_BY_FOUNDATION,J041-SL-21,ZERO_APPLICABLE_OPEN_GAPS_AND_SAME_SHA_EVIDENCE,
J041,J041-SL-23,23,Manual operational acceptance,governance/operational_journey_protocol_package/smsm-dsh-wlt-journeys/03-customer-cart-checkout-order/J041.md,TASK-0016,BLOCKED_BY_FOUNDATION,J041-SL-22,ZERO_APPLICABLE_OPEN_GAPS_AND_SAME_SHA_EVIDENCE,
J041,J041-SL-24,24,Cleanup/same-SHA evidence/closure,governance/operational_journey_protocol_package/smsm-dsh-wlt-journeys/03-customer-cart-checkout-order/J041.md,TASK-0016,BLOCKED_BY_FOUNDATION,J041-SL-23,ZERO_APPLICABLE_OPEN_GAPS_AND_SAME_SHA_EVIDENCE,
J042,J042-SL-01,1,Product Truth والنتيجة والثوابت,governance/operational_journey_protocol_package/smsm-dsh-wlt-journeys/03-customer-cart-checkout-order/J042.md,TASK-0016,BLOCKED_BY_FOUNDATION,FOUNDATION-00,ZERO_APPLICABLE_OPEN_GAPS_AND_SAME_SHA_EVIDENCE,
J042,J042-SL-02,2,Actors وهويات الخدمات,governance/operational_journey_protocol_package/smsm-dsh-wlt-journeys/03-customer-cart-checkout-order/J042.md,TASK-0016,BLOCKED_BY_FOUNDATION,J042-SL-01,ZERO_APPLICABLE_OPEN_GAPS_AND_SAME_SHA_EVIDENCE,
J042,J042-SL-03,3,التبعيات وشروط الدخول والخروج,governance/operational_journey_protocol_package/smsm-dsh-wlt-journeys/03-customer-cart-checkout-order/J042.md,TASK-0016,BLOCKED_BY_FOUNDATION,J042-SL-02,ZERO_APPLICABLE_OPEN_GAPS_AND_SAME_SHA_EVIDENCE,
J042,J042-SL-04,4,Identity/session/device,governance/operational_journey_protocol_package/smsm-dsh-wlt-journeys/03-customer-cart-checkout-order/J042.md,TASK-0016,BLOCKED_BY_FOUNDATION,J042-SL-03,ZERO_APPLICABLE_OPEN_GAPS_AND_SAME_SHA_EVIDENCE,
J042,J042-SL-05,5,Permission/trusted scope/object authorization,governance/operational_journey_protocol_package/smsm-dsh-wlt-journeys/03-customer-cart-checkout-order/J042.md,TASK-0016,BLOCKED_BY_FOUNDATION,J042-SL-04,ZERO_APPLICABLE_OPEN_GAPS_AND_SAME_SHA_EVIDENCE,
J042,J042-SL-06,6,Entrypoints/routes/deep links/navigation,governance/operational_journey_protocol_package/smsm-dsh-wlt-journeys/03-customer-cart-checkout-order/J042.md,TASK-0016,BLOCKED_BY_FOUNDATION,J042-SL-05,ZERO_APPLICABLE_OPEN_GAPS_AND_SAME_SHA_EVIDENCE,
J042,J042-SL-07,7,Screens/pages/tabs/buttons/icons/forms,governance/operational_journey_protocol_package/smsm-dsh-wlt-journeys/03-customer-cart-checkout-order/J042.md,TASK-0016,BLOCKED_BY_FOUNDATION,J042-SL-06,ZERO_APPLICABLE_OPEN_GAPS_AND_SAME_SHA_EVIDENCE,
J042,J042-SL-08,8,Shared brain/view model/visible states,governance/operational_journey_protocol_package/smsm-dsh-wlt-journeys/03-customer-cart-checkout-order/J042.md,TASK-0016,BLOCKED_BY_FOUNDATION,J042-SL-07,ZERO_APPLICABLE_OPEN_GAPS_AND_SAME_SHA_EVIDENCE,
J042,J042-SL-09,9,OpenAPI/error/security/idempotency,governance/operational_journey_protocol_package/smsm-dsh-wlt-journeys/03-customer-cart-checkout-order/J042.md,TASK-0016,BLOCKED_BY_FOUNDATION,J042-SL-08,ZERO_APPLICABLE_OPEN_GAPS_AND_SAME_SHA_EVIDENCE,
J042,J042-SL-10,10,Generated clients/transports,governance/operational_journey_protocol_package/smsm-dsh-wlt-journeys/03-customer-cart-checkout-order/J042.md,TASK-0016,BLOCKED_BY_FOUNDATION,J042-SL-09,ZERO_APPLICABLE_OPEN_GAPS_AND_SAME_SHA_EVIDENCE,
J042,J042-SL-11,11,Backend handler/domain/repository,governance/operational_journey_protocol_package/smsm-dsh-wlt-journeys/03-customer-cart-checkout-order/J042.md,TASK-0016,BLOCKED_BY_FOUNDATION,J042-SL-10,ZERO_APPLICABLE_OPEN_GAPS_AND_SAME_SHA_EVIDENCE,
J042,J042-SL-12,12,State machine/allowed actions,governance/operational_journey_protocol_package/smsm-dsh-wlt-journeys/03-customer-cart-checkout-order/J042.md,TASK-0016,BLOCKED_BY_FOUNDATION,J042-SL-11,ZERO_APPLICABLE_OPEN_GAPS_AND_SAME_SHA_EVIDENCE,
J042,J042-SL-13,13,Database/migrations/constraints/indexes,governance/operational_journey_protocol_package/smsm-dsh-wlt-journeys/03-customer-cart-checkout-order/J042.md,TASK-0016,BLOCKED_BY_FOUNDATION,J042-SL-12,ZERO_APPLICABLE_OPEN_GAPS_AND_SAME_SHA_EVIDENCE,
J042,J042-SL-14,14,Events/outbox/inbox/jobs/DLQ,governance/operational_journey_protocol_package/smsm-dsh-wlt-journeys/03-customer-cart-checkout-order/J042.md,TASK-0016,BLOCKED_BY_FOUNDATION,J042-SL-13,ZERO_APPLICABLE_OPEN_GAPS_AND_SAME_SHA_EVIDENCE,
J042,J042-SL-15,15,Media/providers/cache/search,governance/operational_journey_protocol_package/smsm-dsh-wlt-journeys/03-customer-cart-checkout-order/J042.md,TASK-0016,BLOCKED_BY_FOUNDATION,J042-SL-14,ZERO_APPLICABLE_OPEN_GAPS_AND_SAME_SHA_EVIDENCE,
J042,J042-SL-16,16,DSH↔WLT financial boundary,governance/operational_journey_protocol_package/smsm-dsh-wlt-journeys/03-customer-cart-checkout-order/J042.md,TASK-0016,BLOCKED_BY_FOUNDATION,J042-SL-15,ZERO_APPLICABLE_OPEN_GAPS_AND_SAME_SHA_EVIDENCE,
J042,J042-SL-17,17,Concurrency/idempotency/unknown result,governance/operational_journey_protocol_package/smsm-dsh-wlt-journeys/03-customer-cart-checkout-order/J042.md,TASK-0016,BLOCKED_BY_FOUNDATION,J042-SL-16,ZERO_APPLICABLE_OPEN_GAPS_AND_SAME_SHA_EVIDENCE,
J042,J042-SL-18,18,Offline/retry/recovery,governance/operational_journey_protocol_package/smsm-dsh-wlt-journeys/03-customer-cart-checkout-order/J042.md,TASK-0016,BLOCKED_BY_FOUNDATION,J042-SL-17,ZERO_APPLICABLE_OPEN_GAPS_AND_SAME_SHA_EVIDENCE,
J042,J042-SL-19,19,Cross-surface readback,governance/operational_journey_protocol_package/smsm-dsh-wlt-journeys/03-customer-cart-checkout-order/J042.md,TASK-0016,BLOCKED_BY_FOUNDATION,J042-SL-18,ZERO_APPLICABLE_OPEN_GAPS_AND_SAME_SHA_EVIDENCE,
J042,J042-SL-20,20,Security/privacy/negative tests,governance/operational_journey_protocol_package/smsm-dsh-wlt-journeys/03-customer-cart-checkout-order/J042.md,TASK-0016,BLOCKED_BY_FOUNDATION,J042-SL-19,ZERO_APPLICABLE_OPEN_GAPS_AND_SAME_SHA_EVIDENCE,
J042,J042-SL-21,21,Audit/observability/performance,governance/operational_journey_protocol_package/smsm-dsh-wlt-journeys/03-customer-cart-checkout-order/J042.md,TASK-0016,BLOCKED_BY_FOUNDATION,J042-SL-20,ZERO_APPLICABLE_OPEN_GAPS_AND_SAME_SHA_EVIDENCE,
J042,J042-SL-22,22,Accessibility/RTL/localization,governance/operational_journey_protocol_package/smsm-dsh-wlt-journeys/03-customer-cart-checkout-order/J042.md,TASK-0016,BLOCKED_BY_FOUNDATION,J042-SL-21,ZERO_APPLICABLE_OPEN_GAPS_AND_SAME_SHA_EVIDENCE,
J042,J042-SL-23,23,Manual operational acceptance,governance/operational_journey_protocol_package/smsm-dsh-wlt-journeys/03-customer-cart-checkout-order/J042.md,TASK-0016,BLOCKED_BY_FOUNDATION,J042-SL-22,ZERO_APPLICABLE_OPEN_GAPS_AND_SAME_SHA_EVIDENCE,
J042,J042-SL-24,24,Cleanup/same-SHA evidence/closure,governance/operational_journey_protocol_package/smsm-dsh-wlt-journeys/03-customer-cart-checkout-order/J042.md,TASK-0016,BLOCKED_BY_FOUNDATION,J042-SL-23,ZERO_APPLICABLE_OPEN_GAPS_AND_SAME_SHA_EVIDENCE,
J043,J043-SL-01,1,Product Truth والنتيجة والثوابت,governance/operational_journey_protocol_package/smsm-dsh-wlt-journeys/03-customer-cart-checkout-order/J043.md,TASK-0016,BLOCKED_BY_FOUNDATION,FOUNDATION-00,ZERO_APPLICABLE_OPEN_GAPS_AND_SAME_SHA_EVIDENCE,
J043,J043-SL-02,2,Actors وهويات الخدمات,governance/operational_journey_protocol_package/smsm-dsh-wlt-journeys/03-customer-cart-checkout-order/J043.md,TASK-0016,BLOCKED_BY_FOUNDATION,J043-SL-01,ZERO_APPLICABLE_OPEN_GAPS_AND_SAME_SHA_EVIDENCE,
J043,J043-SL-03,3,التبعيات وشروط الدخول والخروج,governance/operational_journey_protocol_package/smsm-dsh-wlt-journeys/03-customer-cart-checkout-order/J043.md,TASK-0016,BLOCKED_BY_FOUNDATION,J043-SL-02,ZERO_APPLICABLE_OPEN_GAPS_AND_SAME_SHA_EVIDENCE,
J043,J043-SL-04,4,Identity/session/device,governance/operational_journey_protocol_package/smsm-dsh-wlt-journeys/03-customer-cart-checkout-order/J043.md,TASK-0016,BLOCKED_BY_FOUNDATION,J043-SL-03,ZERO_APPLICABLE_OPEN_GAPS_AND_SAME_SHA_EVIDENCE,
J043,J043-SL-05,5,Permission/trusted scope/object authorization,governance/operational_journey_protocol_package/smsm-dsh-wlt-journeys/03-customer-cart-checkout-order/J043.md,TASK-0016,BLOCKED_BY_FOUNDATION,J043-SL-04,ZERO_APPLICABLE_OPEN_GAPS_AND_SAME_SHA_EVIDENCE,
J043,J043-SL-06,6,Entrypoints/routes/deep links/navigation,governance/operational_journey_protocol_package/smsm-dsh-wlt-journeys/03-customer-cart-checkout-order/J043.md,TASK-0016,BLOCKED_BY_FOUNDATION,J043-SL-05,ZERO_APPLICABLE_OPEN_GAPS_AND_SAME_SHA_EVIDENCE,
J043,J043-SL-07,7,Screens/pages/tabs/buttons/icons/forms,governance/operational_journey_protocol_package/smsm-dsh-wlt-journeys/03-customer-cart-checkout-order/J043.md,TASK-0016,BLOCKED_BY_FOUNDATION,J043-SL-06,ZERO_APPLICABLE_OPEN_GAPS_AND_SAME_SHA_EVIDENCE,
J043,J043-SL-08,8,Shared brain/view model/visible states,governance/operational_journey_protocol_package/smsm-dsh-wlt-journeys/03-customer-cart-checkout-order/J043.md,TASK-0016,BLOCKED_BY_FOUNDATION,J043-SL-07,ZERO_APPLICABLE_OPEN_GAPS_AND_SAME_SHA_EVIDENCE,
J043,J043-SL-09,9,OpenAPI/error/security/idempotency,governance/operational_journey_protocol_package/smsm-dsh-wlt-journeys/03-customer-cart-checkout-order/J043.md,TASK-0016,BLOCKED_BY_FOUNDATION,J043-SL-08,ZERO_APPLICABLE_OPEN_GAPS_AND_SAME_SHA_EVIDENCE,
J043,J043-SL-10,10,Generated clients/transports,governance/operational_journey_protocol_package/smsm-dsh-wlt-journeys/03-customer-cart-checkout-order/J043.md,TASK-0016,BLOCKED_BY_FOUNDATION,J043-SL-09,ZERO_APPLICABLE_OPEN_GAPS_AND_SAME_SHA_EVIDENCE,
J043,J043-SL-11,11,Backend handler/domain/repository,governance/operational_journey_protocol_package/smsm-dsh-wlt-journeys/03-customer-cart-checkout-order/J043.md,TASK-0016,BLOCKED_BY_FOUNDATION,J043-SL-10,ZERO_APPLICABLE_OPEN_GAPS_AND_SAME_SHA_EVIDENCE,
J043,J043-SL-12,12,State machine/allowed actions,governance/operational_journey_protocol_package/smsm-dsh-wlt-journeys/03-customer-cart-checkout-order/J043.md,TASK-0016,BLOCKED_BY_FOUNDATION,J043-SL-11,ZERO_APPLICABLE_OPEN_GAPS_AND_SAME_SHA_EVIDENCE,
J043,J043-SL-13,13,Database/migrations/constraints/indexes,governance/operational_journey_protocol_package/smsm-dsh-wlt-journeys/03-customer-cart-checkout-order/J043.md,TASK-0016,BLOCKED_BY_FOUNDATION,J043-SL-12,ZERO_APPLICABLE_OPEN_GAPS_AND_SAME_SHA_EVIDENCE,
J043,J043-SL-14,14,Events/outbox/inbox/jobs/DLQ,governance/operational_journey_protocol_package/smsm-dsh-wlt-journeys/03-customer-cart-checkout-order/J043.md,TASK-0016,BLOCKED_BY_FOUNDATION,J043-SL-13,ZERO_APPLICABLE_OPEN_GAPS_AND_SAME_SHA_EVIDENCE,
J043,J043-SL-15,15,Media/providers/cache/search,governance/operational_journey_protocol_package/smsm-dsh-wlt-journeys/03-customer-cart-checkout-order/J043.md,TASK-0016,BLOCKED_BY_FOUNDATION,J043-SL-14,ZERO_APPLICABLE_OPEN_GAPS_AND_SAME_SHA_EVIDENCE,
J043,J043-SL-16,16,DSH↔WLT financial boundary,governance/operational_journey_protocol_package/smsm-dsh-wlt-journeys/03-customer-cart-checkout-order/J043.md,TASK-0016,BLOCKED_BY_FOUNDATION,J043-SL-15,ZERO_APPLICABLE_OPEN_GAPS_AND_SAME_SHA_EVIDENCE,
J043,J043-SL-17,17,Concurrency/idempotency/unknown result,governance/operational_journey_protocol_package/smsm-dsh-wlt-journeys/03-customer-cart-checkout-order/J043.md,TASK-0016,BLOCKED_BY_FOUNDATION,J043-SL-16,ZERO_APPLICABLE_OPEN_GAPS_AND_SAME_SHA_EVIDENCE,
J043,J043-SL-18,18,Offline/retry/recovery,governance/operational_journey_protocol_package/smsm-dsh-wlt-journeys/03-customer-cart-checkout-order/J043.md,TASK-0016,BLOCKED_BY_FOUNDATION,J043-SL-17,ZERO_APPLICABLE_OPEN_GAPS_AND_SAME_SHA_EVIDENCE,
J043,J043-SL-19,19,Cross-surface readback,governance/operational_journey_protocol_package/smsm-dsh-wlt-journeys/03-customer-cart-checkout-order/J043.md,TASK-0016,BLOCKED_BY_FOUNDATION,J043-SL-18,ZERO_APPLICABLE_OPEN_GAPS_AND_SAME_SHA_EVIDENCE,
J043,J043-SL-20,20,Security/privacy/negative tests,governance/operational_journey_protocol_package/smsm-dsh-wlt-journeys/03-customer-cart-checkout-order/J043.md,TASK-0016,BLOCKED_BY_FOUNDATION,J043-SL-19,ZERO_APPLICABLE_OPEN_GAPS_AND_SAME_SHA_EVIDENCE,
J043,J043-SL-21,21,Audit/observability/performance,governance/operational_journey_protocol_package/smsm-dsh-wlt-journeys/03-customer-cart-checkout-order/J043.md,TASK-0016,BLOCKED_BY_FOUNDATION,J043-SL-20,ZERO_APPLICABLE_OPEN_GAPS_AND_SAME_SHA_EVIDENCE,
J043,J043-SL-22,22,Accessibility/RTL/localization,governance/operational_journey_protocol_package/smsm-dsh-wlt-journeys/03-customer-cart-checkout-order/J043.md,TASK-0016,BLOCKED_BY_FOUNDATION,J043-SL-21,ZERO_APPLICABLE_OPEN_GAPS_AND_SAME_SHA_EVIDENCE,
J043,J043-SL-23,23,Manual operational acceptance,governance/operational_journey_protocol_package/smsm-dsh-wlt-journeys/03-customer-cart-checkout-order/J043.md,TASK-0016,BLOCKED_BY_FOUNDATION,J043-SL-22,ZERO_APPLICABLE_OPEN_GAPS_AND_SAME_SHA_EVIDENCE,
J043,J043-SL-24,24,Cleanup/same-SHA evidence/closure,governance/operational_journey_protocol_package/smsm-dsh-wlt-journeys/03-customer-cart-checkout-order/J043.md,TASK-0016,BLOCKED_BY_FOUNDATION,J043-SL-23,ZERO_APPLICABLE_OPEN_GAPS_AND_SAME_SHA_EVIDENCE,
J044,J044-SL-01,1,Product Truth والنتيجة والثوابت,governance/operational_journey_protocol_package/smsm-dsh-wlt-journeys/03-customer-cart-checkout-order/J044.md,TASK-0016,BLOCKED_BY_FOUNDATION,FOUNDATION-00,ZERO_APPLICABLE_OPEN_GAPS_AND_SAME_SHA_EVIDENCE,
J044,J044-SL-02,2,Actors وهويات الخدمات,governance/operational_journey_protocol_package/smsm-dsh-wlt-journeys/03-customer-cart-checkout-order/J044.md,TASK-0016,BLOCKED_BY_FOUNDATION,J044-SL-01,ZERO_APPLICABLE_OPEN_GAPS_AND_SAME_SHA_EVIDENCE,
J044,J044-SL-03,3,التبعيات وشروط الدخول والخروج,governance/operational_journey_protocol_package/smsm-dsh-wlt-journeys/03-customer-cart-checkout-order/J044.md,TASK-0016,BLOCKED_BY_FOUNDATION,J044-SL-02,ZERO_APPLICABLE_OPEN_GAPS_AND_SAME_SHA_EVIDENCE,
J044,J044-SL-04,4,Identity/session/device,governance/operational_journey_protocol_package/smsm-dsh-wlt-journeys/03-customer-cart-checkout-order/J044.md,TASK-0016,BLOCKED_BY_FOUNDATION,J044-SL-03,ZERO_APPLICABLE_OPEN_GAPS_AND_SAME_SHA_EVIDENCE,
J044,J044-SL-05,5,Permission/trusted scope/object authorization,governance/operational_journey_protocol_package/smsm-dsh-wlt-journeys/03-customer-cart-checkout-order/J044.md,TASK-0016,BLOCKED_BY_FOUNDATION,J044-SL-04,ZERO_APPLICABLE_OPEN_GAPS_AND_SAME_SHA_EVIDENCE,
J044,J044-SL-06,6,Entrypoints/routes/deep links/navigation,governance/operational_journey_protocol_package/smsm-dsh-wlt-journeys/03-customer-cart-checkout-order/J044.md,TASK-0016,BLOCKED_BY_FOUNDATION,J044-SL-05,ZERO_APPLICABLE_OPEN_GAPS_AND_SAME_SHA_EVIDENCE,
J044,J044-SL-07,7,Screens/pages/tabs/buttons/icons/forms,governance/operational_journey_protocol_package/smsm-dsh-wlt-journeys/03-customer-cart-checkout-order/J044.md,TASK-0016,BLOCKED_BY_FOUNDATION,J044-SL-06,ZERO_APPLICABLE_OPEN_GAPS_AND_SAME_SHA_EVIDENCE,
J044,J044-SL-08,8,Shared brain/view model/visible states,governance/operational_journey_protocol_package/smsm-dsh-wlt-journeys/03-customer-cart-checkout-order/J044.md,TASK-0016,BLOCKED_BY_FOUNDATION,J044-SL-07,ZERO_APPLICABLE_OPEN_GAPS_AND_SAME_SHA_EVIDENCE,
J044,J044-SL-09,9,OpenAPI/error/security/idempotency,governance/operational_journey_protocol_package/smsm-dsh-wlt-journeys/03-customer-cart-checkout-order/J044.md,TASK-0016,BLOCKED_BY_FOUNDATION,J044-SL-08,ZERO_APPLICABLE_OPEN_GAPS_AND_SAME_SHA_EVIDENCE,
J044,J044-SL-10,10,Generated clients/transports,governance/operational_journey_protocol_package/smsm-dsh-wlt-journeys/03-customer-cart-checkout-order/J044.md,TASK-0016,BLOCKED_BY_FOUNDATION,J044-SL-09,ZERO_APPLICABLE_OPEN_GAPS_AND_SAME_SHA_EVIDENCE,
J044,J044-SL-11,11,Backend handler/domain/repository,governance/operational_journey_protocol_package/smsm-dsh-wlt-journeys/03-customer-cart-checkout-order/J044.md,TASK-0016,BLOCKED_BY_FOUNDATION,J044-SL-10,ZERO_APPLICABLE_OPEN_GAPS_AND_SAME_SHA_EVIDENCE,
J044,J044-SL-12,12,State machine/allowed actions,governance/operational_journey_protocol_package/smsm-dsh-wlt-journeys/03-customer-cart-checkout-order/J044.md,TASK-0016,BLOCKED_BY_FOUNDATION,J044-SL-11,ZERO_APPLICABLE_OPEN_GAPS_AND_SAME_SHA_EVIDENCE,
J044,J044-SL-13,13,Database/migrations/constraints/indexes,governance/operational_journey_protocol_package/smsm-dsh-wlt-journeys/03-customer-cart-checkout-order/J044.md,TASK-0016,BLOCKED_BY_FOUNDATION,J044-SL-12,ZERO_APPLICABLE_OPEN_GAPS_AND_SAME_SHA_EVIDENCE,
J044,J044-SL-14,14,Events/outbox/inbox/jobs/DLQ,governance/operational_journey_protocol_package/smsm-dsh-wlt-journeys/03-customer-cart-checkout-order/J044.md,TASK-0016,BLOCKED_BY_FOUNDATION,J044-SL-13,ZERO_APPLICABLE_OPEN_GAPS_AND_SAME_SHA_EVIDENCE,
J044,J044-SL-15,15,Media/providers/cache/search,governance/operational_journey_protocol_package/smsm-dsh-wlt-journeys/03-customer-cart-checkout-order/J044.md,TASK-0016,BLOCKED_BY_FOUNDATION,J044-SL-14,ZERO_APPLICABLE_OPEN_GAPS_AND_SAME_SHA_EVIDENCE,
J044,J044-SL-16,16,DSH↔WLT financial boundary,governance/operational_journey_protocol_package/smsm-dsh-wlt-journeys/03-customer-cart-checkout-order/J044.md,TASK-0016,BLOCKED_BY_FOUNDATION,J044-SL-15,ZERO_APPLICABLE_OPEN_GAPS_AND_SAME_SHA_EVIDENCE,
J044,J044-SL-17,17,Concurrency/idempotency/unknown result,governance/operational_journey_protocol_package/smsm-dsh-wlt-journeys/03-customer-cart-checkout-order/J044.md,TASK-0016,BLOCKED_BY_FOUNDATION,J044-SL-16,ZERO_APPLICABLE_OPEN_GAPS_AND_SAME_SHA_EVIDENCE,
J044,J044-SL-18,18,Offline/retry/recovery,governance/operational_journey_protocol_package/smsm-dsh-wlt-journeys/03-customer-cart-checkout-order/J044.md,TASK-0016,BLOCKED_BY_FOUNDATION,J044-SL-17,ZERO_APPLICABLE_OPEN_GAPS_AND_SAME_SHA_EVIDENCE,
J044,J044-SL-19,19,Cross-surface readback,governance/operational_journey_protocol_package/smsm-dsh-wlt-journeys/03-customer-cart-checkout-order/J044.md,TASK-0016,BLOCKED_BY_FOUNDATION,J044-SL-18,ZERO_APPLICABLE_OPEN_GAPS_AND_SAME_SHA_EVIDENCE,
J044,J044-SL-20,20,Security/privacy/negative tests,governance/operational_journey_protocol_package/smsm-dsh-wlt-journeys/03-customer-cart-checkout-order/J044.md,TASK-0016,BLOCKED_BY_FOUNDATION,J044-SL-19,ZERO_APPLICABLE_OPEN_GAPS_AND_SAME_SHA_EVIDENCE,
J044,J044-SL-21,21,Audit/observability/performance,governance/operational_journey_protocol_package/smsm-dsh-wlt-journeys/03-customer-cart-checkout-order/J044.md,TASK-0016,BLOCKED_BY_FOUNDATION,J044-SL-20,ZERO_APPLICABLE_OPEN_GAPS_AND_SAME_SHA_EVIDENCE,
J044,J044-SL-22,22,Accessibility/RTL/localization,governance/operational_journey_protocol_package/smsm-dsh-wlt-journeys/03-customer-cart-checkout-order/J044.md,TASK-0016,BLOCKED_BY_FOUNDATION,J044-SL-21,ZERO_APPLICABLE_OPEN_GAPS_AND_SAME_SHA_EVIDENCE,
J044,J044-SL-23,23,Manual operational acceptance,governance/operational_journey_protocol_package/smsm-dsh-wlt-journeys/03-customer-cart-checkout-order/J044.md,TASK-0016,BLOCKED_BY_FOUNDATION,J044-SL-22,ZERO_APPLICABLE_OPEN_GAPS_AND_SAME_SHA_EVIDENCE,
J044,J044-SL-24,24,Cleanup/same-SHA evidence/closure,governance/operational_journey_protocol_package/smsm-dsh-wlt-journeys/03-customer-cart-checkout-order/J044.md,TASK-0016,BLOCKED_BY_FOUNDATION,J044-SL-23,ZERO_APPLICABLE_OPEN_GAPS_AND_SAME_SHA_EVIDENCE,
J045,J045-SL-01,1,Product Truth والنتيجة والثوابت,governance/operational_journey_protocol_package/smsm-dsh-wlt-journeys/03-customer-cart-checkout-order/J045.md,TASK-0016,BLOCKED_BY_FOUNDATION,FOUNDATION-00,ZERO_APPLICABLE_OPEN_GAPS_AND_SAME_SHA_EVIDENCE,
J045,J045-SL-02,2,Actors وهويات الخدمات,governance/operational_journey_protocol_package/smsm-dsh-wlt-journeys/03-customer-cart-checkout-order/J045.md,TASK-0016,BLOCKED_BY_FOUNDATION,J045-SL-01,ZERO_APPLICABLE_OPEN_GAPS_AND_SAME_SHA_EVIDENCE,
J045,J045-SL-03,3,التبعيات وشروط الدخول والخروج,governance/operational_journey_protocol_package/smsm-dsh-wlt-journeys/03-customer-cart-checkout-order/J045.md,TASK-0016,BLOCKED_BY_FOUNDATION,J045-SL-02,ZERO_APPLICABLE_OPEN_GAPS_AND_SAME_SHA_EVIDENCE,
J045,J045-SL-04,4,Identity/session/device,governance/operational_journey_protocol_package/smsm-dsh-wlt-journeys/03-customer-cart-checkout-order/J045.md,TASK-0016,BLOCKED_BY_FOUNDATION,J045-SL-03,ZERO_APPLICABLE_OPEN_GAPS_AND_SAME_SHA_EVIDENCE,
J045,J045-SL-05,5,Permission/trusted scope/object authorization,governance/operational_journey_protocol_package/smsm-dsh-wlt-journeys/03-customer-cart-checkout-order/J045.md,TASK-0016,BLOCKED_BY_FOUNDATION,J045-SL-04,ZERO_APPLICABLE_OPEN_GAPS_AND_SAME_SHA_EVIDENCE,
J045,J045-SL-06,6,Entrypoints/routes/deep links/navigation,governance/operational_journey_protocol_package/smsm-dsh-wlt-journeys/03-customer-cart-checkout-order/J045.md,TASK-0016,BLOCKED_BY_FOUNDATION,J045-SL-05,ZERO_APPLICABLE_OPEN_GAPS_AND_SAME_SHA_EVIDENCE,
J045,J045-SL-07,7,Screens/pages/tabs/buttons/icons/forms,governance/operational_journey_protocol_package/smsm-dsh-wlt-journeys/03-customer-cart-checkout-order/J045.md,TASK-0016,BLOCKED_BY_FOUNDATION,J045-SL-06,ZERO_APPLICABLE_OPEN_GAPS_AND_SAME_SHA_EVIDENCE,
J045,J045-SL-08,8,Shared brain/view model/visible states,governance/operational_journey_protocol_package/smsm-dsh-wlt-journeys/03-customer-cart-checkout-order/J045.md,TASK-0016,BLOCKED_BY_FOUNDATION,J045-SL-07,ZERO_APPLICABLE_OPEN_GAPS_AND_SAME_SHA_EVIDENCE,
J045,J045-SL-09,9,OpenAPI/error/security/idempotency,governance/operational_journey_protocol_package/smsm-dsh-wlt-journeys/03-customer-cart-checkout-order/J045.md,TASK-0016,BLOCKED_BY_FOUNDATION,J045-SL-08,ZERO_APPLICABLE_OPEN_GAPS_AND_SAME_SHA_EVIDENCE,
J045,J045-SL-10,10,Generated clients/transports,governance/operational_journey_protocol_package/smsm-dsh-wlt-journeys/03-customer-cart-checkout-order/J045.md,TASK-0016,BLOCKED_BY_FOUNDATION,J045-SL-09,ZERO_APPLICABLE_OPEN_GAPS_AND_SAME_SHA_EVIDENCE,
J045,J045-SL-11,11,Backend handler/domain/repository,governance/operational_journey_protocol_package/smsm-dsh-wlt-journeys/03-customer-cart-checkout-order/J045.md,TASK-0016,BLOCKED_BY_FOUNDATION,J045-SL-10,ZERO_APPLICABLE_OPEN_GAPS_AND_SAME_SHA_EVIDENCE,
J045,J045-SL-12,12,State machine/allowed actions,governance/operational_journey_protocol_package/smsm-dsh-wlt-journeys/03-customer-cart-checkout-order/J045.md,TASK-0016,BLOCKED_BY_FOUNDATION,J045-SL-11,ZERO_APPLICABLE_OPEN_GAPS_AND_SAME_SHA_EVIDENCE,
J045,J045-SL-13,13,Database/migrations/constraints/indexes,governance/operational_journey_protocol_package/smsm-dsh-wlt-journeys/03-customer-cart-checkout-order/J045.md,TASK-0016,BLOCKED_BY_FOUNDATION,J045-SL-12,ZERO_APPLICABLE_OPEN_GAPS_AND_SAME_SHA_EVIDENCE,
J045,J045-SL-14,14,Events/outbox/inbox/jobs/DLQ,governance/operational_journey_protocol_package/smsm-dsh-wlt-journeys/03-customer-cart-checkout-order/J045.md,TASK-0016,BLOCKED_BY_FOUNDATION,J045-SL-13,ZERO_APPLICABLE_OPEN_GAPS_AND_SAME_SHA_EVIDENCE,
J045,J045-SL-15,15,Media/providers/cache/search,governance/operational_journey_protocol_package/smsm-dsh-wlt-journeys/03-customer-cart-checkout-order/J045.md,TASK-0016,BLOCKED_BY_FOUNDATION,J045-SL-14,ZERO_APPLICABLE_OPEN_GAPS_AND_SAME_SHA_EVIDENCE,
J045,J045-SL-16,16,DSH↔WLT financial boundary,governance/operational_journey_protocol_package/smsm-dsh-wlt-journeys/03-customer-cart-checkout-order/J045.md,TASK-0016,BLOCKED_BY_FOUNDATION,J045-SL-15,ZERO_APPLICABLE_OPEN_GAPS_AND_SAME_SHA_EVIDENCE,
J045,J045-SL-17,17,Concurrency/idempotency/unknown result,governance/operational_journey_protocol_package/smsm-dsh-wlt-journeys/03-customer-cart-checkout-order/J045.md,TASK-0016,BLOCKED_BY_FOUNDATION,J045-SL-16,ZERO_APPLICABLE_OPEN_GAPS_AND_SAME_SHA_EVIDENCE,
J045,J045-SL-18,18,Offline/retry/recovery,governance/operational_journey_protocol_package/smsm-dsh-wlt-journeys/03-customer-cart-checkout-order/J045.md,TASK-0016,BLOCKED_BY_FOUNDATION,J045-SL-17,ZERO_APPLICABLE_OPEN_GAPS_AND_SAME_SHA_EVIDENCE,
J045,J045-SL-19,19,Cross-surface readback,governance/operational_journey_protocol_package/smsm-dsh-wlt-journeys/03-customer-cart-checkout-order/J045.md,TASK-0016,BLOCKED_BY_FOUNDATION,J045-SL-18,ZERO_APPLICABLE_OPEN_GAPS_AND_SAME_SHA_EVIDENCE,
J045,J045-SL-20,20,Security/privacy/negative tests,governance/operational_journey_protocol_package/smsm-dsh-wlt-journeys/03-customer-cart-checkout-order/J045.md,TASK-0016,BLOCKED_BY_FOUNDATION,J045-SL-19,ZERO_APPLICABLE_OPEN_GAPS_AND_SAME_SHA_EVIDENCE,
J045,J045-SL-21,21,Audit/observability/performance,governance/operational_journey_protocol_package/smsm-dsh-wlt-journeys/03-customer-cart-checkout-order/J045.md,TASK-0016,BLOCKED_BY_FOUNDATION,J045-SL-20,ZERO_APPLICABLE_OPEN_GAPS_AND_SAME_SHA_EVIDENCE,
J045,J045-SL-22,22,Accessibility/RTL/localization,governance/operational_journey_protocol_package/smsm-dsh-wlt-journeys/03-customer-cart-checkout-order/J045.md,TASK-0016,BLOCKED_BY_FOUNDATION,J045-SL-21,ZERO_APPLICABLE_OPEN_GAPS_AND_SAME_SHA_EVIDENCE,
J045,J045-SL-23,23,Manual operational acceptance,governance/operational_journey_protocol_package/smsm-dsh-wlt-journeys/03-customer-cart-checkout-order/J045.md,TASK-0016,BLOCKED_BY_FOUNDATION,J045-SL-22,ZERO_APPLICABLE_OPEN_GAPS_AND_SAME_SHA_EVIDENCE,
J045,J045-SL-24,24,Cleanup/same-SHA evidence/closure,governance/operational_journey_protocol_package/smsm-dsh-wlt-journeys/03-customer-cart-checkout-order/J045.md,TASK-0016,BLOCKED_BY_FOUNDATION,J045-SL-23,ZERO_APPLICABLE_OPEN_GAPS_AND_SAME_SHA_EVIDENCE,
J046,J046-SL-01,1,Product Truth والنتيجة والثوابت,governance/operational_journey_protocol_package/smsm-dsh-wlt-journeys/03-customer-cart-checkout-order/J046.md,TASK-0016,BLOCKED_BY_FOUNDATION,FOUNDATION-00,ZERO_APPLICABLE_OPEN_GAPS_AND_SAME_SHA_EVIDENCE,
J046,J046-SL-02,2,Actors وهويات الخدمات,governance/operational_journey_protocol_package/smsm-dsh-wlt-journeys/03-customer-cart-checkout-order/J046.md,TASK-0016,BLOCKED_BY_FOUNDATION,J046-SL-01,ZERO_APPLICABLE_OPEN_GAPS_AND_SAME_SHA_EVIDENCE,
J046,J046-SL-03,3,التبعيات وشروط الدخول والخروج,governance/operational_journey_protocol_package/smsm-dsh-wlt-journeys/03-customer-cart-checkout-order/J046.md,TASK-0016,BLOCKED_BY_FOUNDATION,J046-SL-02,ZERO_APPLICABLE_OPEN_GAPS_AND_SAME_SHA_EVIDENCE,
J046,J046-SL-04,4,Identity/session/device,governance/operational_journey_protocol_package/smsm-dsh-wlt-journeys/03-customer-cart-checkout-order/J046.md,TASK-0016,BLOCKED_BY_FOUNDATION,J046-SL-03,ZERO_APPLICABLE_OPEN_GAPS_AND_SAME_SHA_EVIDENCE,
J046,J046-SL-05,5,Permission/trusted scope/object authorization,governance/operational_journey_protocol_package/smsm-dsh-wlt-journeys/03-customer-cart-checkout-order/J046.md,TASK-0016,BLOCKED_BY_FOUNDATION,J046-SL-04,ZERO_APPLICABLE_OPEN_GAPS_AND_SAME_SHA_EVIDENCE,
J046,J046-SL-06,6,Entrypoints/routes/deep links/navigation,governance/operational_journey_protocol_package/smsm-dsh-wlt-journeys/03-customer-cart-checkout-order/J046.md,TASK-0016,BLOCKED_BY_FOUNDATION,J046-SL-05,ZERO_APPLICABLE_OPEN_GAPS_AND_SAME_SHA_EVIDENCE,
J046,J046-SL-07,7,Screens/pages/tabs/buttons/icons/forms,governance/operational_journey_protocol_package/smsm-dsh-wlt-journeys/03-customer-cart-checkout-order/J046.md,TASK-0016,BLOCKED_BY_FOUNDATION,J046-SL-06,ZERO_APPLICABLE_OPEN_GAPS_AND_SAME_SHA_EVIDENCE,
J046,J046-SL-08,8,Shared brain/view model/visible states,governance/operational_journey_protocol_package/smsm-dsh-wlt-journeys/03-customer-cart-checkout-order/J046.md,TASK-0016,BLOCKED_BY_FOUNDATION,J046-SL-07,ZERO_APPLICABLE_OPEN_GAPS_AND_SAME_SHA_EVIDENCE,
J046,J046-SL-09,9,OpenAPI/error/security/idempotency,governance/operational_journey_protocol_package/smsm-dsh-wlt-journeys/03-customer-cart-checkout-order/J046.md,TASK-0016,BLOCKED_BY_FOUNDATION,J046-SL-08,ZERO_APPLICABLE_OPEN_GAPS_AND_SAME_SHA_EVIDENCE,
J046,J046-SL-10,10,Generated clients/transports,governance/operational_journey_protocol_package/smsm-dsh-wlt-journeys/03-customer-cart-checkout-order/J046.md,TASK-0016,BLOCKED_BY_FOUNDATION,J046-SL-09,ZERO_APPLICABLE_OPEN_GAPS_AND_SAME_SHA_EVIDENCE,
J046,J046-SL-11,11,Backend handler/domain/repository,governance/operational_journey_protocol_package/smsm-dsh-wlt-journeys/03-customer-cart-checkout-order/J046.md,TASK-0016,BLOCKED_BY_FOUNDATION,J046-SL-10,ZERO_APPLICABLE_OPEN_GAPS_AND_SAME_SHA_EVIDENCE,
J046,J046-SL-12,12,State machine/allowed actions,governance/operational_journey_protocol_package/smsm-dsh-wlt-journeys/03-customer-cart-checkout-order/J046.md,TASK-0016,BLOCKED_BY_FOUNDATION,J046-SL-11,ZERO_APPLICABLE_OPEN_GAPS_AND_SAME_SHA_EVIDENCE,
J046,J046-SL-13,13,Database/migrations/constraints/indexes,governance/operational_journey_protocol_package/smsm-dsh-wlt-journeys/03-customer-cart-checkout-order/J046.md,TASK-0016,BLOCKED_BY_FOUNDATION,J046-SL-12,ZERO_APPLICABLE_OPEN_GAPS_AND_SAME_SHA_EVIDENCE,
J046,J046-SL-14,14,Events/outbox/inbox/jobs/DLQ,governance/operational_journey_protocol_package/smsm-dsh-wlt-journeys/03-customer-cart-checkout-order/J046.md,TASK-0016,BLOCKED_BY_FOUNDATION,J046-SL-13,ZERO_APPLICABLE_OPEN_GAPS_AND_SAME_SHA_EVIDENCE,
J046,J046-SL-15,15,Media/providers/cache/search,governance/operational_journey_protocol_package/smsm-dsh-wlt-journeys/03-customer-cart-checkout-order/J046.md,TASK-0016,BLOCKED_BY_FOUNDATION,J046-SL-14,ZERO_APPLICABLE_OPEN_GAPS_AND_SAME_SHA_EVIDENCE,
J046,J046-SL-16,16,DSH↔WLT financial boundary,governance/operational_journey_protocol_package/smsm-dsh-wlt-journeys/03-customer-cart-checkout-order/J046.md,TASK-0016,BLOCKED_BY_FOUNDATION,J046-SL-15,ZERO_APPLICABLE_OPEN_GAPS_AND_SAME_SHA_EVIDENCE,
J046,J046-SL-17,17,Concurrency/idempotency/unknown result,governance/operational_journey_protocol_package/smsm-dsh-wlt-journeys/03-customer-cart-checkout-order/J046.md,TASK-0016,BLOCKED_BY_FOUNDATION,J046-SL-16,ZERO_APPLICABLE_OPEN_GAPS_AND_SAME_SHA_EVIDENCE,
J046,J046-SL-18,18,Offline/retry/recovery,governance/operational_journey_protocol_package/smsm-dsh-wlt-journeys/03-customer-cart-checkout-order/J046.md,TASK-0016,BLOCKED_BY_FOUNDATION,J046-SL-17,ZERO_APPLICABLE_OPEN_GAPS_AND_SAME_SHA_EVIDENCE,
J046,J046-SL-19,19,Cross-surface readback,governance/operational_journey_protocol_package/smsm-dsh-wlt-journeys/03-customer-cart-checkout-order/J046.md,TASK-0016,BLOCKED_BY_FOUNDATION,J046-SL-18,ZERO_APPLICABLE_OPEN_GAPS_AND_SAME_SHA_EVIDENCE,
J046,J046-SL-20,20,Security/privacy/negative tests,governance/operational_journey_protocol_package/smsm-dsh-wlt-journeys/03-customer-cart-checkout-order/J046.md,TASK-0016,BLOCKED_BY_FOUNDATION,J046-SL-19,ZERO_APPLICABLE_OPEN_GAPS_AND_SAME_SHA_EVIDENCE,
J046,J046-SL-21,21,Audit/observability/performance,governance/operational_journey_protocol_package/smsm-dsh-wlt-journeys/03-customer-cart-checkout-order/J046.md,TASK-0016,BLOCKED_BY_FOUNDATION,J046-SL-20,ZERO_APPLICABLE_OPEN_GAPS_AND_SAME_SHA_EVIDENCE,
J046,J046-SL-22,22,Accessibility/RTL/localization,governance/operational_journey_protocol_package/smsm-dsh-wlt-journeys/03-customer-cart-checkout-order/J046.md,TASK-0016,BLOCKED_BY_FOUNDATION,J046-SL-21,ZERO_APPLICABLE_OPEN_GAPS_AND_SAME_SHA_EVIDENCE,
J046,J046-SL-23,23,Manual operational acceptance,governance/operational_journey_protocol_package/smsm-dsh-wlt-journeys/03-customer-cart-checkout-order/J046.md,TASK-0016,BLOCKED_BY_FOUNDATION,J046-SL-22,ZERO_APPLICABLE_OPEN_GAPS_AND_SAME_SHA_EVIDENCE,
J046,J046-SL-24,24,Cleanup/same-SHA evidence/closure,governance/operational_journey_protocol_package/smsm-dsh-wlt-journeys/03-customer-cart-checkout-order/J046.md,TASK-0016,BLOCKED_BY_FOUNDATION,J046-SL-23,ZERO_APPLICABLE_OPEN_GAPS_AND_SAME_SHA_EVIDENCE,
J047,J047-SL-01,1,Product Truth والنتيجة والثوابت,governance/operational_journey_protocol_package/smsm-dsh-wlt-journeys/03-customer-cart-checkout-order/J047.md,TASK-0016,BLOCKED_BY_FOUNDATION,FOUNDATION-00,ZERO_APPLICABLE_OPEN_GAPS_AND_SAME_SHA_EVIDENCE,
J047,J047-SL-02,2,Actors وهويات الخدمات,governance/operational_journey_protocol_package/smsm-dsh-wlt-journeys/03-customer-cart-checkout-order/J047.md,TASK-0016,BLOCKED_BY_FOUNDATION,J047-SL-01,ZERO_APPLICABLE_OPEN_GAPS_AND_SAME_SHA_EVIDENCE,
J047,J047-SL-03,3,التبعيات وشروط الدخول والخروج,governance/operational_journey_protocol_package/smsm-dsh-wlt-journeys/03-customer-cart-checkout-order/J047.md,TASK-0016,BLOCKED_BY_FOUNDATION,J047-SL-02,ZERO_APPLICABLE_OPEN_GAPS_AND_SAME_SHA_EVIDENCE,
J047,J047-SL-04,4,Identity/session/device,governance/operational_journey_protocol_package/smsm-dsh-wlt-journeys/03-customer-cart-checkout-order/J047.md,TASK-0016,BLOCKED_BY_FOUNDATION,J047-SL-03,ZERO_APPLICABLE_OPEN_GAPS_AND_SAME_SHA_EVIDENCE,
J047,J047-SL-05,5,Permission/trusted scope/object authorization,governance/operational_journey_protocol_package/smsm-dsh-wlt-journeys/03-customer-cart-checkout-order/J047.md,TASK-0016,BLOCKED_BY_FOUNDATION,J047-SL-04,ZERO_APPLICABLE_OPEN_GAPS_AND_SAME_SHA_EVIDENCE,
J047,J047-SL-06,6,Entrypoints/routes/deep links/navigation,governance/operational_journey_protocol_package/smsm-dsh-wlt-journeys/03-customer-cart-checkout-order/J047.md,TASK-0016,BLOCKED_BY_FOUNDATION,J047-SL-05,ZERO_APPLICABLE_OPEN_GAPS_AND_SAME_SHA_EVIDENCE,
J047,J047-SL-07,7,Screens/pages/tabs/buttons/icons/forms,governance/operational_journey_protocol_package/smsm-dsh-wlt-journeys/03-customer-cart-checkout-order/J047.md,TASK-0016,BLOCKED_BY_FOUNDATION,J047-SL-06,ZERO_APPLICABLE_OPEN_GAPS_AND_SAME_SHA_EVIDENCE,
J047,J047-SL-08,8,Shared brain/view model/visible states,governance/operational_journey_protocol_package/smsm-dsh-wlt-journeys/03-customer-cart-checkout-order/J047.md,TASK-0016,BLOCKED_BY_FOUNDATION,J047-SL-07,ZERO_APPLICABLE_OPEN_GAPS_AND_SAME_SHA_EVIDENCE,
J047,J047-SL-09,9,OpenAPI/error/security/idempotency,governance/operational_journey_protocol_package/smsm-dsh-wlt-journeys/03-customer-cart-checkout-order/J047.md,TASK-0016,BLOCKED_BY_FOUNDATION,J047-SL-08,ZERO_APPLICABLE_OPEN_GAPS_AND_SAME_SHA_EVIDENCE,
J047,J047-SL-10,10,Generated clients/transports,governance/operational_journey_protocol_package/smsm-dsh-wlt-journeys/03-customer-cart-checkout-order/J047.md,TASK-0016,BLOCKED_BY_FOUNDATION,J047-SL-09,ZERO_APPLICABLE_OPEN_GAPS_AND_SAME_SHA_EVIDENCE,
J047,J047-SL-11,11,Backend handler/domain/repository,governance/operational_journey_protocol_package/smsm-dsh-wlt-journeys/03-customer-cart-checkout-order/J047.md,TASK-0016,BLOCKED_BY_FOUNDATION,J047-SL-10,ZERO_APPLICABLE_OPEN_GAPS_AND_SAME_SHA_EVIDENCE,
J047,J047-SL-12,12,State machine/allowed actions,governance/operational_journey_protocol_package/smsm-dsh-wlt-journeys/03-customer-cart-checkout-order/J047.md,TASK-0016,BLOCKED_BY_FOUNDATION,J047-SL-11,ZERO_APPLICABLE_OPEN_GAPS_AND_SAME_SHA_EVIDENCE,
J047,J047-SL-13,13,Database/migrations/constraints/indexes,governance/operational_journey_protocol_package/smsm-dsh-wlt-journeys/03-customer-cart-checkout-order/J047.md,TASK-0016,BLOCKED_BY_FOUNDATION,J047-SL-12,ZERO_APPLICABLE_OPEN_GAPS_AND_SAME_SHA_EVIDENCE,
J047,J047-SL-14,14,Events/outbox/inbox/jobs/DLQ,governance/operational_journey_protocol_package/smsm-dsh-wlt-journeys/03-customer-cart-checkout-order/J047.md,TASK-0016,BLOCKED_BY_FOUNDATION,J047-SL-13,ZERO_APPLICABLE_OPEN_GAPS_AND_SAME_SHA_EVIDENCE,
J047,J047-SL-15,15,Media/providers/cache/search,governance/operational_journey_protocol_package/smsm-dsh-wlt-journeys/03-customer-cart-checkout-order/J047.md,TASK-0016,BLOCKED_BY_FOUNDATION,J047-SL-14,ZERO_APPLICABLE_OPEN_GAPS_AND_SAME_SHA_EVIDENCE,
J047,J047-SL-16,16,DSH↔WLT financial boundary,governance/operational_journey_protocol_package/smsm-dsh-wlt-journeys/03-customer-cart-checkout-order/J047.md,TASK-0016,BLOCKED_BY_FOUNDATION,J047-SL-15,ZERO_APPLICABLE_OPEN_GAPS_AND_SAME_SHA_EVIDENCE,
J047,J047-SL-17,17,Concurrency/idempotency/unknown result,governance/operational_journey_protocol_package/smsm-dsh-wlt-journeys/03-customer-cart-checkout-order/J047.md,TASK-0016,BLOCKED_BY_FOUNDATION,J047-SL-16,ZERO_APPLICABLE_OPEN_GAPS_AND_SAME_SHA_EVIDENCE,
J047,J047-SL-18,18,Offline/retry/recovery,governance/operational_journey_protocol_package/smsm-dsh-wlt-journeys/03-customer-cart-checkout-order/J047.md,TASK-0016,BLOCKED_BY_FOUNDATION,J047-SL-17,ZERO_APPLICABLE_OPEN_GAPS_AND_SAME_SHA_EVIDENCE,
J047,J047-SL-19,19,Cross-surface readback,governance/operational_journey_protocol_package/smsm-dsh-wlt-journeys/03-customer-cart-checkout-order/J047.md,TASK-0016,BLOCKED_BY_FOUNDATION,J047-SL-18,ZERO_APPLICABLE_OPEN_GAPS_AND_SAME_SHA_EVIDENCE,
J047,J047-SL-20,20,Security/privacy/negative tests,governance/operational_journey_protocol_package/smsm-dsh-wlt-journeys/03-customer-cart-checkout-order/J047.md,TASK-0016,BLOCKED_BY_FOUNDATION,J047-SL-19,ZERO_APPLICABLE_OPEN_GAPS_AND_SAME_SHA_EVIDENCE,
J047,J047-SL-21,21,Audit/observability/performance,governance/operational_journey_protocol_package/smsm-dsh-wlt-journeys/03-customer-cart-checkout-order/J047.md,TASK-0016,BLOCKED_BY_FOUNDATION,J047-SL-20,ZERO_APPLICABLE_OPEN_GAPS_AND_SAME_SHA_EVIDENCE,
J047,J047-SL-22,22,Accessibility/RTL/localization,governance/operational_journey_protocol_package/smsm-dsh-wlt-journeys/03-customer-cart-checkout-order/J047.md,TASK-0016,BLOCKED_BY_FOUNDATION,J047-SL-21,ZERO_APPLICABLE_OPEN_GAPS_AND_SAME_SHA_EVIDENCE,
J047,J047-SL-23,23,Manual operational acceptance,governance/operational_journey_protocol_package/smsm-dsh-wlt-journeys/03-customer-cart-checkout-order/J047.md,TASK-0016,BLOCKED_BY_FOUNDATION,J047-SL-22,ZERO_APPLICABLE_OPEN_GAPS_AND_SAME_SHA_EVIDENCE,
J047,J047-SL-24,24,Cleanup/same-SHA evidence/closure,governance/operational_journey_protocol_package/smsm-dsh-wlt-journeys/03-customer-cart-checkout-order/J047.md,TASK-0016,BLOCKED_BY_FOUNDATION,J047-SL-23,ZERO_APPLICABLE_OPEN_GAPS_AND_SAME_SHA_EVIDENCE,
J048,J048-SL-01,1,Product Truth والنتيجة والثوابت,governance/operational_journey_protocol_package/smsm-dsh-wlt-journeys/03-customer-cart-checkout-order/J048.md,TASK-0016,BLOCKED_BY_FOUNDATION,FOUNDATION-00,ZERO_APPLICABLE_OPEN_GAPS_AND_SAME_SHA_EVIDENCE,
J048,J048-SL-02,2,Actors وهويات الخدمات,governance/operational_journey_protocol_package/smsm-dsh-wlt-journeys/03-customer-cart-checkout-order/J048.md,TASK-0016,BLOCKED_BY_FOUNDATION,J048-SL-01,ZERO_APPLICABLE_OPEN_GAPS_AND_SAME_SHA_EVIDENCE,
J048,J048-SL-03,3,التبعيات وشروط الدخول والخروج,governance/operational_journey_protocol_package/smsm-dsh-wlt-journeys/03-customer-cart-checkout-order/J048.md,TASK-0016,BLOCKED_BY_FOUNDATION,J048-SL-02,ZERO_APPLICABLE_OPEN_GAPS_AND_SAME_SHA_EVIDENCE,
J048,J048-SL-04,4,Identity/session/device,governance/operational_journey_protocol_package/smsm-dsh-wlt-journeys/03-customer-cart-checkout-order/J048.md,TASK-0016,BLOCKED_BY_FOUNDATION,J048-SL-03,ZERO_APPLICABLE_OPEN_GAPS_AND_SAME_SHA_EVIDENCE,
J048,J048-SL-05,5,Permission/trusted scope/object authorization,governance/operational_journey_protocol_package/smsm-dsh-wlt-journeys/03-customer-cart-checkout-order/J048.md,TASK-0016,BLOCKED_BY_FOUNDATION,J048-SL-04,ZERO_APPLICABLE_OPEN_GAPS_AND_SAME_SHA_EVIDENCE,
J048,J048-SL-06,6,Entrypoints/routes/deep links/navigation,governance/operational_journey_protocol_package/smsm-dsh-wlt-journeys/03-customer-cart-checkout-order/J048.md,TASK-0016,BLOCKED_BY_FOUNDATION,J048-SL-05,ZERO_APPLICABLE_OPEN_GAPS_AND_SAME_SHA_EVIDENCE,
J048,J048-SL-07,7,Screens/pages/tabs/buttons/icons/forms,governance/operational_journey_protocol_package/smsm-dsh-wlt-journeys/03-customer-cart-checkout-order/J048.md,TASK-0016,BLOCKED_BY_FOUNDATION,J048-SL-06,ZERO_APPLICABLE_OPEN_GAPS_AND_SAME_SHA_EVIDENCE,
J048,J048-SL-08,8,Shared brain/view model/visible states,governance/operational_journey_protocol_package/smsm-dsh-wlt-journeys/03-customer-cart-checkout-order/J048.md,TASK-0016,BLOCKED_BY_FOUNDATION,J048-SL-07,ZERO_APPLICABLE_OPEN_GAPS_AND_SAME_SHA_EVIDENCE,
J048,J048-SL-09,9,OpenAPI/error/security/idempotency,governance/operational_journey_protocol_package/smsm-dsh-wlt-journeys/03-customer-cart-checkout-order/J048.md,TASK-0016,BLOCKED_BY_FOUNDATION,J048-SL-08,ZERO_APPLICABLE_OPEN_GAPS_AND_SAME_SHA_EVIDENCE,
J048,J048-SL-10,10,Generated clients/transports,governance/operational_journey_protocol_package/smsm-dsh-wlt-journeys/03-customer-cart-checkout-order/J048.md,TASK-0016,BLOCKED_BY_FOUNDATION,J048-SL-09,ZERO_APPLICABLE_OPEN_GAPS_AND_SAME_SHA_EVIDENCE,
J048,J048-SL-11,11,Backend handler/domain/repository,governance/operational_journey_protocol_package/smsm-dsh-wlt-journeys/03-customer-cart-checkout-order/J048.md,TASK-0016,BLOCKED_BY_FOUNDATION,J048-SL-10,ZERO_APPLICABLE_OPEN_GAPS_AND_SAME_SHA_EVIDENCE,
J048,J048-SL-12,12,State machine/allowed actions,governance/operational_journey_protocol_package/smsm-dsh-wlt-journeys/03-customer-cart-checkout-order/J048.md,TASK-0016,BLOCKED_BY_FOUNDATION,J048-SL-11,ZERO_APPLICABLE_OPEN_GAPS_AND_SAME_SHA_EVIDENCE,
J048,J048-SL-13,13,Database/migrations/constraints/indexes,governance/operational_journey_protocol_package/smsm-dsh-wlt-journeys/03-customer-cart-checkout-order/J048.md,TASK-0016,BLOCKED_BY_FOUNDATION,J048-SL-12,ZERO_APPLICABLE_OPEN_GAPS_AND_SAME_SHA_EVIDENCE,
J048,J048-SL-14,14,Events/outbox/inbox/jobs/DLQ,governance/operational_journey_protocol_package/smsm-dsh-wlt-journeys/03-customer-cart-checkout-order/J048.md,TASK-0016,BLOCKED_BY_FOUNDATION,J048-SL-13,ZERO_APPLICABLE_OPEN_GAPS_AND_SAME_SHA_EVIDENCE,
J048,J048-SL-15,15,Media/providers/cache/search,governance/operational_journey_protocol_package/smsm-dsh-wlt-journeys/03-customer-cart-checkout-order/J048.md,TASK-0016,BLOCKED_BY_FOUNDATION,J048-SL-14,ZERO_APPLICABLE_OPEN_GAPS_AND_SAME_SHA_EVIDENCE,
J048,J048-SL-16,16,DSH↔WLT financial boundary,governance/operational_journey_protocol_package/smsm-dsh-wlt-journeys/03-customer-cart-checkout-order/J048.md,TASK-0016,BLOCKED_BY_FOUNDATION,J048-SL-15,ZERO_APPLICABLE_OPEN_GAPS_AND_SAME_SHA_EVIDENCE,
J048,J048-SL-17,17,Concurrency/idempotency/unknown result,governance/operational_journey_protocol_package/smsm-dsh-wlt-journeys/03-customer-cart-checkout-order/J048.md,TASK-0016,BLOCKED_BY_FOUNDATION,J048-SL-16,ZERO_APPLICABLE_OPEN_GAPS_AND_SAME_SHA_EVIDENCE,
J048,J048-SL-18,18,Offline/retry/recovery,governance/operational_journey_protocol_package/smsm-dsh-wlt-journeys/03-customer-cart-checkout-order/J048.md,TASK-0016,BLOCKED_BY_FOUNDATION,J048-SL-17,ZERO_APPLICABLE_OPEN_GAPS_AND_SAME_SHA_EVIDENCE,
J048,J048-SL-19,19,Cross-surface readback,governance/operational_journey_protocol_package/smsm-dsh-wlt-journeys/03-customer-cart-checkout-order/J048.md,TASK-0016,BLOCKED_BY_FOUNDATION,J048-SL-18,ZERO_APPLICABLE_OPEN_GAPS_AND_SAME_SHA_EVIDENCE,
J048,J048-SL-20,20,Security/privacy/negative tests,governance/operational_journey_protocol_package/smsm-dsh-wlt-journeys/03-customer-cart-checkout-order/J048.md,TASK-0016,BLOCKED_BY_FOUNDATION,J048-SL-19,ZERO_APPLICABLE_OPEN_GAPS_AND_SAME_SHA_EVIDENCE,
J048,J048-SL-21,21,Audit/observability/performance,governance/operational_journey_protocol_package/smsm-dsh-wlt-journeys/03-customer-cart-checkout-order/J048.md,TASK-0016,BLOCKED_BY_FOUNDATION,J048-SL-20,ZERO_APPLICABLE_OPEN_GAPS_AND_SAME_SHA_EVIDENCE,
J048,J048-SL-22,22,Accessibility/RTL/localization,governance/operational_journey_protocol_package/smsm-dsh-wlt-journeys/03-customer-cart-checkout-order/J048.md,TASK-0016,BLOCKED_BY_FOUNDATION,J048-SL-21,ZERO_APPLICABLE_OPEN_GAPS_AND_SAME_SHA_EVIDENCE,
J048,J048-SL-23,23,Manual operational acceptance,governance/operational_journey_protocol_package/smsm-dsh-wlt-journeys/03-customer-cart-checkout-order/J048.md,TASK-0016,BLOCKED_BY_FOUNDATION,J048-SL-22,ZERO_APPLICABLE_OPEN_GAPS_AND_SAME_SHA_EVIDENCE,
J048,J048-SL-24,24,Cleanup/same-SHA evidence/closure,governance/operational_journey_protocol_package/smsm-dsh-wlt-journeys/03-customer-cart-checkout-order/J048.md,TASK-0016,BLOCKED_BY_FOUNDATION,J048-SL-23,ZERO_APPLICABLE_OPEN_GAPS_AND_SAME_SHA_EVIDENCE,
J049,J049-SL-01,1,Product Truth والنتيجة والثوابت,governance/operational_journey_protocol_package/smsm-dsh-wlt-journeys/03-customer-cart-checkout-order/J049.md,TASK-0016,BLOCKED_BY_FOUNDATION,FOUNDATION-00,ZERO_APPLICABLE_OPEN_GAPS_AND_SAME_SHA_EVIDENCE,
J049,J049-SL-02,2,Actors وهويات الخدمات,governance/operational_journey_protocol_package/smsm-dsh-wlt-journeys/03-customer-cart-checkout-order/J049.md,TASK-0016,BLOCKED_BY_FOUNDATION,J049-SL-01,ZERO_APPLICABLE_OPEN_GAPS_AND_SAME_SHA_EVIDENCE,
J049,J049-SL-03,3,التبعيات وشروط الدخول والخروج,governance/operational_journey_protocol_package/smsm-dsh-wlt-journeys/03-customer-cart-checkout-order/J049.md,TASK-0016,BLOCKED_BY_FOUNDATION,J049-SL-02,ZERO_APPLICABLE_OPEN_GAPS_AND_SAME_SHA_EVIDENCE,
J049,J049-SL-04,4,Identity/session/device,governance/operational_journey_protocol_package/smsm-dsh-wlt-journeys/03-customer-cart-checkout-order/J049.md,TASK-0016,BLOCKED_BY_FOUNDATION,J049-SL-03,ZERO_APPLICABLE_OPEN_GAPS_AND_SAME_SHA_EVIDENCE,
J049,J049-SL-05,5,Permission/trusted scope/object authorization,governance/operational_journey_protocol_package/smsm-dsh-wlt-journeys/03-customer-cart-checkout-order/J049.md,TASK-0016,BLOCKED_BY_FOUNDATION,J049-SL-04,ZERO_APPLICABLE_OPEN_GAPS_AND_SAME_SHA_EVIDENCE,
J049,J049-SL-06,6,Entrypoints/routes/deep links/navigation,governance/operational_journey_protocol_package/smsm-dsh-wlt-journeys/03-customer-cart-checkout-order/J049.md,TASK-0016,BLOCKED_BY_FOUNDATION,J049-SL-05,ZERO_APPLICABLE_OPEN_GAPS_AND_SAME_SHA_EVIDENCE,
J049,J049-SL-07,7,Screens/pages/tabs/buttons/icons/forms,governance/operational_journey_protocol_package/smsm-dsh-wlt-journeys/03-customer-cart-checkout-order/J049.md,TASK-0016,BLOCKED_BY_FOUNDATION,J049-SL-06,ZERO_APPLICABLE_OPEN_GAPS_AND_SAME_SHA_EVIDENCE,
J049,J049-SL-08,8,Shared brain/view model/visible states,governance/operational_journey_protocol_package/smsm-dsh-wlt-journeys/03-customer-cart-checkout-order/J049.md,TASK-0016,BLOCKED_BY_FOUNDATION,J049-SL-07,ZERO_APPLICABLE_OPEN_GAPS_AND_SAME_SHA_EVIDENCE,
J049,J049-SL-09,9,OpenAPI/error/security/idempotency,governance/operational_journey_protocol_package/smsm-dsh-wlt-journeys/03-customer-cart-checkout-order/J049.md,TASK-0016,BLOCKED_BY_FOUNDATION,J049-SL-08,ZERO_APPLICABLE_OPEN_GAPS_AND_SAME_SHA_EVIDENCE,
J049,J049-SL-10,10,Generated clients/transports,governance/operational_journey_protocol_package/smsm-dsh-wlt-journeys/03-customer-cart-checkout-order/J049.md,TASK-0016,BLOCKED_BY_FOUNDATION,J049-SL-09,ZERO_APPLICABLE_OPEN_GAPS_AND_SAME_SHA_EVIDENCE,
J049,J049-SL-11,11,Backend handler/domain/repository,governance/operational_journey_protocol_package/smsm-dsh-wlt-journeys/03-customer-cart-checkout-order/J049.md,TASK-0016,BLOCKED_BY_FOUNDATION,J049-SL-10,ZERO_APPLICABLE_OPEN_GAPS_AND_SAME_SHA_EVIDENCE,
J049,J049-SL-12,12,State machine/allowed actions,governance/operational_journey_protocol_package/smsm-dsh-wlt-journeys/03-customer-cart-checkout-order/J049.md,TASK-0016,BLOCKED_BY_FOUNDATION,J049-SL-11,ZERO_APPLICABLE_OPEN_GAPS_AND_SAME_SHA_EVIDENCE,
J049,J049-SL-13,13,Database/migrations/constraints/indexes,governance/operational_journey_protocol_package/smsm-dsh-wlt-journeys/03-customer-cart-checkout-order/J049.md,TASK-0016,BLOCKED_BY_FOUNDATION,J049-SL-12,ZERO_APPLICABLE_OPEN_GAPS_AND_SAME_SHA_EVIDENCE,
J049,J049-SL-14,14,Events/outbox/inbox/jobs/DLQ,governance/operational_journey_protocol_package/smsm-dsh-wlt-journeys/03-customer-cart-checkout-order/J049.md,TASK-0016,BLOCKED_BY_FOUNDATION,J049-SL-13,ZERO_APPLICABLE_OPEN_GAPS_AND_SAME_SHA_EVIDENCE,
J049,J049-SL-15,15,Media/providers/cache/search,governance/operational_journey_protocol_package/smsm-dsh-wlt-journeys/03-customer-cart-checkout-order/J049.md,TASK-0016,BLOCKED_BY_FOUNDATION,J049-SL-14,ZERO_APPLICABLE_OPEN_GAPS_AND_SAME_SHA_EVIDENCE,
J049,J049-SL-16,16,DSH↔WLT financial boundary,governance/operational_journey_protocol_package/smsm-dsh-wlt-journeys/03-customer-cart-checkout-order/J049.md,TASK-0016,BLOCKED_BY_FOUNDATION,J049-SL-15,ZERO_APPLICABLE_OPEN_GAPS_AND_SAME_SHA_EVIDENCE,
J049,J049-SL-17,17,Concurrency/idempotency/unknown result,governance/operational_journey_protocol_package/smsm-dsh-wlt-journeys/03-customer-cart-checkout-order/J049.md,TASK-0016,BLOCKED_BY_FOUNDATION,J049-SL-16,ZERO_APPLICABLE_OPEN_GAPS_AND_SAME_SHA_EVIDENCE,
J049,J049-SL-18,18,Offline/retry/recovery,governance/operational_journey_protocol_package/smsm-dsh-wlt-journeys/03-customer-cart-checkout-order/J049.md,TASK-0016,BLOCKED_BY_FOUNDATION,J049-SL-17,ZERO_APPLICABLE_OPEN_GAPS_AND_SAME_SHA_EVIDENCE,
J049,J049-SL-19,19,Cross-surface readback,governance/operational_journey_protocol_package/smsm-dsh-wlt-journeys/03-customer-cart-checkout-order/J049.md,TASK-0016,BLOCKED_BY_FOUNDATION,J049-SL-18,ZERO_APPLICABLE_OPEN_GAPS_AND_SAME_SHA_EVIDENCE,
J049,J049-SL-20,20,Security/privacy/negative tests,governance/operational_journey_protocol_package/smsm-dsh-wlt-journeys/03-customer-cart-checkout-order/J049.md,TASK-0016,BLOCKED_BY_FOUNDATION,J049-SL-19,ZERO_APPLICABLE_OPEN_GAPS_AND_SAME_SHA_EVIDENCE,
J049,J049-SL-21,21,Audit/observability/performance,governance/operational_journey_protocol_package/smsm-dsh-wlt-journeys/03-customer-cart-checkout-order/J049.md,TASK-0016,BLOCKED_BY_FOUNDATION,J049-SL-20,ZERO_APPLICABLE_OPEN_GAPS_AND_SAME_SHA_EVIDENCE,
J049,J049-SL-22,22,Accessibility/RTL/localization,governance/operational_journey_protocol_package/smsm-dsh-wlt-journeys/03-customer-cart-checkout-order/J049.md,TASK-0016,BLOCKED_BY_FOUNDATION,J049-SL-21,ZERO_APPLICABLE_OPEN_GAPS_AND_SAME_SHA_EVIDENCE,
J049,J049-SL-23,23,Manual operational acceptance,governance/operational_journey_protocol_package/smsm-dsh-wlt-journeys/03-customer-cart-checkout-order/J049.md,TASK-0016,BLOCKED_BY_FOUNDATION,J049-SL-22,ZERO_APPLICABLE_OPEN_GAPS_AND_SAME_SHA_EVIDENCE,
J049,J049-SL-24,24,Cleanup/same-SHA evidence/closure,governance/operational_journey_protocol_package/smsm-dsh-wlt-journeys/03-customer-cart-checkout-order/J049.md,TASK-0016,BLOCKED_BY_FOUNDATION,J049-SL-23,ZERO_APPLICABLE_OPEN_GAPS_AND_SAME_SHA_EVIDENCE,
J050,J050-SL-01,1,Product Truth والنتيجة والثوابت,governance/operational_journey_protocol_package/smsm-dsh-wlt-journeys/03-customer-cart-checkout-order/J050.md,TASK-0016,BLOCKED_BY_FOUNDATION,FOUNDATION-00,ZERO_APPLICABLE_OPEN_GAPS_AND_SAME_SHA_EVIDENCE,
J050,J050-SL-02,2,Actors وهويات الخدمات,governance/operational_journey_protocol_package/smsm-dsh-wlt-journeys/03-customer-cart-checkout-order/J050.md,TASK-0016,BLOCKED_BY_FOUNDATION,J050-SL-01,ZERO_APPLICABLE_OPEN_GAPS_AND_SAME_SHA_EVIDENCE,
J050,J050-SL-03,3,التبعيات وشروط الدخول والخروج,governance/operational_journey_protocol_package/smsm-dsh-wlt-journeys/03-customer-cart-checkout-order/J050.md,TASK-0016,BLOCKED_BY_FOUNDATION,J050-SL-02,ZERO_APPLICABLE_OPEN_GAPS_AND_SAME_SHA_EVIDENCE,
J050,J050-SL-04,4,Identity/session/device,governance/operational_journey_protocol_package/smsm-dsh-wlt-journeys/03-customer-cart-checkout-order/J050.md,TASK-0016,BLOCKED_BY_FOUNDATION,J050-SL-03,ZERO_APPLICABLE_OPEN_GAPS_AND_SAME_SHA_EVIDENCE,
J050,J050-SL-05,5,Permission/trusted scope/object authorization,governance/operational_journey_protocol_package/smsm-dsh-wlt-journeys/03-customer-cart-checkout-order/J050.md,TASK-0016,BLOCKED_BY_FOUNDATION,J050-SL-04,ZERO_APPLICABLE_OPEN_GAPS_AND_SAME_SHA_EVIDENCE,
J050,J050-SL-06,6,Entrypoints/routes/deep links/navigation,governance/operational_journey_protocol_package/smsm-dsh-wlt-journeys/03-customer-cart-checkout-order/J050.md,TASK-0016,BLOCKED_BY_FOUNDATION,J050-SL-05,ZERO_APPLICABLE_OPEN_GAPS_AND_SAME_SHA_EVIDENCE,
J050,J050-SL-07,7,Screens/pages/tabs/buttons/icons/forms,governance/operational_journey_protocol_package/smsm-dsh-wlt-journeys/03-customer-cart-checkout-order/J050.md,TASK-0016,BLOCKED_BY_FOUNDATION,J050-SL-06,ZERO_APPLICABLE_OPEN_GAPS_AND_SAME_SHA_EVIDENCE,
J050,J050-SL-08,8,Shared brain/view model/visible states,governance/operational_journey_protocol_package/smsm-dsh-wlt-journeys/03-customer-cart-checkout-order/J050.md,TASK-0016,BLOCKED_BY_FOUNDATION,J050-SL-07,ZERO_APPLICABLE_OPEN_GAPS_AND_SAME_SHA_EVIDENCE,
J050,J050-SL-09,9,OpenAPI/error/security/idempotency,governance/operational_journey_protocol_package/smsm-dsh-wlt-journeys/03-customer-cart-checkout-order/J050.md,TASK-0016,BLOCKED_BY_FOUNDATION,J050-SL-08,ZERO_APPLICABLE_OPEN_GAPS_AND_SAME_SHA_EVIDENCE,
J050,J050-SL-10,10,Generated clients/transports,governance/operational_journey_protocol_package/smsm-dsh-wlt-journeys/03-customer-cart-checkout-order/J050.md,TASK-0016,BLOCKED_BY_FOUNDATION,J050-SL-09,ZERO_APPLICABLE_OPEN_GAPS_AND_SAME_SHA_EVIDENCE,
J050,J050-SL-11,11,Backend handler/domain/repository,governance/operational_journey_protocol_package/smsm-dsh-wlt-journeys/03-customer-cart-checkout-order/J050.md,TASK-0016,BLOCKED_BY_FOUNDATION,J050-SL-10,ZERO_APPLICABLE_OPEN_GAPS_AND_SAME_SHA_EVIDENCE,
J050,J050-SL-12,12,State machine/allowed actions,governance/operational_journey_protocol_package/smsm-dsh-wlt-journeys/03-customer-cart-checkout-order/J050.md,TASK-0016,BLOCKED_BY_FOUNDATION,J050-SL-11,ZERO_APPLICABLE_OPEN_GAPS_AND_SAME_SHA_EVIDENCE,
J050,J050-SL-13,13,Database/migrations/constraints/indexes,governance/operational_journey_protocol_package/smsm-dsh-wlt-journeys/03-customer-cart-checkout-order/J050.md,TASK-0016,BLOCKED_BY_FOUNDATION,J050-SL-12,ZERO_APPLICABLE_OPEN_GAPS_AND_SAME_SHA_EVIDENCE,
J050,J050-SL-14,14,Events/outbox/inbox/jobs/DLQ,governance/operational_journey_protocol_package/smsm-dsh-wlt-journeys/03-customer-cart-checkout-order/J050.md,TASK-0016,BLOCKED_BY_FOUNDATION,J050-SL-13,ZERO_APPLICABLE_OPEN_GAPS_AND_SAME_SHA_EVIDENCE,
J050,J050-SL-15,15,Media/providers/cache/search,governance/operational_journey_protocol_package/smsm-dsh-wlt-journeys/03-customer-cart-checkout-order/J050.md,TASK-0016,BLOCKED_BY_FOUNDATION,J050-SL-14,ZERO_APPLICABLE_OPEN_GAPS_AND_SAME_SHA_EVIDENCE,
J050,J050-SL-16,16,DSH↔WLT financial boundary,governance/operational_journey_protocol_package/smsm-dsh-wlt-journeys/03-customer-cart-checkout-order/J050.md,TASK-0016,BLOCKED_BY_FOUNDATION,J050-SL-15,ZERO_APPLICABLE_OPEN_GAPS_AND_SAME_SHA_EVIDENCE,
J050,J050-SL-17,17,Concurrency/idempotency/unknown result,governance/operational_journey_protocol_package/smsm-dsh-wlt-journeys/03-customer-cart-checkout-order/J050.md,TASK-0016,BLOCKED_BY_FOUNDATION,J050-SL-16,ZERO_APPLICABLE_OPEN_GAPS_AND_SAME_SHA_EVIDENCE,
J050,J050-SL-18,18,Offline/retry/recovery,governance/operational_journey_protocol_package/smsm-dsh-wlt-journeys/03-customer-cart-checkout-order/J050.md,TASK-0016,BLOCKED_BY_FOUNDATION,J050-SL-17,ZERO_APPLICABLE_OPEN_GAPS_AND_SAME_SHA_EVIDENCE,
J050,J050-SL-19,19,Cross-surface readback,governance/operational_journey_protocol_package/smsm-dsh-wlt-journeys/03-customer-cart-checkout-order/J050.md,TASK-0016,BLOCKED_BY_FOUNDATION,J050-SL-18,ZERO_APPLICABLE_OPEN_GAPS_AND_SAME_SHA_EVIDENCE,
J050,J050-SL-20,20,Security/privacy/negative tests,governance/operational_journey_protocol_package/smsm-dsh-wlt-journeys/03-customer-cart-checkout-order/J050.md,TASK-0016,BLOCKED_BY_FOUNDATION,J050-SL-19,ZERO_APPLICABLE_OPEN_GAPS_AND_SAME_SHA_EVIDENCE,
J050,J050-SL-21,21,Audit/observability/performance,governance/operational_journey_protocol_package/smsm-dsh-wlt-journeys/03-customer-cart-checkout-order/J050.md,TASK-0016,BLOCKED_BY_FOUNDATION,J050-SL-20,ZERO_APPLICABLE_OPEN_GAPS_AND_SAME_SHA_EVIDENCE,
J050,J050-SL-22,22,Accessibility/RTL/localization,governance/operational_journey_protocol_package/smsm-dsh-wlt-journeys/03-customer-cart-checkout-order/J050.md,TASK-0016,BLOCKED_BY_FOUNDATION,J050-SL-21,ZERO_APPLICABLE_OPEN_GAPS_AND_SAME_SHA_EVIDENCE,
J050,J050-SL-23,23,Manual operational acceptance,governance/operational_journey_protocol_package/smsm-dsh-wlt-journeys/03-customer-cart-checkout-order/J050.md,TASK-0016,BLOCKED_BY_FOUNDATION,J050-SL-22,ZERO_APPLICABLE_OPEN_GAPS_AND_SAME_SHA_EVIDENCE,
J050,J050-SL-24,24,Cleanup/same-SHA evidence/closure,governance/operational_journey_protocol_package/smsm-dsh-wlt-journeys/03-customer-cart-checkout-order/J050.md,TASK-0016,BLOCKED_BY_FOUNDATION,J050-SL-23,ZERO_APPLICABLE_OPEN_GAPS_AND_SAME_SHA_EVIDENCE,
J051,J051-SL-01,1,Product Truth والنتيجة والثوابت,governance/operational_journey_protocol_package/smsm-dsh-wlt-journeys/03-customer-cart-checkout-order/J051.md,TASK-0016,BLOCKED_BY_FOUNDATION,FOUNDATION-00,ZERO_APPLICABLE_OPEN_GAPS_AND_SAME_SHA_EVIDENCE,
J051,J051-SL-02,2,Actors وهويات الخدمات,governance/operational_journey_protocol_package/smsm-dsh-wlt-journeys/03-customer-cart-checkout-order/J051.md,TASK-0016,BLOCKED_BY_FOUNDATION,J051-SL-01,ZERO_APPLICABLE_OPEN_GAPS_AND_SAME_SHA_EVIDENCE,
J051,J051-SL-03,3,التبعيات وشروط الدخول والخروج,governance/operational_journey_protocol_package/smsm-dsh-wlt-journeys/03-customer-cart-checkout-order/J051.md,TASK-0016,BLOCKED_BY_FOUNDATION,J051-SL-02,ZERO_APPLICABLE_OPEN_GAPS_AND_SAME_SHA_EVIDENCE,
J051,J051-SL-04,4,Identity/session/device,governance/operational_journey_protocol_package/smsm-dsh-wlt-journeys/03-customer-cart-checkout-order/J051.md,TASK-0016,BLOCKED_BY_FOUNDATION,J051-SL-03,ZERO_APPLICABLE_OPEN_GAPS_AND_SAME_SHA_EVIDENCE,
J051,J051-SL-05,5,Permission/trusted scope/object authorization,governance/operational_journey_protocol_package/smsm-dsh-wlt-journeys/03-customer-cart-checkout-order/J051.md,TASK-0016,BLOCKED_BY_FOUNDATION,J051-SL-04,ZERO_APPLICABLE_OPEN_GAPS_AND_SAME_SHA_EVIDENCE,
J051,J051-SL-06,6,Entrypoints/routes/deep links/navigation,governance/operational_journey_protocol_package/smsm-dsh-wlt-journeys/03-customer-cart-checkout-order/J051.md,TASK-0016,BLOCKED_BY_FOUNDATION,J051-SL-05,ZERO_APPLICABLE_OPEN_GAPS_AND_SAME_SHA_EVIDENCE,
J051,J051-SL-07,7,Screens/pages/tabs/buttons/icons/forms,governance/operational_journey_protocol_package/smsm-dsh-wlt-journeys/03-customer-cart-checkout-order/J051.md,TASK-0016,BLOCKED_BY_FOUNDATION,J051-SL-06,ZERO_APPLICABLE_OPEN_GAPS_AND_SAME_SHA_EVIDENCE,
J051,J051-SL-08,8,Shared brain/view model/visible states,governance/operational_journey_protocol_package/smsm-dsh-wlt-journeys/03-customer-cart-checkout-order/J051.md,TASK-0016,BLOCKED_BY_FOUNDATION,J051-SL-07,ZERO_APPLICABLE_OPEN_GAPS_AND_SAME_SHA_EVIDENCE,
J051,J051-SL-09,9,OpenAPI/error/security/idempotency,governance/operational_journey_protocol_package/smsm-dsh-wlt-journeys/03-customer-cart-checkout-order/J051.md,TASK-0016,BLOCKED_BY_FOUNDATION,J051-SL-08,ZERO_APPLICABLE_OPEN_GAPS_AND_SAME_SHA_EVIDENCE,
J051,J051-SL-10,10,Generated clients/transports,governance/operational_journey_protocol_package/smsm-dsh-wlt-journeys/03-customer-cart-checkout-order/J051.md,TASK-0016,BLOCKED_BY_FOUNDATION,J051-SL-09,ZERO_APPLICABLE_OPEN_GAPS_AND_SAME_SHA_EVIDENCE,
J051,J051-SL-11,11,Backend handler/domain/repository,governance/operational_journey_protocol_package/smsm-dsh-wlt-journeys/03-customer-cart-checkout-order/J051.md,TASK-0016,BLOCKED_BY_FOUNDATION,J051-SL-10,ZERO_APPLICABLE_OPEN_GAPS_AND_SAME_SHA_EVIDENCE,
J051,J051-SL-12,12,State machine/allowed actions,governance/operational_journey_protocol_package/smsm-dsh-wlt-journeys/03-customer-cart-checkout-order/J051.md,TASK-0016,BLOCKED_BY_FOUNDATION,J051-SL-11,ZERO_APPLICABLE_OPEN_GAPS_AND_SAME_SHA_EVIDENCE,
J051,J051-SL-13,13,Database/migrations/constraints/indexes,governance/operational_journey_protocol_package/smsm-dsh-wlt-journeys/03-customer-cart-checkout-order/J051.md,TASK-0016,BLOCKED_BY_FOUNDATION,J051-SL-12,ZERO_APPLICABLE_OPEN_GAPS_AND_SAME_SHA_EVIDENCE,
J051,J051-SL-14,14,Events/outbox/inbox/jobs/DLQ,governance/operational_journey_protocol_package/smsm-dsh-wlt-journeys/03-customer-cart-checkout-order/J051.md,TASK-0016,BLOCKED_BY_FOUNDATION,J051-SL-13,ZERO_APPLICABLE_OPEN_GAPS_AND_SAME_SHA_EVIDENCE,
J051,J051-SL-15,15,Media/providers/cache/search,governance/operational_journey_protocol_package/smsm-dsh-wlt-journeys/03-customer-cart-checkout-order/J051.md,TASK-0016,BLOCKED_BY_FOUNDATION,J051-SL-14,ZERO_APPLICABLE_OPEN_GAPS_AND_SAME_SHA_EVIDENCE,
J051,J051-SL-16,16,DSH↔WLT financial boundary,governance/operational_journey_protocol_package/smsm-dsh-wlt-journeys/03-customer-cart-checkout-order/J051.md,TASK-0016,BLOCKED_BY_FOUNDATION,J051-SL-15,ZERO_APPLICABLE_OPEN_GAPS_AND_SAME_SHA_EVIDENCE,
J051,J051-SL-17,17,Concurrency/idempotency/unknown result,governance/operational_journey_protocol_package/smsm-dsh-wlt-journeys/03-customer-cart-checkout-order/J051.md,TASK-0016,BLOCKED_BY_FOUNDATION,J051-SL-16,ZERO_APPLICABLE_OPEN_GAPS_AND_SAME_SHA_EVIDENCE,
J051,J051-SL-18,18,Offline/retry/recovery,governance/operational_journey_protocol_package/smsm-dsh-wlt-journeys/03-customer-cart-checkout-order/J051.md,TASK-0016,BLOCKED_BY_FOUNDATION,J051-SL-17,ZERO_APPLICABLE_OPEN_GAPS_AND_SAME_SHA_EVIDENCE,
J051,J051-SL-19,19,Cross-surface readback,governance/operational_journey_protocol_package/smsm-dsh-wlt-journeys/03-customer-cart-checkout-order/J051.md,TASK-0016,BLOCKED_BY_FOUNDATION,J051-SL-18,ZERO_APPLICABLE_OPEN_GAPS_AND_SAME_SHA_EVIDENCE,
J051,J051-SL-20,20,Security/privacy/negative tests,governance/operational_journey_protocol_package/smsm-dsh-wlt-journeys/03-customer-cart-checkout-order/J051.md,TASK-0016,BLOCKED_BY_FOUNDATION,J051-SL-19,ZERO_APPLICABLE_OPEN_GAPS_AND_SAME_SHA_EVIDENCE,
J051,J051-SL-21,21,Audit/observability/performance,governance/operational_journey_protocol_package/smsm-dsh-wlt-journeys/03-customer-cart-checkout-order/J051.md,TASK-0016,BLOCKED_BY_FOUNDATION,J051-SL-20,ZERO_APPLICABLE_OPEN_GAPS_AND_SAME_SHA_EVIDENCE,
J051,J051-SL-22,22,Accessibility/RTL/localization,governance/operational_journey_protocol_package/smsm-dsh-wlt-journeys/03-customer-cart-checkout-order/J051.md,TASK-0016,BLOCKED_BY_FOUNDATION,J051-SL-21,ZERO_APPLICABLE_OPEN_GAPS_AND_SAME_SHA_EVIDENCE,
J051,J051-SL-23,23,Manual operational acceptance,governance/operational_journey_protocol_package/smsm-dsh-wlt-journeys/03-customer-cart-checkout-order/J051.md,TASK-0016,BLOCKED_BY_FOUNDATION,J051-SL-22,ZERO_APPLICABLE_OPEN_GAPS_AND_SAME_SHA_EVIDENCE,
J051,J051-SL-24,24,Cleanup/same-SHA evidence/closure,governance/operational_journey_protocol_package/smsm-dsh-wlt-journeys/03-customer-cart-checkout-order/J051.md,TASK-0016,BLOCKED_BY_FOUNDATION,J051-SL-23,ZERO_APPLICABLE_OPEN_GAPS_AND_SAME_SHA_EVIDENCE,
J052,J052-SL-01,1,Product Truth والنتيجة والثوابت,governance/operational_journey_protocol_package/smsm-dsh-wlt-journeys/03-customer-cart-checkout-order/J052.md,TASK-0016,BLOCKED_BY_FOUNDATION,FOUNDATION-00,ZERO_APPLICABLE_OPEN_GAPS_AND_SAME_SHA_EVIDENCE,
J052,J052-SL-02,2,Actors وهويات الخدمات,governance/operational_journey_protocol_package/smsm-dsh-wlt-journeys/03-customer-cart-checkout-order/J052.md,TASK-0016,BLOCKED_BY_FOUNDATION,J052-SL-01,ZERO_APPLICABLE_OPEN_GAPS_AND_SAME_SHA_EVIDENCE,
J052,J052-SL-03,3,التبعيات وشروط الدخول والخروج,governance/operational_journey_protocol_package/smsm-dsh-wlt-journeys/03-customer-cart-checkout-order/J052.md,TASK-0016,BLOCKED_BY_FOUNDATION,J052-SL-02,ZERO_APPLICABLE_OPEN_GAPS_AND_SAME_SHA_EVIDENCE,
J052,J052-SL-04,4,Identity/session/device,governance/operational_journey_protocol_package/smsm-dsh-wlt-journeys/03-customer-cart-checkout-order/J052.md,TASK-0016,BLOCKED_BY_FOUNDATION,J052-SL-03,ZERO_APPLICABLE_OPEN_GAPS_AND_SAME_SHA_EVIDENCE,
J052,J052-SL-05,5,Permission/trusted scope/object authorization,governance/operational_journey_protocol_package/smsm-dsh-wlt-journeys/03-customer-cart-checkout-order/J052.md,TASK-0016,BLOCKED_BY_FOUNDATION,J052-SL-04,ZERO_APPLICABLE_OPEN_GAPS_AND_SAME_SHA_EVIDENCE,
J052,J052-SL-06,6,Entrypoints/routes/deep links/navigation,governance/operational_journey_protocol_package/smsm-dsh-wlt-journeys/03-customer-cart-checkout-order/J052.md,TASK-0016,BLOCKED_BY_FOUNDATION,J052-SL-05,ZERO_APPLICABLE_OPEN_GAPS_AND_SAME_SHA_EVIDENCE,
J052,J052-SL-07,7,Screens/pages/tabs/buttons/icons/forms,governance/operational_journey_protocol_package/smsm-dsh-wlt-journeys/03-customer-cart-checkout-order/J052.md,TASK-0016,BLOCKED_BY_FOUNDATION,J052-SL-06,ZERO_APPLICABLE_OPEN_GAPS_AND_SAME_SHA_EVIDENCE,
J052,J052-SL-08,8,Shared brain/view model/visible states,governance/operational_journey_protocol_package/smsm-dsh-wlt-journeys/03-customer-cart-checkout-order/J052.md,TASK-0016,BLOCKED_BY_FOUNDATION,J052-SL-07,ZERO_APPLICABLE_OPEN_GAPS_AND_SAME_SHA_EVIDENCE,
J052,J052-SL-09,9,OpenAPI/error/security/idempotency,governance/operational_journey_protocol_package/smsm-dsh-wlt-journeys/03-customer-cart-checkout-order/J052.md,TASK-0016,BLOCKED_BY_FOUNDATION,J052-SL-08,ZERO_APPLICABLE_OPEN_GAPS_AND_SAME_SHA_EVIDENCE,
J052,J052-SL-10,10,Generated clients/transports,governance/operational_journey_protocol_package/smsm-dsh-wlt-journeys/03-customer-cart-checkout-order/J052.md,TASK-0016,BLOCKED_BY_FOUNDATION,J052-SL-09,ZERO_APPLICABLE_OPEN_GAPS_AND_SAME_SHA_EVIDENCE,
J052,J052-SL-11,11,Backend handler/domain/repository,governance/operational_journey_protocol_package/smsm-dsh-wlt-journeys/03-customer-cart-checkout-order/J052.md,TASK-0016,BLOCKED_BY_FOUNDATION,J052-SL-10,ZERO_APPLICABLE_OPEN_GAPS_AND_SAME_SHA_EVIDENCE,
J052,J052-SL-12,12,State machine/allowed actions,governance/operational_journey_protocol_package/smsm-dsh-wlt-journeys/03-customer-cart-checkout-order/J052.md,TASK-0016,BLOCKED_BY_FOUNDATION,J052-SL-11,ZERO_APPLICABLE_OPEN_GAPS_AND_SAME_SHA_EVIDENCE,
J052,J052-SL-13,13,Database/migrations/constraints/indexes,governance/operational_journey_protocol_package/smsm-dsh-wlt-journeys/03-customer-cart-checkout-order/J052.md,TASK-0016,BLOCKED_BY_FOUNDATION,J052-SL-12,ZERO_APPLICABLE_OPEN_GAPS_AND_SAME_SHA_EVIDENCE,
J052,J052-SL-14,14,Events/outbox/inbox/jobs/DLQ,governance/operational_journey_protocol_package/smsm-dsh-wlt-journeys/03-customer-cart-checkout-order/J052.md,TASK-0016,BLOCKED_BY_FOUNDATION,J052-SL-13,ZERO_APPLICABLE_OPEN_GAPS_AND_SAME_SHA_EVIDENCE,
J052,J052-SL-15,15,Media/providers/cache/search,governance/operational_journey_protocol_package/smsm-dsh-wlt-journeys/03-customer-cart-checkout-order/J052.md,TASK-0016,BLOCKED_BY_FOUNDATION,J052-SL-14,ZERO_APPLICABLE_OPEN_GAPS_AND_SAME_SHA_EVIDENCE,
J052,J052-SL-16,16,DSH↔WLT financial boundary,governance/operational_journey_protocol_package/smsm-dsh-wlt-journeys/03-customer-cart-checkout-order/J052.md,TASK-0016,BLOCKED_BY_FOUNDATION,J052-SL-15,ZERO_APPLICABLE_OPEN_GAPS_AND_SAME_SHA_EVIDENCE,
J052,J052-SL-17,17,Concurrency/idempotency/unknown result,governance/operational_journey_protocol_package/smsm-dsh-wlt-journeys/03-customer-cart-checkout-order/J052.md,TASK-0016,BLOCKED_BY_FOUNDATION,J052-SL-16,ZERO_APPLICABLE_OPEN_GAPS_AND_SAME_SHA_EVIDENCE,
J052,J052-SL-18,18,Offline/retry/recovery,governance/operational_journey_protocol_package/smsm-dsh-wlt-journeys/03-customer-cart-checkout-order/J052.md,TASK-0016,BLOCKED_BY_FOUNDATION,J052-SL-17,ZERO_APPLICABLE_OPEN_GAPS_AND_SAME_SHA_EVIDENCE,
J052,J052-SL-19,19,Cross-surface readback,governance/operational_journey_protocol_package/smsm-dsh-wlt-journeys/03-customer-cart-checkout-order/J052.md,TASK-0016,BLOCKED_BY_FOUNDATION,J052-SL-18,ZERO_APPLICABLE_OPEN_GAPS_AND_SAME_SHA_EVIDENCE,
J052,J052-SL-20,20,Security/privacy/negative tests,governance/operational_journey_protocol_package/smsm-dsh-wlt-journeys/03-customer-cart-checkout-order/J052.md,TASK-0016,BLOCKED_BY_FOUNDATION,J052-SL-19,ZERO_APPLICABLE_OPEN_GAPS_AND_SAME_SHA_EVIDENCE,
J052,J052-SL-21,21,Audit/observability/performance,governance/operational_journey_protocol_package/smsm-dsh-wlt-journeys/03-customer-cart-checkout-order/J052.md,TASK-0016,BLOCKED_BY_FOUNDATION,J052-SL-20,ZERO_APPLICABLE_OPEN_GAPS_AND_SAME_SHA_EVIDENCE,
J052,J052-SL-22,22,Accessibility/RTL/localization,governance/operational_journey_protocol_package/smsm-dsh-wlt-journeys/03-customer-cart-checkout-order/J052.md,TASK-0016,BLOCKED_BY_FOUNDATION,J052-SL-21,ZERO_APPLICABLE_OPEN_GAPS_AND_SAME_SHA_EVIDENCE,
J052,J052-SL-23,23,Manual operational acceptance,governance/operational_journey_protocol_package/smsm-dsh-wlt-journeys/03-customer-cart-checkout-order/J052.md,TASK-0016,BLOCKED_BY_FOUNDATION,J052-SL-22,ZERO_APPLICABLE_OPEN_GAPS_AND_SAME_SHA_EVIDENCE,
J052,J052-SL-24,24,Cleanup/same-SHA evidence/closure,governance/operational_journey_protocol_package/smsm-dsh-wlt-journeys/03-customer-cart-checkout-order/J052.md,TASK-0016,BLOCKED_BY_FOUNDATION,J052-SL-23,ZERO_APPLICABLE_OPEN_GAPS_AND_SAME_SHA_EVIDENCE,
J053,J053-SL-01,1,Product Truth والنتيجة والثوابت,governance/operational_journey_protocol_package/smsm-dsh-wlt-journeys/03-customer-cart-checkout-order/J053.md,TASK-0016,BLOCKED_BY_FOUNDATION,FOUNDATION-00,ZERO_APPLICABLE_OPEN_GAPS_AND_SAME_SHA_EVIDENCE,
J053,J053-SL-02,2,Actors وهويات الخدمات,governance/operational_journey_protocol_package/smsm-dsh-wlt-journeys/03-customer-cart-checkout-order/J053.md,TASK-0016,BLOCKED_BY_FOUNDATION,J053-SL-01,ZERO_APPLICABLE_OPEN_GAPS_AND_SAME_SHA_EVIDENCE,
J053,J053-SL-03,3,التبعيات وشروط الدخول والخروج,governance/operational_journey_protocol_package/smsm-dsh-wlt-journeys/03-customer-cart-checkout-order/J053.md,TASK-0016,BLOCKED_BY_FOUNDATION,J053-SL-02,ZERO_APPLICABLE_OPEN_GAPS_AND_SAME_SHA_EVIDENCE,
J053,J053-SL-04,4,Identity/session/device,governance/operational_journey_protocol_package/smsm-dsh-wlt-journeys/03-customer-cart-checkout-order/J053.md,TASK-0016,BLOCKED_BY_FOUNDATION,J053-SL-03,ZERO_APPLICABLE_OPEN_GAPS_AND_SAME_SHA_EVIDENCE,
J053,J053-SL-05,5,Permission/trusted scope/object authorization,governance/operational_journey_protocol_package/smsm-dsh-wlt-journeys/03-customer-cart-checkout-order/J053.md,TASK-0016,BLOCKED_BY_FOUNDATION,J053-SL-04,ZERO_APPLICABLE_OPEN_GAPS_AND_SAME_SHA_EVIDENCE,
J053,J053-SL-06,6,Entrypoints/routes/deep links/navigation,governance/operational_journey_protocol_package/smsm-dsh-wlt-journeys/03-customer-cart-checkout-order/J053.md,TASK-0016,BLOCKED_BY_FOUNDATION,J053-SL-05,ZERO_APPLICABLE_OPEN_GAPS_AND_SAME_SHA_EVIDENCE,
J053,J053-SL-07,7,Screens/pages/tabs/buttons/icons/forms,governance/operational_journey_protocol_package/smsm-dsh-wlt-journeys/03-customer-cart-checkout-order/J053.md,TASK-0016,BLOCKED_BY_FOUNDATION,J053-SL-06,ZERO_APPLICABLE_OPEN_GAPS_AND_SAME_SHA_EVIDENCE,
J053,J053-SL-08,8,Shared brain/view model/visible states,governance/operational_journey_protocol_package/smsm-dsh-wlt-journeys/03-customer-cart-checkout-order/J053.md,TASK-0016,BLOCKED_BY_FOUNDATION,J053-SL-07,ZERO_APPLICABLE_OPEN_GAPS_AND_SAME_SHA_EVIDENCE,
J053,J053-SL-09,9,OpenAPI/error/security/idempotency,governance/operational_journey_protocol_package/smsm-dsh-wlt-journeys/03-customer-cart-checkout-order/J053.md,TASK-0016,BLOCKED_BY_FOUNDATION,J053-SL-08,ZERO_APPLICABLE_OPEN_GAPS_AND_SAME_SHA_EVIDENCE,
J053,J053-SL-10,10,Generated clients/transports,governance/operational_journey_protocol_package/smsm-dsh-wlt-journeys/03-customer-cart-checkout-order/J053.md,TASK-0016,BLOCKED_BY_FOUNDATION,J053-SL-09,ZERO_APPLICABLE_OPEN_GAPS_AND_SAME_SHA_EVIDENCE,
J053,J053-SL-11,11,Backend handler/domain/repository,governance/operational_journey_protocol_package/smsm-dsh-wlt-journeys/03-customer-cart-checkout-order/J053.md,TASK-0016,BLOCKED_BY_FOUNDATION,J053-SL-10,ZERO_APPLICABLE_OPEN_GAPS_AND_SAME_SHA_EVIDENCE,
J053,J053-SL-12,12,State machine/allowed actions,governance/operational_journey_protocol_package/smsm-dsh-wlt-journeys/03-customer-cart-checkout-order/J053.md,TASK-0016,BLOCKED_BY_FOUNDATION,J053-SL-11,ZERO_APPLICABLE_OPEN_GAPS_AND_SAME_SHA_EVIDENCE,
J053,J053-SL-13,13,Database/migrations/constraints/indexes,governance/operational_journey_protocol_package/smsm-dsh-wlt-journeys/03-customer-cart-checkout-order/J053.md,TASK-0016,BLOCKED_BY_FOUNDATION,J053-SL-12,ZERO_APPLICABLE_OPEN_GAPS_AND_SAME_SHA_EVIDENCE,
J053,J053-SL-14,14,Events/outbox/inbox/jobs/DLQ,governance/operational_journey_protocol_package/smsm-dsh-wlt-journeys/03-customer-cart-checkout-order/J053.md,TASK-0016,BLOCKED_BY_FOUNDATION,J053-SL-13,ZERO_APPLICABLE_OPEN_GAPS_AND_SAME_SHA_EVIDENCE,
J053,J053-SL-15,15,Media/providers/cache/search,governance/operational_journey_protocol_package/smsm-dsh-wlt-journeys/03-customer-cart-checkout-order/J053.md,TASK-0016,BLOCKED_BY_FOUNDATION,J053-SL-14,ZERO_APPLICABLE_OPEN_GAPS_AND_SAME_SHA_EVIDENCE,
J053,J053-SL-16,16,DSH↔WLT financial boundary,governance/operational_journey_protocol_package/smsm-dsh-wlt-journeys/03-customer-cart-checkout-order/J053.md,TASK-0016,BLOCKED_BY_FOUNDATION,J053-SL-15,ZERO_APPLICABLE_OPEN_GAPS_AND_SAME_SHA_EVIDENCE,
J053,J053-SL-17,17,Concurrency/idempotency/unknown result,governance/operational_journey_protocol_package/smsm-dsh-wlt-journeys/03-customer-cart-checkout-order/J053.md,TASK-0016,BLOCKED_BY_FOUNDATION,J053-SL-16,ZERO_APPLICABLE_OPEN_GAPS_AND_SAME_SHA_EVIDENCE,
J053,J053-SL-18,18,Offline/retry/recovery,governance/operational_journey_protocol_package/smsm-dsh-wlt-journeys/03-customer-cart-checkout-order/J053.md,TASK-0016,BLOCKED_BY_FOUNDATION,J053-SL-17,ZERO_APPLICABLE_OPEN_GAPS_AND_SAME_SHA_EVIDENCE,
J053,J053-SL-19,19,Cross-surface readback,governance/operational_journey_protocol_package/smsm-dsh-wlt-journeys/03-customer-cart-checkout-order/J053.md,TASK-0016,BLOCKED_BY_FOUNDATION,J053-SL-18,ZERO_APPLICABLE_OPEN_GAPS_AND_SAME_SHA_EVIDENCE,
J053,J053-SL-20,20,Security/privacy/negative tests,governance/operational_journey_protocol_package/smsm-dsh-wlt-journeys/03-customer-cart-checkout-order/J053.md,TASK-0016,BLOCKED_BY_FOUNDATION,J053-SL-19,ZERO_APPLICABLE_OPEN_GAPS_AND_SAME_SHA_EVIDENCE,
J053,J053-SL-21,21,Audit/observability/performance,governance/operational_journey_protocol_package/smsm-dsh-wlt-journeys/03-customer-cart-checkout-order/J053.md,TASK-0016,BLOCKED_BY_FOUNDATION,J053-SL-20,ZERO_APPLICABLE_OPEN_GAPS_AND_SAME_SHA_EVIDENCE,
J053,J053-SL-22,22,Accessibility/RTL/localization,governance/operational_journey_protocol_package/smsm-dsh-wlt-journeys/03-customer-cart-checkout-order/J053.md,TASK-0016,BLOCKED_BY_FOUNDATION,J053-SL-21,ZERO_APPLICABLE_OPEN_GAPS_AND_SAME_SHA_EVIDENCE,
J053,J053-SL-23,23,Manual operational acceptance,governance/operational_journey_protocol_package/smsm-dsh-wlt-journeys/03-customer-cart-checkout-order/J053.md,TASK-0016,BLOCKED_BY_FOUNDATION,J053-SL-22,ZERO_APPLICABLE_OPEN_GAPS_AND_SAME_SHA_EVIDENCE,
J053,J053-SL-24,24,Cleanup/same-SHA evidence/closure,governance/operational_journey_protocol_package/smsm-dsh-wlt-journeys/03-customer-cart-checkout-order/J053.md,TASK-0016,BLOCKED_BY_FOUNDATION,J053-SL-23,ZERO_APPLICABLE_OPEN_GAPS_AND_SAME_SHA_EVIDENCE,
J054,J054-SL-01,1,Product Truth والنتيجة والثوابت,governance/operational_journey_protocol_package/smsm-dsh-wlt-journeys/03-customer-cart-checkout-order/J054.md,TASK-0016,BLOCKED_BY_FOUNDATION,FOUNDATION-00,ZERO_APPLICABLE_OPEN_GAPS_AND_SAME_SHA_EVIDENCE,
J054,J054-SL-02,2,Actors وهويات الخدمات,governance/operational_journey_protocol_package/smsm-dsh-wlt-journeys/03-customer-cart-checkout-order/J054.md,TASK-0016,BLOCKED_BY_FOUNDATION,J054-SL-01,ZERO_APPLICABLE_OPEN_GAPS_AND_SAME_SHA_EVIDENCE,
J054,J054-SL-03,3,التبعيات وشروط الدخول والخروج,governance/operational_journey_protocol_package/smsm-dsh-wlt-journeys/03-customer-cart-checkout-order/J054.md,TASK-0016,BLOCKED_BY_FOUNDATION,J054-SL-02,ZERO_APPLICABLE_OPEN_GAPS_AND_SAME_SHA_EVIDENCE,
J054,J054-SL-04,4,Identity/session/device,governance/operational_journey_protocol_package/smsm-dsh-wlt-journeys/03-customer-cart-checkout-order/J054.md,TASK-0016,BLOCKED_BY_FOUNDATION,J054-SL-03,ZERO_APPLICABLE_OPEN_GAPS_AND_SAME_SHA_EVIDENCE,
J054,J054-SL-05,5,Permission/trusted scope/object authorization,governance/operational_journey_protocol_package/smsm-dsh-wlt-journeys/03-customer-cart-checkout-order/J054.md,TASK-0016,BLOCKED_BY_FOUNDATION,J054-SL-04,ZERO_APPLICABLE_OPEN_GAPS_AND_SAME_SHA_EVIDENCE,
J054,J054-SL-06,6,Entrypoints/routes/deep links/navigation,governance/operational_journey_protocol_package/smsm-dsh-wlt-journeys/03-customer-cart-checkout-order/J054.md,TASK-0016,BLOCKED_BY_FOUNDATION,J054-SL-05,ZERO_APPLICABLE_OPEN_GAPS_AND_SAME_SHA_EVIDENCE,
J054,J054-SL-07,7,Screens/pages/tabs/buttons/icons/forms,governance/operational_journey_protocol_package/smsm-dsh-wlt-journeys/03-customer-cart-checkout-order/J054.md,TASK-0016,BLOCKED_BY_FOUNDATION,J054-SL-06,ZERO_APPLICABLE_OPEN_GAPS_AND_SAME_SHA_EVIDENCE,
J054,J054-SL-08,8,Shared brain/view model/visible states,governance/operational_journey_protocol_package/smsm-dsh-wlt-journeys/03-customer-cart-checkout-order/J054.md,TASK-0016,BLOCKED_BY_FOUNDATION,J054-SL-07,ZERO_APPLICABLE_OPEN_GAPS_AND_SAME_SHA_EVIDENCE,
J054,J054-SL-09,9,OpenAPI/error/security/idempotency,governance/operational_journey_protocol_package/smsm-dsh-wlt-journeys/03-customer-cart-checkout-order/J054.md,TASK-0016,BLOCKED_BY_FOUNDATION,J054-SL-08,ZERO_APPLICABLE_OPEN_GAPS_AND_SAME_SHA_EVIDENCE,
J054,J054-SL-10,10,Generated clients/transports,governance/operational_journey_protocol_package/smsm-dsh-wlt-journeys/03-customer-cart-checkout-order/J054.md,TASK-0016,BLOCKED_BY_FOUNDATION,J054-SL-09,ZERO_APPLICABLE_OPEN_GAPS_AND_SAME_SHA_EVIDENCE,
J054,J054-SL-11,11,Backend handler/domain/repository,governance/operational_journey_protocol_package/smsm-dsh-wlt-journeys/03-customer-cart-checkout-order/J054.md,TASK-0016,BLOCKED_BY_FOUNDATION,J054-SL-10,ZERO_APPLICABLE_OPEN_GAPS_AND_SAME_SHA_EVIDENCE,
J054,J054-SL-12,12,State machine/allowed actions,governance/operational_journey_protocol_package/smsm-dsh-wlt-journeys/03-customer-cart-checkout-order/J054.md,TASK-0016,BLOCKED_BY_FOUNDATION,J054-SL-11,ZERO_APPLICABLE_OPEN_GAPS_AND_SAME_SHA_EVIDENCE,
J054,J054-SL-13,13,Database/migrations/constraints/indexes,governance/operational_journey_protocol_package/smsm-dsh-wlt-journeys/03-customer-cart-checkout-order/J054.md,TASK-0016,BLOCKED_BY_FOUNDATION,J054-SL-12,ZERO_APPLICABLE_OPEN_GAPS_AND_SAME_SHA_EVIDENCE,
J054,J054-SL-14,14,Events/outbox/inbox/jobs/DLQ,governance/operational_journey_protocol_package/smsm-dsh-wlt-journeys/03-customer-cart-checkout-order/J054.md,TASK-0016,BLOCKED_BY_FOUNDATION,J054-SL-13,ZERO_APPLICABLE_OPEN_GAPS_AND_SAME_SHA_EVIDENCE,
J054,J054-SL-15,15,Media/providers/cache/search,governance/operational_journey_protocol_package/smsm-dsh-wlt-journeys/03-customer-cart-checkout-order/J054.md,TASK-0016,BLOCKED_BY_FOUNDATION,J054-SL-14,ZERO_APPLICABLE_OPEN_GAPS_AND_SAME_SHA_EVIDENCE,
J054,J054-SL-16,16,DSH↔WLT financial boundary,governance/operational_journey_protocol_package/smsm-dsh-wlt-journeys/03-customer-cart-checkout-order/J054.md,TASK-0016,BLOCKED_BY_FOUNDATION,J054-SL-15,ZERO_APPLICABLE_OPEN_GAPS_AND_SAME_SHA_EVIDENCE,
J054,J054-SL-17,17,Concurrency/idempotency/unknown result,governance/operational_journey_protocol_package/smsm-dsh-wlt-journeys/03-customer-cart-checkout-order/J054.md,TASK-0016,BLOCKED_BY_FOUNDATION,J054-SL-16,ZERO_APPLICABLE_OPEN_GAPS_AND_SAME_SHA_EVIDENCE,
J054,J054-SL-18,18,Offline/retry/recovery,governance/operational_journey_protocol_package/smsm-dsh-wlt-journeys/03-customer-cart-checkout-order/J054.md,TASK-0016,BLOCKED_BY_FOUNDATION,J054-SL-17,ZERO_APPLICABLE_OPEN_GAPS_AND_SAME_SHA_EVIDENCE,
J054,J054-SL-19,19,Cross-surface readback,governance/operational_journey_protocol_package/smsm-dsh-wlt-journeys/03-customer-cart-checkout-order/J054.md,TASK-0016,BLOCKED_BY_FOUNDATION,J054-SL-18,ZERO_APPLICABLE_OPEN_GAPS_AND_SAME_SHA_EVIDENCE,
J054,J054-SL-20,20,Security/privacy/negative tests,governance/operational_journey_protocol_package/smsm-dsh-wlt-journeys/03-customer-cart-checkout-order/J054.md,TASK-0016,BLOCKED_BY_FOUNDATION,J054-SL-19,ZERO_APPLICABLE_OPEN_GAPS_AND_SAME_SHA_EVIDENCE,
J054,J054-SL-21,21,Audit/observability/performance,governance/operational_journey_protocol_package/smsm-dsh-wlt-journeys/03-customer-cart-checkout-order/J054.md,TASK-0016,BLOCKED_BY_FOUNDATION,J054-SL-20,ZERO_APPLICABLE_OPEN_GAPS_AND_SAME_SHA_EVIDENCE,
J054,J054-SL-22,22,Accessibility/RTL/localization,governance/operational_journey_protocol_package/smsm-dsh-wlt-journeys/03-customer-cart-checkout-order/J054.md,TASK-0016,BLOCKED_BY_FOUNDATION,J054-SL-21,ZERO_APPLICABLE_OPEN_GAPS_AND_SAME_SHA_EVIDENCE,
J054,J054-SL-23,23,Manual operational acceptance,governance/operational_journey_protocol_package/smsm-dsh-wlt-journeys/03-customer-cart-checkout-order/J054.md,TASK-0016,BLOCKED_BY_FOUNDATION,J054-SL-22,ZERO_APPLICABLE_OPEN_GAPS_AND_SAME_SHA_EVIDENCE,
J054,J054-SL-24,24,Cleanup/same-SHA evidence/closure,governance/operational_journey_protocol_package/smsm-dsh-wlt-journeys/03-customer-cart-checkout-order/J054.md,TASK-0016,BLOCKED_BY_FOUNDATION,J054-SL-23,ZERO_APPLICABLE_OPEN_GAPS_AND_SAME_SHA_EVIDENCE,
J055,J055-SL-01,1,Product Truth والنتيجة والثوابت,governance/operational_journey_protocol_package/smsm-dsh-wlt-journeys/03-customer-cart-checkout-order/J055.md,TASK-0016,BLOCKED_BY_FOUNDATION,FOUNDATION-00,ZERO_APPLICABLE_OPEN_GAPS_AND_SAME_SHA_EVIDENCE,
J055,J055-SL-02,2,Actors وهويات الخدمات,governance/operational_journey_protocol_package/smsm-dsh-wlt-journeys/03-customer-cart-checkout-order/J055.md,TASK-0016,BLOCKED_BY_FOUNDATION,J055-SL-01,ZERO_APPLICABLE_OPEN_GAPS_AND_SAME_SHA_EVIDENCE,
J055,J055-SL-03,3,التبعيات وشروط الدخول والخروج,governance/operational_journey_protocol_package/smsm-dsh-wlt-journeys/03-customer-cart-checkout-order/J055.md,TASK-0016,BLOCKED_BY_FOUNDATION,J055-SL-02,ZERO_APPLICABLE_OPEN_GAPS_AND_SAME_SHA_EVIDENCE,
J055,J055-SL-04,4,Identity/session/device,governance/operational_journey_protocol_package/smsm-dsh-wlt-journeys/03-customer-cart-checkout-order/J055.md,TASK-0016,BLOCKED_BY_FOUNDATION,J055-SL-03,ZERO_APPLICABLE_OPEN_GAPS_AND_SAME_SHA_EVIDENCE,
J055,J055-SL-05,5,Permission/trusted scope/object authorization,governance/operational_journey_protocol_package/smsm-dsh-wlt-journeys/03-customer-cart-checkout-order/J055.md,TASK-0016,BLOCKED_BY_FOUNDATION,J055-SL-04,ZERO_APPLICABLE_OPEN_GAPS_AND_SAME_SHA_EVIDENCE,
J055,J055-SL-06,6,Entrypoints/routes/deep links/navigation,governance/operational_journey_protocol_package/smsm-dsh-wlt-journeys/03-customer-cart-checkout-order/J055.md,TASK-0016,BLOCKED_BY_FOUNDATION,J055-SL-05,ZERO_APPLICABLE_OPEN_GAPS_AND_SAME_SHA_EVIDENCE,
J055,J055-SL-07,7,Screens/pages/tabs/buttons/icons/forms,governance/operational_journey_protocol_package/smsm-dsh-wlt-journeys/03-customer-cart-checkout-order/J055.md,TASK-0016,BLOCKED_BY_FOUNDATION,J055-SL-06,ZERO_APPLICABLE_OPEN_GAPS_AND_SAME_SHA_EVIDENCE,
J055,J055-SL-08,8,Shared brain/view model/visible states,governance/operational_journey_protocol_package/smsm-dsh-wlt-journeys/03-customer-cart-checkout-order/J055.md,TASK-0016,BLOCKED_BY_FOUNDATION,J055-SL-07,ZERO_APPLICABLE_OPEN_GAPS_AND_SAME_SHA_EVIDENCE,
J055,J055-SL-09,9,OpenAPI/error/security/idempotency,governance/operational_journey_protocol_package/smsm-dsh-wlt-journeys/03-customer-cart-checkout-order/J055.md,TASK-0016,BLOCKED_BY_FOUNDATION,J055-SL-08,ZERO_APPLICABLE_OPEN_GAPS_AND_SAME_SHA_EVIDENCE,
J055,J055-SL-10,10,Generated clients/transports,governance/operational_journey_protocol_package/smsm-dsh-wlt-journeys/03-customer-cart-checkout-order/J055.md,TASK-0016,BLOCKED_BY_FOUNDATION,J055-SL-09,ZERO_APPLICABLE_OPEN_GAPS_AND_SAME_SHA_EVIDENCE,
J055,J055-SL-11,11,Backend handler/domain/repository,governance/operational_journey_protocol_package/smsm-dsh-wlt-journeys/03-customer-cart-checkout-order/J055.md,TASK-0016,BLOCKED_BY_FOUNDATION,J055-SL-10,ZERO_APPLICABLE_OPEN_GAPS_AND_SAME_SHA_EVIDENCE,
J055,J055-SL-12,12,State machine/allowed actions,governance/operational_journey_protocol_package/smsm-dsh-wlt-journeys/03-customer-cart-checkout-order/J055.md,TASK-0016,BLOCKED_BY_FOUNDATION,J055-SL-11,ZERO_APPLICABLE_OPEN_GAPS_AND_SAME_SHA_EVIDENCE,
J055,J055-SL-13,13,Database/migrations/constraints/indexes,governance/operational_journey_protocol_package/smsm-dsh-wlt-journeys/03-customer-cart-checkout-order/J055.md,TASK-0016,BLOCKED_BY_FOUNDATION,J055-SL-12,ZERO_APPLICABLE_OPEN_GAPS_AND_SAME_SHA_EVIDENCE,
J055,J055-SL-14,14,Events/outbox/inbox/jobs/DLQ,governance/operational_journey_protocol_package/smsm-dsh-wlt-journeys/03-customer-cart-checkout-order/J055.md,TASK-0016,BLOCKED_BY_FOUNDATION,J055-SL-13,ZERO_APPLICABLE_OPEN_GAPS_AND_SAME_SHA_EVIDENCE,
J055,J055-SL-15,15,Media/providers/cache/search,governance/operational_journey_protocol_package/smsm-dsh-wlt-journeys/03-customer-cart-checkout-order/J055.md,TASK-0016,BLOCKED_BY_FOUNDATION,J055-SL-14,ZERO_APPLICABLE_OPEN_GAPS_AND_SAME_SHA_EVIDENCE,
J055,J055-SL-16,16,DSH↔WLT financial boundary,governance/operational_journey_protocol_package/smsm-dsh-wlt-journeys/03-customer-cart-checkout-order/J055.md,TASK-0016,BLOCKED_BY_FOUNDATION,J055-SL-15,ZERO_APPLICABLE_OPEN_GAPS_AND_SAME_SHA_EVIDENCE,
J055,J055-SL-17,17,Concurrency/idempotency/unknown result,governance/operational_journey_protocol_package/smsm-dsh-wlt-journeys/03-customer-cart-checkout-order/J055.md,TASK-0016,BLOCKED_BY_FOUNDATION,J055-SL-16,ZERO_APPLICABLE_OPEN_GAPS_AND_SAME_SHA_EVIDENCE,
J055,J055-SL-18,18,Offline/retry/recovery,governance/operational_journey_protocol_package/smsm-dsh-wlt-journeys/03-customer-cart-checkout-order/J055.md,TASK-0016,BLOCKED_BY_FOUNDATION,J055-SL-17,ZERO_APPLICABLE_OPEN_GAPS_AND_SAME_SHA_EVIDENCE,
J055,J055-SL-19,19,Cross-surface readback,governance/operational_journey_protocol_package/smsm-dsh-wlt-journeys/03-customer-cart-checkout-order/J055.md,TASK-0016,BLOCKED_BY_FOUNDATION,J055-SL-18,ZERO_APPLICABLE_OPEN_GAPS_AND_SAME_SHA_EVIDENCE,
J055,J055-SL-20,20,Security/privacy/negative tests,governance/operational_journey_protocol_package/smsm-dsh-wlt-journeys/03-customer-cart-checkout-order/J055.md,TASK-0016,BLOCKED_BY_FOUNDATION,J055-SL-19,ZERO_APPLICABLE_OPEN_GAPS_AND_SAME_SHA_EVIDENCE,
J055,J055-SL-21,21,Audit/observability/performance,governance/operational_journey_protocol_package/smsm-dsh-wlt-journeys/03-customer-cart-checkout-order/J055.md,TASK-0016,BLOCKED_BY_FOUNDATION,J055-SL-20,ZERO_APPLICABLE_OPEN_GAPS_AND_SAME_SHA_EVIDENCE,
J055,J055-SL-22,22,Accessibility/RTL/localization,governance/operational_journey_protocol_package/smsm-dsh-wlt-journeys/03-customer-cart-checkout-order/J055.md,TASK-0016,BLOCKED_BY_FOUNDATION,J055-SL-21,ZERO_APPLICABLE_OPEN_GAPS_AND_SAME_SHA_EVIDENCE,
J055,J055-SL-23,23,Manual operational acceptance,governance/operational_journey_protocol_package/smsm-dsh-wlt-journeys/03-customer-cart-checkout-order/J055.md,TASK-0016,BLOCKED_BY_FOUNDATION,J055-SL-22,ZERO_APPLICABLE_OPEN_GAPS_AND_SAME_SHA_EVIDENCE,
J055,J055-SL-24,24,Cleanup/same-SHA evidence/closure,governance/operational_journey_protocol_package/smsm-dsh-wlt-journeys/03-customer-cart-checkout-order/J055.md,TASK-0016,BLOCKED_BY_FOUNDATION,J055-SL-23,ZERO_APPLICABLE_OPEN_GAPS_AND_SAME_SHA_EVIDENCE,
J056,J056-SL-01,1,Product Truth والنتيجة والثوابت,governance/operational_journey_protocol_package/smsm-dsh-wlt-journeys/04-fulfillment-delivery-support/J056.md,TASK-0016,BLOCKED_BY_FOUNDATION,FOUNDATION-00,ZERO_APPLICABLE_OPEN_GAPS_AND_SAME_SHA_EVIDENCE,
J056,J056-SL-02,2,Actors وهويات الخدمات,governance/operational_journey_protocol_package/smsm-dsh-wlt-journeys/04-fulfillment-delivery-support/J056.md,TASK-0016,BLOCKED_BY_FOUNDATION,J056-SL-01,ZERO_APPLICABLE_OPEN_GAPS_AND_SAME_SHA_EVIDENCE,
J056,J056-SL-03,3,التبعيات وشروط الدخول والخروج,governance/operational_journey_protocol_package/smsm-dsh-wlt-journeys/04-fulfillment-delivery-support/J056.md,TASK-0016,BLOCKED_BY_FOUNDATION,J056-SL-02,ZERO_APPLICABLE_OPEN_GAPS_AND_SAME_SHA_EVIDENCE,
J056,J056-SL-04,4,Identity/session/device,governance/operational_journey_protocol_package/smsm-dsh-wlt-journeys/04-fulfillment-delivery-support/J056.md,TASK-0016,BLOCKED_BY_FOUNDATION,J056-SL-03,ZERO_APPLICABLE_OPEN_GAPS_AND_SAME_SHA_EVIDENCE,
J056,J056-SL-05,5,Permission/trusted scope/object authorization,governance/operational_journey_protocol_package/smsm-dsh-wlt-journeys/04-fulfillment-delivery-support/J056.md,TASK-0016,BLOCKED_BY_FOUNDATION,J056-SL-04,ZERO_APPLICABLE_OPEN_GAPS_AND_SAME_SHA_EVIDENCE,
J056,J056-SL-06,6,Entrypoints/routes/deep links/navigation,governance/operational_journey_protocol_package/smsm-dsh-wlt-journeys/04-fulfillment-delivery-support/J056.md,TASK-0016,BLOCKED_BY_FOUNDATION,J056-SL-05,ZERO_APPLICABLE_OPEN_GAPS_AND_SAME_SHA_EVIDENCE,
J056,J056-SL-07,7,Screens/pages/tabs/buttons/icons/forms,governance/operational_journey_protocol_package/smsm-dsh-wlt-journeys/04-fulfillment-delivery-support/J056.md,TASK-0016,BLOCKED_BY_FOUNDATION,J056-SL-06,ZERO_APPLICABLE_OPEN_GAPS_AND_SAME_SHA_EVIDENCE,
J056,J056-SL-08,8,Shared brain/view model/visible states,governance/operational_journey_protocol_package/smsm-dsh-wlt-journeys/04-fulfillment-delivery-support/J056.md,TASK-0016,BLOCKED_BY_FOUNDATION,J056-SL-07,ZERO_APPLICABLE_OPEN_GAPS_AND_SAME_SHA_EVIDENCE,
J056,J056-SL-09,9,OpenAPI/error/security/idempotency,governance/operational_journey_protocol_package/smsm-dsh-wlt-journeys/04-fulfillment-delivery-support/J056.md,TASK-0016,BLOCKED_BY_FOUNDATION,J056-SL-08,ZERO_APPLICABLE_OPEN_GAPS_AND_SAME_SHA_EVIDENCE,
J056,J056-SL-10,10,Generated clients/transports,governance/operational_journey_protocol_package/smsm-dsh-wlt-journeys/04-fulfillment-delivery-support/J056.md,TASK-0016,BLOCKED_BY_FOUNDATION,J056-SL-09,ZERO_APPLICABLE_OPEN_GAPS_AND_SAME_SHA_EVIDENCE,
J056,J056-SL-11,11,Backend handler/domain/repository,governance/operational_journey_protocol_package/smsm-dsh-wlt-journeys/04-fulfillment-delivery-support/J056.md,TASK-0016,BLOCKED_BY_FOUNDATION,J056-SL-10,ZERO_APPLICABLE_OPEN_GAPS_AND_SAME_SHA_EVIDENCE,
J056,J056-SL-12,12,State machine/allowed actions,governance/operational_journey_protocol_package/smsm-dsh-wlt-journeys/04-fulfillment-delivery-support/J056.md,TASK-0016,BLOCKED_BY_FOUNDATION,J056-SL-11,ZERO_APPLICABLE_OPEN_GAPS_AND_SAME_SHA_EVIDENCE,
J056,J056-SL-13,13,Database/migrations/constraints/indexes,governance/operational_journey_protocol_package/smsm-dsh-wlt-journeys/04-fulfillment-delivery-support/J056.md,TASK-0016,BLOCKED_BY_FOUNDATION,J056-SL-12,ZERO_APPLICABLE_OPEN_GAPS_AND_SAME_SHA_EVIDENCE,
J056,J056-SL-14,14,Events/outbox/inbox/jobs/DLQ,governance/operational_journey_protocol_package/smsm-dsh-wlt-journeys/04-fulfillment-delivery-support/J056.md,TASK-0016,BLOCKED_BY_FOUNDATION,J056-SL-13,ZERO_APPLICABLE_OPEN_GAPS_AND_SAME_SHA_EVIDENCE,
J056,J056-SL-15,15,Media/providers/cache/search,governance/operational_journey_protocol_package/smsm-dsh-wlt-journeys/04-fulfillment-delivery-support/J056.md,TASK-0016,BLOCKED_BY_FOUNDATION,J056-SL-14,ZERO_APPLICABLE_OPEN_GAPS_AND_SAME_SHA_EVIDENCE,
J056,J056-SL-16,16,DSH↔WLT financial boundary,governance/operational_journey_protocol_package/smsm-dsh-wlt-journeys/04-fulfillment-delivery-support/J056.md,TASK-0016,BLOCKED_BY_FOUNDATION,J056-SL-15,ZERO_APPLICABLE_OPEN_GAPS_AND_SAME_SHA_EVIDENCE,
J056,J056-SL-17,17,Concurrency/idempotency/unknown result,governance/operational_journey_protocol_package/smsm-dsh-wlt-journeys/04-fulfillment-delivery-support/J056.md,TASK-0016,BLOCKED_BY_FOUNDATION,J056-SL-16,ZERO_APPLICABLE_OPEN_GAPS_AND_SAME_SHA_EVIDENCE,
J056,J056-SL-18,18,Offline/retry/recovery,governance/operational_journey_protocol_package/smsm-dsh-wlt-journeys/04-fulfillment-delivery-support/J056.md,TASK-0016,BLOCKED_BY_FOUNDATION,J056-SL-17,ZERO_APPLICABLE_OPEN_GAPS_AND_SAME_SHA_EVIDENCE,
J056,J056-SL-19,19,Cross-surface readback,governance/operational_journey_protocol_package/smsm-dsh-wlt-journeys/04-fulfillment-delivery-support/J056.md,TASK-0016,BLOCKED_BY_FOUNDATION,J056-SL-18,ZERO_APPLICABLE_OPEN_GAPS_AND_SAME_SHA_EVIDENCE,
J056,J056-SL-20,20,Security/privacy/negative tests,governance/operational_journey_protocol_package/smsm-dsh-wlt-journeys/04-fulfillment-delivery-support/J056.md,TASK-0016,BLOCKED_BY_FOUNDATION,J056-SL-19,ZERO_APPLICABLE_OPEN_GAPS_AND_SAME_SHA_EVIDENCE,
J056,J056-SL-21,21,Audit/observability/performance,governance/operational_journey_protocol_package/smsm-dsh-wlt-journeys/04-fulfillment-delivery-support/J056.md,TASK-0016,BLOCKED_BY_FOUNDATION,J056-SL-20,ZERO_APPLICABLE_OPEN_GAPS_AND_SAME_SHA_EVIDENCE,
J056,J056-SL-22,22,Accessibility/RTL/localization,governance/operational_journey_protocol_package/smsm-dsh-wlt-journeys/04-fulfillment-delivery-support/J056.md,TASK-0016,BLOCKED_BY_FOUNDATION,J056-SL-21,ZERO_APPLICABLE_OPEN_GAPS_AND_SAME_SHA_EVIDENCE,
J056,J056-SL-23,23,Manual operational acceptance,governance/operational_journey_protocol_package/smsm-dsh-wlt-journeys/04-fulfillment-delivery-support/J056.md,TASK-0016,BLOCKED_BY_FOUNDATION,J056-SL-22,ZERO_APPLICABLE_OPEN_GAPS_AND_SAME_SHA_EVIDENCE,
J056,J056-SL-24,24,Cleanup/same-SHA evidence/closure,governance/operational_journey_protocol_package/smsm-dsh-wlt-journeys/04-fulfillment-delivery-support/J056.md,TASK-0016,BLOCKED_BY_FOUNDATION,J056-SL-23,ZERO_APPLICABLE_OPEN_GAPS_AND_SAME_SHA_EVIDENCE,
J057,J057-SL-01,1,Product Truth والنتيجة والثوابت,governance/operational_journey_protocol_package/smsm-dsh-wlt-journeys/04-fulfillment-delivery-support/J057.md,TASK-0016,BLOCKED_BY_FOUNDATION,FOUNDATION-00,ZERO_APPLICABLE_OPEN_GAPS_AND_SAME_SHA_EVIDENCE,
J057,J057-SL-02,2,Actors وهويات الخدمات,governance/operational_journey_protocol_package/smsm-dsh-wlt-journeys/04-fulfillment-delivery-support/J057.md,TASK-0016,BLOCKED_BY_FOUNDATION,J057-SL-01,ZERO_APPLICABLE_OPEN_GAPS_AND_SAME_SHA_EVIDENCE,
J057,J057-SL-03,3,التبعيات وشروط الدخول والخروج,governance/operational_journey_protocol_package/smsm-dsh-wlt-journeys/04-fulfillment-delivery-support/J057.md,TASK-0016,BLOCKED_BY_FOUNDATION,J057-SL-02,ZERO_APPLICABLE_OPEN_GAPS_AND_SAME_SHA_EVIDENCE,
J057,J057-SL-04,4,Identity/session/device,governance/operational_journey_protocol_package/smsm-dsh-wlt-journeys/04-fulfillment-delivery-support/J057.md,TASK-0016,BLOCKED_BY_FOUNDATION,J057-SL-03,ZERO_APPLICABLE_OPEN_GAPS_AND_SAME_SHA_EVIDENCE,
J057,J057-SL-05,5,Permission/trusted scope/object authorization,governance/operational_journey_protocol_package/smsm-dsh-wlt-journeys/04-fulfillment-delivery-support/J057.md,TASK-0016,BLOCKED_BY_FOUNDATION,J057-SL-04,ZERO_APPLICABLE_OPEN_GAPS_AND_SAME_SHA_EVIDENCE,
J057,J057-SL-06,6,Entrypoints/routes/deep links/navigation,governance/operational_journey_protocol_package/smsm-dsh-wlt-journeys/04-fulfillment-delivery-support/J057.md,TASK-0016,BLOCKED_BY_FOUNDATION,J057-SL-05,ZERO_APPLICABLE_OPEN_GAPS_AND_SAME_SHA_EVIDENCE,
J057,J057-SL-07,7,Screens/pages/tabs/buttons/icons/forms,governance/operational_journey_protocol_package/smsm-dsh-wlt-journeys/04-fulfillment-delivery-support/J057.md,TASK-0016,BLOCKED_BY_FOUNDATION,J057-SL-06,ZERO_APPLICABLE_OPEN_GAPS_AND_SAME_SHA_EVIDENCE,
J057,J057-SL-08,8,Shared brain/view model/visible states,governance/operational_journey_protocol_package/smsm-dsh-wlt-journeys/04-fulfillment-delivery-support/J057.md,TASK-0016,BLOCKED_BY_FOUNDATION,J057-SL-07,ZERO_APPLICABLE_OPEN_GAPS_AND_SAME_SHA_EVIDENCE,
J057,J057-SL-09,9,OpenAPI/error/security/idempotency,governance/operational_journey_protocol_package/smsm-dsh-wlt-journeys/04-fulfillment-delivery-support/J057.md,TASK-0016,BLOCKED_BY_FOUNDATION,J057-SL-08,ZERO_APPLICABLE_OPEN_GAPS_AND_SAME_SHA_EVIDENCE,
J057,J057-SL-10,10,Generated clients/transports,governance/operational_journey_protocol_package/smsm-dsh-wlt-journeys/04-fulfillment-delivery-support/J057.md,TASK-0016,BLOCKED_BY_FOUNDATION,J057-SL-09,ZERO_APPLICABLE_OPEN_GAPS_AND_SAME_SHA_EVIDENCE,
J057,J057-SL-11,11,Backend handler/domain/repository,governance/operational_journey_protocol_package/smsm-dsh-wlt-journeys/04-fulfillment-delivery-support/J057.md,TASK-0016,BLOCKED_BY_FOUNDATION,J057-SL-10,ZERO_APPLICABLE_OPEN_GAPS_AND_SAME_SHA_EVIDENCE,
J057,J057-SL-12,12,State machine/allowed actions,governance/operational_journey_protocol_package/smsm-dsh-wlt-journeys/04-fulfillment-delivery-support/J057.md,TASK-0016,BLOCKED_BY_FOUNDATION,J057-SL-11,ZERO_APPLICABLE_OPEN_GAPS_AND_SAME_SHA_EVIDENCE,
J057,J057-SL-13,13,Database/migrations/constraints/indexes,governance/operational_journey_protocol_package/smsm-dsh-wlt-journeys/04-fulfillment-delivery-support/J057.md,TASK-0016,BLOCKED_BY_FOUNDATION,J057-SL-12,ZERO_APPLICABLE_OPEN_GAPS_AND_SAME_SHA_EVIDENCE,
J057,J057-SL-14,14,Events/outbox/inbox/jobs/DLQ,governance/operational_journey_protocol_package/smsm-dsh-wlt-journeys/04-fulfillment-delivery-support/J057.md,TASK-0016,BLOCKED_BY_FOUNDATION,J057-SL-13,ZERO_APPLICABLE_OPEN_GAPS_AND_SAME_SHA_EVIDENCE,
J057,J057-SL-15,15,Media/providers/cache/search,governance/operational_journey_protocol_package/smsm-dsh-wlt-journeys/04-fulfillment-delivery-support/J057.md,TASK-0016,BLOCKED_BY_FOUNDATION,J057-SL-14,ZERO_APPLICABLE_OPEN_GAPS_AND_SAME_SHA_EVIDENCE,
J057,J057-SL-16,16,DSH↔WLT financial boundary,governance/operational_journey_protocol_package/smsm-dsh-wlt-journeys/04-fulfillment-delivery-support/J057.md,TASK-0016,BLOCKED_BY_FOUNDATION,J057-SL-15,ZERO_APPLICABLE_OPEN_GAPS_AND_SAME_SHA_EVIDENCE,
J057,J057-SL-17,17,Concurrency/idempotency/unknown result,governance/operational_journey_protocol_package/smsm-dsh-wlt-journeys/04-fulfillment-delivery-support/J057.md,TASK-0016,BLOCKED_BY_FOUNDATION,J057-SL-16,ZERO_APPLICABLE_OPEN_GAPS_AND_SAME_SHA_EVIDENCE,
J057,J057-SL-18,18,Offline/retry/recovery,governance/operational_journey_protocol_package/smsm-dsh-wlt-journeys/04-fulfillment-delivery-support/J057.md,TASK-0016,BLOCKED_BY_FOUNDATION,J057-SL-17,ZERO_APPLICABLE_OPEN_GAPS_AND_SAME_SHA_EVIDENCE,
J057,J057-SL-19,19,Cross-surface readback,governance/operational_journey_protocol_package/smsm-dsh-wlt-journeys/04-fulfillment-delivery-support/J057.md,TASK-0016,BLOCKED_BY_FOUNDATION,J057-SL-18,ZERO_APPLICABLE_OPEN_GAPS_AND_SAME_SHA_EVIDENCE,
J057,J057-SL-20,20,Security/privacy/negative tests,governance/operational_journey_protocol_package/smsm-dsh-wlt-journeys/04-fulfillment-delivery-support/J057.md,TASK-0016,BLOCKED_BY_FOUNDATION,J057-SL-19,ZERO_APPLICABLE_OPEN_GAPS_AND_SAME_SHA_EVIDENCE,
J057,J057-SL-21,21,Audit/observability/performance,governance/operational_journey_protocol_package/smsm-dsh-wlt-journeys/04-fulfillment-delivery-support/J057.md,TASK-0016,BLOCKED_BY_FOUNDATION,J057-SL-20,ZERO_APPLICABLE_OPEN_GAPS_AND_SAME_SHA_EVIDENCE,
J057,J057-SL-22,22,Accessibility/RTL/localization,governance/operational_journey_protocol_package/smsm-dsh-wlt-journeys/04-fulfillment-delivery-support/J057.md,TASK-0016,BLOCKED_BY_FOUNDATION,J057-SL-21,ZERO_APPLICABLE_OPEN_GAPS_AND_SAME_SHA_EVIDENCE,
J057,J057-SL-23,23,Manual operational acceptance,governance/operational_journey_protocol_package/smsm-dsh-wlt-journeys/04-fulfillment-delivery-support/J057.md,TASK-0016,BLOCKED_BY_FOUNDATION,J057-SL-22,ZERO_APPLICABLE_OPEN_GAPS_AND_SAME_SHA_EVIDENCE,
J057,J057-SL-24,24,Cleanup/same-SHA evidence/closure,governance/operational_journey_protocol_package/smsm-dsh-wlt-journeys/04-fulfillment-delivery-support/J057.md,TASK-0016,BLOCKED_BY_FOUNDATION,J057-SL-23,ZERO_APPLICABLE_OPEN_GAPS_AND_SAME_SHA_EVIDENCE,
J058,J058-SL-01,1,Product Truth والنتيجة والثوابت,governance/operational_journey_protocol_package/smsm-dsh-wlt-journeys/04-fulfillment-delivery-support/J058.md,TASK-0016,BLOCKED_BY_FOUNDATION,FOUNDATION-00,ZERO_APPLICABLE_OPEN_GAPS_AND_SAME_SHA_EVIDENCE,
J058,J058-SL-02,2,Actors وهويات الخدمات,governance/operational_journey_protocol_package/smsm-dsh-wlt-journeys/04-fulfillment-delivery-support/J058.md,TASK-0016,BLOCKED_BY_FOUNDATION,J058-SL-01,ZERO_APPLICABLE_OPEN_GAPS_AND_SAME_SHA_EVIDENCE,
J058,J058-SL-03,3,التبعيات وشروط الدخول والخروج,governance/operational_journey_protocol_package/smsm-dsh-wlt-journeys/04-fulfillment-delivery-support/J058.md,TASK-0016,BLOCKED_BY_FOUNDATION,J058-SL-02,ZERO_APPLICABLE_OPEN_GAPS_AND_SAME_SHA_EVIDENCE,
J058,J058-SL-04,4,Identity/session/device,governance/operational_journey_protocol_package/smsm-dsh-wlt-journeys/04-fulfillment-delivery-support/J058.md,TASK-0016,BLOCKED_BY_FOUNDATION,J058-SL-03,ZERO_APPLICABLE_OPEN_GAPS_AND_SAME_SHA_EVIDENCE,
J058,J058-SL-05,5,Permission/trusted scope/object authorization,governance/operational_journey_protocol_package/smsm-dsh-wlt-journeys/04-fulfillment-delivery-support/J058.md,TASK-0016,BLOCKED_BY_FOUNDATION,J058-SL-04,ZERO_APPLICABLE_OPEN_GAPS_AND_SAME_SHA_EVIDENCE,
J058,J058-SL-06,6,Entrypoints/routes/deep links/navigation,governance/operational_journey_protocol_package/smsm-dsh-wlt-journeys/04-fulfillment-delivery-support/J058.md,TASK-0016,BLOCKED_BY_FOUNDATION,J058-SL-05,ZERO_APPLICABLE_OPEN_GAPS_AND_SAME_SHA_EVIDENCE,
J058,J058-SL-07,7,Screens/pages/tabs/buttons/icons/forms,governance/operational_journey_protocol_package/smsm-dsh-wlt-journeys/04-fulfillment-delivery-support/J058.md,TASK-0016,BLOCKED_BY_FOUNDATION,J058-SL-06,ZERO_APPLICABLE_OPEN_GAPS_AND_SAME_SHA_EVIDENCE,
J058,J058-SL-08,8,Shared brain/view model/visible states,governance/operational_journey_protocol_package/smsm-dsh-wlt-journeys/04-fulfillment-delivery-support/J058.md,TASK-0016,BLOCKED_BY_FOUNDATION,J058-SL-07,ZERO_APPLICABLE_OPEN_GAPS_AND_SAME_SHA_EVIDENCE,
J058,J058-SL-09,9,OpenAPI/error/security/idempotency,governance/operational_journey_protocol_package/smsm-dsh-wlt-journeys/04-fulfillment-delivery-support/J058.md,TASK-0016,BLOCKED_BY_FOUNDATION,J058-SL-08,ZERO_APPLICABLE_OPEN_GAPS_AND_SAME_SHA_EVIDENCE,
J058,J058-SL-10,10,Generated clients/transports,governance/operational_journey_protocol_package/smsm-dsh-wlt-journeys/04-fulfillment-delivery-support/J058.md,TASK-0016,BLOCKED_BY_FOUNDATION,J058-SL-09,ZERO_APPLICABLE_OPEN_GAPS_AND_SAME_SHA_EVIDENCE,
J058,J058-SL-11,11,Backend handler/domain/repository,governance/operational_journey_protocol_package/smsm-dsh-wlt-journeys/04-fulfillment-delivery-support/J058.md,TASK-0016,BLOCKED_BY_FOUNDATION,J058-SL-10,ZERO_APPLICABLE_OPEN_GAPS_AND_SAME_SHA_EVIDENCE,
J058,J058-SL-12,12,State machine/allowed actions,governance/operational_journey_protocol_package/smsm-dsh-wlt-journeys/04-fulfillment-delivery-support/J058.md,TASK-0016,BLOCKED_BY_FOUNDATION,J058-SL-11,ZERO_APPLICABLE_OPEN_GAPS_AND_SAME_SHA_EVIDENCE,
J058,J058-SL-13,13,Database/migrations/constraints/indexes,governance/operational_journey_protocol_package/smsm-dsh-wlt-journeys/04-fulfillment-delivery-support/J058.md,TASK-0016,BLOCKED_BY_FOUNDATION,J058-SL-12,ZERO_APPLICABLE_OPEN_GAPS_AND_SAME_SHA_EVIDENCE,
J058,J058-SL-14,14,Events/outbox/inbox/jobs/DLQ,governance/operational_journey_protocol_package/smsm-dsh-wlt-journeys/04-fulfillment-delivery-support/J058.md,TASK-0016,BLOCKED_BY_FOUNDATION,J058-SL-13,ZERO_APPLICABLE_OPEN_GAPS_AND_SAME_SHA_EVIDENCE,
J058,J058-SL-15,15,Media/providers/cache/search,governance/operational_journey_protocol_package/smsm-dsh-wlt-journeys/04-fulfillment-delivery-support/J058.md,TASK-0016,BLOCKED_BY_FOUNDATION,J058-SL-14,ZERO_APPLICABLE_OPEN_GAPS_AND_SAME_SHA_EVIDENCE,
J058,J058-SL-16,16,DSH↔WLT financial boundary,governance/operational_journey_protocol_package/smsm-dsh-wlt-journeys/04-fulfillment-delivery-support/J058.md,TASK-0016,BLOCKED_BY_FOUNDATION,J058-SL-15,ZERO_APPLICABLE_OPEN_GAPS_AND_SAME_SHA_EVIDENCE,
J058,J058-SL-17,17,Concurrency/idempotency/unknown result,governance/operational_journey_protocol_package/smsm-dsh-wlt-journeys/04-fulfillment-delivery-support/J058.md,TASK-0016,BLOCKED_BY_FOUNDATION,J058-SL-16,ZERO_APPLICABLE_OPEN_GAPS_AND_SAME_SHA_EVIDENCE,
J058,J058-SL-18,18,Offline/retry/recovery,governance/operational_journey_protocol_package/smsm-dsh-wlt-journeys/04-fulfillment-delivery-support/J058.md,TASK-0016,BLOCKED_BY_FOUNDATION,J058-SL-17,ZERO_APPLICABLE_OPEN_GAPS_AND_SAME_SHA_EVIDENCE,
J058,J058-SL-19,19,Cross-surface readback,governance/operational_journey_protocol_package/smsm-dsh-wlt-journeys/04-fulfillment-delivery-support/J058.md,TASK-0016,BLOCKED_BY_FOUNDATION,J058-SL-18,ZERO_APPLICABLE_OPEN_GAPS_AND_SAME_SHA_EVIDENCE,
J058,J058-SL-20,20,Security/privacy/negative tests,governance/operational_journey_protocol_package/smsm-dsh-wlt-journeys/04-fulfillment-delivery-support/J058.md,TASK-0016,BLOCKED_BY_FOUNDATION,J058-SL-19,ZERO_APPLICABLE_OPEN_GAPS_AND_SAME_SHA_EVIDENCE,
J058,J058-SL-21,21,Audit/observability/performance,governance/operational_journey_protocol_package/smsm-dsh-wlt-journeys/04-fulfillment-delivery-support/J058.md,TASK-0016,BLOCKED_BY_FOUNDATION,J058-SL-20,ZERO_APPLICABLE_OPEN_GAPS_AND_SAME_SHA_EVIDENCE,
J058,J058-SL-22,22,Accessibility/RTL/localization,governance/operational_journey_protocol_package/smsm-dsh-wlt-journeys/04-fulfillment-delivery-support/J058.md,TASK-0016,BLOCKED_BY_FOUNDATION,J058-SL-21,ZERO_APPLICABLE_OPEN_GAPS_AND_SAME_SHA_EVIDENCE,
J058,J058-SL-23,23,Manual operational acceptance,governance/operational_journey_protocol_package/smsm-dsh-wlt-journeys/04-fulfillment-delivery-support/J058.md,TASK-0016,BLOCKED_BY_FOUNDATION,J058-SL-22,ZERO_APPLICABLE_OPEN_GAPS_AND_SAME_SHA_EVIDENCE,
J058,J058-SL-24,24,Cleanup/same-SHA evidence/closure,governance/operational_journey_protocol_package/smsm-dsh-wlt-journeys/04-fulfillment-delivery-support/J058.md,TASK-0016,BLOCKED_BY_FOUNDATION,J058-SL-23,ZERO_APPLICABLE_OPEN_GAPS_AND_SAME_SHA_EVIDENCE,
J059,J059-SL-01,1,Product Truth والنتيجة والثوابت,governance/operational_journey_protocol_package/smsm-dsh-wlt-journeys/04-fulfillment-delivery-support/J059.md,TASK-0016,BLOCKED_BY_FOUNDATION,FOUNDATION-00,ZERO_APPLICABLE_OPEN_GAPS_AND_SAME_SHA_EVIDENCE,
J059,J059-SL-02,2,Actors وهويات الخدمات,governance/operational_journey_protocol_package/smsm-dsh-wlt-journeys/04-fulfillment-delivery-support/J059.md,TASK-0016,BLOCKED_BY_FOUNDATION,J059-SL-01,ZERO_APPLICABLE_OPEN_GAPS_AND_SAME_SHA_EVIDENCE,
J059,J059-SL-03,3,التبعيات وشروط الدخول والخروج,governance/operational_journey_protocol_package/smsm-dsh-wlt-journeys/04-fulfillment-delivery-support/J059.md,TASK-0016,BLOCKED_BY_FOUNDATION,J059-SL-02,ZERO_APPLICABLE_OPEN_GAPS_AND_SAME_SHA_EVIDENCE,
J059,J059-SL-04,4,Identity/session/device,governance/operational_journey_protocol_package/smsm-dsh-wlt-journeys/04-fulfillment-delivery-support/J059.md,TASK-0016,BLOCKED_BY_FOUNDATION,J059-SL-03,ZERO_APPLICABLE_OPEN_GAPS_AND_SAME_SHA_EVIDENCE,
J059,J059-SL-05,5,Permission/trusted scope/object authorization,governance/operational_journey_protocol_package/smsm-dsh-wlt-journeys/04-fulfillment-delivery-support/J059.md,TASK-0016,BLOCKED_BY_FOUNDATION,J059-SL-04,ZERO_APPLICABLE_OPEN_GAPS_AND_SAME_SHA_EVIDENCE,
J059,J059-SL-06,6,Entrypoints/routes/deep links/navigation,governance/operational_journey_protocol_package/smsm-dsh-wlt-journeys/04-fulfillment-delivery-support/J059.md,TASK-0016,BLOCKED_BY_FOUNDATION,J059-SL-05,ZERO_APPLICABLE_OPEN_GAPS_AND_SAME_SHA_EVIDENCE,
J059,J059-SL-07,7,Screens/pages/tabs/buttons/icons/forms,governance/operational_journey_protocol_package/smsm-dsh-wlt-journeys/04-fulfillment-delivery-support/J059.md,TASK-0016,BLOCKED_BY_FOUNDATION,J059-SL-06,ZERO_APPLICABLE_OPEN_GAPS_AND_SAME_SHA_EVIDENCE,
J059,J059-SL-08,8,Shared brain/view model/visible states,governance/operational_journey_protocol_package/smsm-dsh-wlt-journeys/04-fulfillment-delivery-support/J059.md,TASK-0016,BLOCKED_BY_FOUNDATION,J059-SL-07,ZERO_APPLICABLE_OPEN_GAPS_AND_SAME_SHA_EVIDENCE,
J059,J059-SL-09,9,OpenAPI/error/security/idempotency,governance/operational_journey_protocol_package/smsm-dsh-wlt-journeys/04-fulfillment-delivery-support/J059.md,TASK-0016,BLOCKED_BY_FOUNDATION,J059-SL-08,ZERO_APPLICABLE_OPEN_GAPS_AND_SAME_SHA_EVIDENCE,
J059,J059-SL-10,10,Generated clients/transports,governance/operational_journey_protocol_package/smsm-dsh-wlt-journeys/04-fulfillment-delivery-support/J059.md,TASK-0016,BLOCKED_BY_FOUNDATION,J059-SL-09,ZERO_APPLICABLE_OPEN_GAPS_AND_SAME_SHA_EVIDENCE,
J059,J059-SL-11,11,Backend handler/domain/repository,governance/operational_journey_protocol_package/smsm-dsh-wlt-journeys/04-fulfillment-delivery-support/J059.md,TASK-0016,BLOCKED_BY_FOUNDATION,J059-SL-10,ZERO_APPLICABLE_OPEN_GAPS_AND_SAME_SHA_EVIDENCE,
J059,J059-SL-12,12,State machine/allowed actions,governance/operational_journey_protocol_package/smsm-dsh-wlt-journeys/04-fulfillment-delivery-support/J059.md,TASK-0016,BLOCKED_BY_FOUNDATION,J059-SL-11,ZERO_APPLICABLE_OPEN_GAPS_AND_SAME_SHA_EVIDENCE,
J059,J059-SL-13,13,Database/migrations/constraints/indexes,governance/operational_journey_protocol_package/smsm-dsh-wlt-journeys/04-fulfillment-delivery-support/J059.md,TASK-0016,BLOCKED_BY_FOUNDATION,J059-SL-12,ZERO_APPLICABLE_OPEN_GAPS_AND_SAME_SHA_EVIDENCE,
J059,J059-SL-14,14,Events/outbox/inbox/jobs/DLQ,governance/operational_journey_protocol_package/smsm-dsh-wlt-journeys/04-fulfillment-delivery-support/J059.md,TASK-0016,BLOCKED_BY_FOUNDATION,J059-SL-13,ZERO_APPLICABLE_OPEN_GAPS_AND_SAME_SHA_EVIDENCE,
J059,J059-SL-15,15,Media/providers/cache/search,governance/operational_journey_protocol_package/smsm-dsh-wlt-journeys/04-fulfillment-delivery-support/J059.md,TASK-0016,BLOCKED_BY_FOUNDATION,J059-SL-14,ZERO_APPLICABLE_OPEN_GAPS_AND_SAME_SHA_EVIDENCE,
J059,J059-SL-16,16,DSH↔WLT financial boundary,governance/operational_journey_protocol_package/smsm-dsh-wlt-journeys/04-fulfillment-delivery-support/J059.md,TASK-0016,BLOCKED_BY_FOUNDATION,J059-SL-15,ZERO_APPLICABLE_OPEN_GAPS_AND_SAME_SHA_EVIDENCE,
J059,J059-SL-17,17,Concurrency/idempotency/unknown result,governance/operational_journey_protocol_package/smsm-dsh-wlt-journeys/04-fulfillment-delivery-support/J059.md,TASK-0016,BLOCKED_BY_FOUNDATION,J059-SL-16,ZERO_APPLICABLE_OPEN_GAPS_AND_SAME_SHA_EVIDENCE,
J059,J059-SL-18,18,Offline/retry/recovery,governance/operational_journey_protocol_package/smsm-dsh-wlt-journeys/04-fulfillment-delivery-support/J059.md,TASK-0016,BLOCKED_BY_FOUNDATION,J059-SL-17,ZERO_APPLICABLE_OPEN_GAPS_AND_SAME_SHA_EVIDENCE,
J059,J059-SL-19,19,Cross-surface readback,governance/operational_journey_protocol_package/smsm-dsh-wlt-journeys/04-fulfillment-delivery-support/J059.md,TASK-0016,BLOCKED_BY_FOUNDATION,J059-SL-18,ZERO_APPLICABLE_OPEN_GAPS_AND_SAME_SHA_EVIDENCE,
J059,J059-SL-20,20,Security/privacy/negative tests,governance/operational_journey_protocol_package/smsm-dsh-wlt-journeys/04-fulfillment-delivery-support/J059.md,TASK-0016,BLOCKED_BY_FOUNDATION,J059-SL-19,ZERO_APPLICABLE_OPEN_GAPS_AND_SAME_SHA_EVIDENCE,
J059,J059-SL-21,21,Audit/observability/performance,governance/operational_journey_protocol_package/smsm-dsh-wlt-journeys/04-fulfillment-delivery-support/J059.md,TASK-0016,BLOCKED_BY_FOUNDATION,J059-SL-20,ZERO_APPLICABLE_OPEN_GAPS_AND_SAME_SHA_EVIDENCE,
J059,J059-SL-22,22,Accessibility/RTL/localization,governance/operational_journey_protocol_package/smsm-dsh-wlt-journeys/04-fulfillment-delivery-support/J059.md,TASK-0016,BLOCKED_BY_FOUNDATION,J059-SL-21,ZERO_APPLICABLE_OPEN_GAPS_AND_SAME_SHA_EVIDENCE,
J059,J059-SL-23,23,Manual operational acceptance,governance/operational_journey_protocol_package/smsm-dsh-wlt-journeys/04-fulfillment-delivery-support/J059.md,TASK-0016,BLOCKED_BY_FOUNDATION,J059-SL-22,ZERO_APPLICABLE_OPEN_GAPS_AND_SAME_SHA_EVIDENCE,
J059,J059-SL-24,24,Cleanup/same-SHA evidence/closure,governance/operational_journey_protocol_package/smsm-dsh-wlt-journeys/04-fulfillment-delivery-support/J059.md,TASK-0016,BLOCKED_BY_FOUNDATION,J059-SL-23,ZERO_APPLICABLE_OPEN_GAPS_AND_SAME_SHA_EVIDENCE,
J060,J060-SL-01,1,Product Truth والنتيجة والثوابت,governance/operational_journey_protocol_package/smsm-dsh-wlt-journeys/04-fulfillment-delivery-support/J060.md,TASK-0016,BLOCKED_BY_FOUNDATION,FOUNDATION-00,ZERO_APPLICABLE_OPEN_GAPS_AND_SAME_SHA_EVIDENCE,
J060,J060-SL-02,2,Actors وهويات الخدمات,governance/operational_journey_protocol_package/smsm-dsh-wlt-journeys/04-fulfillment-delivery-support/J060.md,TASK-0016,BLOCKED_BY_FOUNDATION,J060-SL-01,ZERO_APPLICABLE_OPEN_GAPS_AND_SAME_SHA_EVIDENCE,
J060,J060-SL-03,3,التبعيات وشروط الدخول والخروج,governance/operational_journey_protocol_package/smsm-dsh-wlt-journeys/04-fulfillment-delivery-support/J060.md,TASK-0016,BLOCKED_BY_FOUNDATION,J060-SL-02,ZERO_APPLICABLE_OPEN_GAPS_AND_SAME_SHA_EVIDENCE,
J060,J060-SL-04,4,Identity/session/device,governance/operational_journey_protocol_package/smsm-dsh-wlt-journeys/04-fulfillment-delivery-support/J060.md,TASK-0016,BLOCKED_BY_FOUNDATION,J060-SL-03,ZERO_APPLICABLE_OPEN_GAPS_AND_SAME_SHA_EVIDENCE,
J060,J060-SL-05,5,Permission/trusted scope/object authorization,governance/operational_journey_protocol_package/smsm-dsh-wlt-journeys/04-fulfillment-delivery-support/J060.md,TASK-0016,BLOCKED_BY_FOUNDATION,J060-SL-04,ZERO_APPLICABLE_OPEN_GAPS_AND_SAME_SHA_EVIDENCE,
J060,J060-SL-06,6,Entrypoints/routes/deep links/navigation,governance/operational_journey_protocol_package/smsm-dsh-wlt-journeys/04-fulfillment-delivery-support/J060.md,TASK-0016,BLOCKED_BY_FOUNDATION,J060-SL-05,ZERO_APPLICABLE_OPEN_GAPS_AND_SAME_SHA_EVIDENCE,
J060,J060-SL-07,7,Screens/pages/tabs/buttons/icons/forms,governance/operational_journey_protocol_package/smsm-dsh-wlt-journeys/04-fulfillment-delivery-support/J060.md,TASK-0016,BLOCKED_BY_FOUNDATION,J060-SL-06,ZERO_APPLICABLE_OPEN_GAPS_AND_SAME_SHA_EVIDENCE,
J060,J060-SL-08,8,Shared brain/view model/visible states,governance/operational_journey_protocol_package/smsm-dsh-wlt-journeys/04-fulfillment-delivery-support/J060.md,TASK-0016,BLOCKED_BY_FOUNDATION,J060-SL-07,ZERO_APPLICABLE_OPEN_GAPS_AND_SAME_SHA_EVIDENCE,
J060,J060-SL-09,9,OpenAPI/error/security/idempotency,governance/operational_journey_protocol_package/smsm-dsh-wlt-journeys/04-fulfillment-delivery-support/J060.md,TASK-0016,BLOCKED_BY_FOUNDATION,J060-SL-08,ZERO_APPLICABLE_OPEN_GAPS_AND_SAME_SHA_EVIDENCE,
J060,J060-SL-10,10,Generated clients/transports,governance/operational_journey_protocol_package/smsm-dsh-wlt-journeys/04-fulfillment-delivery-support/J060.md,TASK-0016,BLOCKED_BY_FOUNDATION,J060-SL-09,ZERO_APPLICABLE_OPEN_GAPS_AND_SAME_SHA_EVIDENCE,
J060,J060-SL-11,11,Backend handler/domain/repository,governance/operational_journey_protocol_package/smsm-dsh-wlt-journeys/04-fulfillment-delivery-support/J060.md,TASK-0016,BLOCKED_BY_FOUNDATION,J060-SL-10,ZERO_APPLICABLE_OPEN_GAPS_AND_SAME_SHA_EVIDENCE,
J060,J060-SL-12,12,State machine/allowed actions,governance/operational_journey_protocol_package/smsm-dsh-wlt-journeys/04-fulfillment-delivery-support/J060.md,TASK-0016,BLOCKED_BY_FOUNDATION,J060-SL-11,ZERO_APPLICABLE_OPEN_GAPS_AND_SAME_SHA_EVIDENCE,
J060,J060-SL-13,13,Database/migrations/constraints/indexes,governance/operational_journey_protocol_package/smsm-dsh-wlt-journeys/04-fulfillment-delivery-support/J060.md,TASK-0016,BLOCKED_BY_FOUNDATION,J060-SL-12,ZERO_APPLICABLE_OPEN_GAPS_AND_SAME_SHA_EVIDENCE,
J060,J060-SL-14,14,Events/outbox/inbox/jobs/DLQ,governance/operational_journey_protocol_package/smsm-dsh-wlt-journeys/04-fulfillment-delivery-support/J060.md,TASK-0016,BLOCKED_BY_FOUNDATION,J060-SL-13,ZERO_APPLICABLE_OPEN_GAPS_AND_SAME_SHA_EVIDENCE,
J060,J060-SL-15,15,Media/providers/cache/search,governance/operational_journey_protocol_package/smsm-dsh-wlt-journeys/04-fulfillment-delivery-support/J060.md,TASK-0016,BLOCKED_BY_FOUNDATION,J060-SL-14,ZERO_APPLICABLE_OPEN_GAPS_AND_SAME_SHA_EVIDENCE,
J060,J060-SL-16,16,DSH↔WLT financial boundary,governance/operational_journey_protocol_package/smsm-dsh-wlt-journeys/04-fulfillment-delivery-support/J060.md,TASK-0016,BLOCKED_BY_FOUNDATION,J060-SL-15,ZERO_APPLICABLE_OPEN_GAPS_AND_SAME_SHA_EVIDENCE,
J060,J060-SL-17,17,Concurrency/idempotency/unknown result,governance/operational_journey_protocol_package/smsm-dsh-wlt-journeys/04-fulfillment-delivery-support/J060.md,TASK-0016,BLOCKED_BY_FOUNDATION,J060-SL-16,ZERO_APPLICABLE_OPEN_GAPS_AND_SAME_SHA_EVIDENCE,
J060,J060-SL-18,18,Offline/retry/recovery,governance/operational_journey_protocol_package/smsm-dsh-wlt-journeys/04-fulfillment-delivery-support/J060.md,TASK-0016,BLOCKED_BY_FOUNDATION,J060-SL-17,ZERO_APPLICABLE_OPEN_GAPS_AND_SAME_SHA_EVIDENCE,
J060,J060-SL-19,19,Cross-surface readback,governance/operational_journey_protocol_package/smsm-dsh-wlt-journeys/04-fulfillment-delivery-support/J060.md,TASK-0016,BLOCKED_BY_FOUNDATION,J060-SL-18,ZERO_APPLICABLE_OPEN_GAPS_AND_SAME_SHA_EVIDENCE,
J060,J060-SL-20,20,Security/privacy/negative tests,governance/operational_journey_protocol_package/smsm-dsh-wlt-journeys/04-fulfillment-delivery-support/J060.md,TASK-0016,BLOCKED_BY_FOUNDATION,J060-SL-19,ZERO_APPLICABLE_OPEN_GAPS_AND_SAME_SHA_EVIDENCE,
J060,J060-SL-21,21,Audit/observability/performance,governance/operational_journey_protocol_package/smsm-dsh-wlt-journeys/04-fulfillment-delivery-support/J060.md,TASK-0016,BLOCKED_BY_FOUNDATION,J060-SL-20,ZERO_APPLICABLE_OPEN_GAPS_AND_SAME_SHA_EVIDENCE,
J060,J060-SL-22,22,Accessibility/RTL/localization,governance/operational_journey_protocol_package/smsm-dsh-wlt-journeys/04-fulfillment-delivery-support/J060.md,TASK-0016,BLOCKED_BY_FOUNDATION,J060-SL-21,ZERO_APPLICABLE_OPEN_GAPS_AND_SAME_SHA_EVIDENCE,
J060,J060-SL-23,23,Manual operational acceptance,governance/operational_journey_protocol_package/smsm-dsh-wlt-journeys/04-fulfillment-delivery-support/J060.md,TASK-0016,BLOCKED_BY_FOUNDATION,J060-SL-22,ZERO_APPLICABLE_OPEN_GAPS_AND_SAME_SHA_EVIDENCE,
J060,J060-SL-24,24,Cleanup/same-SHA evidence/closure,governance/operational_journey_protocol_package/smsm-dsh-wlt-journeys/04-fulfillment-delivery-support/J060.md,TASK-0016,BLOCKED_BY_FOUNDATION,J060-SL-23,ZERO_APPLICABLE_OPEN_GAPS_AND_SAME_SHA_EVIDENCE,
J061,J061-SL-01,1,Product Truth والنتيجة والثوابت,governance/operational_journey_protocol_package/smsm-dsh-wlt-journeys/04-fulfillment-delivery-support/J061.md,TASK-0016,BLOCKED_BY_FOUNDATION,FOUNDATION-00,ZERO_APPLICABLE_OPEN_GAPS_AND_SAME_SHA_EVIDENCE,
J061,J061-SL-02,2,Actors وهويات الخدمات,governance/operational_journey_protocol_package/smsm-dsh-wlt-journeys/04-fulfillment-delivery-support/J061.md,TASK-0016,BLOCKED_BY_FOUNDATION,J061-SL-01,ZERO_APPLICABLE_OPEN_GAPS_AND_SAME_SHA_EVIDENCE,
J061,J061-SL-03,3,التبعيات وشروط الدخول والخروج,governance/operational_journey_protocol_package/smsm-dsh-wlt-journeys/04-fulfillment-delivery-support/J061.md,TASK-0016,BLOCKED_BY_FOUNDATION,J061-SL-02,ZERO_APPLICABLE_OPEN_GAPS_AND_SAME_SHA_EVIDENCE,
J061,J061-SL-04,4,Identity/session/device,governance/operational_journey_protocol_package/smsm-dsh-wlt-journeys/04-fulfillment-delivery-support/J061.md,TASK-0016,BLOCKED_BY_FOUNDATION,J061-SL-03,ZERO_APPLICABLE_OPEN_GAPS_AND_SAME_SHA_EVIDENCE,
J061,J061-SL-05,5,Permission/trusted scope/object authorization,governance/operational_journey_protocol_package/smsm-dsh-wlt-journeys/04-fulfillment-delivery-support/J061.md,TASK-0016,BLOCKED_BY_FOUNDATION,J061-SL-04,ZERO_APPLICABLE_OPEN_GAPS_AND_SAME_SHA_EVIDENCE,
J061,J061-SL-06,6,Entrypoints/routes/deep links/navigation,governance/operational_journey_protocol_package/smsm-dsh-wlt-journeys/04-fulfillment-delivery-support/J061.md,TASK-0016,BLOCKED_BY_FOUNDATION,J061-SL-05,ZERO_APPLICABLE_OPEN_GAPS_AND_SAME_SHA_EVIDENCE,
J061,J061-SL-07,7,Screens/pages/tabs/buttons/icons/forms,governance/operational_journey_protocol_package/smsm-dsh-wlt-journeys/04-fulfillment-delivery-support/J061.md,TASK-0016,BLOCKED_BY_FOUNDATION,J061-SL-06,ZERO_APPLICABLE_OPEN_GAPS_AND_SAME_SHA_EVIDENCE,
J061,J061-SL-08,8,Shared brain/view model/visible states,governance/operational_journey_protocol_package/smsm-dsh-wlt-journeys/04-fulfillment-delivery-support/J061.md,TASK-0016,BLOCKED_BY_FOUNDATION,J061-SL-07,ZERO_APPLICABLE_OPEN_GAPS_AND_SAME_SHA_EVIDENCE,
J061,J061-SL-09,9,OpenAPI/error/security/idempotency,governance/operational_journey_protocol_package/smsm-dsh-wlt-journeys/04-fulfillment-delivery-support/J061.md,TASK-0016,BLOCKED_BY_FOUNDATION,J061-SL-08,ZERO_APPLICABLE_OPEN_GAPS_AND_SAME_SHA_EVIDENCE,
J061,J061-SL-10,10,Generated clients/transports,governance/operational_journey_protocol_package/smsm-dsh-wlt-journeys/04-fulfillment-delivery-support/J061.md,TASK-0016,BLOCKED_BY_FOUNDATION,J061-SL-09,ZERO_APPLICABLE_OPEN_GAPS_AND_SAME_SHA_EVIDENCE,
J061,J061-SL-11,11,Backend handler/domain/repository,governance/operational_journey_protocol_package/smsm-dsh-wlt-journeys/04-fulfillment-delivery-support/J061.md,TASK-0016,BLOCKED_BY_FOUNDATION,J061-SL-10,ZERO_APPLICABLE_OPEN_GAPS_AND_SAME_SHA_EVIDENCE,
J061,J061-SL-12,12,State machine/allowed actions,governance/operational_journey_protocol_package/smsm-dsh-wlt-journeys/04-fulfillment-delivery-support/J061.md,TASK-0016,BLOCKED_BY_FOUNDATION,J061-SL-11,ZERO_APPLICABLE_OPEN_GAPS_AND_SAME_SHA_EVIDENCE,
J061,J061-SL-13,13,Database/migrations/constraints/indexes,governance/operational_journey_protocol_package/smsm-dsh-wlt-journeys/04-fulfillment-delivery-support/J061.md,TASK-0016,BLOCKED_BY_FOUNDATION,J061-SL-12,ZERO_APPLICABLE_OPEN_GAPS_AND_SAME_SHA_EVIDENCE,
J061,J061-SL-14,14,Events/outbox/inbox/jobs/DLQ,governance/operational_journey_protocol_package/smsm-dsh-wlt-journeys/04-fulfillment-delivery-support/J061.md,TASK-0016,BLOCKED_BY_FOUNDATION,J061-SL-13,ZERO_APPLICABLE_OPEN_GAPS_AND_SAME_SHA_EVIDENCE,
J061,J061-SL-15,15,Media/providers/cache/search,governance/operational_journey_protocol_package/smsm-dsh-wlt-journeys/04-fulfillment-delivery-support/J061.md,TASK-0016,BLOCKED_BY_FOUNDATION,J061-SL-14,ZERO_APPLICABLE_OPEN_GAPS_AND_SAME_SHA_EVIDENCE,
J061,J061-SL-16,16,DSH↔WLT financial boundary,governance/operational_journey_protocol_package/smsm-dsh-wlt-journeys/04-fulfillment-delivery-support/J061.md,TASK-0016,BLOCKED_BY_FOUNDATION,J061-SL-15,ZERO_APPLICABLE_OPEN_GAPS_AND_SAME_SHA_EVIDENCE,
J061,J061-SL-17,17,Concurrency/idempotency/unknown result,governance/operational_journey_protocol_package/smsm-dsh-wlt-journeys/04-fulfillment-delivery-support/J061.md,TASK-0016,BLOCKED_BY_FOUNDATION,J061-SL-16,ZERO_APPLICABLE_OPEN_GAPS_AND_SAME_SHA_EVIDENCE,
J061,J061-SL-18,18,Offline/retry/recovery,governance/operational_journey_protocol_package/smsm-dsh-wlt-journeys/04-fulfillment-delivery-support/J061.md,TASK-0016,BLOCKED_BY_FOUNDATION,J061-SL-17,ZERO_APPLICABLE_OPEN_GAPS_AND_SAME_SHA_EVIDENCE,
J061,J061-SL-19,19,Cross-surface readback,governance/operational_journey_protocol_package/smsm-dsh-wlt-journeys/04-fulfillment-delivery-support/J061.md,TASK-0016,BLOCKED_BY_FOUNDATION,J061-SL-18,ZERO_APPLICABLE_OPEN_GAPS_AND_SAME_SHA_EVIDENCE,
J061,J061-SL-20,20,Security/privacy/negative tests,governance/operational_journey_protocol_package/smsm-dsh-wlt-journeys/04-fulfillment-delivery-support/J061.md,TASK-0016,BLOCKED_BY_FOUNDATION,J061-SL-19,ZERO_APPLICABLE_OPEN_GAPS_AND_SAME_SHA_EVIDENCE,
J061,J061-SL-21,21,Audit/observability/performance,governance/operational_journey_protocol_package/smsm-dsh-wlt-journeys/04-fulfillment-delivery-support/J061.md,TASK-0016,BLOCKED_BY_FOUNDATION,J061-SL-20,ZERO_APPLICABLE_OPEN_GAPS_AND_SAME_SHA_EVIDENCE,
J061,J061-SL-22,22,Accessibility/RTL/localization,governance/operational_journey_protocol_package/smsm-dsh-wlt-journeys/04-fulfillment-delivery-support/J061.md,TASK-0016,BLOCKED_BY_FOUNDATION,J061-SL-21,ZERO_APPLICABLE_OPEN_GAPS_AND_SAME_SHA_EVIDENCE,
J061,J061-SL-23,23,Manual operational acceptance,governance/operational_journey_protocol_package/smsm-dsh-wlt-journeys/04-fulfillment-delivery-support/J061.md,TASK-0016,BLOCKED_BY_FOUNDATION,J061-SL-22,ZERO_APPLICABLE_OPEN_GAPS_AND_SAME_SHA_EVIDENCE,
J061,J061-SL-24,24,Cleanup/same-SHA evidence/closure,governance/operational_journey_protocol_package/smsm-dsh-wlt-journeys/04-fulfillment-delivery-support/J061.md,TASK-0016,BLOCKED_BY_FOUNDATION,J061-SL-23,ZERO_APPLICABLE_OPEN_GAPS_AND_SAME_SHA_EVIDENCE,
J062,J062-SL-01,1,Product Truth والنتيجة والثوابت,governance/operational_journey_protocol_package/smsm-dsh-wlt-journeys/04-fulfillment-delivery-support/J062.md,TASK-0016,BLOCKED_BY_FOUNDATION,FOUNDATION-00,ZERO_APPLICABLE_OPEN_GAPS_AND_SAME_SHA_EVIDENCE,
J062,J062-SL-02,2,Actors وهويات الخدمات,governance/operational_journey_protocol_package/smsm-dsh-wlt-journeys/04-fulfillment-delivery-support/J062.md,TASK-0016,BLOCKED_BY_FOUNDATION,J062-SL-01,ZERO_APPLICABLE_OPEN_GAPS_AND_SAME_SHA_EVIDENCE,
J062,J062-SL-03,3,التبعيات وشروط الدخول والخروج,governance/operational_journey_protocol_package/smsm-dsh-wlt-journeys/04-fulfillment-delivery-support/J062.md,TASK-0016,BLOCKED_BY_FOUNDATION,J062-SL-02,ZERO_APPLICABLE_OPEN_GAPS_AND_SAME_SHA_EVIDENCE,
J062,J062-SL-04,4,Identity/session/device,governance/operational_journey_protocol_package/smsm-dsh-wlt-journeys/04-fulfillment-delivery-support/J062.md,TASK-0016,BLOCKED_BY_FOUNDATION,J062-SL-03,ZERO_APPLICABLE_OPEN_GAPS_AND_SAME_SHA_EVIDENCE,
J062,J062-SL-05,5,Permission/trusted scope/object authorization,governance/operational_journey_protocol_package/smsm-dsh-wlt-journeys/04-fulfillment-delivery-support/J062.md,TASK-0016,BLOCKED_BY_FOUNDATION,J062-SL-04,ZERO_APPLICABLE_OPEN_GAPS_AND_SAME_SHA_EVIDENCE,
J062,J062-SL-06,6,Entrypoints/routes/deep links/navigation,governance/operational_journey_protocol_package/smsm-dsh-wlt-journeys/04-fulfillment-delivery-support/J062.md,TASK-0016,BLOCKED_BY_FOUNDATION,J062-SL-05,ZERO_APPLICABLE_OPEN_GAPS_AND_SAME_SHA_EVIDENCE,
J062,J062-SL-07,7,Screens/pages/tabs/buttons/icons/forms,governance/operational_journey_protocol_package/smsm-dsh-wlt-journeys/04-fulfillment-delivery-support/J062.md,TASK-0016,BLOCKED_BY_FOUNDATION,J062-SL-06,ZERO_APPLICABLE_OPEN_GAPS_AND_SAME_SHA_EVIDENCE,
J062,J062-SL-08,8,Shared brain/view model/visible states,governance/operational_journey_protocol_package/smsm-dsh-wlt-journeys/04-fulfillment-delivery-support/J062.md,TASK-0016,BLOCKED_BY_FOUNDATION,J062-SL-07,ZERO_APPLICABLE_OPEN_GAPS_AND_SAME_SHA_EVIDENCE,
J062,J062-SL-09,9,OpenAPI/error/security/idempotency,governance/operational_journey_protocol_package/smsm-dsh-wlt-journeys/04-fulfillment-delivery-support/J062.md,TASK-0016,BLOCKED_BY_FOUNDATION,J062-SL-08,ZERO_APPLICABLE_OPEN_GAPS_AND_SAME_SHA_EVIDENCE,
J062,J062-SL-10,10,Generated clients/transports,governance/operational_journey_protocol_package/smsm-dsh-wlt-journeys/04-fulfillment-delivery-support/J062.md,TASK-0016,BLOCKED_BY_FOUNDATION,J062-SL-09,ZERO_APPLICABLE_OPEN_GAPS_AND_SAME_SHA_EVIDENCE,
J062,J062-SL-11,11,Backend handler/domain/repository,governance/operational_journey_protocol_package/smsm-dsh-wlt-journeys/04-fulfillment-delivery-support/J062.md,TASK-0016,BLOCKED_BY_FOUNDATION,J062-SL-10,ZERO_APPLICABLE_OPEN_GAPS_AND_SAME_SHA_EVIDENCE,
J062,J062-SL-12,12,State machine/allowed actions,governance/operational_journey_protocol_package/smsm-dsh-wlt-journeys/04-fulfillment-delivery-support/J062.md,TASK-0016,BLOCKED_BY_FOUNDATION,J062-SL-11,ZERO_APPLICABLE_OPEN_GAPS_AND_SAME_SHA_EVIDENCE,
J062,J062-SL-13,13,Database/migrations/constraints/indexes,governance/operational_journey_protocol_package/smsm-dsh-wlt-journeys/04-fulfillment-delivery-support/J062.md,TASK-0016,BLOCKED_BY_FOUNDATION,J062-SL-12,ZERO_APPLICABLE_OPEN_GAPS_AND_SAME_SHA_EVIDENCE,
J062,J062-SL-14,14,Events/outbox/inbox/jobs/DLQ,governance/operational_journey_protocol_package/smsm-dsh-wlt-journeys/04-fulfillment-delivery-support/J062.md,TASK-0016,BLOCKED_BY_FOUNDATION,J062-SL-13,ZERO_APPLICABLE_OPEN_GAPS_AND_SAME_SHA_EVIDENCE,
J062,J062-SL-15,15,Media/providers/cache/search,governance/operational_journey_protocol_package/smsm-dsh-wlt-journeys/04-fulfillment-delivery-support/J062.md,TASK-0016,BLOCKED_BY_FOUNDATION,J062-SL-14,ZERO_APPLICABLE_OPEN_GAPS_AND_SAME_SHA_EVIDENCE,
J062,J062-SL-16,16,DSH↔WLT financial boundary,governance/operational_journey_protocol_package/smsm-dsh-wlt-journeys/04-fulfillment-delivery-support/J062.md,TASK-0016,BLOCKED_BY_FOUNDATION,J062-SL-15,ZERO_APPLICABLE_OPEN_GAPS_AND_SAME_SHA_EVIDENCE,
J062,J062-SL-17,17,Concurrency/idempotency/unknown result,governance/operational_journey_protocol_package/smsm-dsh-wlt-journeys/04-fulfillment-delivery-support/J062.md,TASK-0016,BLOCKED_BY_FOUNDATION,J062-SL-16,ZERO_APPLICABLE_OPEN_GAPS_AND_SAME_SHA_EVIDENCE,
J062,J062-SL-18,18,Offline/retry/recovery,governance/operational_journey_protocol_package/smsm-dsh-wlt-journeys/04-fulfillment-delivery-support/J062.md,TASK-0016,BLOCKED_BY_FOUNDATION,J062-SL-17,ZERO_APPLICABLE_OPEN_GAPS_AND_SAME_SHA_EVIDENCE,
J062,J062-SL-19,19,Cross-surface readback,governance/operational_journey_protocol_package/smsm-dsh-wlt-journeys/04-fulfillment-delivery-support/J062.md,TASK-0016,BLOCKED_BY_FOUNDATION,J062-SL-18,ZERO_APPLICABLE_OPEN_GAPS_AND_SAME_SHA_EVIDENCE,
J062,J062-SL-20,20,Security/privacy/negative tests,governance/operational_journey_protocol_package/smsm-dsh-wlt-journeys/04-fulfillment-delivery-support/J062.md,TASK-0016,BLOCKED_BY_FOUNDATION,J062-SL-19,ZERO_APPLICABLE_OPEN_GAPS_AND_SAME_SHA_EVIDENCE,
J062,J062-SL-21,21,Audit/observability/performance,governance/operational_journey_protocol_package/smsm-dsh-wlt-journeys/04-fulfillment-delivery-support/J062.md,TASK-0016,BLOCKED_BY_FOUNDATION,J062-SL-20,ZERO_APPLICABLE_OPEN_GAPS_AND_SAME_SHA_EVIDENCE,
J062,J062-SL-22,22,Accessibility/RTL/localization,governance/operational_journey_protocol_package/smsm-dsh-wlt-journeys/04-fulfillment-delivery-support/J062.md,TASK-0016,BLOCKED_BY_FOUNDATION,J062-SL-21,ZERO_APPLICABLE_OPEN_GAPS_AND_SAME_SHA_EVIDENCE,
J062,J062-SL-23,23,Manual operational acceptance,governance/operational_journey_protocol_package/smsm-dsh-wlt-journeys/04-fulfillment-delivery-support/J062.md,TASK-0016,BLOCKED_BY_FOUNDATION,J062-SL-22,ZERO_APPLICABLE_OPEN_GAPS_AND_SAME_SHA_EVIDENCE,
J062,J062-SL-24,24,Cleanup/same-SHA evidence/closure,governance/operational_journey_protocol_package/smsm-dsh-wlt-journeys/04-fulfillment-delivery-support/J062.md,TASK-0016,BLOCKED_BY_FOUNDATION,J062-SL-23,ZERO_APPLICABLE_OPEN_GAPS_AND_SAME_SHA_EVIDENCE,
J063,J063-SL-01,1,Product Truth والنتيجة والثوابت,governance/operational_journey_protocol_package/smsm-dsh-wlt-journeys/04-fulfillment-delivery-support/J063.md,TASK-0016,BLOCKED_BY_FOUNDATION,FOUNDATION-00,ZERO_APPLICABLE_OPEN_GAPS_AND_SAME_SHA_EVIDENCE,
J063,J063-SL-02,2,Actors وهويات الخدمات,governance/operational_journey_protocol_package/smsm-dsh-wlt-journeys/04-fulfillment-delivery-support/J063.md,TASK-0016,BLOCKED_BY_FOUNDATION,J063-SL-01,ZERO_APPLICABLE_OPEN_GAPS_AND_SAME_SHA_EVIDENCE,
J063,J063-SL-03,3,التبعيات وشروط الدخول والخروج,governance/operational_journey_protocol_package/smsm-dsh-wlt-journeys/04-fulfillment-delivery-support/J063.md,TASK-0016,BLOCKED_BY_FOUNDATION,J063-SL-02,ZERO_APPLICABLE_OPEN_GAPS_AND_SAME_SHA_EVIDENCE,
J063,J063-SL-04,4,Identity/session/device,governance/operational_journey_protocol_package/smsm-dsh-wlt-journeys/04-fulfillment-delivery-support/J063.md,TASK-0016,BLOCKED_BY_FOUNDATION,J063-SL-03,ZERO_APPLICABLE_OPEN_GAPS_AND_SAME_SHA_EVIDENCE,
J063,J063-SL-05,5,Permission/trusted scope/object authorization,governance/operational_journey_protocol_package/smsm-dsh-wlt-journeys/04-fulfillment-delivery-support/J063.md,TASK-0016,BLOCKED_BY_FOUNDATION,J063-SL-04,ZERO_APPLICABLE_OPEN_GAPS_AND_SAME_SHA_EVIDENCE,
J063,J063-SL-06,6,Entrypoints/routes/deep links/navigation,governance/operational_journey_protocol_package/smsm-dsh-wlt-journeys/04-fulfillment-delivery-support/J063.md,TASK-0016,BLOCKED_BY_FOUNDATION,J063-SL-05,ZERO_APPLICABLE_OPEN_GAPS_AND_SAME_SHA_EVIDENCE,
J063,J063-SL-07,7,Screens/pages/tabs/buttons/icons/forms,governance/operational_journey_protocol_package/smsm-dsh-wlt-journeys/04-fulfillment-delivery-support/J063.md,TASK-0016,BLOCKED_BY_FOUNDATION,J063-SL-06,ZERO_APPLICABLE_OPEN_GAPS_AND_SAME_SHA_EVIDENCE,
J063,J063-SL-08,8,Shared brain/view model/visible states,governance/operational_journey_protocol_package/smsm-dsh-wlt-journeys/04-fulfillment-delivery-support/J063.md,TASK-0016,BLOCKED_BY_FOUNDATION,J063-SL-07,ZERO_APPLICABLE_OPEN_GAPS_AND_SAME_SHA_EVIDENCE,
J063,J063-SL-09,9,OpenAPI/error/security/idempotency,governance/operational_journey_protocol_package/smsm-dsh-wlt-journeys/04-fulfillment-delivery-support/J063.md,TASK-0016,BLOCKED_BY_FOUNDATION,J063-SL-08,ZERO_APPLICABLE_OPEN_GAPS_AND_SAME_SHA_EVIDENCE,
J063,J063-SL-10,10,Generated clients/transports,governance/operational_journey_protocol_package/smsm-dsh-wlt-journeys/04-fulfillment-delivery-support/J063.md,TASK-0016,BLOCKED_BY_FOUNDATION,J063-SL-09,ZERO_APPLICABLE_OPEN_GAPS_AND_SAME_SHA_EVIDENCE,
J063,J063-SL-11,11,Backend handler/domain/repository,governance/operational_journey_protocol_package/smsm-dsh-wlt-journeys/04-fulfillment-delivery-support/J063.md,TASK-0016,BLOCKED_BY_FOUNDATION,J063-SL-10,ZERO_APPLICABLE_OPEN_GAPS_AND_SAME_SHA_EVIDENCE,
J063,J063-SL-12,12,State machine/allowed actions,governance/operational_journey_protocol_package/smsm-dsh-wlt-journeys/04-fulfillment-delivery-support/J063.md,TASK-0016,BLOCKED_BY_FOUNDATION,J063-SL-11,ZERO_APPLICABLE_OPEN_GAPS_AND_SAME_SHA_EVIDENCE,
J063,J063-SL-13,13,Database/migrations/constraints/indexes,governance/operational_journey_protocol_package/smsm-dsh-wlt-journeys/04-fulfillment-delivery-support/J063.md,TASK-0016,BLOCKED_BY_FOUNDATION,J063-SL-12,ZERO_APPLICABLE_OPEN_GAPS_AND_SAME_SHA_EVIDENCE,
J063,J063-SL-14,14,Events/outbox/inbox/jobs/DLQ,governance/operational_journey_protocol_package/smsm-dsh-wlt-journeys/04-fulfillment-delivery-support/J063.md,TASK-0016,BLOCKED_BY_FOUNDATION,J063-SL-13,ZERO_APPLICABLE_OPEN_GAPS_AND_SAME_SHA_EVIDENCE,
J063,J063-SL-15,15,Media/providers/cache/search,governance/operational_journey_protocol_package/smsm-dsh-wlt-journeys/04-fulfillment-delivery-support/J063.md,TASK-0016,BLOCKED_BY_FOUNDATION,J063-SL-14,ZERO_APPLICABLE_OPEN_GAPS_AND_SAME_SHA_EVIDENCE,
J063,J063-SL-16,16,DSH↔WLT financial boundary,governance/operational_journey_protocol_package/smsm-dsh-wlt-journeys/04-fulfillment-delivery-support/J063.md,TASK-0016,BLOCKED_BY_FOUNDATION,J063-SL-15,ZERO_APPLICABLE_OPEN_GAPS_AND_SAME_SHA_EVIDENCE,
J063,J063-SL-17,17,Concurrency/idempotency/unknown result,governance/operational_journey_protocol_package/smsm-dsh-wlt-journeys/04-fulfillment-delivery-support/J063.md,TASK-0016,BLOCKED_BY_FOUNDATION,J063-SL-16,ZERO_APPLICABLE_OPEN_GAPS_AND_SAME_SHA_EVIDENCE,
J063,J063-SL-18,18,Offline/retry/recovery,governance/operational_journey_protocol_package/smsm-dsh-wlt-journeys/04-fulfillment-delivery-support/J063.md,TASK-0016,BLOCKED_BY_FOUNDATION,J063-SL-17,ZERO_APPLICABLE_OPEN_GAPS_AND_SAME_SHA_EVIDENCE,
J063,J063-SL-19,19,Cross-surface readback,governance/operational_journey_protocol_package/smsm-dsh-wlt-journeys/04-fulfillment-delivery-support/J063.md,TASK-0016,BLOCKED_BY_FOUNDATION,J063-SL-18,ZERO_APPLICABLE_OPEN_GAPS_AND_SAME_SHA_EVIDENCE,
J063,J063-SL-20,20,Security/privacy/negative tests,governance/operational_journey_protocol_package/smsm-dsh-wlt-journeys/04-fulfillment-delivery-support/J063.md,TASK-0016,BLOCKED_BY_FOUNDATION,J063-SL-19,ZERO_APPLICABLE_OPEN_GAPS_AND_SAME_SHA_EVIDENCE,
J063,J063-SL-21,21,Audit/observability/performance,governance/operational_journey_protocol_package/smsm-dsh-wlt-journeys/04-fulfillment-delivery-support/J063.md,TASK-0016,BLOCKED_BY_FOUNDATION,J063-SL-20,ZERO_APPLICABLE_OPEN_GAPS_AND_SAME_SHA_EVIDENCE,
J063,J063-SL-22,22,Accessibility/RTL/localization,governance/operational_journey_protocol_package/smsm-dsh-wlt-journeys/04-fulfillment-delivery-support/J063.md,TASK-0016,BLOCKED_BY_FOUNDATION,J063-SL-21,ZERO_APPLICABLE_OPEN_GAPS_AND_SAME_SHA_EVIDENCE,
J063,J063-SL-23,23,Manual operational acceptance,governance/operational_journey_protocol_package/smsm-dsh-wlt-journeys/04-fulfillment-delivery-support/J063.md,TASK-0016,BLOCKED_BY_FOUNDATION,J063-SL-22,ZERO_APPLICABLE_OPEN_GAPS_AND_SAME_SHA_EVIDENCE,
J063,J063-SL-24,24,Cleanup/same-SHA evidence/closure,governance/operational_journey_protocol_package/smsm-dsh-wlt-journeys/04-fulfillment-delivery-support/J063.md,TASK-0016,BLOCKED_BY_FOUNDATION,J063-SL-23,ZERO_APPLICABLE_OPEN_GAPS_AND_SAME_SHA_EVIDENCE,
J064,J064-SL-01,1,Product Truth والنتيجة والثوابت,governance/operational_journey_protocol_package/smsm-dsh-wlt-journeys/04-fulfillment-delivery-support/J064.md,TASK-0016,BLOCKED_BY_FOUNDATION,FOUNDATION-00,ZERO_APPLICABLE_OPEN_GAPS_AND_SAME_SHA_EVIDENCE,
J064,J064-SL-02,2,Actors وهويات الخدمات,governance/operational_journey_protocol_package/smsm-dsh-wlt-journeys/04-fulfillment-delivery-support/J064.md,TASK-0016,BLOCKED_BY_FOUNDATION,J064-SL-01,ZERO_APPLICABLE_OPEN_GAPS_AND_SAME_SHA_EVIDENCE,
J064,J064-SL-03,3,التبعيات وشروط الدخول والخروج,governance/operational_journey_protocol_package/smsm-dsh-wlt-journeys/04-fulfillment-delivery-support/J064.md,TASK-0016,BLOCKED_BY_FOUNDATION,J064-SL-02,ZERO_APPLICABLE_OPEN_GAPS_AND_SAME_SHA_EVIDENCE,
J064,J064-SL-04,4,Identity/session/device,governance/operational_journey_protocol_package/smsm-dsh-wlt-journeys/04-fulfillment-delivery-support/J064.md,TASK-0016,BLOCKED_BY_FOUNDATION,J064-SL-03,ZERO_APPLICABLE_OPEN_GAPS_AND_SAME_SHA_EVIDENCE,
J064,J064-SL-05,5,Permission/trusted scope/object authorization,governance/operational_journey_protocol_package/smsm-dsh-wlt-journeys/04-fulfillment-delivery-support/J064.md,TASK-0016,BLOCKED_BY_FOUNDATION,J064-SL-04,ZERO_APPLICABLE_OPEN_GAPS_AND_SAME_SHA_EVIDENCE,
J064,J064-SL-06,6,Entrypoints/routes/deep links/navigation,governance/operational_journey_protocol_package/smsm-dsh-wlt-journeys/04-fulfillment-delivery-support/J064.md,TASK-0016,BLOCKED_BY_FOUNDATION,J064-SL-05,ZERO_APPLICABLE_OPEN_GAPS_AND_SAME_SHA_EVIDENCE,
J064,J064-SL-07,7,Screens/pages/tabs/buttons/icons/forms,governance/operational_journey_protocol_package/smsm-dsh-wlt-journeys/04-fulfillment-delivery-support/J064.md,TASK-0016,BLOCKED_BY_FOUNDATION,J064-SL-06,ZERO_APPLICABLE_OPEN_GAPS_AND_SAME_SHA_EVIDENCE,
J064,J064-SL-08,8,Shared brain/view model/visible states,governance/operational_journey_protocol_package/smsm-dsh-wlt-journeys/04-fulfillment-delivery-support/J064.md,TASK-0016,BLOCKED_BY_FOUNDATION,J064-SL-07,ZERO_APPLICABLE_OPEN_GAPS_AND_SAME_SHA_EVIDENCE,
J064,J064-SL-09,9,OpenAPI/error/security/idempotency,governance/operational_journey_protocol_package/smsm-dsh-wlt-journeys/04-fulfillment-delivery-support/J064.md,TASK-0016,BLOCKED_BY_FOUNDATION,J064-SL-08,ZERO_APPLICABLE_OPEN_GAPS_AND_SAME_SHA_EVIDENCE,
J064,J064-SL-10,10,Generated clients/transports,governance/operational_journey_protocol_package/smsm-dsh-wlt-journeys/04-fulfillment-delivery-support/J064.md,TASK-0016,BLOCKED_BY_FOUNDATION,J064-SL-09,ZERO_APPLICABLE_OPEN_GAPS_AND_SAME_SHA_EVIDENCE,
J064,J064-SL-11,11,Backend handler/domain/repository,governance/operational_journey_protocol_package/smsm-dsh-wlt-journeys/04-fulfillment-delivery-support/J064.md,TASK-0016,BLOCKED_BY_FOUNDATION,J064-SL-10,ZERO_APPLICABLE_OPEN_GAPS_AND_SAME_SHA_EVIDENCE,
J064,J064-SL-12,12,State machine/allowed actions,governance/operational_journey_protocol_package/smsm-dsh-wlt-journeys/04-fulfillment-delivery-support/J064.md,TASK-0016,BLOCKED_BY_FOUNDATION,J064-SL-11,ZERO_APPLICABLE_OPEN_GAPS_AND_SAME_SHA_EVIDENCE,
J064,J064-SL-13,13,Database/migrations/constraints/indexes,governance/operational_journey_protocol_package/smsm-dsh-wlt-journeys/04-fulfillment-delivery-support/J064.md,TASK-0016,BLOCKED_BY_FOUNDATION,J064-SL-12,ZERO_APPLICABLE_OPEN_GAPS_AND_SAME_SHA_EVIDENCE,
J064,J064-SL-14,14,Events/outbox/inbox/jobs/DLQ,governance/operational_journey_protocol_package/smsm-dsh-wlt-journeys/04-fulfillment-delivery-support/J064.md,TASK-0016,BLOCKED_BY_FOUNDATION,J064-SL-13,ZERO_APPLICABLE_OPEN_GAPS_AND_SAME_SHA_EVIDENCE,
J064,J064-SL-15,15,Media/providers/cache/search,governance/operational_journey_protocol_package/smsm-dsh-wlt-journeys/04-fulfillment-delivery-support/J064.md,TASK-0016,BLOCKED_BY_FOUNDATION,J064-SL-14,ZERO_APPLICABLE_OPEN_GAPS_AND_SAME_SHA_EVIDENCE,
J064,J064-SL-16,16,DSH↔WLT financial boundary,governance/operational_journey_protocol_package/smsm-dsh-wlt-journeys/04-fulfillment-delivery-support/J064.md,TASK-0016,BLOCKED_BY_FOUNDATION,J064-SL-15,ZERO_APPLICABLE_OPEN_GAPS_AND_SAME_SHA_EVIDENCE,
J064,J064-SL-17,17,Concurrency/idempotency/unknown result,governance/operational_journey_protocol_package/smsm-dsh-wlt-journeys/04-fulfillment-delivery-support/J064.md,TASK-0016,BLOCKED_BY_FOUNDATION,J064-SL-16,ZERO_APPLICABLE_OPEN_GAPS_AND_SAME_SHA_EVIDENCE,
J064,J064-SL-18,18,Offline/retry/recovery,governance/operational_journey_protocol_package/smsm-dsh-wlt-journeys/04-fulfillment-delivery-support/J064.md,TASK-0016,BLOCKED_BY_FOUNDATION,J064-SL-17,ZERO_APPLICABLE_OPEN_GAPS_AND_SAME_SHA_EVIDENCE,
J064,J064-SL-19,19,Cross-surface readback,governance/operational_journey_protocol_package/smsm-dsh-wlt-journeys/04-fulfillment-delivery-support/J064.md,TASK-0016,BLOCKED_BY_FOUNDATION,J064-SL-18,ZERO_APPLICABLE_OPEN_GAPS_AND_SAME_SHA_EVIDENCE,
J064,J064-SL-20,20,Security/privacy/negative tests,governance/operational_journey_protocol_package/smsm-dsh-wlt-journeys/04-fulfillment-delivery-support/J064.md,TASK-0016,BLOCKED_BY_FOUNDATION,J064-SL-19,ZERO_APPLICABLE_OPEN_GAPS_AND_SAME_SHA_EVIDENCE,
J064,J064-SL-21,21,Audit/observability/performance,governance/operational_journey_protocol_package/smsm-dsh-wlt-journeys/04-fulfillment-delivery-support/J064.md,TASK-0016,BLOCKED_BY_FOUNDATION,J064-SL-20,ZERO_APPLICABLE_OPEN_GAPS_AND_SAME_SHA_EVIDENCE,
J064,J064-SL-22,22,Accessibility/RTL/localization,governance/operational_journey_protocol_package/smsm-dsh-wlt-journeys/04-fulfillment-delivery-support/J064.md,TASK-0016,BLOCKED_BY_FOUNDATION,J064-SL-21,ZERO_APPLICABLE_OPEN_GAPS_AND_SAME_SHA_EVIDENCE,
J064,J064-SL-23,23,Manual operational acceptance,governance/operational_journey_protocol_package/smsm-dsh-wlt-journeys/04-fulfillment-delivery-support/J064.md,TASK-0016,BLOCKED_BY_FOUNDATION,J064-SL-22,ZERO_APPLICABLE_OPEN_GAPS_AND_SAME_SHA_EVIDENCE,
J064,J064-SL-24,24,Cleanup/same-SHA evidence/closure,governance/operational_journey_protocol_package/smsm-dsh-wlt-journeys/04-fulfillment-delivery-support/J064.md,TASK-0016,BLOCKED_BY_FOUNDATION,J064-SL-23,ZERO_APPLICABLE_OPEN_GAPS_AND_SAME_SHA_EVIDENCE,
J065,J065-SL-01,1,Product Truth والنتيجة والثوابت,governance/operational_journey_protocol_package/smsm-dsh-wlt-journeys/04-fulfillment-delivery-support/J065.md,TASK-0016,BLOCKED_BY_FOUNDATION,FOUNDATION-00,ZERO_APPLICABLE_OPEN_GAPS_AND_SAME_SHA_EVIDENCE,
J065,J065-SL-02,2,Actors وهويات الخدمات,governance/operational_journey_protocol_package/smsm-dsh-wlt-journeys/04-fulfillment-delivery-support/J065.md,TASK-0016,BLOCKED_BY_FOUNDATION,J065-SL-01,ZERO_APPLICABLE_OPEN_GAPS_AND_SAME_SHA_EVIDENCE,
J065,J065-SL-03,3,التبعيات وشروط الدخول والخروج,governance/operational_journey_protocol_package/smsm-dsh-wlt-journeys/04-fulfillment-delivery-support/J065.md,TASK-0016,BLOCKED_BY_FOUNDATION,J065-SL-02,ZERO_APPLICABLE_OPEN_GAPS_AND_SAME_SHA_EVIDENCE,
J065,J065-SL-04,4,Identity/session/device,governance/operational_journey_protocol_package/smsm-dsh-wlt-journeys/04-fulfillment-delivery-support/J065.md,TASK-0016,BLOCKED_BY_FOUNDATION,J065-SL-03,ZERO_APPLICABLE_OPEN_GAPS_AND_SAME_SHA_EVIDENCE,
J065,J065-SL-05,5,Permission/trusted scope/object authorization,governance/operational_journey_protocol_package/smsm-dsh-wlt-journeys/04-fulfillment-delivery-support/J065.md,TASK-0016,BLOCKED_BY_FOUNDATION,J065-SL-04,ZERO_APPLICABLE_OPEN_GAPS_AND_SAME_SHA_EVIDENCE,
J065,J065-SL-06,6,Entrypoints/routes/deep links/navigation,governance/operational_journey_protocol_package/smsm-dsh-wlt-journeys/04-fulfillment-delivery-support/J065.md,TASK-0016,BLOCKED_BY_FOUNDATION,J065-SL-05,ZERO_APPLICABLE_OPEN_GAPS_AND_SAME_SHA_EVIDENCE,
J065,J065-SL-07,7,Screens/pages/tabs/buttons/icons/forms,governance/operational_journey_protocol_package/smsm-dsh-wlt-journeys/04-fulfillment-delivery-support/J065.md,TASK-0016,BLOCKED_BY_FOUNDATION,J065-SL-06,ZERO_APPLICABLE_OPEN_GAPS_AND_SAME_SHA_EVIDENCE,
J065,J065-SL-08,8,Shared brain/view model/visible states,governance/operational_journey_protocol_package/smsm-dsh-wlt-journeys/04-fulfillment-delivery-support/J065.md,TASK-0016,BLOCKED_BY_FOUNDATION,J065-SL-07,ZERO_APPLICABLE_OPEN_GAPS_AND_SAME_SHA_EVIDENCE,
J065,J065-SL-09,9,OpenAPI/error/security/idempotency,governance/operational_journey_protocol_package/smsm-dsh-wlt-journeys/04-fulfillment-delivery-support/J065.md,TASK-0016,BLOCKED_BY_FOUNDATION,J065-SL-08,ZERO_APPLICABLE_OPEN_GAPS_AND_SAME_SHA_EVIDENCE,
J065,J065-SL-10,10,Generated clients/transports,governance/operational_journey_protocol_package/smsm-dsh-wlt-journeys/04-fulfillment-delivery-support/J065.md,TASK-0016,BLOCKED_BY_FOUNDATION,J065-SL-09,ZERO_APPLICABLE_OPEN_GAPS_AND_SAME_SHA_EVIDENCE,
J065,J065-SL-11,11,Backend handler/domain/repository,governance/operational_journey_protocol_package/smsm-dsh-wlt-journeys/04-fulfillment-delivery-support/J065.md,TASK-0016,BLOCKED_BY_FOUNDATION,J065-SL-10,ZERO_APPLICABLE_OPEN_GAPS_AND_SAME_SHA_EVIDENCE,
J065,J065-SL-12,12,State machine/allowed actions,governance/operational_journey_protocol_package/smsm-dsh-wlt-journeys/04-fulfillment-delivery-support/J065.md,TASK-0016,BLOCKED_BY_FOUNDATION,J065-SL-11,ZERO_APPLICABLE_OPEN_GAPS_AND_SAME_SHA_EVIDENCE,
J065,J065-SL-13,13,Database/migrations/constraints/indexes,governance/operational_journey_protocol_package/smsm-dsh-wlt-journeys/04-fulfillment-delivery-support/J065.md,TASK-0016,BLOCKED_BY_FOUNDATION,J065-SL-12,ZERO_APPLICABLE_OPEN_GAPS_AND_SAME_SHA_EVIDENCE,
J065,J065-SL-14,14,Events/outbox/inbox/jobs/DLQ,governance/operational_journey_protocol_package/smsm-dsh-wlt-journeys/04-fulfillment-delivery-support/J065.md,TASK-0016,BLOCKED_BY_FOUNDATION,J065-SL-13,ZERO_APPLICABLE_OPEN_GAPS_AND_SAME_SHA_EVIDENCE,
J065,J065-SL-15,15,Media/providers/cache/search,governance/operational_journey_protocol_package/smsm-dsh-wlt-journeys/04-fulfillment-delivery-support/J065.md,TASK-0016,BLOCKED_BY_FOUNDATION,J065-SL-14,ZERO_APPLICABLE_OPEN_GAPS_AND_SAME_SHA_EVIDENCE,
J065,J065-SL-16,16,DSH↔WLT financial boundary,governance/operational_journey_protocol_package/smsm-dsh-wlt-journeys/04-fulfillment-delivery-support/J065.md,TASK-0016,BLOCKED_BY_FOUNDATION,J065-SL-15,ZERO_APPLICABLE_OPEN_GAPS_AND_SAME_SHA_EVIDENCE,
J065,J065-SL-17,17,Concurrency/idempotency/unknown result,governance/operational_journey_protocol_package/smsm-dsh-wlt-journeys/04-fulfillment-delivery-support/J065.md,TASK-0016,BLOCKED_BY_FOUNDATION,J065-SL-16,ZERO_APPLICABLE_OPEN_GAPS_AND_SAME_SHA_EVIDENCE,
J065,J065-SL-18,18,Offline/retry/recovery,governance/operational_journey_protocol_package/smsm-dsh-wlt-journeys/04-fulfillment-delivery-support/J065.md,TASK-0016,BLOCKED_BY_FOUNDATION,J065-SL-17,ZERO_APPLICABLE_OPEN_GAPS_AND_SAME_SHA_EVIDENCE,
J065,J065-SL-19,19,Cross-surface readback,governance/operational_journey_protocol_package/smsm-dsh-wlt-journeys/04-fulfillment-delivery-support/J065.md,TASK-0016,BLOCKED_BY_FOUNDATION,J065-SL-18,ZERO_APPLICABLE_OPEN_GAPS_AND_SAME_SHA_EVIDENCE,
J065,J065-SL-20,20,Security/privacy/negative tests,governance/operational_journey_protocol_package/smsm-dsh-wlt-journeys/04-fulfillment-delivery-support/J065.md,TASK-0016,BLOCKED_BY_FOUNDATION,J065-SL-19,ZERO_APPLICABLE_OPEN_GAPS_AND_SAME_SHA_EVIDENCE,
J065,J065-SL-21,21,Audit/observability/performance,governance/operational_journey_protocol_package/smsm-dsh-wlt-journeys/04-fulfillment-delivery-support/J065.md,TASK-0016,BLOCKED_BY_FOUNDATION,J065-SL-20,ZERO_APPLICABLE_OPEN_GAPS_AND_SAME_SHA_EVIDENCE,
J065,J065-SL-22,22,Accessibility/RTL/localization,governance/operational_journey_protocol_package/smsm-dsh-wlt-journeys/04-fulfillment-delivery-support/J065.md,TASK-0016,BLOCKED_BY_FOUNDATION,J065-SL-21,ZERO_APPLICABLE_OPEN_GAPS_AND_SAME_SHA_EVIDENCE,
J065,J065-SL-23,23,Manual operational acceptance,governance/operational_journey_protocol_package/smsm-dsh-wlt-journeys/04-fulfillment-delivery-support/J065.md,TASK-0016,BLOCKED_BY_FOUNDATION,J065-SL-22,ZERO_APPLICABLE_OPEN_GAPS_AND_SAME_SHA_EVIDENCE,
J065,J065-SL-24,24,Cleanup/same-SHA evidence/closure,governance/operational_journey_protocol_package/smsm-dsh-wlt-journeys/04-fulfillment-delivery-support/J065.md,TASK-0016,BLOCKED_BY_FOUNDATION,J065-SL-23,ZERO_APPLICABLE_OPEN_GAPS_AND_SAME_SHA_EVIDENCE,
J066,J066-SL-01,1,Product Truth والنتيجة والثوابت,governance/operational_journey_protocol_package/smsm-dsh-wlt-journeys/04-fulfillment-delivery-support/J066.md,TASK-0016,BLOCKED_BY_FOUNDATION,FOUNDATION-00,ZERO_APPLICABLE_OPEN_GAPS_AND_SAME_SHA_EVIDENCE,
J066,J066-SL-02,2,Actors وهويات الخدمات,governance/operational_journey_protocol_package/smsm-dsh-wlt-journeys/04-fulfillment-delivery-support/J066.md,TASK-0016,BLOCKED_BY_FOUNDATION,J066-SL-01,ZERO_APPLICABLE_OPEN_GAPS_AND_SAME_SHA_EVIDENCE,
J066,J066-SL-03,3,التبعيات وشروط الدخول والخروج,governance/operational_journey_protocol_package/smsm-dsh-wlt-journeys/04-fulfillment-delivery-support/J066.md,TASK-0016,BLOCKED_BY_FOUNDATION,J066-SL-02,ZERO_APPLICABLE_OPEN_GAPS_AND_SAME_SHA_EVIDENCE,
J066,J066-SL-04,4,Identity/session/device,governance/operational_journey_protocol_package/smsm-dsh-wlt-journeys/04-fulfillment-delivery-support/J066.md,TASK-0016,BLOCKED_BY_FOUNDATION,J066-SL-03,ZERO_APPLICABLE_OPEN_GAPS_AND_SAME_SHA_EVIDENCE,
J066,J066-SL-05,5,Permission/trusted scope/object authorization,governance/operational_journey_protocol_package/smsm-dsh-wlt-journeys/04-fulfillment-delivery-support/J066.md,TASK-0016,BLOCKED_BY_FOUNDATION,J066-SL-04,ZERO_APPLICABLE_OPEN_GAPS_AND_SAME_SHA_EVIDENCE,
J066,J066-SL-06,6,Entrypoints/routes/deep links/navigation,governance/operational_journey_protocol_package/smsm-dsh-wlt-journeys/04-fulfillment-delivery-support/J066.md,TASK-0016,BLOCKED_BY_FOUNDATION,J066-SL-05,ZERO_APPLICABLE_OPEN_GAPS_AND_SAME_SHA_EVIDENCE,
J066,J066-SL-07,7,Screens/pages/tabs/buttons/icons/forms,governance/operational_journey_protocol_package/smsm-dsh-wlt-journeys/04-fulfillment-delivery-support/J066.md,TASK-0016,BLOCKED_BY_FOUNDATION,J066-SL-06,ZERO_APPLICABLE_OPEN_GAPS_AND_SAME_SHA_EVIDENCE,
J066,J066-SL-08,8,Shared brain/view model/visible states,governance/operational_journey_protocol_package/smsm-dsh-wlt-journeys/04-fulfillment-delivery-support/J066.md,TASK-0016,BLOCKED_BY_FOUNDATION,J066-SL-07,ZERO_APPLICABLE_OPEN_GAPS_AND_SAME_SHA_EVIDENCE,
J066,J066-SL-09,9,OpenAPI/error/security/idempotency,governance/operational_journey_protocol_package/smsm-dsh-wlt-journeys/04-fulfillment-delivery-support/J066.md,TASK-0016,BLOCKED_BY_FOUNDATION,J066-SL-08,ZERO_APPLICABLE_OPEN_GAPS_AND_SAME_SHA_EVIDENCE,
J066,J066-SL-10,10,Generated clients/transports,governance/operational_journey_protocol_package/smsm-dsh-wlt-journeys/04-fulfillment-delivery-support/J066.md,TASK-0016,BLOCKED_BY_FOUNDATION,J066-SL-09,ZERO_APPLICABLE_OPEN_GAPS_AND_SAME_SHA_EVIDENCE,
J066,J066-SL-11,11,Backend handler/domain/repository,governance/operational_journey_protocol_package/smsm-dsh-wlt-journeys/04-fulfillment-delivery-support/J066.md,TASK-0016,BLOCKED_BY_FOUNDATION,J066-SL-10,ZERO_APPLICABLE_OPEN_GAPS_AND_SAME_SHA_EVIDENCE,
J066,J066-SL-12,12,State machine/allowed actions,governance/operational_journey_protocol_package/smsm-dsh-wlt-journeys/04-fulfillment-delivery-support/J066.md,TASK-0016,BLOCKED_BY_FOUNDATION,J066-SL-11,ZERO_APPLICABLE_OPEN_GAPS_AND_SAME_SHA_EVIDENCE,
J066,J066-SL-13,13,Database/migrations/constraints/indexes,governance/operational_journey_protocol_package/smsm-dsh-wlt-journeys/04-fulfillment-delivery-support/J066.md,TASK-0016,BLOCKED_BY_FOUNDATION,J066-SL-12,ZERO_APPLICABLE_OPEN_GAPS_AND_SAME_SHA_EVIDENCE,
J066,J066-SL-14,14,Events/outbox/inbox/jobs/DLQ,governance/operational_journey_protocol_package/smsm-dsh-wlt-journeys/04-fulfillment-delivery-support/J066.md,TASK-0016,BLOCKED_BY_FOUNDATION,J066-SL-13,ZERO_APPLICABLE_OPEN_GAPS_AND_SAME_SHA_EVIDENCE,
J066,J066-SL-15,15,Media/providers/cache/search,governance/operational_journey_protocol_package/smsm-dsh-wlt-journeys/04-fulfillment-delivery-support/J066.md,TASK-0016,BLOCKED_BY_FOUNDATION,J066-SL-14,ZERO_APPLICABLE_OPEN_GAPS_AND_SAME_SHA_EVIDENCE,
J066,J066-SL-16,16,DSH↔WLT financial boundary,governance/operational_journey_protocol_package/smsm-dsh-wlt-journeys/04-fulfillment-delivery-support/J066.md,TASK-0016,BLOCKED_BY_FOUNDATION,J066-SL-15,ZERO_APPLICABLE_OPEN_GAPS_AND_SAME_SHA_EVIDENCE,
J066,J066-SL-17,17,Concurrency/idempotency/unknown result,governance/operational_journey_protocol_package/smsm-dsh-wlt-journeys/04-fulfillment-delivery-support/J066.md,TASK-0016,BLOCKED_BY_FOUNDATION,J066-SL-16,ZERO_APPLICABLE_OPEN_GAPS_AND_SAME_SHA_EVIDENCE,
J066,J066-SL-18,18,Offline/retry/recovery,governance/operational_journey_protocol_package/smsm-dsh-wlt-journeys/04-fulfillment-delivery-support/J066.md,TASK-0016,BLOCKED_BY_FOUNDATION,J066-SL-17,ZERO_APPLICABLE_OPEN_GAPS_AND_SAME_SHA_EVIDENCE,
J066,J066-SL-19,19,Cross-surface readback,governance/operational_journey_protocol_package/smsm-dsh-wlt-journeys/04-fulfillment-delivery-support/J066.md,TASK-0016,BLOCKED_BY_FOUNDATION,J066-SL-18,ZERO_APPLICABLE_OPEN_GAPS_AND_SAME_SHA_EVIDENCE,
J066,J066-SL-20,20,Security/privacy/negative tests,governance/operational_journey_protocol_package/smsm-dsh-wlt-journeys/04-fulfillment-delivery-support/J066.md,TASK-0016,BLOCKED_BY_FOUNDATION,J066-SL-19,ZERO_APPLICABLE_OPEN_GAPS_AND_SAME_SHA_EVIDENCE,
J066,J066-SL-21,21,Audit/observability/performance,governance/operational_journey_protocol_package/smsm-dsh-wlt-journeys/04-fulfillment-delivery-support/J066.md,TASK-0016,BLOCKED_BY_FOUNDATION,J066-SL-20,ZERO_APPLICABLE_OPEN_GAPS_AND_SAME_SHA_EVIDENCE,
J066,J066-SL-22,22,Accessibility/RTL/localization,governance/operational_journey_protocol_package/smsm-dsh-wlt-journeys/04-fulfillment-delivery-support/J066.md,TASK-0016,BLOCKED_BY_FOUNDATION,J066-SL-21,ZERO_APPLICABLE_OPEN_GAPS_AND_SAME_SHA_EVIDENCE,
J066,J066-SL-23,23,Manual operational acceptance,governance/operational_journey_protocol_package/smsm-dsh-wlt-journeys/04-fulfillment-delivery-support/J066.md,TASK-0016,BLOCKED_BY_FOUNDATION,J066-SL-22,ZERO_APPLICABLE_OPEN_GAPS_AND_SAME_SHA_EVIDENCE,
J066,J066-SL-24,24,Cleanup/same-SHA evidence/closure,governance/operational_journey_protocol_package/smsm-dsh-wlt-journeys/04-fulfillment-delivery-support/J066.md,TASK-0016,BLOCKED_BY_FOUNDATION,J066-SL-23,ZERO_APPLICABLE_OPEN_GAPS_AND_SAME_SHA_EVIDENCE,
J067,J067-SL-01,1,Product Truth والنتيجة والثوابت,governance/operational_journey_protocol_package/smsm-dsh-wlt-journeys/04-fulfillment-delivery-support/J067.md,TASK-0016,BLOCKED_BY_FOUNDATION,FOUNDATION-00,ZERO_APPLICABLE_OPEN_GAPS_AND_SAME_SHA_EVIDENCE,
J067,J067-SL-02,2,Actors وهويات الخدمات,governance/operational_journey_protocol_package/smsm-dsh-wlt-journeys/04-fulfillment-delivery-support/J067.md,TASK-0016,BLOCKED_BY_FOUNDATION,J067-SL-01,ZERO_APPLICABLE_OPEN_GAPS_AND_SAME_SHA_EVIDENCE,
J067,J067-SL-03,3,التبعيات وشروط الدخول والخروج,governance/operational_journey_protocol_package/smsm-dsh-wlt-journeys/04-fulfillment-delivery-support/J067.md,TASK-0016,BLOCKED_BY_FOUNDATION,J067-SL-02,ZERO_APPLICABLE_OPEN_GAPS_AND_SAME_SHA_EVIDENCE,
J067,J067-SL-04,4,Identity/session/device,governance/operational_journey_protocol_package/smsm-dsh-wlt-journeys/04-fulfillment-delivery-support/J067.md,TASK-0016,BLOCKED_BY_FOUNDATION,J067-SL-03,ZERO_APPLICABLE_OPEN_GAPS_AND_SAME_SHA_EVIDENCE,
J067,J067-SL-05,5,Permission/trusted scope/object authorization,governance/operational_journey_protocol_package/smsm-dsh-wlt-journeys/04-fulfillment-delivery-support/J067.md,TASK-0016,BLOCKED_BY_FOUNDATION,J067-SL-04,ZERO_APPLICABLE_OPEN_GAPS_AND_SAME_SHA_EVIDENCE,
J067,J067-SL-06,6,Entrypoints/routes/deep links/navigation,governance/operational_journey_protocol_package/smsm-dsh-wlt-journeys/04-fulfillment-delivery-support/J067.md,TASK-0016,BLOCKED_BY_FOUNDATION,J067-SL-05,ZERO_APPLICABLE_OPEN_GAPS_AND_SAME_SHA_EVIDENCE,
J067,J067-SL-07,7,Screens/pages/tabs/buttons/icons/forms,governance/operational_journey_protocol_package/smsm-dsh-wlt-journeys/04-fulfillment-delivery-support/J067.md,TASK-0016,BLOCKED_BY_FOUNDATION,J067-SL-06,ZERO_APPLICABLE_OPEN_GAPS_AND_SAME_SHA_EVIDENCE,
J067,J067-SL-08,8,Shared brain/view model/visible states,governance/operational_journey_protocol_package/smsm-dsh-wlt-journeys/04-fulfillment-delivery-support/J067.md,TASK-0016,BLOCKED_BY_FOUNDATION,J067-SL-07,ZERO_APPLICABLE_OPEN_GAPS_AND_SAME_SHA_EVIDENCE,
J067,J067-SL-09,9,OpenAPI/error/security/idempotency,governance/operational_journey_protocol_package/smsm-dsh-wlt-journeys/04-fulfillment-delivery-support/J067.md,TASK-0016,BLOCKED_BY_FOUNDATION,J067-SL-08,ZERO_APPLICABLE_OPEN_GAPS_AND_SAME_SHA_EVIDENCE,
J067,J067-SL-10,10,Generated clients/transports,governance/operational_journey_protocol_package/smsm-dsh-wlt-journeys/04-fulfillment-delivery-support/J067.md,TASK-0016,BLOCKED_BY_FOUNDATION,J067-SL-09,ZERO_APPLICABLE_OPEN_GAPS_AND_SAME_SHA_EVIDENCE,
J067,J067-SL-11,11,Backend handler/domain/repository,governance/operational_journey_protocol_package/smsm-dsh-wlt-journeys/04-fulfillment-delivery-support/J067.md,TASK-0016,BLOCKED_BY_FOUNDATION,J067-SL-10,ZERO_APPLICABLE_OPEN_GAPS_AND_SAME_SHA_EVIDENCE,
J067,J067-SL-12,12,State machine/allowed actions,governance/operational_journey_protocol_package/smsm-dsh-wlt-journeys/04-fulfillment-delivery-support/J067.md,TASK-0016,BLOCKED_BY_FOUNDATION,J067-SL-11,ZERO_APPLICABLE_OPEN_GAPS_AND_SAME_SHA_EVIDENCE,
J067,J067-SL-13,13,Database/migrations/constraints/indexes,governance/operational_journey_protocol_package/smsm-dsh-wlt-journeys/04-fulfillment-delivery-support/J067.md,TASK-0016,BLOCKED_BY_FOUNDATION,J067-SL-12,ZERO_APPLICABLE_OPEN_GAPS_AND_SAME_SHA_EVIDENCE,
J067,J067-SL-14,14,Events/outbox/inbox/jobs/DLQ,governance/operational_journey_protocol_package/smsm-dsh-wlt-journeys/04-fulfillment-delivery-support/J067.md,TASK-0016,BLOCKED_BY_FOUNDATION,J067-SL-13,ZERO_APPLICABLE_OPEN_GAPS_AND_SAME_SHA_EVIDENCE,
J067,J067-SL-15,15,Media/providers/cache/search,governance/operational_journey_protocol_package/smsm-dsh-wlt-journeys/04-fulfillment-delivery-support/J067.md,TASK-0016,BLOCKED_BY_FOUNDATION,J067-SL-14,ZERO_APPLICABLE_OPEN_GAPS_AND_SAME_SHA_EVIDENCE,
J067,J067-SL-16,16,DSH↔WLT financial boundary,governance/operational_journey_protocol_package/smsm-dsh-wlt-journeys/04-fulfillment-delivery-support/J067.md,TASK-0016,BLOCKED_BY_FOUNDATION,J067-SL-15,ZERO_APPLICABLE_OPEN_GAPS_AND_SAME_SHA_EVIDENCE,
J067,J067-SL-17,17,Concurrency/idempotency/unknown result,governance/operational_journey_protocol_package/smsm-dsh-wlt-journeys/04-fulfillment-delivery-support/J067.md,TASK-0016,BLOCKED_BY_FOUNDATION,J067-SL-16,ZERO_APPLICABLE_OPEN_GAPS_AND_SAME_SHA_EVIDENCE,
J067,J067-SL-18,18,Offline/retry/recovery,governance/operational_journey_protocol_package/smsm-dsh-wlt-journeys/04-fulfillment-delivery-support/J067.md,TASK-0016,BLOCKED_BY_FOUNDATION,J067-SL-17,ZERO_APPLICABLE_OPEN_GAPS_AND_SAME_SHA_EVIDENCE,
J067,J067-SL-19,19,Cross-surface readback,governance/operational_journey_protocol_package/smsm-dsh-wlt-journeys/04-fulfillment-delivery-support/J067.md,TASK-0016,BLOCKED_BY_FOUNDATION,J067-SL-18,ZERO_APPLICABLE_OPEN_GAPS_AND_SAME_SHA_EVIDENCE,
J067,J067-SL-20,20,Security/privacy/negative tests,governance/operational_journey_protocol_package/smsm-dsh-wlt-journeys/04-fulfillment-delivery-support/J067.md,TASK-0016,BLOCKED_BY_FOUNDATION,J067-SL-19,ZERO_APPLICABLE_OPEN_GAPS_AND_SAME_SHA_EVIDENCE,
J067,J067-SL-21,21,Audit/observability/performance,governance/operational_journey_protocol_package/smsm-dsh-wlt-journeys/04-fulfillment-delivery-support/J067.md,TASK-0016,BLOCKED_BY_FOUNDATION,J067-SL-20,ZERO_APPLICABLE_OPEN_GAPS_AND_SAME_SHA_EVIDENCE,
J067,J067-SL-22,22,Accessibility/RTL/localization,governance/operational_journey_protocol_package/smsm-dsh-wlt-journeys/04-fulfillment-delivery-support/J067.md,TASK-0016,BLOCKED_BY_FOUNDATION,J067-SL-21,ZERO_APPLICABLE_OPEN_GAPS_AND_SAME_SHA_EVIDENCE,
J067,J067-SL-23,23,Manual operational acceptance,governance/operational_journey_protocol_package/smsm-dsh-wlt-journeys/04-fulfillment-delivery-support/J067.md,TASK-0016,BLOCKED_BY_FOUNDATION,J067-SL-22,ZERO_APPLICABLE_OPEN_GAPS_AND_SAME_SHA_EVIDENCE,
J067,J067-SL-24,24,Cleanup/same-SHA evidence/closure,governance/operational_journey_protocol_package/smsm-dsh-wlt-journeys/04-fulfillment-delivery-support/J067.md,TASK-0016,BLOCKED_BY_FOUNDATION,J067-SL-23,ZERO_APPLICABLE_OPEN_GAPS_AND_SAME_SHA_EVIDENCE,
J068,J068-SL-01,1,Product Truth والنتيجة والثوابت,governance/operational_journey_protocol_package/smsm-dsh-wlt-journeys/04-fulfillment-delivery-support/J068.md,TASK-0016,BLOCKED_BY_FOUNDATION,FOUNDATION-00,ZERO_APPLICABLE_OPEN_GAPS_AND_SAME_SHA_EVIDENCE,
J068,J068-SL-02,2,Actors وهويات الخدمات,governance/operational_journey_protocol_package/smsm-dsh-wlt-journeys/04-fulfillment-delivery-support/J068.md,TASK-0016,BLOCKED_BY_FOUNDATION,J068-SL-01,ZERO_APPLICABLE_OPEN_GAPS_AND_SAME_SHA_EVIDENCE,
J068,J068-SL-03,3,التبعيات وشروط الدخول والخروج,governance/operational_journey_protocol_package/smsm-dsh-wlt-journeys/04-fulfillment-delivery-support/J068.md,TASK-0016,BLOCKED_BY_FOUNDATION,J068-SL-02,ZERO_APPLICABLE_OPEN_GAPS_AND_SAME_SHA_EVIDENCE,
J068,J068-SL-04,4,Identity/session/device,governance/operational_journey_protocol_package/smsm-dsh-wlt-journeys/04-fulfillment-delivery-support/J068.md,TASK-0016,BLOCKED_BY_FOUNDATION,J068-SL-03,ZERO_APPLICABLE_OPEN_GAPS_AND_SAME_SHA_EVIDENCE,
J068,J068-SL-05,5,Permission/trusted scope/object authorization,governance/operational_journey_protocol_package/smsm-dsh-wlt-journeys/04-fulfillment-delivery-support/J068.md,TASK-0016,BLOCKED_BY_FOUNDATION,J068-SL-04,ZERO_APPLICABLE_OPEN_GAPS_AND_SAME_SHA_EVIDENCE,
J068,J068-SL-06,6,Entrypoints/routes/deep links/navigation,governance/operational_journey_protocol_package/smsm-dsh-wlt-journeys/04-fulfillment-delivery-support/J068.md,TASK-0016,BLOCKED_BY_FOUNDATION,J068-SL-05,ZERO_APPLICABLE_OPEN_GAPS_AND_SAME_SHA_EVIDENCE,
J068,J068-SL-07,7,Screens/pages/tabs/buttons/icons/forms,governance/operational_journey_protocol_package/smsm-dsh-wlt-journeys/04-fulfillment-delivery-support/J068.md,TASK-0016,BLOCKED_BY_FOUNDATION,J068-SL-06,ZERO_APPLICABLE_OPEN_GAPS_AND_SAME_SHA_EVIDENCE,
J068,J068-SL-08,8,Shared brain/view model/visible states,governance/operational_journey_protocol_package/smsm-dsh-wlt-journeys/04-fulfillment-delivery-support/J068.md,TASK-0016,BLOCKED_BY_FOUNDATION,J068-SL-07,ZERO_APPLICABLE_OPEN_GAPS_AND_SAME_SHA_EVIDENCE,
J068,J068-SL-09,9,OpenAPI/error/security/idempotency,governance/operational_journey_protocol_package/smsm-dsh-wlt-journeys/04-fulfillment-delivery-support/J068.md,TASK-0016,BLOCKED_BY_FOUNDATION,J068-SL-08,ZERO_APPLICABLE_OPEN_GAPS_AND_SAME_SHA_EVIDENCE,
J068,J068-SL-10,10,Generated clients/transports,governance/operational_journey_protocol_package/smsm-dsh-wlt-journeys/04-fulfillment-delivery-support/J068.md,TASK-0016,BLOCKED_BY_FOUNDATION,J068-SL-09,ZERO_APPLICABLE_OPEN_GAPS_AND_SAME_SHA_EVIDENCE,
J068,J068-SL-11,11,Backend handler/domain/repository,governance/operational_journey_protocol_package/smsm-dsh-wlt-journeys/04-fulfillment-delivery-support/J068.md,TASK-0016,BLOCKED_BY_FOUNDATION,J068-SL-10,ZERO_APPLICABLE_OPEN_GAPS_AND_SAME_SHA_EVIDENCE,
J068,J068-SL-12,12,State machine/allowed actions,governance/operational_journey_protocol_package/smsm-dsh-wlt-journeys/04-fulfillment-delivery-support/J068.md,TASK-0016,BLOCKED_BY_FOUNDATION,J068-SL-11,ZERO_APPLICABLE_OPEN_GAPS_AND_SAME_SHA_EVIDENCE,
J068,J068-SL-13,13,Database/migrations/constraints/indexes,governance/operational_journey_protocol_package/smsm-dsh-wlt-journeys/04-fulfillment-delivery-support/J068.md,TASK-0016,BLOCKED_BY_FOUNDATION,J068-SL-12,ZERO_APPLICABLE_OPEN_GAPS_AND_SAME_SHA_EVIDENCE,
J068,J068-SL-14,14,Events/outbox/inbox/jobs/DLQ,governance/operational_journey_protocol_package/smsm-dsh-wlt-journeys/04-fulfillment-delivery-support/J068.md,TASK-0016,BLOCKED_BY_FOUNDATION,J068-SL-13,ZERO_APPLICABLE_OPEN_GAPS_AND_SAME_SHA_EVIDENCE,
J068,J068-SL-15,15,Media/providers/cache/search,governance/operational_journey_protocol_package/smsm-dsh-wlt-journeys/04-fulfillment-delivery-support/J068.md,TASK-0016,BLOCKED_BY_FOUNDATION,J068-SL-14,ZERO_APPLICABLE_OPEN_GAPS_AND_SAME_SHA_EVIDENCE,
J068,J068-SL-16,16,DSH↔WLT financial boundary,governance/operational_journey_protocol_package/smsm-dsh-wlt-journeys/04-fulfillment-delivery-support/J068.md,TASK-0016,BLOCKED_BY_FOUNDATION,J068-SL-15,ZERO_APPLICABLE_OPEN_GAPS_AND_SAME_SHA_EVIDENCE,
J068,J068-SL-17,17,Concurrency/idempotency/unknown result,governance/operational_journey_protocol_package/smsm-dsh-wlt-journeys/04-fulfillment-delivery-support/J068.md,TASK-0016,BLOCKED_BY_FOUNDATION,J068-SL-16,ZERO_APPLICABLE_OPEN_GAPS_AND_SAME_SHA_EVIDENCE,
J068,J068-SL-18,18,Offline/retry/recovery,governance/operational_journey_protocol_package/smsm-dsh-wlt-journeys/04-fulfillment-delivery-support/J068.md,TASK-0016,BLOCKED_BY_FOUNDATION,J068-SL-17,ZERO_APPLICABLE_OPEN_GAPS_AND_SAME_SHA_EVIDENCE,
J068,J068-SL-19,19,Cross-surface readback,governance/operational_journey_protocol_package/smsm-dsh-wlt-journeys/04-fulfillment-delivery-support/J068.md,TASK-0016,BLOCKED_BY_FOUNDATION,J068-SL-18,ZERO_APPLICABLE_OPEN_GAPS_AND_SAME_SHA_EVIDENCE,
J068,J068-SL-20,20,Security/privacy/negative tests,governance/operational_journey_protocol_package/smsm-dsh-wlt-journeys/04-fulfillment-delivery-support/J068.md,TASK-0016,BLOCKED_BY_FOUNDATION,J068-SL-19,ZERO_APPLICABLE_OPEN_GAPS_AND_SAME_SHA_EVIDENCE,
J068,J068-SL-21,21,Audit/observability/performance,governance/operational_journey_protocol_package/smsm-dsh-wlt-journeys/04-fulfillment-delivery-support/J068.md,TASK-0016,BLOCKED_BY_FOUNDATION,J068-SL-20,ZERO_APPLICABLE_OPEN_GAPS_AND_SAME_SHA_EVIDENCE,
J068,J068-SL-22,22,Accessibility/RTL/localization,governance/operational_journey_protocol_package/smsm-dsh-wlt-journeys/04-fulfillment-delivery-support/J068.md,TASK-0016,BLOCKED_BY_FOUNDATION,J068-SL-21,ZERO_APPLICABLE_OPEN_GAPS_AND_SAME_SHA_EVIDENCE,
J068,J068-SL-23,23,Manual operational acceptance,governance/operational_journey_protocol_package/smsm-dsh-wlt-journeys/04-fulfillment-delivery-support/J068.md,TASK-0016,BLOCKED_BY_FOUNDATION,J068-SL-22,ZERO_APPLICABLE_OPEN_GAPS_AND_SAME_SHA_EVIDENCE,
J068,J068-SL-24,24,Cleanup/same-SHA evidence/closure,governance/operational_journey_protocol_package/smsm-dsh-wlt-journeys/04-fulfillment-delivery-support/J068.md,TASK-0016,BLOCKED_BY_FOUNDATION,J068-SL-23,ZERO_APPLICABLE_OPEN_GAPS_AND_SAME_SHA_EVIDENCE,
J069,J069-SL-01,1,Product Truth والنتيجة والثوابت,governance/operational_journey_protocol_package/smsm-dsh-wlt-journeys/04-fulfillment-delivery-support/J069.md,TASK-0016,BLOCKED_BY_FOUNDATION,FOUNDATION-00,ZERO_APPLICABLE_OPEN_GAPS_AND_SAME_SHA_EVIDENCE,
J069,J069-SL-02,2,Actors وهويات الخدمات,governance/operational_journey_protocol_package/smsm-dsh-wlt-journeys/04-fulfillment-delivery-support/J069.md,TASK-0016,BLOCKED_BY_FOUNDATION,J069-SL-01,ZERO_APPLICABLE_OPEN_GAPS_AND_SAME_SHA_EVIDENCE,
J069,J069-SL-03,3,التبعيات وشروط الدخول والخروج,governance/operational_journey_protocol_package/smsm-dsh-wlt-journeys/04-fulfillment-delivery-support/J069.md,TASK-0016,BLOCKED_BY_FOUNDATION,J069-SL-02,ZERO_APPLICABLE_OPEN_GAPS_AND_SAME_SHA_EVIDENCE,
J069,J069-SL-04,4,Identity/session/device,governance/operational_journey_protocol_package/smsm-dsh-wlt-journeys/04-fulfillment-delivery-support/J069.md,TASK-0016,BLOCKED_BY_FOUNDATION,J069-SL-03,ZERO_APPLICABLE_OPEN_GAPS_AND_SAME_SHA_EVIDENCE,
J069,J069-SL-05,5,Permission/trusted scope/object authorization,governance/operational_journey_protocol_package/smsm-dsh-wlt-journeys/04-fulfillment-delivery-support/J069.md,TASK-0016,BLOCKED_BY_FOUNDATION,J069-SL-04,ZERO_APPLICABLE_OPEN_GAPS_AND_SAME_SHA_EVIDENCE,
J069,J069-SL-06,6,Entrypoints/routes/deep links/navigation,governance/operational_journey_protocol_package/smsm-dsh-wlt-journeys/04-fulfillment-delivery-support/J069.md,TASK-0016,BLOCKED_BY_FOUNDATION,J069-SL-05,ZERO_APPLICABLE_OPEN_GAPS_AND_SAME_SHA_EVIDENCE,
J069,J069-SL-07,7,Screens/pages/tabs/buttons/icons/forms,governance/operational_journey_protocol_package/smsm-dsh-wlt-journeys/04-fulfillment-delivery-support/J069.md,TASK-0016,BLOCKED_BY_FOUNDATION,J069-SL-06,ZERO_APPLICABLE_OPEN_GAPS_AND_SAME_SHA_EVIDENCE,
J069,J069-SL-08,8,Shared brain/view model/visible states,governance/operational_journey_protocol_package/smsm-dsh-wlt-journeys/04-fulfillment-delivery-support/J069.md,TASK-0016,BLOCKED_BY_FOUNDATION,J069-SL-07,ZERO_APPLICABLE_OPEN_GAPS_AND_SAME_SHA_EVIDENCE,
J069,J069-SL-09,9,OpenAPI/error/security/idempotency,governance/operational_journey_protocol_package/smsm-dsh-wlt-journeys/04-fulfillment-delivery-support/J069.md,TASK-0016,BLOCKED_BY_FOUNDATION,J069-SL-08,ZERO_APPLICABLE_OPEN_GAPS_AND_SAME_SHA_EVIDENCE,
J069,J069-SL-10,10,Generated clients/transports,governance/operational_journey_protocol_package/smsm-dsh-wlt-journeys/04-fulfillment-delivery-support/J069.md,TASK-0016,BLOCKED_BY_FOUNDATION,J069-SL-09,ZERO_APPLICABLE_OPEN_GAPS_AND_SAME_SHA_EVIDENCE,
J069,J069-SL-11,11,Backend handler/domain/repository,governance/operational_journey_protocol_package/smsm-dsh-wlt-journeys/04-fulfillment-delivery-support/J069.md,TASK-0016,BLOCKED_BY_FOUNDATION,J069-SL-10,ZERO_APPLICABLE_OPEN_GAPS_AND_SAME_SHA_EVIDENCE,
J069,J069-SL-12,12,State machine/allowed actions,governance/operational_journey_protocol_package/smsm-dsh-wlt-journeys/04-fulfillment-delivery-support/J069.md,TASK-0016,BLOCKED_BY_FOUNDATION,J069-SL-11,ZERO_APPLICABLE_OPEN_GAPS_AND_SAME_SHA_EVIDENCE,
J069,J069-SL-13,13,Database/migrations/constraints/indexes,governance/operational_journey_protocol_package/smsm-dsh-wlt-journeys/04-fulfillment-delivery-support/J069.md,TASK-0016,BLOCKED_BY_FOUNDATION,J069-SL-12,ZERO_APPLICABLE_OPEN_GAPS_AND_SAME_SHA_EVIDENCE,
J069,J069-SL-14,14,Events/outbox/inbox/jobs/DLQ,governance/operational_journey_protocol_package/smsm-dsh-wlt-journeys/04-fulfillment-delivery-support/J069.md,TASK-0016,BLOCKED_BY_FOUNDATION,J069-SL-13,ZERO_APPLICABLE_OPEN_GAPS_AND_SAME_SHA_EVIDENCE,
J069,J069-SL-15,15,Media/providers/cache/search,governance/operational_journey_protocol_package/smsm-dsh-wlt-journeys/04-fulfillment-delivery-support/J069.md,TASK-0016,BLOCKED_BY_FOUNDATION,J069-SL-14,ZERO_APPLICABLE_OPEN_GAPS_AND_SAME_SHA_EVIDENCE,
J069,J069-SL-16,16,DSH↔WLT financial boundary,governance/operational_journey_protocol_package/smsm-dsh-wlt-journeys/04-fulfillment-delivery-support/J069.md,TASK-0016,BLOCKED_BY_FOUNDATION,J069-SL-15,ZERO_APPLICABLE_OPEN_GAPS_AND_SAME_SHA_EVIDENCE,
J069,J069-SL-17,17,Concurrency/idempotency/unknown result,governance/operational_journey_protocol_package/smsm-dsh-wlt-journeys/04-fulfillment-delivery-support/J069.md,TASK-0016,BLOCKED_BY_FOUNDATION,J069-SL-16,ZERO_APPLICABLE_OPEN_GAPS_AND_SAME_SHA_EVIDENCE,
J069,J069-SL-18,18,Offline/retry/recovery,governance/operational_journey_protocol_package/smsm-dsh-wlt-journeys/04-fulfillment-delivery-support/J069.md,TASK-0016,BLOCKED_BY_FOUNDATION,J069-SL-17,ZERO_APPLICABLE_OPEN_GAPS_AND_SAME_SHA_EVIDENCE,
J069,J069-SL-19,19,Cross-surface readback,governance/operational_journey_protocol_package/smsm-dsh-wlt-journeys/04-fulfillment-delivery-support/J069.md,TASK-0016,BLOCKED_BY_FOUNDATION,J069-SL-18,ZERO_APPLICABLE_OPEN_GAPS_AND_SAME_SHA_EVIDENCE,
J069,J069-SL-20,20,Security/privacy/negative tests,governance/operational_journey_protocol_package/smsm-dsh-wlt-journeys/04-fulfillment-delivery-support/J069.md,TASK-0016,BLOCKED_BY_FOUNDATION,J069-SL-19,ZERO_APPLICABLE_OPEN_GAPS_AND_SAME_SHA_EVIDENCE,
J069,J069-SL-21,21,Audit/observability/performance,governance/operational_journey_protocol_package/smsm-dsh-wlt-journeys/04-fulfillment-delivery-support/J069.md,TASK-0016,BLOCKED_BY_FOUNDATION,J069-SL-20,ZERO_APPLICABLE_OPEN_GAPS_AND_SAME_SHA_EVIDENCE,
J069,J069-SL-22,22,Accessibility/RTL/localization,governance/operational_journey_protocol_package/smsm-dsh-wlt-journeys/04-fulfillment-delivery-support/J069.md,TASK-0016,BLOCKED_BY_FOUNDATION,J069-SL-21,ZERO_APPLICABLE_OPEN_GAPS_AND_SAME_SHA_EVIDENCE,
J069,J069-SL-23,23,Manual operational acceptance,governance/operational_journey_protocol_package/smsm-dsh-wlt-journeys/04-fulfillment-delivery-support/J069.md,TASK-0016,BLOCKED_BY_FOUNDATION,J069-SL-22,ZERO_APPLICABLE_OPEN_GAPS_AND_SAME_SHA_EVIDENCE,
J069,J069-SL-24,24,Cleanup/same-SHA evidence/closure,governance/operational_journey_protocol_package/smsm-dsh-wlt-journeys/04-fulfillment-delivery-support/J069.md,TASK-0016,BLOCKED_BY_FOUNDATION,J069-SL-23,ZERO_APPLICABLE_OPEN_GAPS_AND_SAME_SHA_EVIDENCE,
J070,J070-SL-01,1,Product Truth والنتيجة والثوابت,governance/operational_journey_protocol_package/smsm-dsh-wlt-journeys/04-fulfillment-delivery-support/J070.md,TASK-0016,BLOCKED_BY_FOUNDATION,FOUNDATION-00,ZERO_APPLICABLE_OPEN_GAPS_AND_SAME_SHA_EVIDENCE,
J070,J070-SL-02,2,Actors وهويات الخدمات,governance/operational_journey_protocol_package/smsm-dsh-wlt-journeys/04-fulfillment-delivery-support/J070.md,TASK-0016,BLOCKED_BY_FOUNDATION,J070-SL-01,ZERO_APPLICABLE_OPEN_GAPS_AND_SAME_SHA_EVIDENCE,
J070,J070-SL-03,3,التبعيات وشروط الدخول والخروج,governance/operational_journey_protocol_package/smsm-dsh-wlt-journeys/04-fulfillment-delivery-support/J070.md,TASK-0016,BLOCKED_BY_FOUNDATION,J070-SL-02,ZERO_APPLICABLE_OPEN_GAPS_AND_SAME_SHA_EVIDENCE,
J070,J070-SL-04,4,Identity/session/device,governance/operational_journey_protocol_package/smsm-dsh-wlt-journeys/04-fulfillment-delivery-support/J070.md,TASK-0016,BLOCKED_BY_FOUNDATION,J070-SL-03,ZERO_APPLICABLE_OPEN_GAPS_AND_SAME_SHA_EVIDENCE,
J070,J070-SL-05,5,Permission/trusted scope/object authorization,governance/operational_journey_protocol_package/smsm-dsh-wlt-journeys/04-fulfillment-delivery-support/J070.md,TASK-0016,BLOCKED_BY_FOUNDATION,J070-SL-04,ZERO_APPLICABLE_OPEN_GAPS_AND_SAME_SHA_EVIDENCE,
J070,J070-SL-06,6,Entrypoints/routes/deep links/navigation,governance/operational_journey_protocol_package/smsm-dsh-wlt-journeys/04-fulfillment-delivery-support/J070.md,TASK-0016,BLOCKED_BY_FOUNDATION,J070-SL-05,ZERO_APPLICABLE_OPEN_GAPS_AND_SAME_SHA_EVIDENCE,
J070,J070-SL-07,7,Screens/pages/tabs/buttons/icons/forms,governance/operational_journey_protocol_package/smsm-dsh-wlt-journeys/04-fulfillment-delivery-support/J070.md,TASK-0016,BLOCKED_BY_FOUNDATION,J070-SL-06,ZERO_APPLICABLE_OPEN_GAPS_AND_SAME_SHA_EVIDENCE,
J070,J070-SL-08,8,Shared brain/view model/visible states,governance/operational_journey_protocol_package/smsm-dsh-wlt-journeys/04-fulfillment-delivery-support/J070.md,TASK-0016,BLOCKED_BY_FOUNDATION,J070-SL-07,ZERO_APPLICABLE_OPEN_GAPS_AND_SAME_SHA_EVIDENCE,
J070,J070-SL-09,9,OpenAPI/error/security/idempotency,governance/operational_journey_protocol_package/smsm-dsh-wlt-journeys/04-fulfillment-delivery-support/J070.md,TASK-0016,BLOCKED_BY_FOUNDATION,J070-SL-08,ZERO_APPLICABLE_OPEN_GAPS_AND_SAME_SHA_EVIDENCE,
J070,J070-SL-10,10,Generated clients/transports,governance/operational_journey_protocol_package/smsm-dsh-wlt-journeys/04-fulfillment-delivery-support/J070.md,TASK-0016,BLOCKED_BY_FOUNDATION,J070-SL-09,ZERO_APPLICABLE_OPEN_GAPS_AND_SAME_SHA_EVIDENCE,
J070,J070-SL-11,11,Backend handler/domain/repository,governance/operational_journey_protocol_package/smsm-dsh-wlt-journeys/04-fulfillment-delivery-support/J070.md,TASK-0016,BLOCKED_BY_FOUNDATION,J070-SL-10,ZERO_APPLICABLE_OPEN_GAPS_AND_SAME_SHA_EVIDENCE,
J070,J070-SL-12,12,State machine/allowed actions,governance/operational_journey_protocol_package/smsm-dsh-wlt-journeys/04-fulfillment-delivery-support/J070.md,TASK-0016,BLOCKED_BY_FOUNDATION,J070-SL-11,ZERO_APPLICABLE_OPEN_GAPS_AND_SAME_SHA_EVIDENCE,
J070,J070-SL-13,13,Database/migrations/constraints/indexes,governance/operational_journey_protocol_package/smsm-dsh-wlt-journeys/04-fulfillment-delivery-support/J070.md,TASK-0016,BLOCKED_BY_FOUNDATION,J070-SL-12,ZERO_APPLICABLE_OPEN_GAPS_AND_SAME_SHA_EVIDENCE,
J070,J070-SL-14,14,Events/outbox/inbox/jobs/DLQ,governance/operational_journey_protocol_package/smsm-dsh-wlt-journeys/04-fulfillment-delivery-support/J070.md,TASK-0016,BLOCKED_BY_FOUNDATION,J070-SL-13,ZERO_APPLICABLE_OPEN_GAPS_AND_SAME_SHA_EVIDENCE,
J070,J070-SL-15,15,Media/providers/cache/search,governance/operational_journey_protocol_package/smsm-dsh-wlt-journeys/04-fulfillment-delivery-support/J070.md,TASK-0016,BLOCKED_BY_FOUNDATION,J070-SL-14,ZERO_APPLICABLE_OPEN_GAPS_AND_SAME_SHA_EVIDENCE,
J070,J070-SL-16,16,DSH↔WLT financial boundary,governance/operational_journey_protocol_package/smsm-dsh-wlt-journeys/04-fulfillment-delivery-support/J070.md,TASK-0016,BLOCKED_BY_FOUNDATION,J070-SL-15,ZERO_APPLICABLE_OPEN_GAPS_AND_SAME_SHA_EVIDENCE,
J070,J070-SL-17,17,Concurrency/idempotency/unknown result,governance/operational_journey_protocol_package/smsm-dsh-wlt-journeys/04-fulfillment-delivery-support/J070.md,TASK-0016,BLOCKED_BY_FOUNDATION,J070-SL-16,ZERO_APPLICABLE_OPEN_GAPS_AND_SAME_SHA_EVIDENCE,
J070,J070-SL-18,18,Offline/retry/recovery,governance/operational_journey_protocol_package/smsm-dsh-wlt-journeys/04-fulfillment-delivery-support/J070.md,TASK-0016,BLOCKED_BY_FOUNDATION,J070-SL-17,ZERO_APPLICABLE_OPEN_GAPS_AND_SAME_SHA_EVIDENCE,
J070,J070-SL-19,19,Cross-surface readback,governance/operational_journey_protocol_package/smsm-dsh-wlt-journeys/04-fulfillment-delivery-support/J070.md,TASK-0016,BLOCKED_BY_FOUNDATION,J070-SL-18,ZERO_APPLICABLE_OPEN_GAPS_AND_SAME_SHA_EVIDENCE,
J070,J070-SL-20,20,Security/privacy/negative tests,governance/operational_journey_protocol_package/smsm-dsh-wlt-journeys/04-fulfillment-delivery-support/J070.md,TASK-0016,BLOCKED_BY_FOUNDATION,J070-SL-19,ZERO_APPLICABLE_OPEN_GAPS_AND_SAME_SHA_EVIDENCE,
J070,J070-SL-21,21,Audit/observability/performance,governance/operational_journey_protocol_package/smsm-dsh-wlt-journeys/04-fulfillment-delivery-support/J070.md,TASK-0016,BLOCKED_BY_FOUNDATION,J070-SL-20,ZERO_APPLICABLE_OPEN_GAPS_AND_SAME_SHA_EVIDENCE,
J070,J070-SL-22,22,Accessibility/RTL/localization,governance/operational_journey_protocol_package/smsm-dsh-wlt-journeys/04-fulfillment-delivery-support/J070.md,TASK-0016,BLOCKED_BY_FOUNDATION,J070-SL-21,ZERO_APPLICABLE_OPEN_GAPS_AND_SAME_SHA_EVIDENCE,
J070,J070-SL-23,23,Manual operational acceptance,governance/operational_journey_protocol_package/smsm-dsh-wlt-journeys/04-fulfillment-delivery-support/J070.md,TASK-0016,BLOCKED_BY_FOUNDATION,J070-SL-22,ZERO_APPLICABLE_OPEN_GAPS_AND_SAME_SHA_EVIDENCE,
J070,J070-SL-24,24,Cleanup/same-SHA evidence/closure,governance/operational_journey_protocol_package/smsm-dsh-wlt-journeys/04-fulfillment-delivery-support/J070.md,TASK-0016,BLOCKED_BY_FOUNDATION,J070-SL-23,ZERO_APPLICABLE_OPEN_GAPS_AND_SAME_SHA_EVIDENCE,
J071,J071-SL-01,1,Product Truth والنتيجة والثوابت,governance/operational_journey_protocol_package/smsm-dsh-wlt-journeys/04-fulfillment-delivery-support/J071.md,TASK-0016,BLOCKED_BY_FOUNDATION,FOUNDATION-00,ZERO_APPLICABLE_OPEN_GAPS_AND_SAME_SHA_EVIDENCE,
J071,J071-SL-02,2,Actors وهويات الخدمات,governance/operational_journey_protocol_package/smsm-dsh-wlt-journeys/04-fulfillment-delivery-support/J071.md,TASK-0016,BLOCKED_BY_FOUNDATION,J071-SL-01,ZERO_APPLICABLE_OPEN_GAPS_AND_SAME_SHA_EVIDENCE,
J071,J071-SL-03,3,التبعيات وشروط الدخول والخروج,governance/operational_journey_protocol_package/smsm-dsh-wlt-journeys/04-fulfillment-delivery-support/J071.md,TASK-0016,BLOCKED_BY_FOUNDATION,J071-SL-02,ZERO_APPLICABLE_OPEN_GAPS_AND_SAME_SHA_EVIDENCE,
J071,J071-SL-04,4,Identity/session/device,governance/operational_journey_protocol_package/smsm-dsh-wlt-journeys/04-fulfillment-delivery-support/J071.md,TASK-0016,BLOCKED_BY_FOUNDATION,J071-SL-03,ZERO_APPLICABLE_OPEN_GAPS_AND_SAME_SHA_EVIDENCE,
J071,J071-SL-05,5,Permission/trusted scope/object authorization,governance/operational_journey_protocol_package/smsm-dsh-wlt-journeys/04-fulfillment-delivery-support/J071.md,TASK-0016,BLOCKED_BY_FOUNDATION,J071-SL-04,ZERO_APPLICABLE_OPEN_GAPS_AND_SAME_SHA_EVIDENCE,
J071,J071-SL-06,6,Entrypoints/routes/deep links/navigation,governance/operational_journey_protocol_package/smsm-dsh-wlt-journeys/04-fulfillment-delivery-support/J071.md,TASK-0016,BLOCKED_BY_FOUNDATION,J071-SL-05,ZERO_APPLICABLE_OPEN_GAPS_AND_SAME_SHA_EVIDENCE,
J071,J071-SL-07,7,Screens/pages/tabs/buttons/icons/forms,governance/operational_journey_protocol_package/smsm-dsh-wlt-journeys/04-fulfillment-delivery-support/J071.md,TASK-0016,BLOCKED_BY_FOUNDATION,J071-SL-06,ZERO_APPLICABLE_OPEN_GAPS_AND_SAME_SHA_EVIDENCE,
J071,J071-SL-08,8,Shared brain/view model/visible states,governance/operational_journey_protocol_package/smsm-dsh-wlt-journeys/04-fulfillment-delivery-support/J071.md,TASK-0016,BLOCKED_BY_FOUNDATION,J071-SL-07,ZERO_APPLICABLE_OPEN_GAPS_AND_SAME_SHA_EVIDENCE,
J071,J071-SL-09,9,OpenAPI/error/security/idempotency,governance/operational_journey_protocol_package/smsm-dsh-wlt-journeys/04-fulfillment-delivery-support/J071.md,TASK-0016,BLOCKED_BY_FOUNDATION,J071-SL-08,ZERO_APPLICABLE_OPEN_GAPS_AND_SAME_SHA_EVIDENCE,
J071,J071-SL-10,10,Generated clients/transports,governance/operational_journey_protocol_package/smsm-dsh-wlt-journeys/04-fulfillment-delivery-support/J071.md,TASK-0016,BLOCKED_BY_FOUNDATION,J071-SL-09,ZERO_APPLICABLE_OPEN_GAPS_AND_SAME_SHA_EVIDENCE,
J071,J071-SL-11,11,Backend handler/domain/repository,governance/operational_journey_protocol_package/smsm-dsh-wlt-journeys/04-fulfillment-delivery-support/J071.md,TASK-0016,BLOCKED_BY_FOUNDATION,J071-SL-10,ZERO_APPLICABLE_OPEN_GAPS_AND_SAME_SHA_EVIDENCE,
J071,J071-SL-12,12,State machine/allowed actions,governance/operational_journey_protocol_package/smsm-dsh-wlt-journeys/04-fulfillment-delivery-support/J071.md,TASK-0016,BLOCKED_BY_FOUNDATION,J071-SL-11,ZERO_APPLICABLE_OPEN_GAPS_AND_SAME_SHA_EVIDENCE,
J071,J071-SL-13,13,Database/migrations/constraints/indexes,governance/operational_journey_protocol_package/smsm-dsh-wlt-journeys/04-fulfillment-delivery-support/J071.md,TASK-0016,BLOCKED_BY_FOUNDATION,J071-SL-12,ZERO_APPLICABLE_OPEN_GAPS_AND_SAME_SHA_EVIDENCE,
J071,J071-SL-14,14,Events/outbox/inbox/jobs/DLQ,governance/operational_journey_protocol_package/smsm-dsh-wlt-journeys/04-fulfillment-delivery-support/J071.md,TASK-0016,BLOCKED_BY_FOUNDATION,J071-SL-13,ZERO_APPLICABLE_OPEN_GAPS_AND_SAME_SHA_EVIDENCE,
J071,J071-SL-15,15,Media/providers/cache/search,governance/operational_journey_protocol_package/smsm-dsh-wlt-journeys/04-fulfillment-delivery-support/J071.md,TASK-0016,BLOCKED_BY_FOUNDATION,J071-SL-14,ZERO_APPLICABLE_OPEN_GAPS_AND_SAME_SHA_EVIDENCE,
J071,J071-SL-16,16,DSH↔WLT financial boundary,governance/operational_journey_protocol_package/smsm-dsh-wlt-journeys/04-fulfillment-delivery-support/J071.md,TASK-0016,BLOCKED_BY_FOUNDATION,J071-SL-15,ZERO_APPLICABLE_OPEN_GAPS_AND_SAME_SHA_EVIDENCE,
J071,J071-SL-17,17,Concurrency/idempotency/unknown result,governance/operational_journey_protocol_package/smsm-dsh-wlt-journeys/04-fulfillment-delivery-support/J071.md,TASK-0016,BLOCKED_BY_FOUNDATION,J071-SL-16,ZERO_APPLICABLE_OPEN_GAPS_AND_SAME_SHA_EVIDENCE,
J071,J071-SL-18,18,Offline/retry/recovery,governance/operational_journey_protocol_package/smsm-dsh-wlt-journeys/04-fulfillment-delivery-support/J071.md,TASK-0016,BLOCKED_BY_FOUNDATION,J071-SL-17,ZERO_APPLICABLE_OPEN_GAPS_AND_SAME_SHA_EVIDENCE,
J071,J071-SL-19,19,Cross-surface readback,governance/operational_journey_protocol_package/smsm-dsh-wlt-journeys/04-fulfillment-delivery-support/J071.md,TASK-0016,BLOCKED_BY_FOUNDATION,J071-SL-18,ZERO_APPLICABLE_OPEN_GAPS_AND_SAME_SHA_EVIDENCE,
J071,J071-SL-20,20,Security/privacy/negative tests,governance/operational_journey_protocol_package/smsm-dsh-wlt-journeys/04-fulfillment-delivery-support/J071.md,TASK-0016,BLOCKED_BY_FOUNDATION,J071-SL-19,ZERO_APPLICABLE_OPEN_GAPS_AND_SAME_SHA_EVIDENCE,
J071,J071-SL-21,21,Audit/observability/performance,governance/operational_journey_protocol_package/smsm-dsh-wlt-journeys/04-fulfillment-delivery-support/J071.md,TASK-0016,BLOCKED_BY_FOUNDATION,J071-SL-20,ZERO_APPLICABLE_OPEN_GAPS_AND_SAME_SHA_EVIDENCE,
J071,J071-SL-22,22,Accessibility/RTL/localization,governance/operational_journey_protocol_package/smsm-dsh-wlt-journeys/04-fulfillment-delivery-support/J071.md,TASK-0016,BLOCKED_BY_FOUNDATION,J071-SL-21,ZERO_APPLICABLE_OPEN_GAPS_AND_SAME_SHA_EVIDENCE,
J071,J071-SL-23,23,Manual operational acceptance,governance/operational_journey_protocol_package/smsm-dsh-wlt-journeys/04-fulfillment-delivery-support/J071.md,TASK-0016,BLOCKED_BY_FOUNDATION,J071-SL-22,ZERO_APPLICABLE_OPEN_GAPS_AND_SAME_SHA_EVIDENCE,
J071,J071-SL-24,24,Cleanup/same-SHA evidence/closure,governance/operational_journey_protocol_package/smsm-dsh-wlt-journeys/04-fulfillment-delivery-support/J071.md,TASK-0016,BLOCKED_BY_FOUNDATION,J071-SL-23,ZERO_APPLICABLE_OPEN_GAPS_AND_SAME_SHA_EVIDENCE,
J072,J072-SL-01,1,Product Truth والنتيجة والثوابت,governance/operational_journey_protocol_package/smsm-dsh-wlt-journeys/04-fulfillment-delivery-support/J072.md,TASK-0016,BLOCKED_BY_FOUNDATION,FOUNDATION-00,ZERO_APPLICABLE_OPEN_GAPS_AND_SAME_SHA_EVIDENCE,
J072,J072-SL-02,2,Actors وهويات الخدمات,governance/operational_journey_protocol_package/smsm-dsh-wlt-journeys/04-fulfillment-delivery-support/J072.md,TASK-0016,BLOCKED_BY_FOUNDATION,J072-SL-01,ZERO_APPLICABLE_OPEN_GAPS_AND_SAME_SHA_EVIDENCE,
J072,J072-SL-03,3,التبعيات وشروط الدخول والخروج,governance/operational_journey_protocol_package/smsm-dsh-wlt-journeys/04-fulfillment-delivery-support/J072.md,TASK-0016,BLOCKED_BY_FOUNDATION,J072-SL-02,ZERO_APPLICABLE_OPEN_GAPS_AND_SAME_SHA_EVIDENCE,
J072,J072-SL-04,4,Identity/session/device,governance/operational_journey_protocol_package/smsm-dsh-wlt-journeys/04-fulfillment-delivery-support/J072.md,TASK-0016,BLOCKED_BY_FOUNDATION,J072-SL-03,ZERO_APPLICABLE_OPEN_GAPS_AND_SAME_SHA_EVIDENCE,
J072,J072-SL-05,5,Permission/trusted scope/object authorization,governance/operational_journey_protocol_package/smsm-dsh-wlt-journeys/04-fulfillment-delivery-support/J072.md,TASK-0016,BLOCKED_BY_FOUNDATION,J072-SL-04,ZERO_APPLICABLE_OPEN_GAPS_AND_SAME_SHA_EVIDENCE,
J072,J072-SL-06,6,Entrypoints/routes/deep links/navigation,governance/operational_journey_protocol_package/smsm-dsh-wlt-journeys/04-fulfillment-delivery-support/J072.md,TASK-0016,BLOCKED_BY_FOUNDATION,J072-SL-05,ZERO_APPLICABLE_OPEN_GAPS_AND_SAME_SHA_EVIDENCE,
J072,J072-SL-07,7,Screens/pages/tabs/buttons/icons/forms,governance/operational_journey_protocol_package/smsm-dsh-wlt-journeys/04-fulfillment-delivery-support/J072.md,TASK-0016,BLOCKED_BY_FOUNDATION,J072-SL-06,ZERO_APPLICABLE_OPEN_GAPS_AND_SAME_SHA_EVIDENCE,
J072,J072-SL-08,8,Shared brain/view model/visible states,governance/operational_journey_protocol_package/smsm-dsh-wlt-journeys/04-fulfillment-delivery-support/J072.md,TASK-0016,BLOCKED_BY_FOUNDATION,J072-SL-07,ZERO_APPLICABLE_OPEN_GAPS_AND_SAME_SHA_EVIDENCE,
J072,J072-SL-09,9,OpenAPI/error/security/idempotency,governance/operational_journey_protocol_package/smsm-dsh-wlt-journeys/04-fulfillment-delivery-support/J072.md,TASK-0016,BLOCKED_BY_FOUNDATION,J072-SL-08,ZERO_APPLICABLE_OPEN_GAPS_AND_SAME_SHA_EVIDENCE,
J072,J072-SL-10,10,Generated clients/transports,governance/operational_journey_protocol_package/smsm-dsh-wlt-journeys/04-fulfillment-delivery-support/J072.md,TASK-0016,BLOCKED_BY_FOUNDATION,J072-SL-09,ZERO_APPLICABLE_OPEN_GAPS_AND_SAME_SHA_EVIDENCE,
J072,J072-SL-11,11,Backend handler/domain/repository,governance/operational_journey_protocol_package/smsm-dsh-wlt-journeys/04-fulfillment-delivery-support/J072.md,TASK-0016,BLOCKED_BY_FOUNDATION,J072-SL-10,ZERO_APPLICABLE_OPEN_GAPS_AND_SAME_SHA_EVIDENCE,
J072,J072-SL-12,12,State machine/allowed actions,governance/operational_journey_protocol_package/smsm-dsh-wlt-journeys/04-fulfillment-delivery-support/J072.md,TASK-0016,BLOCKED_BY_FOUNDATION,J072-SL-11,ZERO_APPLICABLE_OPEN_GAPS_AND_SAME_SHA_EVIDENCE,
J072,J072-SL-13,13,Database/migrations/constraints/indexes,governance/operational_journey_protocol_package/smsm-dsh-wlt-journeys/04-fulfillment-delivery-support/J072.md,TASK-0016,BLOCKED_BY_FOUNDATION,J072-SL-12,ZERO_APPLICABLE_OPEN_GAPS_AND_SAME_SHA_EVIDENCE,
J072,J072-SL-14,14,Events/outbox/inbox/jobs/DLQ,governance/operational_journey_protocol_package/smsm-dsh-wlt-journeys/04-fulfillment-delivery-support/J072.md,TASK-0016,BLOCKED_BY_FOUNDATION,J072-SL-13,ZERO_APPLICABLE_OPEN_GAPS_AND_SAME_SHA_EVIDENCE,
J072,J072-SL-15,15,Media/providers/cache/search,governance/operational_journey_protocol_package/smsm-dsh-wlt-journeys/04-fulfillment-delivery-support/J072.md,TASK-0016,BLOCKED_BY_FOUNDATION,J072-SL-14,ZERO_APPLICABLE_OPEN_GAPS_AND_SAME_SHA_EVIDENCE,
J072,J072-SL-16,16,DSH↔WLT financial boundary,governance/operational_journey_protocol_package/smsm-dsh-wlt-journeys/04-fulfillment-delivery-support/J072.md,TASK-0016,BLOCKED_BY_FOUNDATION,J072-SL-15,ZERO_APPLICABLE_OPEN_GAPS_AND_SAME_SHA_EVIDENCE,
J072,J072-SL-17,17,Concurrency/idempotency/unknown result,governance/operational_journey_protocol_package/smsm-dsh-wlt-journeys/04-fulfillment-delivery-support/J072.md,TASK-0016,BLOCKED_BY_FOUNDATION,J072-SL-16,ZERO_APPLICABLE_OPEN_GAPS_AND_SAME_SHA_EVIDENCE,
J072,J072-SL-18,18,Offline/retry/recovery,governance/operational_journey_protocol_package/smsm-dsh-wlt-journeys/04-fulfillment-delivery-support/J072.md,TASK-0016,BLOCKED_BY_FOUNDATION,J072-SL-17,ZERO_APPLICABLE_OPEN_GAPS_AND_SAME_SHA_EVIDENCE,
J072,J072-SL-19,19,Cross-surface readback,governance/operational_journey_protocol_package/smsm-dsh-wlt-journeys/04-fulfillment-delivery-support/J072.md,TASK-0016,BLOCKED_BY_FOUNDATION,J072-SL-18,ZERO_APPLICABLE_OPEN_GAPS_AND_SAME_SHA_EVIDENCE,
J072,J072-SL-20,20,Security/privacy/negative tests,governance/operational_journey_protocol_package/smsm-dsh-wlt-journeys/04-fulfillment-delivery-support/J072.md,TASK-0016,BLOCKED_BY_FOUNDATION,J072-SL-19,ZERO_APPLICABLE_OPEN_GAPS_AND_SAME_SHA_EVIDENCE,
J072,J072-SL-21,21,Audit/observability/performance,governance/operational_journey_protocol_package/smsm-dsh-wlt-journeys/04-fulfillment-delivery-support/J072.md,TASK-0016,BLOCKED_BY_FOUNDATION,J072-SL-20,ZERO_APPLICABLE_OPEN_GAPS_AND_SAME_SHA_EVIDENCE,
J072,J072-SL-22,22,Accessibility/RTL/localization,governance/operational_journey_protocol_package/smsm-dsh-wlt-journeys/04-fulfillment-delivery-support/J072.md,TASK-0016,BLOCKED_BY_FOUNDATION,J072-SL-21,ZERO_APPLICABLE_OPEN_GAPS_AND_SAME_SHA_EVIDENCE,
J072,J072-SL-23,23,Manual operational acceptance,governance/operational_journey_protocol_package/smsm-dsh-wlt-journeys/04-fulfillment-delivery-support/J072.md,TASK-0016,BLOCKED_BY_FOUNDATION,J072-SL-22,ZERO_APPLICABLE_OPEN_GAPS_AND_SAME_SHA_EVIDENCE,
J072,J072-SL-24,24,Cleanup/same-SHA evidence/closure,governance/operational_journey_protocol_package/smsm-dsh-wlt-journeys/04-fulfillment-delivery-support/J072.md,TASK-0016,BLOCKED_BY_FOUNDATION,J072-SL-23,ZERO_APPLICABLE_OPEN_GAPS_AND_SAME_SHA_EVIDENCE,
J073,J073-SL-01,1,Product Truth والنتيجة والثوابت,governance/operational_journey_protocol_package/smsm-dsh-wlt-journeys/04-fulfillment-delivery-support/J073.md,TASK-0016,BLOCKED_BY_FOUNDATION,FOUNDATION-00,ZERO_APPLICABLE_OPEN_GAPS_AND_SAME_SHA_EVIDENCE,
J073,J073-SL-02,2,Actors وهويات الخدمات,governance/operational_journey_protocol_package/smsm-dsh-wlt-journeys/04-fulfillment-delivery-support/J073.md,TASK-0016,BLOCKED_BY_FOUNDATION,J073-SL-01,ZERO_APPLICABLE_OPEN_GAPS_AND_SAME_SHA_EVIDENCE,
J073,J073-SL-03,3,التبعيات وشروط الدخول والخروج,governance/operational_journey_protocol_package/smsm-dsh-wlt-journeys/04-fulfillment-delivery-support/J073.md,TASK-0016,BLOCKED_BY_FOUNDATION,J073-SL-02,ZERO_APPLICABLE_OPEN_GAPS_AND_SAME_SHA_EVIDENCE,
J073,J073-SL-04,4,Identity/session/device,governance/operational_journey_protocol_package/smsm-dsh-wlt-journeys/04-fulfillment-delivery-support/J073.md,TASK-0016,BLOCKED_BY_FOUNDATION,J073-SL-03,ZERO_APPLICABLE_OPEN_GAPS_AND_SAME_SHA_EVIDENCE,
J073,J073-SL-05,5,Permission/trusted scope/object authorization,governance/operational_journey_protocol_package/smsm-dsh-wlt-journeys/04-fulfillment-delivery-support/J073.md,TASK-0016,BLOCKED_BY_FOUNDATION,J073-SL-04,ZERO_APPLICABLE_OPEN_GAPS_AND_SAME_SHA_EVIDENCE,
J073,J073-SL-06,6,Entrypoints/routes/deep links/navigation,governance/operational_journey_protocol_package/smsm-dsh-wlt-journeys/04-fulfillment-delivery-support/J073.md,TASK-0016,BLOCKED_BY_FOUNDATION,J073-SL-05,ZERO_APPLICABLE_OPEN_GAPS_AND_SAME_SHA_EVIDENCE,
J073,J073-SL-07,7,Screens/pages/tabs/buttons/icons/forms,governance/operational_journey_protocol_package/smsm-dsh-wlt-journeys/04-fulfillment-delivery-support/J073.md,TASK-0016,BLOCKED_BY_FOUNDATION,J073-SL-06,ZERO_APPLICABLE_OPEN_GAPS_AND_SAME_SHA_EVIDENCE,
J073,J073-SL-08,8,Shared brain/view model/visible states,governance/operational_journey_protocol_package/smsm-dsh-wlt-journeys/04-fulfillment-delivery-support/J073.md,TASK-0016,BLOCKED_BY_FOUNDATION,J073-SL-07,ZERO_APPLICABLE_OPEN_GAPS_AND_SAME_SHA_EVIDENCE,
J073,J073-SL-09,9,OpenAPI/error/security/idempotency,governance/operational_journey_protocol_package/smsm-dsh-wlt-journeys/04-fulfillment-delivery-support/J073.md,TASK-0016,BLOCKED_BY_FOUNDATION,J073-SL-08,ZERO_APPLICABLE_OPEN_GAPS_AND_SAME_SHA_EVIDENCE,
J073,J073-SL-10,10,Generated clients/transports,governance/operational_journey_protocol_package/smsm-dsh-wlt-journeys/04-fulfillment-delivery-support/J073.md,TASK-0016,BLOCKED_BY_FOUNDATION,J073-SL-09,ZERO_APPLICABLE_OPEN_GAPS_AND_SAME_SHA_EVIDENCE,
J073,J073-SL-11,11,Backend handler/domain/repository,governance/operational_journey_protocol_package/smsm-dsh-wlt-journeys/04-fulfillment-delivery-support/J073.md,TASK-0016,BLOCKED_BY_FOUNDATION,J073-SL-10,ZERO_APPLICABLE_OPEN_GAPS_AND_SAME_SHA_EVIDENCE,
J073,J073-SL-12,12,State machine/allowed actions,governance/operational_journey_protocol_package/smsm-dsh-wlt-journeys/04-fulfillment-delivery-support/J073.md,TASK-0016,BLOCKED_BY_FOUNDATION,J073-SL-11,ZERO_APPLICABLE_OPEN_GAPS_AND_SAME_SHA_EVIDENCE,
J073,J073-SL-13,13,Database/migrations/constraints/indexes,governance/operational_journey_protocol_package/smsm-dsh-wlt-journeys/04-fulfillment-delivery-support/J073.md,TASK-0016,BLOCKED_BY_FOUNDATION,J073-SL-12,ZERO_APPLICABLE_OPEN_GAPS_AND_SAME_SHA_EVIDENCE,
J073,J073-SL-14,14,Events/outbox/inbox/jobs/DLQ,governance/operational_journey_protocol_package/smsm-dsh-wlt-journeys/04-fulfillment-delivery-support/J073.md,TASK-0016,BLOCKED_BY_FOUNDATION,J073-SL-13,ZERO_APPLICABLE_OPEN_GAPS_AND_SAME_SHA_EVIDENCE,
J073,J073-SL-15,15,Media/providers/cache/search,governance/operational_journey_protocol_package/smsm-dsh-wlt-journeys/04-fulfillment-delivery-support/J073.md,TASK-0016,BLOCKED_BY_FOUNDATION,J073-SL-14,ZERO_APPLICABLE_OPEN_GAPS_AND_SAME_SHA_EVIDENCE,
J073,J073-SL-16,16,DSH↔WLT financial boundary,governance/operational_journey_protocol_package/smsm-dsh-wlt-journeys/04-fulfillment-delivery-support/J073.md,TASK-0016,BLOCKED_BY_FOUNDATION,J073-SL-15,ZERO_APPLICABLE_OPEN_GAPS_AND_SAME_SHA_EVIDENCE,
J073,J073-SL-17,17,Concurrency/idempotency/unknown result,governance/operational_journey_protocol_package/smsm-dsh-wlt-journeys/04-fulfillment-delivery-support/J073.md,TASK-0016,BLOCKED_BY_FOUNDATION,J073-SL-16,ZERO_APPLICABLE_OPEN_GAPS_AND_SAME_SHA_EVIDENCE,
J073,J073-SL-18,18,Offline/retry/recovery,governance/operational_journey_protocol_package/smsm-dsh-wlt-journeys/04-fulfillment-delivery-support/J073.md,TASK-0016,BLOCKED_BY_FOUNDATION,J073-SL-17,ZERO_APPLICABLE_OPEN_GAPS_AND_SAME_SHA_EVIDENCE,
J073,J073-SL-19,19,Cross-surface readback,governance/operational_journey_protocol_package/smsm-dsh-wlt-journeys/04-fulfillment-delivery-support/J073.md,TASK-0016,BLOCKED_BY_FOUNDATION,J073-SL-18,ZERO_APPLICABLE_OPEN_GAPS_AND_SAME_SHA_EVIDENCE,
J073,J073-SL-20,20,Security/privacy/negative tests,governance/operational_journey_protocol_package/smsm-dsh-wlt-journeys/04-fulfillment-delivery-support/J073.md,TASK-0016,BLOCKED_BY_FOUNDATION,J073-SL-19,ZERO_APPLICABLE_OPEN_GAPS_AND_SAME_SHA_EVIDENCE,
J073,J073-SL-21,21,Audit/observability/performance,governance/operational_journey_protocol_package/smsm-dsh-wlt-journeys/04-fulfillment-delivery-support/J073.md,TASK-0016,BLOCKED_BY_FOUNDATION,J073-SL-20,ZERO_APPLICABLE_OPEN_GAPS_AND_SAME_SHA_EVIDENCE,
J073,J073-SL-22,22,Accessibility/RTL/localization,governance/operational_journey_protocol_package/smsm-dsh-wlt-journeys/04-fulfillment-delivery-support/J073.md,TASK-0016,BLOCKED_BY_FOUNDATION,J073-SL-21,ZERO_APPLICABLE_OPEN_GAPS_AND_SAME_SHA_EVIDENCE,
J073,J073-SL-23,23,Manual operational acceptance,governance/operational_journey_protocol_package/smsm-dsh-wlt-journeys/04-fulfillment-delivery-support/J073.md,TASK-0016,BLOCKED_BY_FOUNDATION,J073-SL-22,ZERO_APPLICABLE_OPEN_GAPS_AND_SAME_SHA_EVIDENCE,
J073,J073-SL-24,24,Cleanup/same-SHA evidence/closure,governance/operational_journey_protocol_package/smsm-dsh-wlt-journeys/04-fulfillment-delivery-support/J073.md,TASK-0016,BLOCKED_BY_FOUNDATION,J073-SL-23,ZERO_APPLICABLE_OPEN_GAPS_AND_SAME_SHA_EVIDENCE,
J074,J074-SL-01,1,Product Truth والنتيجة والثوابت,governance/operational_journey_protocol_package/smsm-dsh-wlt-journeys/04-fulfillment-delivery-support/J074.md,TASK-0016,BLOCKED_BY_FOUNDATION,FOUNDATION-00,ZERO_APPLICABLE_OPEN_GAPS_AND_SAME_SHA_EVIDENCE,
J074,J074-SL-02,2,Actors وهويات الخدمات,governance/operational_journey_protocol_package/smsm-dsh-wlt-journeys/04-fulfillment-delivery-support/J074.md,TASK-0016,BLOCKED_BY_FOUNDATION,J074-SL-01,ZERO_APPLICABLE_OPEN_GAPS_AND_SAME_SHA_EVIDENCE,
J074,J074-SL-03,3,التبعيات وشروط الدخول والخروج,governance/operational_journey_protocol_package/smsm-dsh-wlt-journeys/04-fulfillment-delivery-support/J074.md,TASK-0016,BLOCKED_BY_FOUNDATION,J074-SL-02,ZERO_APPLICABLE_OPEN_GAPS_AND_SAME_SHA_EVIDENCE,
J074,J074-SL-04,4,Identity/session/device,governance/operational_journey_protocol_package/smsm-dsh-wlt-journeys/04-fulfillment-delivery-support/J074.md,TASK-0016,BLOCKED_BY_FOUNDATION,J074-SL-03,ZERO_APPLICABLE_OPEN_GAPS_AND_SAME_SHA_EVIDENCE,
J074,J074-SL-05,5,Permission/trusted scope/object authorization,governance/operational_journey_protocol_package/smsm-dsh-wlt-journeys/04-fulfillment-delivery-support/J074.md,TASK-0016,BLOCKED_BY_FOUNDATION,J074-SL-04,ZERO_APPLICABLE_OPEN_GAPS_AND_SAME_SHA_EVIDENCE,
J074,J074-SL-06,6,Entrypoints/routes/deep links/navigation,governance/operational_journey_protocol_package/smsm-dsh-wlt-journeys/04-fulfillment-delivery-support/J074.md,TASK-0016,BLOCKED_BY_FOUNDATION,J074-SL-05,ZERO_APPLICABLE_OPEN_GAPS_AND_SAME_SHA_EVIDENCE,
J074,J074-SL-07,7,Screens/pages/tabs/buttons/icons/forms,governance/operational_journey_protocol_package/smsm-dsh-wlt-journeys/04-fulfillment-delivery-support/J074.md,TASK-0016,BLOCKED_BY_FOUNDATION,J074-SL-06,ZERO_APPLICABLE_OPEN_GAPS_AND_SAME_SHA_EVIDENCE,
J074,J074-SL-08,8,Shared brain/view model/visible states,governance/operational_journey_protocol_package/smsm-dsh-wlt-journeys/04-fulfillment-delivery-support/J074.md,TASK-0016,BLOCKED_BY_FOUNDATION,J074-SL-07,ZERO_APPLICABLE_OPEN_GAPS_AND_SAME_SHA_EVIDENCE,
J074,J074-SL-09,9,OpenAPI/error/security/idempotency,governance/operational_journey_protocol_package/smsm-dsh-wlt-journeys/04-fulfillment-delivery-support/J074.md,TASK-0016,BLOCKED_BY_FOUNDATION,J074-SL-08,ZERO_APPLICABLE_OPEN_GAPS_AND_SAME_SHA_EVIDENCE,
J074,J074-SL-10,10,Generated clients/transports,governance/operational_journey_protocol_package/smsm-dsh-wlt-journeys/04-fulfillment-delivery-support/J074.md,TASK-0016,BLOCKED_BY_FOUNDATION,J074-SL-09,ZERO_APPLICABLE_OPEN_GAPS_AND_SAME_SHA_EVIDENCE,
J074,J074-SL-11,11,Backend handler/domain/repository,governance/operational_journey_protocol_package/smsm-dsh-wlt-journeys/04-fulfillment-delivery-support/J074.md,TASK-0016,BLOCKED_BY_FOUNDATION,J074-SL-10,ZERO_APPLICABLE_OPEN_GAPS_AND_SAME_SHA_EVIDENCE,
J074,J074-SL-12,12,State machine/allowed actions,governance/operational_journey_protocol_package/smsm-dsh-wlt-journeys/04-fulfillment-delivery-support/J074.md,TASK-0016,BLOCKED_BY_FOUNDATION,J074-SL-11,ZERO_APPLICABLE_OPEN_GAPS_AND_SAME_SHA_EVIDENCE,
J074,J074-SL-13,13,Database/migrations/constraints/indexes,governance/operational_journey_protocol_package/smsm-dsh-wlt-journeys/04-fulfillment-delivery-support/J074.md,TASK-0016,BLOCKED_BY_FOUNDATION,J074-SL-12,ZERO_APPLICABLE_OPEN_GAPS_AND_SAME_SHA_EVIDENCE,
J074,J074-SL-14,14,Events/outbox/inbox/jobs/DLQ,governance/operational_journey_protocol_package/smsm-dsh-wlt-journeys/04-fulfillment-delivery-support/J074.md,TASK-0016,BLOCKED_BY_FOUNDATION,J074-SL-13,ZERO_APPLICABLE_OPEN_GAPS_AND_SAME_SHA_EVIDENCE,
J074,J074-SL-15,15,Media/providers/cache/search,governance/operational_journey_protocol_package/smsm-dsh-wlt-journeys/04-fulfillment-delivery-support/J074.md,TASK-0016,BLOCKED_BY_FOUNDATION,J074-SL-14,ZERO_APPLICABLE_OPEN_GAPS_AND_SAME_SHA_EVIDENCE,
J074,J074-SL-16,16,DSH↔WLT financial boundary,governance/operational_journey_protocol_package/smsm-dsh-wlt-journeys/04-fulfillment-delivery-support/J074.md,TASK-0016,BLOCKED_BY_FOUNDATION,J074-SL-15,ZERO_APPLICABLE_OPEN_GAPS_AND_SAME_SHA_EVIDENCE,
J074,J074-SL-17,17,Concurrency/idempotency/unknown result,governance/operational_journey_protocol_package/smsm-dsh-wlt-journeys/04-fulfillment-delivery-support/J074.md,TASK-0016,BLOCKED_BY_FOUNDATION,J074-SL-16,ZERO_APPLICABLE_OPEN_GAPS_AND_SAME_SHA_EVIDENCE,
J074,J074-SL-18,18,Offline/retry/recovery,governance/operational_journey_protocol_package/smsm-dsh-wlt-journeys/04-fulfillment-delivery-support/J074.md,TASK-0016,BLOCKED_BY_FOUNDATION,J074-SL-17,ZERO_APPLICABLE_OPEN_GAPS_AND_SAME_SHA_EVIDENCE,
J074,J074-SL-19,19,Cross-surface readback,governance/operational_journey_protocol_package/smsm-dsh-wlt-journeys/04-fulfillment-delivery-support/J074.md,TASK-0016,BLOCKED_BY_FOUNDATION,J074-SL-18,ZERO_APPLICABLE_OPEN_GAPS_AND_SAME_SHA_EVIDENCE,
J074,J074-SL-20,20,Security/privacy/negative tests,governance/operational_journey_protocol_package/smsm-dsh-wlt-journeys/04-fulfillment-delivery-support/J074.md,TASK-0016,BLOCKED_BY_FOUNDATION,J074-SL-19,ZERO_APPLICABLE_OPEN_GAPS_AND_SAME_SHA_EVIDENCE,
J074,J074-SL-21,21,Audit/observability/performance,governance/operational_journey_protocol_package/smsm-dsh-wlt-journeys/04-fulfillment-delivery-support/J074.md,TASK-0016,BLOCKED_BY_FOUNDATION,J074-SL-20,ZERO_APPLICABLE_OPEN_GAPS_AND_SAME_SHA_EVIDENCE,
J074,J074-SL-22,22,Accessibility/RTL/localization,governance/operational_journey_protocol_package/smsm-dsh-wlt-journeys/04-fulfillment-delivery-support/J074.md,TASK-0016,BLOCKED_BY_FOUNDATION,J074-SL-21,ZERO_APPLICABLE_OPEN_GAPS_AND_SAME_SHA_EVIDENCE,
J074,J074-SL-23,23,Manual operational acceptance,governance/operational_journey_protocol_package/smsm-dsh-wlt-journeys/04-fulfillment-delivery-support/J074.md,TASK-0016,BLOCKED_BY_FOUNDATION,J074-SL-22,ZERO_APPLICABLE_OPEN_GAPS_AND_SAME_SHA_EVIDENCE,
J074,J074-SL-24,24,Cleanup/same-SHA evidence/closure,governance/operational_journey_protocol_package/smsm-dsh-wlt-journeys/04-fulfillment-delivery-support/J074.md,TASK-0016,BLOCKED_BY_FOUNDATION,J074-SL-23,ZERO_APPLICABLE_OPEN_GAPS_AND_SAME_SHA_EVIDENCE,
J075,J075-SL-01,1,Product Truth والنتيجة والثوابت,governance/operational_journey_protocol_package/smsm-dsh-wlt-journeys/04-fulfillment-delivery-support/J075.md,TASK-0016,BLOCKED_BY_FOUNDATION,FOUNDATION-00,ZERO_APPLICABLE_OPEN_GAPS_AND_SAME_SHA_EVIDENCE,
J075,J075-SL-02,2,Actors وهويات الخدمات,governance/operational_journey_protocol_package/smsm-dsh-wlt-journeys/04-fulfillment-delivery-support/J075.md,TASK-0016,BLOCKED_BY_FOUNDATION,J075-SL-01,ZERO_APPLICABLE_OPEN_GAPS_AND_SAME_SHA_EVIDENCE,
J075,J075-SL-03,3,التبعيات وشروط الدخول والخروج,governance/operational_journey_protocol_package/smsm-dsh-wlt-journeys/04-fulfillment-delivery-support/J075.md,TASK-0016,BLOCKED_BY_FOUNDATION,J075-SL-02,ZERO_APPLICABLE_OPEN_GAPS_AND_SAME_SHA_EVIDENCE,
J075,J075-SL-04,4,Identity/session/device,governance/operational_journey_protocol_package/smsm-dsh-wlt-journeys/04-fulfillment-delivery-support/J075.md,TASK-0016,BLOCKED_BY_FOUNDATION,J075-SL-03,ZERO_APPLICABLE_OPEN_GAPS_AND_SAME_SHA_EVIDENCE,
J075,J075-SL-05,5,Permission/trusted scope/object authorization,governance/operational_journey_protocol_package/smsm-dsh-wlt-journeys/04-fulfillment-delivery-support/J075.md,TASK-0016,BLOCKED_BY_FOUNDATION,J075-SL-04,ZERO_APPLICABLE_OPEN_GAPS_AND_SAME_SHA_EVIDENCE,
J075,J075-SL-06,6,Entrypoints/routes/deep links/navigation,governance/operational_journey_protocol_package/smsm-dsh-wlt-journeys/04-fulfillment-delivery-support/J075.md,TASK-0016,BLOCKED_BY_FOUNDATION,J075-SL-05,ZERO_APPLICABLE_OPEN_GAPS_AND_SAME_SHA_EVIDENCE,
J075,J075-SL-07,7,Screens/pages/tabs/buttons/icons/forms,governance/operational_journey_protocol_package/smsm-dsh-wlt-journeys/04-fulfillment-delivery-support/J075.md,TASK-0016,BLOCKED_BY_FOUNDATION,J075-SL-06,ZERO_APPLICABLE_OPEN_GAPS_AND_SAME_SHA_EVIDENCE,
J075,J075-SL-08,8,Shared brain/view model/visible states,governance/operational_journey_protocol_package/smsm-dsh-wlt-journeys/04-fulfillment-delivery-support/J075.md,TASK-0016,BLOCKED_BY_FOUNDATION,J075-SL-07,ZERO_APPLICABLE_OPEN_GAPS_AND_SAME_SHA_EVIDENCE,
J075,J075-SL-09,9,OpenAPI/error/security/idempotency,governance/operational_journey_protocol_package/smsm-dsh-wlt-journeys/04-fulfillment-delivery-support/J075.md,TASK-0016,BLOCKED_BY_FOUNDATION,J075-SL-08,ZERO_APPLICABLE_OPEN_GAPS_AND_SAME_SHA_EVIDENCE,
J075,J075-SL-10,10,Generated clients/transports,governance/operational_journey_protocol_package/smsm-dsh-wlt-journeys/04-fulfillment-delivery-support/J075.md,TASK-0016,BLOCKED_BY_FOUNDATION,J075-SL-09,ZERO_APPLICABLE_OPEN_GAPS_AND_SAME_SHA_EVIDENCE,
J075,J075-SL-11,11,Backend handler/domain/repository,governance/operational_journey_protocol_package/smsm-dsh-wlt-journeys/04-fulfillment-delivery-support/J075.md,TASK-0016,BLOCKED_BY_FOUNDATION,J075-SL-10,ZERO_APPLICABLE_OPEN_GAPS_AND_SAME_SHA_EVIDENCE,
J075,J075-SL-12,12,State machine/allowed actions,governance/operational_journey_protocol_package/smsm-dsh-wlt-journeys/04-fulfillment-delivery-support/J075.md,TASK-0016,BLOCKED_BY_FOUNDATION,J075-SL-11,ZERO_APPLICABLE_OPEN_GAPS_AND_SAME_SHA_EVIDENCE,
J075,J075-SL-13,13,Database/migrations/constraints/indexes,governance/operational_journey_protocol_package/smsm-dsh-wlt-journeys/04-fulfillment-delivery-support/J075.md,TASK-0016,BLOCKED_BY_FOUNDATION,J075-SL-12,ZERO_APPLICABLE_OPEN_GAPS_AND_SAME_SHA_EVIDENCE,
J075,J075-SL-14,14,Events/outbox/inbox/jobs/DLQ,governance/operational_journey_protocol_package/smsm-dsh-wlt-journeys/04-fulfillment-delivery-support/J075.md,TASK-0016,BLOCKED_BY_FOUNDATION,J075-SL-13,ZERO_APPLICABLE_OPEN_GAPS_AND_SAME_SHA_EVIDENCE,
J075,J075-SL-15,15,Media/providers/cache/search,governance/operational_journey_protocol_package/smsm-dsh-wlt-journeys/04-fulfillment-delivery-support/J075.md,TASK-0016,BLOCKED_BY_FOUNDATION,J075-SL-14,ZERO_APPLICABLE_OPEN_GAPS_AND_SAME_SHA_EVIDENCE,
J075,J075-SL-16,16,DSH↔WLT financial boundary,governance/operational_journey_protocol_package/smsm-dsh-wlt-journeys/04-fulfillment-delivery-support/J075.md,TASK-0016,BLOCKED_BY_FOUNDATION,J075-SL-15,ZERO_APPLICABLE_OPEN_GAPS_AND_SAME_SHA_EVIDENCE,
J075,J075-SL-17,17,Concurrency/idempotency/unknown result,governance/operational_journey_protocol_package/smsm-dsh-wlt-journeys/04-fulfillment-delivery-support/J075.md,TASK-0016,BLOCKED_BY_FOUNDATION,J075-SL-16,ZERO_APPLICABLE_OPEN_GAPS_AND_SAME_SHA_EVIDENCE,
J075,J075-SL-18,18,Offline/retry/recovery,governance/operational_journey_protocol_package/smsm-dsh-wlt-journeys/04-fulfillment-delivery-support/J075.md,TASK-0016,BLOCKED_BY_FOUNDATION,J075-SL-17,ZERO_APPLICABLE_OPEN_GAPS_AND_SAME_SHA_EVIDENCE,
J075,J075-SL-19,19,Cross-surface readback,governance/operational_journey_protocol_package/smsm-dsh-wlt-journeys/04-fulfillment-delivery-support/J075.md,TASK-0016,BLOCKED_BY_FOUNDATION,J075-SL-18,ZERO_APPLICABLE_OPEN_GAPS_AND_SAME_SHA_EVIDENCE,
J075,J075-SL-20,20,Security/privacy/negative tests,governance/operational_journey_protocol_package/smsm-dsh-wlt-journeys/04-fulfillment-delivery-support/J075.md,TASK-0016,BLOCKED_BY_FOUNDATION,J075-SL-19,ZERO_APPLICABLE_OPEN_GAPS_AND_SAME_SHA_EVIDENCE,
J075,J075-SL-21,21,Audit/observability/performance,governance/operational_journey_protocol_package/smsm-dsh-wlt-journeys/04-fulfillment-delivery-support/J075.md,TASK-0016,BLOCKED_BY_FOUNDATION,J075-SL-20,ZERO_APPLICABLE_OPEN_GAPS_AND_SAME_SHA_EVIDENCE,
J075,J075-SL-22,22,Accessibility/RTL/localization,governance/operational_journey_protocol_package/smsm-dsh-wlt-journeys/04-fulfillment-delivery-support/J075.md,TASK-0016,BLOCKED_BY_FOUNDATION,J075-SL-21,ZERO_APPLICABLE_OPEN_GAPS_AND_SAME_SHA_EVIDENCE,
J075,J075-SL-23,23,Manual operational acceptance,governance/operational_journey_protocol_package/smsm-dsh-wlt-journeys/04-fulfillment-delivery-support/J075.md,TASK-0016,BLOCKED_BY_FOUNDATION,J075-SL-22,ZERO_APPLICABLE_OPEN_GAPS_AND_SAME_SHA_EVIDENCE,
J075,J075-SL-24,24,Cleanup/same-SHA evidence/closure,governance/operational_journey_protocol_package/smsm-dsh-wlt-journeys/04-fulfillment-delivery-support/J075.md,TASK-0016,BLOCKED_BY_FOUNDATION,J075-SL-23,ZERO_APPLICABLE_OPEN_GAPS_AND_SAME_SHA_EVIDENCE,
J076,J076-SL-01,1,Product Truth والنتيجة والثوابت,governance/operational_journey_protocol_package/smsm-dsh-wlt-journeys/04-fulfillment-delivery-support/J076.md,TASK-0016,BLOCKED_BY_FOUNDATION,FOUNDATION-00,ZERO_APPLICABLE_OPEN_GAPS_AND_SAME_SHA_EVIDENCE,
J076,J076-SL-02,2,Actors وهويات الخدمات,governance/operational_journey_protocol_package/smsm-dsh-wlt-journeys/04-fulfillment-delivery-support/J076.md,TASK-0016,BLOCKED_BY_FOUNDATION,J076-SL-01,ZERO_APPLICABLE_OPEN_GAPS_AND_SAME_SHA_EVIDENCE,
J076,J076-SL-03,3,التبعيات وشروط الدخول والخروج,governance/operational_journey_protocol_package/smsm-dsh-wlt-journeys/04-fulfillment-delivery-support/J076.md,TASK-0016,BLOCKED_BY_FOUNDATION,J076-SL-02,ZERO_APPLICABLE_OPEN_GAPS_AND_SAME_SHA_EVIDENCE,
J076,J076-SL-04,4,Identity/session/device,governance/operational_journey_protocol_package/smsm-dsh-wlt-journeys/04-fulfillment-delivery-support/J076.md,TASK-0016,BLOCKED_BY_FOUNDATION,J076-SL-03,ZERO_APPLICABLE_OPEN_GAPS_AND_SAME_SHA_EVIDENCE,
J076,J076-SL-05,5,Permission/trusted scope/object authorization,governance/operational_journey_protocol_package/smsm-dsh-wlt-journeys/04-fulfillment-delivery-support/J076.md,TASK-0016,BLOCKED_BY_FOUNDATION,J076-SL-04,ZERO_APPLICABLE_OPEN_GAPS_AND_SAME_SHA_EVIDENCE,
J076,J076-SL-06,6,Entrypoints/routes/deep links/navigation,governance/operational_journey_protocol_package/smsm-dsh-wlt-journeys/04-fulfillment-delivery-support/J076.md,TASK-0016,BLOCKED_BY_FOUNDATION,J076-SL-05,ZERO_APPLICABLE_OPEN_GAPS_AND_SAME_SHA_EVIDENCE,
J076,J076-SL-07,7,Screens/pages/tabs/buttons/icons/forms,governance/operational_journey_protocol_package/smsm-dsh-wlt-journeys/04-fulfillment-delivery-support/J076.md,TASK-0016,BLOCKED_BY_FOUNDATION,J076-SL-06,ZERO_APPLICABLE_OPEN_GAPS_AND_SAME_SHA_EVIDENCE,
J076,J076-SL-08,8,Shared brain/view model/visible states,governance/operational_journey_protocol_package/smsm-dsh-wlt-journeys/04-fulfillment-delivery-support/J076.md,TASK-0016,BLOCKED_BY_FOUNDATION,J076-SL-07,ZERO_APPLICABLE_OPEN_GAPS_AND_SAME_SHA_EVIDENCE,
J076,J076-SL-09,9,OpenAPI/error/security/idempotency,governance/operational_journey_protocol_package/smsm-dsh-wlt-journeys/04-fulfillment-delivery-support/J076.md,TASK-0016,BLOCKED_BY_FOUNDATION,J076-SL-08,ZERO_APPLICABLE_OPEN_GAPS_AND_SAME_SHA_EVIDENCE,
J076,J076-SL-10,10,Generated clients/transports,governance/operational_journey_protocol_package/smsm-dsh-wlt-journeys/04-fulfillment-delivery-support/J076.md,TASK-0016,BLOCKED_BY_FOUNDATION,J076-SL-09,ZERO_APPLICABLE_OPEN_GAPS_AND_SAME_SHA_EVIDENCE,
J076,J076-SL-11,11,Backend handler/domain/repository,governance/operational_journey_protocol_package/smsm-dsh-wlt-journeys/04-fulfillment-delivery-support/J076.md,TASK-0016,BLOCKED_BY_FOUNDATION,J076-SL-10,ZERO_APPLICABLE_OPEN_GAPS_AND_SAME_SHA_EVIDENCE,
J076,J076-SL-12,12,State machine/allowed actions,governance/operational_journey_protocol_package/smsm-dsh-wlt-journeys/04-fulfillment-delivery-support/J076.md,TASK-0016,BLOCKED_BY_FOUNDATION,J076-SL-11,ZERO_APPLICABLE_OPEN_GAPS_AND_SAME_SHA_EVIDENCE,
J076,J076-SL-13,13,Database/migrations/constraints/indexes,governance/operational_journey_protocol_package/smsm-dsh-wlt-journeys/04-fulfillment-delivery-support/J076.md,TASK-0016,BLOCKED_BY_FOUNDATION,J076-SL-12,ZERO_APPLICABLE_OPEN_GAPS_AND_SAME_SHA_EVIDENCE,
J076,J076-SL-14,14,Events/outbox/inbox/jobs/DLQ,governance/operational_journey_protocol_package/smsm-dsh-wlt-journeys/04-fulfillment-delivery-support/J076.md,TASK-0016,BLOCKED_BY_FOUNDATION,J076-SL-13,ZERO_APPLICABLE_OPEN_GAPS_AND_SAME_SHA_EVIDENCE,
J076,J076-SL-15,15,Media/providers/cache/search,governance/operational_journey_protocol_package/smsm-dsh-wlt-journeys/04-fulfillment-delivery-support/J076.md,TASK-0016,BLOCKED_BY_FOUNDATION,J076-SL-14,ZERO_APPLICABLE_OPEN_GAPS_AND_SAME_SHA_EVIDENCE,
J076,J076-SL-16,16,DSH↔WLT financial boundary,governance/operational_journey_protocol_package/smsm-dsh-wlt-journeys/04-fulfillment-delivery-support/J076.md,TASK-0016,BLOCKED_BY_FOUNDATION,J076-SL-15,ZERO_APPLICABLE_OPEN_GAPS_AND_SAME_SHA_EVIDENCE,
J076,J076-SL-17,17,Concurrency/idempotency/unknown result,governance/operational_journey_protocol_package/smsm-dsh-wlt-journeys/04-fulfillment-delivery-support/J076.md,TASK-0016,BLOCKED_BY_FOUNDATION,J076-SL-16,ZERO_APPLICABLE_OPEN_GAPS_AND_SAME_SHA_EVIDENCE,
J076,J076-SL-18,18,Offline/retry/recovery,governance/operational_journey_protocol_package/smsm-dsh-wlt-journeys/04-fulfillment-delivery-support/J076.md,TASK-0016,BLOCKED_BY_FOUNDATION,J076-SL-17,ZERO_APPLICABLE_OPEN_GAPS_AND_SAME_SHA_EVIDENCE,
J076,J076-SL-19,19,Cross-surface readback,governance/operational_journey_protocol_package/smsm-dsh-wlt-journeys/04-fulfillment-delivery-support/J076.md,TASK-0016,BLOCKED_BY_FOUNDATION,J076-SL-18,ZERO_APPLICABLE_OPEN_GAPS_AND_SAME_SHA_EVIDENCE,
J076,J076-SL-20,20,Security/privacy/negative tests,governance/operational_journey_protocol_package/smsm-dsh-wlt-journeys/04-fulfillment-delivery-support/J076.md,TASK-0016,BLOCKED_BY_FOUNDATION,J076-SL-19,ZERO_APPLICABLE_OPEN_GAPS_AND_SAME_SHA_EVIDENCE,
J076,J076-SL-21,21,Audit/observability/performance,governance/operational_journey_protocol_package/smsm-dsh-wlt-journeys/04-fulfillment-delivery-support/J076.md,TASK-0016,BLOCKED_BY_FOUNDATION,J076-SL-20,ZERO_APPLICABLE_OPEN_GAPS_AND_SAME_SHA_EVIDENCE,
J076,J076-SL-22,22,Accessibility/RTL/localization,governance/operational_journey_protocol_package/smsm-dsh-wlt-journeys/04-fulfillment-delivery-support/J076.md,TASK-0016,BLOCKED_BY_FOUNDATION,J076-SL-21,ZERO_APPLICABLE_OPEN_GAPS_AND_SAME_SHA_EVIDENCE,
J076,J076-SL-23,23,Manual operational acceptance,governance/operational_journey_protocol_package/smsm-dsh-wlt-journeys/04-fulfillment-delivery-support/J076.md,TASK-0016,BLOCKED_BY_FOUNDATION,J076-SL-22,ZERO_APPLICABLE_OPEN_GAPS_AND_SAME_SHA_EVIDENCE,
J076,J076-SL-24,24,Cleanup/same-SHA evidence/closure,governance/operational_journey_protocol_package/smsm-dsh-wlt-journeys/04-fulfillment-delivery-support/J076.md,TASK-0016,BLOCKED_BY_FOUNDATION,J076-SL-23,ZERO_APPLICABLE_OPEN_GAPS_AND_SAME_SHA_EVIDENCE,
J077,J077-SL-01,1,Product Truth والنتيجة والثوابت,governance/operational_journey_protocol_package/smsm-dsh-wlt-journeys/04-fulfillment-delivery-support/J077.md,TASK-0016,BLOCKED_BY_FOUNDATION,FOUNDATION-00,ZERO_APPLICABLE_OPEN_GAPS_AND_SAME_SHA_EVIDENCE,
J077,J077-SL-02,2,Actors وهويات الخدمات,governance/operational_journey_protocol_package/smsm-dsh-wlt-journeys/04-fulfillment-delivery-support/J077.md,TASK-0016,BLOCKED_BY_FOUNDATION,J077-SL-01,ZERO_APPLICABLE_OPEN_GAPS_AND_SAME_SHA_EVIDENCE,
J077,J077-SL-03,3,التبعيات وشروط الدخول والخروج,governance/operational_journey_protocol_package/smsm-dsh-wlt-journeys/04-fulfillment-delivery-support/J077.md,TASK-0016,BLOCKED_BY_FOUNDATION,J077-SL-02,ZERO_APPLICABLE_OPEN_GAPS_AND_SAME_SHA_EVIDENCE,
J077,J077-SL-04,4,Identity/session/device,governance/operational_journey_protocol_package/smsm-dsh-wlt-journeys/04-fulfillment-delivery-support/J077.md,TASK-0016,BLOCKED_BY_FOUNDATION,J077-SL-03,ZERO_APPLICABLE_OPEN_GAPS_AND_SAME_SHA_EVIDENCE,
J077,J077-SL-05,5,Permission/trusted scope/object authorization,governance/operational_journey_protocol_package/smsm-dsh-wlt-journeys/04-fulfillment-delivery-support/J077.md,TASK-0016,BLOCKED_BY_FOUNDATION,J077-SL-04,ZERO_APPLICABLE_OPEN_GAPS_AND_SAME_SHA_EVIDENCE,
J077,J077-SL-06,6,Entrypoints/routes/deep links/navigation,governance/operational_journey_protocol_package/smsm-dsh-wlt-journeys/04-fulfillment-delivery-support/J077.md,TASK-0016,BLOCKED_BY_FOUNDATION,J077-SL-05,ZERO_APPLICABLE_OPEN_GAPS_AND_SAME_SHA_EVIDENCE,
J077,J077-SL-07,7,Screens/pages/tabs/buttons/icons/forms,governance/operational_journey_protocol_package/smsm-dsh-wlt-journeys/04-fulfillment-delivery-support/J077.md,TASK-0016,BLOCKED_BY_FOUNDATION,J077-SL-06,ZERO_APPLICABLE_OPEN_GAPS_AND_SAME_SHA_EVIDENCE,
J077,J077-SL-08,8,Shared brain/view model/visible states,governance/operational_journey_protocol_package/smsm-dsh-wlt-journeys/04-fulfillment-delivery-support/J077.md,TASK-0016,BLOCKED_BY_FOUNDATION,J077-SL-07,ZERO_APPLICABLE_OPEN_GAPS_AND_SAME_SHA_EVIDENCE,
J077,J077-SL-09,9,OpenAPI/error/security/idempotency,governance/operational_journey_protocol_package/smsm-dsh-wlt-journeys/04-fulfillment-delivery-support/J077.md,TASK-0016,BLOCKED_BY_FOUNDATION,J077-SL-08,ZERO_APPLICABLE_OPEN_GAPS_AND_SAME_SHA_EVIDENCE,
J077,J077-SL-10,10,Generated clients/transports,governance/operational_journey_protocol_package/smsm-dsh-wlt-journeys/04-fulfillment-delivery-support/J077.md,TASK-0016,BLOCKED_BY_FOUNDATION,J077-SL-09,ZERO_APPLICABLE_OPEN_GAPS_AND_SAME_SHA_EVIDENCE,
J077,J077-SL-11,11,Backend handler/domain/repository,governance/operational_journey_protocol_package/smsm-dsh-wlt-journeys/04-fulfillment-delivery-support/J077.md,TASK-0016,BLOCKED_BY_FOUNDATION,J077-SL-10,ZERO_APPLICABLE_OPEN_GAPS_AND_SAME_SHA_EVIDENCE,
J077,J077-SL-12,12,State machine/allowed actions,governance/operational_journey_protocol_package/smsm-dsh-wlt-journeys/04-fulfillment-delivery-support/J077.md,TASK-0016,BLOCKED_BY_FOUNDATION,J077-SL-11,ZERO_APPLICABLE_OPEN_GAPS_AND_SAME_SHA_EVIDENCE,
J077,J077-SL-13,13,Database/migrations/constraints/indexes,governance/operational_journey_protocol_package/smsm-dsh-wlt-journeys/04-fulfillment-delivery-support/J077.md,TASK-0016,BLOCKED_BY_FOUNDATION,J077-SL-12,ZERO_APPLICABLE_OPEN_GAPS_AND_SAME_SHA_EVIDENCE,
J077,J077-SL-14,14,Events/outbox/inbox/jobs/DLQ,governance/operational_journey_protocol_package/smsm-dsh-wlt-journeys/04-fulfillment-delivery-support/J077.md,TASK-0016,BLOCKED_BY_FOUNDATION,J077-SL-13,ZERO_APPLICABLE_OPEN_GAPS_AND_SAME_SHA_EVIDENCE,
J077,J077-SL-15,15,Media/providers/cache/search,governance/operational_journey_protocol_package/smsm-dsh-wlt-journeys/04-fulfillment-delivery-support/J077.md,TASK-0016,BLOCKED_BY_FOUNDATION,J077-SL-14,ZERO_APPLICABLE_OPEN_GAPS_AND_SAME_SHA_EVIDENCE,
J077,J077-SL-16,16,DSH↔WLT financial boundary,governance/operational_journey_protocol_package/smsm-dsh-wlt-journeys/04-fulfillment-delivery-support/J077.md,TASK-0016,BLOCKED_BY_FOUNDATION,J077-SL-15,ZERO_APPLICABLE_OPEN_GAPS_AND_SAME_SHA_EVIDENCE,
J077,J077-SL-17,17,Concurrency/idempotency/unknown result,governance/operational_journey_protocol_package/smsm-dsh-wlt-journeys/04-fulfillment-delivery-support/J077.md,TASK-0016,BLOCKED_BY_FOUNDATION,J077-SL-16,ZERO_APPLICABLE_OPEN_GAPS_AND_SAME_SHA_EVIDENCE,
J077,J077-SL-18,18,Offline/retry/recovery,governance/operational_journey_protocol_package/smsm-dsh-wlt-journeys/04-fulfillment-delivery-support/J077.md,TASK-0016,BLOCKED_BY_FOUNDATION,J077-SL-17,ZERO_APPLICABLE_OPEN_GAPS_AND_SAME_SHA_EVIDENCE,
J077,J077-SL-19,19,Cross-surface readback,governance/operational_journey_protocol_package/smsm-dsh-wlt-journeys/04-fulfillment-delivery-support/J077.md,TASK-0016,BLOCKED_BY_FOUNDATION,J077-SL-18,ZERO_APPLICABLE_OPEN_GAPS_AND_SAME_SHA_EVIDENCE,
J077,J077-SL-20,20,Security/privacy/negative tests,governance/operational_journey_protocol_package/smsm-dsh-wlt-journeys/04-fulfillment-delivery-support/J077.md,TASK-0016,BLOCKED_BY_FOUNDATION,J077-SL-19,ZERO_APPLICABLE_OPEN_GAPS_AND_SAME_SHA_EVIDENCE,
J077,J077-SL-21,21,Audit/observability/performance,governance/operational_journey_protocol_package/smsm-dsh-wlt-journeys/04-fulfillment-delivery-support/J077.md,TASK-0016,BLOCKED_BY_FOUNDATION,J077-SL-20,ZERO_APPLICABLE_OPEN_GAPS_AND_SAME_SHA_EVIDENCE,
J077,J077-SL-22,22,Accessibility/RTL/localization,governance/operational_journey_protocol_package/smsm-dsh-wlt-journeys/04-fulfillment-delivery-support/J077.md,TASK-0016,BLOCKED_BY_FOUNDATION,J077-SL-21,ZERO_APPLICABLE_OPEN_GAPS_AND_SAME_SHA_EVIDENCE,
J077,J077-SL-23,23,Manual operational acceptance,governance/operational_journey_protocol_package/smsm-dsh-wlt-journeys/04-fulfillment-delivery-support/J077.md,TASK-0016,BLOCKED_BY_FOUNDATION,J077-SL-22,ZERO_APPLICABLE_OPEN_GAPS_AND_SAME_SHA_EVIDENCE,
J077,J077-SL-24,24,Cleanup/same-SHA evidence/closure,governance/operational_journey_protocol_package/smsm-dsh-wlt-journeys/04-fulfillment-delivery-support/J077.md,TASK-0016,BLOCKED_BY_FOUNDATION,J077-SL-23,ZERO_APPLICABLE_OPEN_GAPS_AND_SAME_SHA_EVIDENCE,
J078,J078-SL-01,1,Product Truth والنتيجة والثوابت,governance/operational_journey_protocol_package/smsm-dsh-wlt-journeys/04-fulfillment-delivery-support/J078.md,TASK-0016,BLOCKED_BY_FOUNDATION,FOUNDATION-00,ZERO_APPLICABLE_OPEN_GAPS_AND_SAME_SHA_EVIDENCE,
J078,J078-SL-02,2,Actors وهويات الخدمات,governance/operational_journey_protocol_package/smsm-dsh-wlt-journeys/04-fulfillment-delivery-support/J078.md,TASK-0016,BLOCKED_BY_FOUNDATION,J078-SL-01,ZERO_APPLICABLE_OPEN_GAPS_AND_SAME_SHA_EVIDENCE,
J078,J078-SL-03,3,التبعيات وشروط الدخول والخروج,governance/operational_journey_protocol_package/smsm-dsh-wlt-journeys/04-fulfillment-delivery-support/J078.md,TASK-0016,BLOCKED_BY_FOUNDATION,J078-SL-02,ZERO_APPLICABLE_OPEN_GAPS_AND_SAME_SHA_EVIDENCE,
J078,J078-SL-04,4,Identity/session/device,governance/operational_journey_protocol_package/smsm-dsh-wlt-journeys/04-fulfillment-delivery-support/J078.md,TASK-0016,BLOCKED_BY_FOUNDATION,J078-SL-03,ZERO_APPLICABLE_OPEN_GAPS_AND_SAME_SHA_EVIDENCE,
J078,J078-SL-05,5,Permission/trusted scope/object authorization,governance/operational_journey_protocol_package/smsm-dsh-wlt-journeys/04-fulfillment-delivery-support/J078.md,TASK-0016,BLOCKED_BY_FOUNDATION,J078-SL-04,ZERO_APPLICABLE_OPEN_GAPS_AND_SAME_SHA_EVIDENCE,
J078,J078-SL-06,6,Entrypoints/routes/deep links/navigation,governance/operational_journey_protocol_package/smsm-dsh-wlt-journeys/04-fulfillment-delivery-support/J078.md,TASK-0016,BLOCKED_BY_FOUNDATION,J078-SL-05,ZERO_APPLICABLE_OPEN_GAPS_AND_SAME_SHA_EVIDENCE,
J078,J078-SL-07,7,Screens/pages/tabs/buttons/icons/forms,governance/operational_journey_protocol_package/smsm-dsh-wlt-journeys/04-fulfillment-delivery-support/J078.md,TASK-0016,BLOCKED_BY_FOUNDATION,J078-SL-06,ZERO_APPLICABLE_OPEN_GAPS_AND_SAME_SHA_EVIDENCE,
J078,J078-SL-08,8,Shared brain/view model/visible states,governance/operational_journey_protocol_package/smsm-dsh-wlt-journeys/04-fulfillment-delivery-support/J078.md,TASK-0016,BLOCKED_BY_FOUNDATION,J078-SL-07,ZERO_APPLICABLE_OPEN_GAPS_AND_SAME_SHA_EVIDENCE,
J078,J078-SL-09,9,OpenAPI/error/security/idempotency,governance/operational_journey_protocol_package/smsm-dsh-wlt-journeys/04-fulfillment-delivery-support/J078.md,TASK-0016,BLOCKED_BY_FOUNDATION,J078-SL-08,ZERO_APPLICABLE_OPEN_GAPS_AND_SAME_SHA_EVIDENCE,
J078,J078-SL-10,10,Generated clients/transports,governance/operational_journey_protocol_package/smsm-dsh-wlt-journeys/04-fulfillment-delivery-support/J078.md,TASK-0016,BLOCKED_BY_FOUNDATION,J078-SL-09,ZERO_APPLICABLE_OPEN_GAPS_AND_SAME_SHA_EVIDENCE,
J078,J078-SL-11,11,Backend handler/domain/repository,governance/operational_journey_protocol_package/smsm-dsh-wlt-journeys/04-fulfillment-delivery-support/J078.md,TASK-0016,BLOCKED_BY_FOUNDATION,J078-SL-10,ZERO_APPLICABLE_OPEN_GAPS_AND_SAME_SHA_EVIDENCE,
J078,J078-SL-12,12,State machine/allowed actions,governance/operational_journey_protocol_package/smsm-dsh-wlt-journeys/04-fulfillment-delivery-support/J078.md,TASK-0016,BLOCKED_BY_FOUNDATION,J078-SL-11,ZERO_APPLICABLE_OPEN_GAPS_AND_SAME_SHA_EVIDENCE,
J078,J078-SL-13,13,Database/migrations/constraints/indexes,governance/operational_journey_protocol_package/smsm-dsh-wlt-journeys/04-fulfillment-delivery-support/J078.md,TASK-0016,BLOCKED_BY_FOUNDATION,J078-SL-12,ZERO_APPLICABLE_OPEN_GAPS_AND_SAME_SHA_EVIDENCE,
J078,J078-SL-14,14,Events/outbox/inbox/jobs/DLQ,governance/operational_journey_protocol_package/smsm-dsh-wlt-journeys/04-fulfillment-delivery-support/J078.md,TASK-0016,BLOCKED_BY_FOUNDATION,J078-SL-13,ZERO_APPLICABLE_OPEN_GAPS_AND_SAME_SHA_EVIDENCE,
J078,J078-SL-15,15,Media/providers/cache/search,governance/operational_journey_protocol_package/smsm-dsh-wlt-journeys/04-fulfillment-delivery-support/J078.md,TASK-0016,BLOCKED_BY_FOUNDATION,J078-SL-14,ZERO_APPLICABLE_OPEN_GAPS_AND_SAME_SHA_EVIDENCE,
J078,J078-SL-16,16,DSH↔WLT financial boundary,governance/operational_journey_protocol_package/smsm-dsh-wlt-journeys/04-fulfillment-delivery-support/J078.md,TASK-0016,BLOCKED_BY_FOUNDATION,J078-SL-15,ZERO_APPLICABLE_OPEN_GAPS_AND_SAME_SHA_EVIDENCE,
J078,J078-SL-17,17,Concurrency/idempotency/unknown result,governance/operational_journey_protocol_package/smsm-dsh-wlt-journeys/04-fulfillment-delivery-support/J078.md,TASK-0016,BLOCKED_BY_FOUNDATION,J078-SL-16,ZERO_APPLICABLE_OPEN_GAPS_AND_SAME_SHA_EVIDENCE,
J078,J078-SL-18,18,Offline/retry/recovery,governance/operational_journey_protocol_package/smsm-dsh-wlt-journeys/04-fulfillment-delivery-support/J078.md,TASK-0016,BLOCKED_BY_FOUNDATION,J078-SL-17,ZERO_APPLICABLE_OPEN_GAPS_AND_SAME_SHA_EVIDENCE,
J078,J078-SL-19,19,Cross-surface readback,governance/operational_journey_protocol_package/smsm-dsh-wlt-journeys/04-fulfillment-delivery-support/J078.md,TASK-0016,BLOCKED_BY_FOUNDATION,J078-SL-18,ZERO_APPLICABLE_OPEN_GAPS_AND_SAME_SHA_EVIDENCE,
J078,J078-SL-20,20,Security/privacy/negative tests,governance/operational_journey_protocol_package/smsm-dsh-wlt-journeys/04-fulfillment-delivery-support/J078.md,TASK-0016,BLOCKED_BY_FOUNDATION,J078-SL-19,ZERO_APPLICABLE_OPEN_GAPS_AND_SAME_SHA_EVIDENCE,
J078,J078-SL-21,21,Audit/observability/performance,governance/operational_journey_protocol_package/smsm-dsh-wlt-journeys/04-fulfillment-delivery-support/J078.md,TASK-0016,BLOCKED_BY_FOUNDATION,J078-SL-20,ZERO_APPLICABLE_OPEN_GAPS_AND_SAME_SHA_EVIDENCE,
J078,J078-SL-22,22,Accessibility/RTL/localization,governance/operational_journey_protocol_package/smsm-dsh-wlt-journeys/04-fulfillment-delivery-support/J078.md,TASK-0016,BLOCKED_BY_FOUNDATION,J078-SL-21,ZERO_APPLICABLE_OPEN_GAPS_AND_SAME_SHA_EVIDENCE,
J078,J078-SL-23,23,Manual operational acceptance,governance/operational_journey_protocol_package/smsm-dsh-wlt-journeys/04-fulfillment-delivery-support/J078.md,TASK-0016,BLOCKED_BY_FOUNDATION,J078-SL-22,ZERO_APPLICABLE_OPEN_GAPS_AND_SAME_SHA_EVIDENCE,
J078,J078-SL-24,24,Cleanup/same-SHA evidence/closure,governance/operational_journey_protocol_package/smsm-dsh-wlt-journeys/04-fulfillment-delivery-support/J078.md,TASK-0016,BLOCKED_BY_FOUNDATION,J078-SL-23,ZERO_APPLICABLE_OPEN_GAPS_AND_SAME_SHA_EVIDENCE,
J079,J079-SL-01,1,Product Truth والنتيجة والثوابت,governance/operational_journey_protocol_package/smsm-dsh-wlt-journeys/05-financial-closure/J079.md,TASK-0017,BLOCKED_BY_FOUNDATION,FOUNDATION-00,ZERO_APPLICABLE_OPEN_GAPS_AND_SAME_SHA_EVIDENCE,
J079,J079-SL-02,2,Actors وهويات الخدمات,governance/operational_journey_protocol_package/smsm-dsh-wlt-journeys/05-financial-closure/J079.md,TASK-0017,BLOCKED_BY_FOUNDATION,J079-SL-01,ZERO_APPLICABLE_OPEN_GAPS_AND_SAME_SHA_EVIDENCE,
J079,J079-SL-03,3,التبعيات وشروط الدخول والخروج,governance/operational_journey_protocol_package/smsm-dsh-wlt-journeys/05-financial-closure/J079.md,TASK-0017,BLOCKED_BY_FOUNDATION,J079-SL-02,ZERO_APPLICABLE_OPEN_GAPS_AND_SAME_SHA_EVIDENCE,
J079,J079-SL-04,4,Identity/session/device,governance/operational_journey_protocol_package/smsm-dsh-wlt-journeys/05-financial-closure/J079.md,TASK-0017,BLOCKED_BY_FOUNDATION,J079-SL-03,ZERO_APPLICABLE_OPEN_GAPS_AND_SAME_SHA_EVIDENCE,
J079,J079-SL-05,5,Permission/trusted scope/object authorization,governance/operational_journey_protocol_package/smsm-dsh-wlt-journeys/05-financial-closure/J079.md,TASK-0017,BLOCKED_BY_FOUNDATION,J079-SL-04,ZERO_APPLICABLE_OPEN_GAPS_AND_SAME_SHA_EVIDENCE,
J079,J079-SL-06,6,Entrypoints/routes/deep links/navigation,governance/operational_journey_protocol_package/smsm-dsh-wlt-journeys/05-financial-closure/J079.md,TASK-0017,BLOCKED_BY_FOUNDATION,J079-SL-05,ZERO_APPLICABLE_OPEN_GAPS_AND_SAME_SHA_EVIDENCE,
J079,J079-SL-07,7,Screens/pages/tabs/buttons/icons/forms,governance/operational_journey_protocol_package/smsm-dsh-wlt-journeys/05-financial-closure/J079.md,TASK-0017,BLOCKED_BY_FOUNDATION,J079-SL-06,ZERO_APPLICABLE_OPEN_GAPS_AND_SAME_SHA_EVIDENCE,
J079,J079-SL-08,8,Shared brain/view model/visible states,governance/operational_journey_protocol_package/smsm-dsh-wlt-journeys/05-financial-closure/J079.md,TASK-0017,BLOCKED_BY_FOUNDATION,J079-SL-07,ZERO_APPLICABLE_OPEN_GAPS_AND_SAME_SHA_EVIDENCE,
J079,J079-SL-09,9,OpenAPI/error/security/idempotency,governance/operational_journey_protocol_package/smsm-dsh-wlt-journeys/05-financial-closure/J079.md,TASK-0017,BLOCKED_BY_FOUNDATION,J079-SL-08,ZERO_APPLICABLE_OPEN_GAPS_AND_SAME_SHA_EVIDENCE,
J079,J079-SL-10,10,Generated clients/transports,governance/operational_journey_protocol_package/smsm-dsh-wlt-journeys/05-financial-closure/J079.md,TASK-0017,BLOCKED_BY_FOUNDATION,J079-SL-09,ZERO_APPLICABLE_OPEN_GAPS_AND_SAME_SHA_EVIDENCE,
J079,J079-SL-11,11,Backend handler/domain/repository,governance/operational_journey_protocol_package/smsm-dsh-wlt-journeys/05-financial-closure/J079.md,TASK-0017,BLOCKED_BY_FOUNDATION,J079-SL-10,ZERO_APPLICABLE_OPEN_GAPS_AND_SAME_SHA_EVIDENCE,
J079,J079-SL-12,12,State machine/allowed actions,governance/operational_journey_protocol_package/smsm-dsh-wlt-journeys/05-financial-closure/J079.md,TASK-0017,BLOCKED_BY_FOUNDATION,J079-SL-11,ZERO_APPLICABLE_OPEN_GAPS_AND_SAME_SHA_EVIDENCE,
J079,J079-SL-13,13,Database/migrations/constraints/indexes,governance/operational_journey_protocol_package/smsm-dsh-wlt-journeys/05-financial-closure/J079.md,TASK-0017,BLOCKED_BY_FOUNDATION,J079-SL-12,ZERO_APPLICABLE_OPEN_GAPS_AND_SAME_SHA_EVIDENCE,
J079,J079-SL-14,14,Events/outbox/inbox/jobs/DLQ,governance/operational_journey_protocol_package/smsm-dsh-wlt-journeys/05-financial-closure/J079.md,TASK-0017,BLOCKED_BY_FOUNDATION,J079-SL-13,ZERO_APPLICABLE_OPEN_GAPS_AND_SAME_SHA_EVIDENCE,
J079,J079-SL-15,15,Media/providers/cache/search,governance/operational_journey_protocol_package/smsm-dsh-wlt-journeys/05-financial-closure/J079.md,TASK-0017,BLOCKED_BY_FOUNDATION,J079-SL-14,ZERO_APPLICABLE_OPEN_GAPS_AND_SAME_SHA_EVIDENCE,
J079,J079-SL-16,16,DSH↔WLT financial boundary,governance/operational_journey_protocol_package/smsm-dsh-wlt-journeys/05-financial-closure/J079.md,TASK-0017,BLOCKED_BY_FOUNDATION,J079-SL-15,ZERO_APPLICABLE_OPEN_GAPS_AND_SAME_SHA_EVIDENCE,
J079,J079-SL-17,17,Concurrency/idempotency/unknown result,governance/operational_journey_protocol_package/smsm-dsh-wlt-journeys/05-financial-closure/J079.md,TASK-0017,BLOCKED_BY_FOUNDATION,J079-SL-16,ZERO_APPLICABLE_OPEN_GAPS_AND_SAME_SHA_EVIDENCE,
J079,J079-SL-18,18,Offline/retry/recovery,governance/operational_journey_protocol_package/smsm-dsh-wlt-journeys/05-financial-closure/J079.md,TASK-0017,BLOCKED_BY_FOUNDATION,J079-SL-17,ZERO_APPLICABLE_OPEN_GAPS_AND_SAME_SHA_EVIDENCE,
J079,J079-SL-19,19,Cross-surface readback,governance/operational_journey_protocol_package/smsm-dsh-wlt-journeys/05-financial-closure/J079.md,TASK-0017,BLOCKED_BY_FOUNDATION,J079-SL-18,ZERO_APPLICABLE_OPEN_GAPS_AND_SAME_SHA_EVIDENCE,
J079,J079-SL-20,20,Security/privacy/negative tests,governance/operational_journey_protocol_package/smsm-dsh-wlt-journeys/05-financial-closure/J079.md,TASK-0017,BLOCKED_BY_FOUNDATION,J079-SL-19,ZERO_APPLICABLE_OPEN_GAPS_AND_SAME_SHA_EVIDENCE,
J079,J079-SL-21,21,Audit/observability/performance,governance/operational_journey_protocol_package/smsm-dsh-wlt-journeys/05-financial-closure/J079.md,TASK-0017,BLOCKED_BY_FOUNDATION,J079-SL-20,ZERO_APPLICABLE_OPEN_GAPS_AND_SAME_SHA_EVIDENCE,
J079,J079-SL-22,22,Accessibility/RTL/localization,governance/operational_journey_protocol_package/smsm-dsh-wlt-journeys/05-financial-closure/J079.md,TASK-0017,BLOCKED_BY_FOUNDATION,J079-SL-21,ZERO_APPLICABLE_OPEN_GAPS_AND_SAME_SHA_EVIDENCE,
J079,J079-SL-23,23,Manual operational acceptance,governance/operational_journey_protocol_package/smsm-dsh-wlt-journeys/05-financial-closure/J079.md,TASK-0017,BLOCKED_BY_FOUNDATION,J079-SL-22,ZERO_APPLICABLE_OPEN_GAPS_AND_SAME_SHA_EVIDENCE,
J079,J079-SL-24,24,Cleanup/same-SHA evidence/closure,governance/operational_journey_protocol_package/smsm-dsh-wlt-journeys/05-financial-closure/J079.md,TASK-0017,BLOCKED_BY_FOUNDATION,J079-SL-23,ZERO_APPLICABLE_OPEN_GAPS_AND_SAME_SHA_EVIDENCE,
J080,J080-SL-01,1,Product Truth والنتيجة والثوابت,governance/operational_journey_protocol_package/smsm-dsh-wlt-journeys/05-financial-closure/J080.md,TASK-0017,BLOCKED_BY_FOUNDATION,FOUNDATION-00,ZERO_APPLICABLE_OPEN_GAPS_AND_SAME_SHA_EVIDENCE,
J080,J080-SL-02,2,Actors وهويات الخدمات,governance/operational_journey_protocol_package/smsm-dsh-wlt-journeys/05-financial-closure/J080.md,TASK-0017,BLOCKED_BY_FOUNDATION,J080-SL-01,ZERO_APPLICABLE_OPEN_GAPS_AND_SAME_SHA_EVIDENCE,
J080,J080-SL-03,3,التبعيات وشروط الدخول والخروج,governance/operational_journey_protocol_package/smsm-dsh-wlt-journeys/05-financial-closure/J080.md,TASK-0017,BLOCKED_BY_FOUNDATION,J080-SL-02,ZERO_APPLICABLE_OPEN_GAPS_AND_SAME_SHA_EVIDENCE,
J080,J080-SL-04,4,Identity/session/device,governance/operational_journey_protocol_package/smsm-dsh-wlt-journeys/05-financial-closure/J080.md,TASK-0017,BLOCKED_BY_FOUNDATION,J080-SL-03,ZERO_APPLICABLE_OPEN_GAPS_AND_SAME_SHA_EVIDENCE,
J080,J080-SL-05,5,Permission/trusted scope/object authorization,governance/operational_journey_protocol_package/smsm-dsh-wlt-journeys/05-financial-closure/J080.md,TASK-0017,BLOCKED_BY_FOUNDATION,J080-SL-04,ZERO_APPLICABLE_OPEN_GAPS_AND_SAME_SHA_EVIDENCE,
J080,J080-SL-06,6,Entrypoints/routes/deep links/navigation,governance/operational_journey_protocol_package/smsm-dsh-wlt-journeys/05-financial-closure/J080.md,TASK-0017,BLOCKED_BY_FOUNDATION,J080-SL-05,ZERO_APPLICABLE_OPEN_GAPS_AND_SAME_SHA_EVIDENCE,
J080,J080-SL-07,7,Screens/pages/tabs/buttons/icons/forms,governance/operational_journey_protocol_package/smsm-dsh-wlt-journeys/05-financial-closure/J080.md,TASK-0017,BLOCKED_BY_FOUNDATION,J080-SL-06,ZERO_APPLICABLE_OPEN_GAPS_AND_SAME_SHA_EVIDENCE,
J080,J080-SL-08,8,Shared brain/view model/visible states,governance/operational_journey_protocol_package/smsm-dsh-wlt-journeys/05-financial-closure/J080.md,TASK-0017,BLOCKED_BY_FOUNDATION,J080-SL-07,ZERO_APPLICABLE_OPEN_GAPS_AND_SAME_SHA_EVIDENCE,
J080,J080-SL-09,9,OpenAPI/error/security/idempotency,governance/operational_journey_protocol_package/smsm-dsh-wlt-journeys/05-financial-closure/J080.md,TASK-0017,BLOCKED_BY_FOUNDATION,J080-SL-08,ZERO_APPLICABLE_OPEN_GAPS_AND_SAME_SHA_EVIDENCE,
J080,J080-SL-10,10,Generated clients/transports,governance/operational_journey_protocol_package/smsm-dsh-wlt-journeys/05-financial-closure/J080.md,TASK-0017,BLOCKED_BY_FOUNDATION,J080-SL-09,ZERO_APPLICABLE_OPEN_GAPS_AND_SAME_SHA_EVIDENCE,
J080,J080-SL-11,11,Backend handler/domain/repository,governance/operational_journey_protocol_package/smsm-dsh-wlt-journeys/05-financial-closure/J080.md,TASK-0017,BLOCKED_BY_FOUNDATION,J080-SL-10,ZERO_APPLICABLE_OPEN_GAPS_AND_SAME_SHA_EVIDENCE,
J080,J080-SL-12,12,State machine/allowed actions,governance/operational_journey_protocol_package/smsm-dsh-wlt-journeys/05-financial-closure/J080.md,TASK-0017,BLOCKED_BY_FOUNDATION,J080-SL-11,ZERO_APPLICABLE_OPEN_GAPS_AND_SAME_SHA_EVIDENCE,
J080,J080-SL-13,13,Database/migrations/constraints/indexes,governance/operational_journey_protocol_package/smsm-dsh-wlt-journeys/05-financial-closure/J080.md,TASK-0017,BLOCKED_BY_FOUNDATION,J080-SL-12,ZERO_APPLICABLE_OPEN_GAPS_AND_SAME_SHA_EVIDENCE,
J080,J080-SL-14,14,Events/outbox/inbox/jobs/DLQ,governance/operational_journey_protocol_package/smsm-dsh-wlt-journeys/05-financial-closure/J080.md,TASK-0017,BLOCKED_BY_FOUNDATION,J080-SL-13,ZERO_APPLICABLE_OPEN_GAPS_AND_SAME_SHA_EVIDENCE,
J080,J080-SL-15,15,Media/providers/cache/search,governance/operational_journey_protocol_package/smsm-dsh-wlt-journeys/05-financial-closure/J080.md,TASK-0017,BLOCKED_BY_FOUNDATION,J080-SL-14,ZERO_APPLICABLE_OPEN_GAPS_AND_SAME_SHA_EVIDENCE,
J080,J080-SL-16,16,DSH↔WLT financial boundary,governance/operational_journey_protocol_package/smsm-dsh-wlt-journeys/05-financial-closure/J080.md,TASK-0017,BLOCKED_BY_FOUNDATION,J080-SL-15,ZERO_APPLICABLE_OPEN_GAPS_AND_SAME_SHA_EVIDENCE,
J080,J080-SL-17,17,Concurrency/idempotency/unknown result,governance/operational_journey_protocol_package/smsm-dsh-wlt-journeys/05-financial-closure/J080.md,TASK-0017,BLOCKED_BY_FOUNDATION,J080-SL-16,ZERO_APPLICABLE_OPEN_GAPS_AND_SAME_SHA_EVIDENCE,
J080,J080-SL-18,18,Offline/retry/recovery,governance/operational_journey_protocol_package/smsm-dsh-wlt-journeys/05-financial-closure/J080.md,TASK-0017,BLOCKED_BY_FOUNDATION,J080-SL-17,ZERO_APPLICABLE_OPEN_GAPS_AND_SAME_SHA_EVIDENCE,
J080,J080-SL-19,19,Cross-surface readback,governance/operational_journey_protocol_package/smsm-dsh-wlt-journeys/05-financial-closure/J080.md,TASK-0017,BLOCKED_BY_FOUNDATION,J080-SL-18,ZERO_APPLICABLE_OPEN_GAPS_AND_SAME_SHA_EVIDENCE,
J080,J080-SL-20,20,Security/privacy/negative tests,governance/operational_journey_protocol_package/smsm-dsh-wlt-journeys/05-financial-closure/J080.md,TASK-0017,BLOCKED_BY_FOUNDATION,J080-SL-19,ZERO_APPLICABLE_OPEN_GAPS_AND_SAME_SHA_EVIDENCE,
J080,J080-SL-21,21,Audit/observability/performance,governance/operational_journey_protocol_package/smsm-dsh-wlt-journeys/05-financial-closure/J080.md,TASK-0017,BLOCKED_BY_FOUNDATION,J080-SL-20,ZERO_APPLICABLE_OPEN_GAPS_AND_SAME_SHA_EVIDENCE,
J080,J080-SL-22,22,Accessibility/RTL/localization,governance/operational_journey_protocol_package/smsm-dsh-wlt-journeys/05-financial-closure/J080.md,TASK-0017,BLOCKED_BY_FOUNDATION,J080-SL-21,ZERO_APPLICABLE_OPEN_GAPS_AND_SAME_SHA_EVIDENCE,
J080,J080-SL-23,23,Manual operational acceptance,governance/operational_journey_protocol_package/smsm-dsh-wlt-journeys/05-financial-closure/J080.md,TASK-0017,BLOCKED_BY_FOUNDATION,J080-SL-22,ZERO_APPLICABLE_OPEN_GAPS_AND_SAME_SHA_EVIDENCE,
J080,J080-SL-24,24,Cleanup/same-SHA evidence/closure,governance/operational_journey_protocol_package/smsm-dsh-wlt-journeys/05-financial-closure/J080.md,TASK-0017,BLOCKED_BY_FOUNDATION,J080-SL-23,ZERO_APPLICABLE_OPEN_GAPS_AND_SAME_SHA_EVIDENCE,
J081,J081-SL-01,1,Product Truth والنتيجة والثوابت,governance/operational_journey_protocol_package/smsm-dsh-wlt-journeys/05-financial-closure/J081.md,TASK-0017,BLOCKED_BY_FOUNDATION,FOUNDATION-00,ZERO_APPLICABLE_OPEN_GAPS_AND_SAME_SHA_EVIDENCE,
J081,J081-SL-02,2,Actors وهويات الخدمات,governance/operational_journey_protocol_package/smsm-dsh-wlt-journeys/05-financial-closure/J081.md,TASK-0017,BLOCKED_BY_FOUNDATION,J081-SL-01,ZERO_APPLICABLE_OPEN_GAPS_AND_SAME_SHA_EVIDENCE,
J081,J081-SL-03,3,التبعيات وشروط الدخول والخروج,governance/operational_journey_protocol_package/smsm-dsh-wlt-journeys/05-financial-closure/J081.md,TASK-0017,BLOCKED_BY_FOUNDATION,J081-SL-02,ZERO_APPLICABLE_OPEN_GAPS_AND_SAME_SHA_EVIDENCE,
J081,J081-SL-04,4,Identity/session/device,governance/operational_journey_protocol_package/smsm-dsh-wlt-journeys/05-financial-closure/J081.md,TASK-0017,BLOCKED_BY_FOUNDATION,J081-SL-03,ZERO_APPLICABLE_OPEN_GAPS_AND_SAME_SHA_EVIDENCE,
J081,J081-SL-05,5,Permission/trusted scope/object authorization,governance/operational_journey_protocol_package/smsm-dsh-wlt-journeys/05-financial-closure/J081.md,TASK-0017,BLOCKED_BY_FOUNDATION,J081-SL-04,ZERO_APPLICABLE_OPEN_GAPS_AND_SAME_SHA_EVIDENCE,
J081,J081-SL-06,6,Entrypoints/routes/deep links/navigation,governance/operational_journey_protocol_package/smsm-dsh-wlt-journeys/05-financial-closure/J081.md,TASK-0017,BLOCKED_BY_FOUNDATION,J081-SL-05,ZERO_APPLICABLE_OPEN_GAPS_AND_SAME_SHA_EVIDENCE,
J081,J081-SL-07,7,Screens/pages/tabs/buttons/icons/forms,governance/operational_journey_protocol_package/smsm-dsh-wlt-journeys/05-financial-closure/J081.md,TASK-0017,BLOCKED_BY_FOUNDATION,J081-SL-06,ZERO_APPLICABLE_OPEN_GAPS_AND_SAME_SHA_EVIDENCE,
J081,J081-SL-08,8,Shared brain/view model/visible states,governance/operational_journey_protocol_package/smsm-dsh-wlt-journeys/05-financial-closure/J081.md,TASK-0017,BLOCKED_BY_FOUNDATION,J081-SL-07,ZERO_APPLICABLE_OPEN_GAPS_AND_SAME_SHA_EVIDENCE,
J081,J081-SL-09,9,OpenAPI/error/security/idempotency,governance/operational_journey_protocol_package/smsm-dsh-wlt-journeys/05-financial-closure/J081.md,TASK-0017,BLOCKED_BY_FOUNDATION,J081-SL-08,ZERO_APPLICABLE_OPEN_GAPS_AND_SAME_SHA_EVIDENCE,
J081,J081-SL-10,10,Generated clients/transports,governance/operational_journey_protocol_package/smsm-dsh-wlt-journeys/05-financial-closure/J081.md,TASK-0017,BLOCKED_BY_FOUNDATION,J081-SL-09,ZERO_APPLICABLE_OPEN_GAPS_AND_SAME_SHA_EVIDENCE,
J081,J081-SL-11,11,Backend handler/domain/repository,governance/operational_journey_protocol_package/smsm-dsh-wlt-journeys/05-financial-closure/J081.md,TASK-0017,BLOCKED_BY_FOUNDATION,J081-SL-10,ZERO_APPLICABLE_OPEN_GAPS_AND_SAME_SHA_EVIDENCE,
J081,J081-SL-12,12,State machine/allowed actions,governance/operational_journey_protocol_package/smsm-dsh-wlt-journeys/05-financial-closure/J081.md,TASK-0017,BLOCKED_BY_FOUNDATION,J081-SL-11,ZERO_APPLICABLE_OPEN_GAPS_AND_SAME_SHA_EVIDENCE,
J081,J081-SL-13,13,Database/migrations/constraints/indexes,governance/operational_journey_protocol_package/smsm-dsh-wlt-journeys/05-financial-closure/J081.md,TASK-0017,BLOCKED_BY_FOUNDATION,J081-SL-12,ZERO_APPLICABLE_OPEN_GAPS_AND_SAME_SHA_EVIDENCE,
J081,J081-SL-14,14,Events/outbox/inbox/jobs/DLQ,governance/operational_journey_protocol_package/smsm-dsh-wlt-journeys/05-financial-closure/J081.md,TASK-0017,BLOCKED_BY_FOUNDATION,J081-SL-13,ZERO_APPLICABLE_OPEN_GAPS_AND_SAME_SHA_EVIDENCE,
J081,J081-SL-15,15,Media/providers/cache/search,governance/operational_journey_protocol_package/smsm-dsh-wlt-journeys/05-financial-closure/J081.md,TASK-0017,BLOCKED_BY_FOUNDATION,J081-SL-14,ZERO_APPLICABLE_OPEN_GAPS_AND_SAME_SHA_EVIDENCE,
J081,J081-SL-16,16,DSH↔WLT financial boundary,governance/operational_journey_protocol_package/smsm-dsh-wlt-journeys/05-financial-closure/J081.md,TASK-0017,BLOCKED_BY_FOUNDATION,J081-SL-15,ZERO_APPLICABLE_OPEN_GAPS_AND_SAME_SHA_EVIDENCE,
J081,J081-SL-17,17,Concurrency/idempotency/unknown result,governance/operational_journey_protocol_package/smsm-dsh-wlt-journeys/05-financial-closure/J081.md,TASK-0017,BLOCKED_BY_FOUNDATION,J081-SL-16,ZERO_APPLICABLE_OPEN_GAPS_AND_SAME_SHA_EVIDENCE,
J081,J081-SL-18,18,Offline/retry/recovery,governance/operational_journey_protocol_package/smsm-dsh-wlt-journeys/05-financial-closure/J081.md,TASK-0017,BLOCKED_BY_FOUNDATION,J081-SL-17,ZERO_APPLICABLE_OPEN_GAPS_AND_SAME_SHA_EVIDENCE,
J081,J081-SL-19,19,Cross-surface readback,governance/operational_journey_protocol_package/smsm-dsh-wlt-journeys/05-financial-closure/J081.md,TASK-0017,BLOCKED_BY_FOUNDATION,J081-SL-18,ZERO_APPLICABLE_OPEN_GAPS_AND_SAME_SHA_EVIDENCE,
J081,J081-SL-20,20,Security/privacy/negative tests,governance/operational_journey_protocol_package/smsm-dsh-wlt-journeys/05-financial-closure/J081.md,TASK-0017,BLOCKED_BY_FOUNDATION,J081-SL-19,ZERO_APPLICABLE_OPEN_GAPS_AND_SAME_SHA_EVIDENCE,
J081,J081-SL-21,21,Audit/observability/performance,governance/operational_journey_protocol_package/smsm-dsh-wlt-journeys/05-financial-closure/J081.md,TASK-0017,BLOCKED_BY_FOUNDATION,J081-SL-20,ZERO_APPLICABLE_OPEN_GAPS_AND_SAME_SHA_EVIDENCE,
J081,J081-SL-22,22,Accessibility/RTL/localization,governance/operational_journey_protocol_package/smsm-dsh-wlt-journeys/05-financial-closure/J081.md,TASK-0017,BLOCKED_BY_FOUNDATION,J081-SL-21,ZERO_APPLICABLE_OPEN_GAPS_AND_SAME_SHA_EVIDENCE,
J081,J081-SL-23,23,Manual operational acceptance,governance/operational_journey_protocol_package/smsm-dsh-wlt-journeys/05-financial-closure/J081.md,TASK-0017,BLOCKED_BY_FOUNDATION,J081-SL-22,ZERO_APPLICABLE_OPEN_GAPS_AND_SAME_SHA_EVIDENCE,
J081,J081-SL-24,24,Cleanup/same-SHA evidence/closure,governance/operational_journey_protocol_package/smsm-dsh-wlt-journeys/05-financial-closure/J081.md,TASK-0017,BLOCKED_BY_FOUNDATION,J081-SL-23,ZERO_APPLICABLE_OPEN_GAPS_AND_SAME_SHA_EVIDENCE,
J082,J082-SL-01,1,Product Truth والنتيجة والثوابت,governance/operational_journey_protocol_package/smsm-dsh-wlt-journeys/05-financial-closure/J082.md,TASK-0017,BLOCKED_BY_FOUNDATION,FOUNDATION-00,ZERO_APPLICABLE_OPEN_GAPS_AND_SAME_SHA_EVIDENCE,
J082,J082-SL-02,2,Actors وهويات الخدمات,governance/operational_journey_protocol_package/smsm-dsh-wlt-journeys/05-financial-closure/J082.md,TASK-0017,BLOCKED_BY_FOUNDATION,J082-SL-01,ZERO_APPLICABLE_OPEN_GAPS_AND_SAME_SHA_EVIDENCE,
J082,J082-SL-03,3,التبعيات وشروط الدخول والخروج,governance/operational_journey_protocol_package/smsm-dsh-wlt-journeys/05-financial-closure/J082.md,TASK-0017,BLOCKED_BY_FOUNDATION,J082-SL-02,ZERO_APPLICABLE_OPEN_GAPS_AND_SAME_SHA_EVIDENCE,
J082,J082-SL-04,4,Identity/session/device,governance/operational_journey_protocol_package/smsm-dsh-wlt-journeys/05-financial-closure/J082.md,TASK-0017,BLOCKED_BY_FOUNDATION,J082-SL-03,ZERO_APPLICABLE_OPEN_GAPS_AND_SAME_SHA_EVIDENCE,
J082,J082-SL-05,5,Permission/trusted scope/object authorization,governance/operational_journey_protocol_package/smsm-dsh-wlt-journeys/05-financial-closure/J082.md,TASK-0017,BLOCKED_BY_FOUNDATION,J082-SL-04,ZERO_APPLICABLE_OPEN_GAPS_AND_SAME_SHA_EVIDENCE,
J082,J082-SL-06,6,Entrypoints/routes/deep links/navigation,governance/operational_journey_protocol_package/smsm-dsh-wlt-journeys/05-financial-closure/J082.md,TASK-0017,BLOCKED_BY_FOUNDATION,J082-SL-05,ZERO_APPLICABLE_OPEN_GAPS_AND_SAME_SHA_EVIDENCE,
J082,J082-SL-07,7,Screens/pages/tabs/buttons/icons/forms,governance/operational_journey_protocol_package/smsm-dsh-wlt-journeys/05-financial-closure/J082.md,TASK-0017,BLOCKED_BY_FOUNDATION,J082-SL-06,ZERO_APPLICABLE_OPEN_GAPS_AND_SAME_SHA_EVIDENCE,
J082,J082-SL-08,8,Shared brain/view model/visible states,governance/operational_journey_protocol_package/smsm-dsh-wlt-journeys/05-financial-closure/J082.md,TASK-0017,BLOCKED_BY_FOUNDATION,J082-SL-07,ZERO_APPLICABLE_OPEN_GAPS_AND_SAME_SHA_EVIDENCE,
J082,J082-SL-09,9,OpenAPI/error/security/idempotency,governance/operational_journey_protocol_package/smsm-dsh-wlt-journeys/05-financial-closure/J082.md,TASK-0017,BLOCKED_BY_FOUNDATION,J082-SL-08,ZERO_APPLICABLE_OPEN_GAPS_AND_SAME_SHA_EVIDENCE,
J082,J082-SL-10,10,Generated clients/transports,governance/operational_journey_protocol_package/smsm-dsh-wlt-journeys/05-financial-closure/J082.md,TASK-0017,BLOCKED_BY_FOUNDATION,J082-SL-09,ZERO_APPLICABLE_OPEN_GAPS_AND_SAME_SHA_EVIDENCE,
J082,J082-SL-11,11,Backend handler/domain/repository,governance/operational_journey_protocol_package/smsm-dsh-wlt-journeys/05-financial-closure/J082.md,TASK-0017,BLOCKED_BY_FOUNDATION,J082-SL-10,ZERO_APPLICABLE_OPEN_GAPS_AND_SAME_SHA_EVIDENCE,
J082,J082-SL-12,12,State machine/allowed actions,governance/operational_journey_protocol_package/smsm-dsh-wlt-journeys/05-financial-closure/J082.md,TASK-0017,BLOCKED_BY_FOUNDATION,J082-SL-11,ZERO_APPLICABLE_OPEN_GAPS_AND_SAME_SHA_EVIDENCE,
J082,J082-SL-13,13,Database/migrations/constraints/indexes,governance/operational_journey_protocol_package/smsm-dsh-wlt-journeys/05-financial-closure/J082.md,TASK-0017,BLOCKED_BY_FOUNDATION,J082-SL-12,ZERO_APPLICABLE_OPEN_GAPS_AND_SAME_SHA_EVIDENCE,
J082,J082-SL-14,14,Events/outbox/inbox/jobs/DLQ,governance/operational_journey_protocol_package/smsm-dsh-wlt-journeys/05-financial-closure/J082.md,TASK-0017,BLOCKED_BY_FOUNDATION,J082-SL-13,ZERO_APPLICABLE_OPEN_GAPS_AND_SAME_SHA_EVIDENCE,
J082,J082-SL-15,15,Media/providers/cache/search,governance/operational_journey_protocol_package/smsm-dsh-wlt-journeys/05-financial-closure/J082.md,TASK-0017,BLOCKED_BY_FOUNDATION,J082-SL-14,ZERO_APPLICABLE_OPEN_GAPS_AND_SAME_SHA_EVIDENCE,
J082,J082-SL-16,16,DSH↔WLT financial boundary,governance/operational_journey_protocol_package/smsm-dsh-wlt-journeys/05-financial-closure/J082.md,TASK-0017,BLOCKED_BY_FOUNDATION,J082-SL-15,ZERO_APPLICABLE_OPEN_GAPS_AND_SAME_SHA_EVIDENCE,
J082,J082-SL-17,17,Concurrency/idempotency/unknown result,governance/operational_journey_protocol_package/smsm-dsh-wlt-journeys/05-financial-closure/J082.md,TASK-0017,BLOCKED_BY_FOUNDATION,J082-SL-16,ZERO_APPLICABLE_OPEN_GAPS_AND_SAME_SHA_EVIDENCE,
J082,J082-SL-18,18,Offline/retry/recovery,governance/operational_journey_protocol_package/smsm-dsh-wlt-journeys/05-financial-closure/J082.md,TASK-0017,BLOCKED_BY_FOUNDATION,J082-SL-17,ZERO_APPLICABLE_OPEN_GAPS_AND_SAME_SHA_EVIDENCE,
J082,J082-SL-19,19,Cross-surface readback,governance/operational_journey_protocol_package/smsm-dsh-wlt-journeys/05-financial-closure/J082.md,TASK-0017,BLOCKED_BY_FOUNDATION,J082-SL-18,ZERO_APPLICABLE_OPEN_GAPS_AND_SAME_SHA_EVIDENCE,
J082,J082-SL-20,20,Security/privacy/negative tests,governance/operational_journey_protocol_package/smsm-dsh-wlt-journeys/05-financial-closure/J082.md,TASK-0017,BLOCKED_BY_FOUNDATION,J082-SL-19,ZERO_APPLICABLE_OPEN_GAPS_AND_SAME_SHA_EVIDENCE,
J082,J082-SL-21,21,Audit/observability/performance,governance/operational_journey_protocol_package/smsm-dsh-wlt-journeys/05-financial-closure/J082.md,TASK-0017,BLOCKED_BY_FOUNDATION,J082-SL-20,ZERO_APPLICABLE_OPEN_GAPS_AND_SAME_SHA_EVIDENCE,
J082,J082-SL-22,22,Accessibility/RTL/localization,governance/operational_journey_protocol_package/smsm-dsh-wlt-journeys/05-financial-closure/J082.md,TASK-0017,BLOCKED_BY_FOUNDATION,J082-SL-21,ZERO_APPLICABLE_OPEN_GAPS_AND_SAME_SHA_EVIDENCE,
J082,J082-SL-23,23,Manual operational acceptance,governance/operational_journey_protocol_package/smsm-dsh-wlt-journeys/05-financial-closure/J082.md,TASK-0017,BLOCKED_BY_FOUNDATION,J082-SL-22,ZERO_APPLICABLE_OPEN_GAPS_AND_SAME_SHA_EVIDENCE,
J082,J082-SL-24,24,Cleanup/same-SHA evidence/closure,governance/operational_journey_protocol_package/smsm-dsh-wlt-journeys/05-financial-closure/J082.md,TASK-0017,BLOCKED_BY_FOUNDATION,J082-SL-23,ZERO_APPLICABLE_OPEN_GAPS_AND_SAME_SHA_EVIDENCE,
J083,J083-SL-01,1,Product Truth والنتيجة والثوابت,governance/operational_journey_protocol_package/smsm-dsh-wlt-journeys/05-financial-closure/J083.md,TASK-0017,BLOCKED_BY_FOUNDATION,FOUNDATION-00,ZERO_APPLICABLE_OPEN_GAPS_AND_SAME_SHA_EVIDENCE,
J083,J083-SL-02,2,Actors وهويات الخدمات,governance/operational_journey_protocol_package/smsm-dsh-wlt-journeys/05-financial-closure/J083.md,TASK-0017,BLOCKED_BY_FOUNDATION,J083-SL-01,ZERO_APPLICABLE_OPEN_GAPS_AND_SAME_SHA_EVIDENCE,
J083,J083-SL-03,3,التبعيات وشروط الدخول والخروج,governance/operational_journey_protocol_package/smsm-dsh-wlt-journeys/05-financial-closure/J083.md,TASK-0017,BLOCKED_BY_FOUNDATION,J083-SL-02,ZERO_APPLICABLE_OPEN_GAPS_AND_SAME_SHA_EVIDENCE,
J083,J083-SL-04,4,Identity/session/device,governance/operational_journey_protocol_package/smsm-dsh-wlt-journeys/05-financial-closure/J083.md,TASK-0017,BLOCKED_BY_FOUNDATION,J083-SL-03,ZERO_APPLICABLE_OPEN_GAPS_AND_SAME_SHA_EVIDENCE,
J083,J083-SL-05,5,Permission/trusted scope/object authorization,governance/operational_journey_protocol_package/smsm-dsh-wlt-journeys/05-financial-closure/J083.md,TASK-0017,BLOCKED_BY_FOUNDATION,J083-SL-04,ZERO_APPLICABLE_OPEN_GAPS_AND_SAME_SHA_EVIDENCE,
J083,J083-SL-06,6,Entrypoints/routes/deep links/navigation,governance/operational_journey_protocol_package/smsm-dsh-wlt-journeys/05-financial-closure/J083.md,TASK-0017,BLOCKED_BY_FOUNDATION,J083-SL-05,ZERO_APPLICABLE_OPEN_GAPS_AND_SAME_SHA_EVIDENCE,
J083,J083-SL-07,7,Screens/pages/tabs/buttons/icons/forms,governance/operational_journey_protocol_package/smsm-dsh-wlt-journeys/05-financial-closure/J083.md,TASK-0017,BLOCKED_BY_FOUNDATION,J083-SL-06,ZERO_APPLICABLE_OPEN_GAPS_AND_SAME_SHA_EVIDENCE,
J083,J083-SL-08,8,Shared brain/view model/visible states,governance/operational_journey_protocol_package/smsm-dsh-wlt-journeys/05-financial-closure/J083.md,TASK-0017,BLOCKED_BY_FOUNDATION,J083-SL-07,ZERO_APPLICABLE_OPEN_GAPS_AND_SAME_SHA_EVIDENCE,
J083,J083-SL-09,9,OpenAPI/error/security/idempotency,governance/operational_journey_protocol_package/smsm-dsh-wlt-journeys/05-financial-closure/J083.md,TASK-0017,BLOCKED_BY_FOUNDATION,J083-SL-08,ZERO_APPLICABLE_OPEN_GAPS_AND_SAME_SHA_EVIDENCE,
J083,J083-SL-10,10,Generated clients/transports,governance/operational_journey_protocol_package/smsm-dsh-wlt-journeys/05-financial-closure/J083.md,TASK-0017,BLOCKED_BY_FOUNDATION,J083-SL-09,ZERO_APPLICABLE_OPEN_GAPS_AND_SAME_SHA_EVIDENCE,
J083,J083-SL-11,11,Backend handler/domain/repository,governance/operational_journey_protocol_package/smsm-dsh-wlt-journeys/05-financial-closure/J083.md,TASK-0017,BLOCKED_BY_FOUNDATION,J083-SL-10,ZERO_APPLICABLE_OPEN_GAPS_AND_SAME_SHA_EVIDENCE,
J083,J083-SL-12,12,State machine/allowed actions,governance/operational_journey_protocol_package/smsm-dsh-wlt-journeys/05-financial-closure/J083.md,TASK-0017,BLOCKED_BY_FOUNDATION,J083-SL-11,ZERO_APPLICABLE_OPEN_GAPS_AND_SAME_SHA_EVIDENCE,
J083,J083-SL-13,13,Database/migrations/constraints/indexes,governance/operational_journey_protocol_package/smsm-dsh-wlt-journeys/05-financial-closure/J083.md,TASK-0017,BLOCKED_BY_FOUNDATION,J083-SL-12,ZERO_APPLICABLE_OPEN_GAPS_AND_SAME_SHA_EVIDENCE,
J083,J083-SL-14,14,Events/outbox/inbox/jobs/DLQ,governance/operational_journey_protocol_package/smsm-dsh-wlt-journeys/05-financial-closure/J083.md,TASK-0017,BLOCKED_BY_FOUNDATION,J083-SL-13,ZERO_APPLICABLE_OPEN_GAPS_AND_SAME_SHA_EVIDENCE,
J083,J083-SL-15,15,Media/providers/cache/search,governance/operational_journey_protocol_package/smsm-dsh-wlt-journeys/05-financial-closure/J083.md,TASK-0017,BLOCKED_BY_FOUNDATION,J083-SL-14,ZERO_APPLICABLE_OPEN_GAPS_AND_SAME_SHA_EVIDENCE,
J083,J083-SL-16,16,DSH↔WLT financial boundary,governance/operational_journey_protocol_package/smsm-dsh-wlt-journeys/05-financial-closure/J083.md,TASK-0017,BLOCKED_BY_FOUNDATION,J083-SL-15,ZERO_APPLICABLE_OPEN_GAPS_AND_SAME_SHA_EVIDENCE,
J083,J083-SL-17,17,Concurrency/idempotency/unknown result,governance/operational_journey_protocol_package/smsm-dsh-wlt-journeys/05-financial-closure/J083.md,TASK-0017,BLOCKED_BY_FOUNDATION,J083-SL-16,ZERO_APPLICABLE_OPEN_GAPS_AND_SAME_SHA_EVIDENCE,
J083,J083-SL-18,18,Offline/retry/recovery,governance/operational_journey_protocol_package/smsm-dsh-wlt-journeys/05-financial-closure/J083.md,TASK-0017,BLOCKED_BY_FOUNDATION,J083-SL-17,ZERO_APPLICABLE_OPEN_GAPS_AND_SAME_SHA_EVIDENCE,
J083,J083-SL-19,19,Cross-surface readback,governance/operational_journey_protocol_package/smsm-dsh-wlt-journeys/05-financial-closure/J083.md,TASK-0017,BLOCKED_BY_FOUNDATION,J083-SL-18,ZERO_APPLICABLE_OPEN_GAPS_AND_SAME_SHA_EVIDENCE,
J083,J083-SL-20,20,Security/privacy/negative tests,governance/operational_journey_protocol_package/smsm-dsh-wlt-journeys/05-financial-closure/J083.md,TASK-0017,BLOCKED_BY_FOUNDATION,J083-SL-19,ZERO_APPLICABLE_OPEN_GAPS_AND_SAME_SHA_EVIDENCE,
J083,J083-SL-21,21,Audit/observability/performance,governance/operational_journey_protocol_package/smsm-dsh-wlt-journeys/05-financial-closure/J083.md,TASK-0017,BLOCKED_BY_FOUNDATION,J083-SL-20,ZERO_APPLICABLE_OPEN_GAPS_AND_SAME_SHA_EVIDENCE,
J083,J083-SL-22,22,Accessibility/RTL/localization,governance/operational_journey_protocol_package/smsm-dsh-wlt-journeys/05-financial-closure/J083.md,TASK-0017,BLOCKED_BY_FOUNDATION,J083-SL-21,ZERO_APPLICABLE_OPEN_GAPS_AND_SAME_SHA_EVIDENCE,
J083,J083-SL-23,23,Manual operational acceptance,governance/operational_journey_protocol_package/smsm-dsh-wlt-journeys/05-financial-closure/J083.md,TASK-0017,BLOCKED_BY_FOUNDATION,J083-SL-22,ZERO_APPLICABLE_OPEN_GAPS_AND_SAME_SHA_EVIDENCE,
J083,J083-SL-24,24,Cleanup/same-SHA evidence/closure,governance/operational_journey_protocol_package/smsm-dsh-wlt-journeys/05-financial-closure/J083.md,TASK-0017,BLOCKED_BY_FOUNDATION,J083-SL-23,ZERO_APPLICABLE_OPEN_GAPS_AND_SAME_SHA_EVIDENCE,
J084,J084-SL-01,1,Product Truth والنتيجة والثوابت,governance/operational_journey_protocol_package/smsm-dsh-wlt-journeys/05-financial-closure/J084.md,TASK-0017,BLOCKED_BY_FOUNDATION,FOUNDATION-00,ZERO_APPLICABLE_OPEN_GAPS_AND_SAME_SHA_EVIDENCE,
J084,J084-SL-02,2,Actors وهويات الخدمات,governance/operational_journey_protocol_package/smsm-dsh-wlt-journeys/05-financial-closure/J084.md,TASK-0017,BLOCKED_BY_FOUNDATION,J084-SL-01,ZERO_APPLICABLE_OPEN_GAPS_AND_SAME_SHA_EVIDENCE,
J084,J084-SL-03,3,التبعيات وشروط الدخول والخروج,governance/operational_journey_protocol_package/smsm-dsh-wlt-journeys/05-financial-closure/J084.md,TASK-0017,BLOCKED_BY_FOUNDATION,J084-SL-02,ZERO_APPLICABLE_OPEN_GAPS_AND_SAME_SHA_EVIDENCE,
J084,J084-SL-04,4,Identity/session/device,governance/operational_journey_protocol_package/smsm-dsh-wlt-journeys/05-financial-closure/J084.md,TASK-0017,BLOCKED_BY_FOUNDATION,J084-SL-03,ZERO_APPLICABLE_OPEN_GAPS_AND_SAME_SHA_EVIDENCE,
J084,J084-SL-05,5,Permission/trusted scope/object authorization,governance/operational_journey_protocol_package/smsm-dsh-wlt-journeys/05-financial-closure/J084.md,TASK-0017,BLOCKED_BY_FOUNDATION,J084-SL-04,ZERO_APPLICABLE_OPEN_GAPS_AND_SAME_SHA_EVIDENCE,
J084,J084-SL-06,6,Entrypoints/routes/deep links/navigation,governance/operational_journey_protocol_package/smsm-dsh-wlt-journeys/05-financial-closure/J084.md,TASK-0017,BLOCKED_BY_FOUNDATION,J084-SL-05,ZERO_APPLICABLE_OPEN_GAPS_AND_SAME_SHA_EVIDENCE,
J084,J084-SL-07,7,Screens/pages/tabs/buttons/icons/forms,governance/operational_journey_protocol_package/smsm-dsh-wlt-journeys/05-financial-closure/J084.md,TASK-0017,BLOCKED_BY_FOUNDATION,J084-SL-06,ZERO_APPLICABLE_OPEN_GAPS_AND_SAME_SHA_EVIDENCE,
J084,J084-SL-08,8,Shared brain/view model/visible states,governance/operational_journey_protocol_package/smsm-dsh-wlt-journeys/05-financial-closure/J084.md,TASK-0017,BLOCKED_BY_FOUNDATION,J084-SL-07,ZERO_APPLICABLE_OPEN_GAPS_AND_SAME_SHA_EVIDENCE,
J084,J084-SL-09,9,OpenAPI/error/security/idempotency,governance/operational_journey_protocol_package/smsm-dsh-wlt-journeys/05-financial-closure/J084.md,TASK-0017,BLOCKED_BY_FOUNDATION,J084-SL-08,ZERO_APPLICABLE_OPEN_GAPS_AND_SAME_SHA_EVIDENCE,
J084,J084-SL-10,10,Generated clients/transports,governance/operational_journey_protocol_package/smsm-dsh-wlt-journeys/05-financial-closure/J084.md,TASK-0017,BLOCKED_BY_FOUNDATION,J084-SL-09,ZERO_APPLICABLE_OPEN_GAPS_AND_SAME_SHA_EVIDENCE,
J084,J084-SL-11,11,Backend handler/domain/repository,governance/operational_journey_protocol_package/smsm-dsh-wlt-journeys/05-financial-closure/J084.md,TASK-0017,BLOCKED_BY_FOUNDATION,J084-SL-10,ZERO_APPLICABLE_OPEN_GAPS_AND_SAME_SHA_EVIDENCE,
J084,J084-SL-12,12,State machine/allowed actions,governance/operational_journey_protocol_package/smsm-dsh-wlt-journeys/05-financial-closure/J084.md,TASK-0017,BLOCKED_BY_FOUNDATION,J084-SL-11,ZERO_APPLICABLE_OPEN_GAPS_AND_SAME_SHA_EVIDENCE,
J084,J084-SL-13,13,Database/migrations/constraints/indexes,governance/operational_journey_protocol_package/smsm-dsh-wlt-journeys/05-financial-closure/J084.md,TASK-0017,BLOCKED_BY_FOUNDATION,J084-SL-12,ZERO_APPLICABLE_OPEN_GAPS_AND_SAME_SHA_EVIDENCE,
J084,J084-SL-14,14,Events/outbox/inbox/jobs/DLQ,governance/operational_journey_protocol_package/smsm-dsh-wlt-journeys/05-financial-closure/J084.md,TASK-0017,BLOCKED_BY_FOUNDATION,J084-SL-13,ZERO_APPLICABLE_OPEN_GAPS_AND_SAME_SHA_EVIDENCE,
J084,J084-SL-15,15,Media/providers/cache/search,governance/operational_journey_protocol_package/smsm-dsh-wlt-journeys/05-financial-closure/J084.md,TASK-0017,BLOCKED_BY_FOUNDATION,J084-SL-14,ZERO_APPLICABLE_OPEN_GAPS_AND_SAME_SHA_EVIDENCE,
J084,J084-SL-16,16,DSH↔WLT financial boundary,governance/operational_journey_protocol_package/smsm-dsh-wlt-journeys/05-financial-closure/J084.md,TASK-0017,BLOCKED_BY_FOUNDATION,J084-SL-15,ZERO_APPLICABLE_OPEN_GAPS_AND_SAME_SHA_EVIDENCE,
J084,J084-SL-17,17,Concurrency/idempotency/unknown result,governance/operational_journey_protocol_package/smsm-dsh-wlt-journeys/05-financial-closure/J084.md,TASK-0017,BLOCKED_BY_FOUNDATION,J084-SL-16,ZERO_APPLICABLE_OPEN_GAPS_AND_SAME_SHA_EVIDENCE,
J084,J084-SL-18,18,Offline/retry/recovery,governance/operational_journey_protocol_package/smsm-dsh-wlt-journeys/05-financial-closure/J084.md,TASK-0017,BLOCKED_BY_FOUNDATION,J084-SL-17,ZERO_APPLICABLE_OPEN_GAPS_AND_SAME_SHA_EVIDENCE,
J084,J084-SL-19,19,Cross-surface readback,governance/operational_journey_protocol_package/smsm-dsh-wlt-journeys/05-financial-closure/J084.md,TASK-0017,BLOCKED_BY_FOUNDATION,J084-SL-18,ZERO_APPLICABLE_OPEN_GAPS_AND_SAME_SHA_EVIDENCE,
J084,J084-SL-20,20,Security/privacy/negative tests,governance/operational_journey_protocol_package/smsm-dsh-wlt-journeys/05-financial-closure/J084.md,TASK-0017,BLOCKED_BY_FOUNDATION,J084-SL-19,ZERO_APPLICABLE_OPEN_GAPS_AND_SAME_SHA_EVIDENCE,
J084,J084-SL-21,21,Audit/observability/performance,governance/operational_journey_protocol_package/smsm-dsh-wlt-journeys/05-financial-closure/J084.md,TASK-0017,BLOCKED_BY_FOUNDATION,J084-SL-20,ZERO_APPLICABLE_OPEN_GAPS_AND_SAME_SHA_EVIDENCE,
J084,J084-SL-22,22,Accessibility/RTL/localization,governance/operational_journey_protocol_package/smsm-dsh-wlt-journeys/05-financial-closure/J084.md,TASK-0017,BLOCKED_BY_FOUNDATION,J084-SL-21,ZERO_APPLICABLE_OPEN_GAPS_AND_SAME_SHA_EVIDENCE,
J084,J084-SL-23,23,Manual operational acceptance,governance/operational_journey_protocol_package/smsm-dsh-wlt-journeys/05-financial-closure/J084.md,TASK-0017,BLOCKED_BY_FOUNDATION,J084-SL-22,ZERO_APPLICABLE_OPEN_GAPS_AND_SAME_SHA_EVIDENCE,
J084,J084-SL-24,24,Cleanup/same-SHA evidence/closure,governance/operational_journey_protocol_package/smsm-dsh-wlt-journeys/05-financial-closure/J084.md,TASK-0017,BLOCKED_BY_FOUNDATION,J084-SL-23,ZERO_APPLICABLE_OPEN_GAPS_AND_SAME_SHA_EVIDENCE,
J085,J085-SL-01,1,Product Truth والنتيجة والثوابت,governance/operational_journey_protocol_package/smsm-dsh-wlt-journeys/05-financial-closure/J085.md,TASK-0017,BLOCKED_BY_FOUNDATION,FOUNDATION-00,ZERO_APPLICABLE_OPEN_GAPS_AND_SAME_SHA_EVIDENCE,
J085,J085-SL-02,2,Actors وهويات الخدمات,governance/operational_journey_protocol_package/smsm-dsh-wlt-journeys/05-financial-closure/J085.md,TASK-0017,BLOCKED_BY_FOUNDATION,J085-SL-01,ZERO_APPLICABLE_OPEN_GAPS_AND_SAME_SHA_EVIDENCE,
J085,J085-SL-03,3,التبعيات وشروط الدخول والخروج,governance/operational_journey_protocol_package/smsm-dsh-wlt-journeys/05-financial-closure/J085.md,TASK-0017,BLOCKED_BY_FOUNDATION,J085-SL-02,ZERO_APPLICABLE_OPEN_GAPS_AND_SAME_SHA_EVIDENCE,
J085,J085-SL-04,4,Identity/session/device,governance/operational_journey_protocol_package/smsm-dsh-wlt-journeys/05-financial-closure/J085.md,TASK-0017,BLOCKED_BY_FOUNDATION,J085-SL-03,ZERO_APPLICABLE_OPEN_GAPS_AND_SAME_SHA_EVIDENCE,
J085,J085-SL-05,5,Permission/trusted scope/object authorization,governance/operational_journey_protocol_package/smsm-dsh-wlt-journeys/05-financial-closure/J085.md,TASK-0017,BLOCKED_BY_FOUNDATION,J085-SL-04,ZERO_APPLICABLE_OPEN_GAPS_AND_SAME_SHA_EVIDENCE,
J085,J085-SL-06,6,Entrypoints/routes/deep links/navigation,governance/operational_journey_protocol_package/smsm-dsh-wlt-journeys/05-financial-closure/J085.md,TASK-0017,BLOCKED_BY_FOUNDATION,J085-SL-05,ZERO_APPLICABLE_OPEN_GAPS_AND_SAME_SHA_EVIDENCE,
J085,J085-SL-07,7,Screens/pages/tabs/buttons/icons/forms,governance/operational_journey_protocol_package/smsm-dsh-wlt-journeys/05-financial-closure/J085.md,TASK-0017,BLOCKED_BY_FOUNDATION,J085-SL-06,ZERO_APPLICABLE_OPEN_GAPS_AND_SAME_SHA_EVIDENCE,
J085,J085-SL-08,8,Shared brain/view model/visible states,governance/operational_journey_protocol_package/smsm-dsh-wlt-journeys/05-financial-closure/J085.md,TASK-0017,BLOCKED_BY_FOUNDATION,J085-SL-07,ZERO_APPLICABLE_OPEN_GAPS_AND_SAME_SHA_EVIDENCE,
J085,J085-SL-09,9,OpenAPI/error/security/idempotency,governance/operational_journey_protocol_package/smsm-dsh-wlt-journeys/05-financial-closure/J085.md,TASK-0017,BLOCKED_BY_FOUNDATION,J085-SL-08,ZERO_APPLICABLE_OPEN_GAPS_AND_SAME_SHA_EVIDENCE,
J085,J085-SL-10,10,Generated clients/transports,governance/operational_journey_protocol_package/smsm-dsh-wlt-journeys/05-financial-closure/J085.md,TASK-0017,BLOCKED_BY_FOUNDATION,J085-SL-09,ZERO_APPLICABLE_OPEN_GAPS_AND_SAME_SHA_EVIDENCE,
J085,J085-SL-11,11,Backend handler/domain/repository,governance/operational_journey_protocol_package/smsm-dsh-wlt-journeys/05-financial-closure/J085.md,TASK-0017,BLOCKED_BY_FOUNDATION,J085-SL-10,ZERO_APPLICABLE_OPEN_GAPS_AND_SAME_SHA_EVIDENCE,
J085,J085-SL-12,12,State machine/allowed actions,governance/operational_journey_protocol_package/smsm-dsh-wlt-journeys/05-financial-closure/J085.md,TASK-0017,BLOCKED_BY_FOUNDATION,J085-SL-11,ZERO_APPLICABLE_OPEN_GAPS_AND_SAME_SHA_EVIDENCE,
J085,J085-SL-13,13,Database/migrations/constraints/indexes,governance/operational_journey_protocol_package/smsm-dsh-wlt-journeys/05-financial-closure/J085.md,TASK-0017,BLOCKED_BY_FOUNDATION,J085-SL-12,ZERO_APPLICABLE_OPEN_GAPS_AND_SAME_SHA_EVIDENCE,
J085,J085-SL-14,14,Events/outbox/inbox/jobs/DLQ,governance/operational_journey_protocol_package/smsm-dsh-wlt-journeys/05-financial-closure/J085.md,TASK-0017,BLOCKED_BY_FOUNDATION,J085-SL-13,ZERO_APPLICABLE_OPEN_GAPS_AND_SAME_SHA_EVIDENCE,
J085,J085-SL-15,15,Media/providers/cache/search,governance/operational_journey_protocol_package/smsm-dsh-wlt-journeys/05-financial-closure/J085.md,TASK-0017,BLOCKED_BY_FOUNDATION,J085-SL-14,ZERO_APPLICABLE_OPEN_GAPS_AND_SAME_SHA_EVIDENCE,
J085,J085-SL-16,16,DSH↔WLT financial boundary,governance/operational_journey_protocol_package/smsm-dsh-wlt-journeys/05-financial-closure/J085.md,TASK-0017,BLOCKED_BY_FOUNDATION,J085-SL-15,ZERO_APPLICABLE_OPEN_GAPS_AND_SAME_SHA_EVIDENCE,
J085,J085-SL-17,17,Concurrency/idempotency/unknown result,governance/operational_journey_protocol_package/smsm-dsh-wlt-journeys/05-financial-closure/J085.md,TASK-0017,BLOCKED_BY_FOUNDATION,J085-SL-16,ZERO_APPLICABLE_OPEN_GAPS_AND_SAME_SHA_EVIDENCE,
J085,J085-SL-18,18,Offline/retry/recovery,governance/operational_journey_protocol_package/smsm-dsh-wlt-journeys/05-financial-closure/J085.md,TASK-0017,BLOCKED_BY_FOUNDATION,J085-SL-17,ZERO_APPLICABLE_OPEN_GAPS_AND_SAME_SHA_EVIDENCE,
J085,J085-SL-19,19,Cross-surface readback,governance/operational_journey_protocol_package/smsm-dsh-wlt-journeys/05-financial-closure/J085.md,TASK-0017,BLOCKED_BY_FOUNDATION,J085-SL-18,ZERO_APPLICABLE_OPEN_GAPS_AND_SAME_SHA_EVIDENCE,
J085,J085-SL-20,20,Security/privacy/negative tests,governance/operational_journey_protocol_package/smsm-dsh-wlt-journeys/05-financial-closure/J085.md,TASK-0017,BLOCKED_BY_FOUNDATION,J085-SL-19,ZERO_APPLICABLE_OPEN_GAPS_AND_SAME_SHA_EVIDENCE,
J085,J085-SL-21,21,Audit/observability/performance,governance/operational_journey_protocol_package/smsm-dsh-wlt-journeys/05-financial-closure/J085.md,TASK-0017,BLOCKED_BY_FOUNDATION,J085-SL-20,ZERO_APPLICABLE_OPEN_GAPS_AND_SAME_SHA_EVIDENCE,
J085,J085-SL-22,22,Accessibility/RTL/localization,governance/operational_journey_protocol_package/smsm-dsh-wlt-journeys/05-financial-closure/J085.md,TASK-0017,BLOCKED_BY_FOUNDATION,J085-SL-21,ZERO_APPLICABLE_OPEN_GAPS_AND_SAME_SHA_EVIDENCE,
J085,J085-SL-23,23,Manual operational acceptance,governance/operational_journey_protocol_package/smsm-dsh-wlt-journeys/05-financial-closure/J085.md,TASK-0017,BLOCKED_BY_FOUNDATION,J085-SL-22,ZERO_APPLICABLE_OPEN_GAPS_AND_SAME_SHA_EVIDENCE,
J085,J085-SL-24,24,Cleanup/same-SHA evidence/closure,governance/operational_journey_protocol_package/smsm-dsh-wlt-journeys/05-financial-closure/J085.md,TASK-0017,BLOCKED_BY_FOUNDATION,J085-SL-23,ZERO_APPLICABLE_OPEN_GAPS_AND_SAME_SHA_EVIDENCE,
J086,J086-SL-01,1,Product Truth والنتيجة والثوابت,governance/operational_journey_protocol_package/smsm-dsh-wlt-journeys/05-financial-closure/J086.md,TASK-0017,BLOCKED_BY_FOUNDATION,FOUNDATION-00,ZERO_APPLICABLE_OPEN_GAPS_AND_SAME_SHA_EVIDENCE,
J086,J086-SL-02,2,Actors وهويات الخدمات,governance/operational_journey_protocol_package/smsm-dsh-wlt-journeys/05-financial-closure/J086.md,TASK-0017,BLOCKED_BY_FOUNDATION,J086-SL-01,ZERO_APPLICABLE_OPEN_GAPS_AND_SAME_SHA_EVIDENCE,
J086,J086-SL-03,3,التبعيات وشروط الدخول والخروج,governance/operational_journey_protocol_package/smsm-dsh-wlt-journeys/05-financial-closure/J086.md,TASK-0017,BLOCKED_BY_FOUNDATION,J086-SL-02,ZERO_APPLICABLE_OPEN_GAPS_AND_SAME_SHA_EVIDENCE,
J086,J086-SL-04,4,Identity/session/device,governance/operational_journey_protocol_package/smsm-dsh-wlt-journeys/05-financial-closure/J086.md,TASK-0017,BLOCKED_BY_FOUNDATION,J086-SL-03,ZERO_APPLICABLE_OPEN_GAPS_AND_SAME_SHA_EVIDENCE,
J086,J086-SL-05,5,Permission/trusted scope/object authorization,governance/operational_journey_protocol_package/smsm-dsh-wlt-journeys/05-financial-closure/J086.md,TASK-0017,BLOCKED_BY_FOUNDATION,J086-SL-04,ZERO_APPLICABLE_OPEN_GAPS_AND_SAME_SHA_EVIDENCE,
J086,J086-SL-06,6,Entrypoints/routes/deep links/navigation,governance/operational_journey_protocol_package/smsm-dsh-wlt-journeys/05-financial-closure/J086.md,TASK-0017,BLOCKED_BY_FOUNDATION,J086-SL-05,ZERO_APPLICABLE_OPEN_GAPS_AND_SAME_SHA_EVIDENCE,
J086,J086-SL-07,7,Screens/pages/tabs/buttons/icons/forms,governance/operational_journey_protocol_package/smsm-dsh-wlt-journeys/05-financial-closure/J086.md,TASK-0017,BLOCKED_BY_FOUNDATION,J086-SL-06,ZERO_APPLICABLE_OPEN_GAPS_AND_SAME_SHA_EVIDENCE,
J086,J086-SL-08,8,Shared brain/view model/visible states,governance/operational_journey_protocol_package/smsm-dsh-wlt-journeys/05-financial-closure/J086.md,TASK-0017,BLOCKED_BY_FOUNDATION,J086-SL-07,ZERO_APPLICABLE_OPEN_GAPS_AND_SAME_SHA_EVIDENCE,
J086,J086-SL-09,9,OpenAPI/error/security/idempotency,governance/operational_journey_protocol_package/smsm-dsh-wlt-journeys/05-financial-closure/J086.md,TASK-0017,BLOCKED_BY_FOUNDATION,J086-SL-08,ZERO_APPLICABLE_OPEN_GAPS_AND_SAME_SHA_EVIDENCE,
J086,J086-SL-10,10,Generated clients/transports,governance/operational_journey_protocol_package/smsm-dsh-wlt-journeys/05-financial-closure/J086.md,TASK-0017,BLOCKED_BY_FOUNDATION,J086-SL-09,ZERO_APPLICABLE_OPEN_GAPS_AND_SAME_SHA_EVIDENCE,
J086,J086-SL-11,11,Backend handler/domain/repository,governance/operational_journey_protocol_package/smsm-dsh-wlt-journeys/05-financial-closure/J086.md,TASK-0017,BLOCKED_BY_FOUNDATION,J086-SL-10,ZERO_APPLICABLE_OPEN_GAPS_AND_SAME_SHA_EVIDENCE,
J086,J086-SL-12,12,State machine/allowed actions,governance/operational_journey_protocol_package/smsm-dsh-wlt-journeys/05-financial-closure/J086.md,TASK-0017,BLOCKED_BY_FOUNDATION,J086-SL-11,ZERO_APPLICABLE_OPEN_GAPS_AND_SAME_SHA_EVIDENCE,
J086,J086-SL-13,13,Database/migrations/constraints/indexes,governance/operational_journey_protocol_package/smsm-dsh-wlt-journeys/05-financial-closure/J086.md,TASK-0017,BLOCKED_BY_FOUNDATION,J086-SL-12,ZERO_APPLICABLE_OPEN_GAPS_AND_SAME_SHA_EVIDENCE,
J086,J086-SL-14,14,Events/outbox/inbox/jobs/DLQ,governance/operational_journey_protocol_package/smsm-dsh-wlt-journeys/05-financial-closure/J086.md,TASK-0017,BLOCKED_BY_FOUNDATION,J086-SL-13,ZERO_APPLICABLE_OPEN_GAPS_AND_SAME_SHA_EVIDENCE,
J086,J086-SL-15,15,Media/providers/cache/search,governance/operational_journey_protocol_package/smsm-dsh-wlt-journeys/05-financial-closure/J086.md,TASK-0017,BLOCKED_BY_FOUNDATION,J086-SL-14,ZERO_APPLICABLE_OPEN_GAPS_AND_SAME_SHA_EVIDENCE,
J086,J086-SL-16,16,DSH↔WLT financial boundary,governance/operational_journey_protocol_package/smsm-dsh-wlt-journeys/05-financial-closure/J086.md,TASK-0017,BLOCKED_BY_FOUNDATION,J086-SL-15,ZERO_APPLICABLE_OPEN_GAPS_AND_SAME_SHA_EVIDENCE,
J086,J086-SL-17,17,Concurrency/idempotency/unknown result,governance/operational_journey_protocol_package/smsm-dsh-wlt-journeys/05-financial-closure/J086.md,TASK-0017,BLOCKED_BY_FOUNDATION,J086-SL-16,ZERO_APPLICABLE_OPEN_GAPS_AND_SAME_SHA_EVIDENCE,
J086,J086-SL-18,18,Offline/retry/recovery,governance/operational_journey_protocol_package/smsm-dsh-wlt-journeys/05-financial-closure/J086.md,TASK-0017,BLOCKED_BY_FOUNDATION,J086-SL-17,ZERO_APPLICABLE_OPEN_GAPS_AND_SAME_SHA_EVIDENCE,
J086,J086-SL-19,19,Cross-surface readback,governance/operational_journey_protocol_package/smsm-dsh-wlt-journeys/05-financial-closure/J086.md,TASK-0017,BLOCKED_BY_FOUNDATION,J086-SL-18,ZERO_APPLICABLE_OPEN_GAPS_AND_SAME_SHA_EVIDENCE,
J086,J086-SL-20,20,Security/privacy/negative tests,governance/operational_journey_protocol_package/smsm-dsh-wlt-journeys/05-financial-closure/J086.md,TASK-0017,BLOCKED_BY_FOUNDATION,J086-SL-19,ZERO_APPLICABLE_OPEN_GAPS_AND_SAME_SHA_EVIDENCE,
J086,J086-SL-21,21,Audit/observability/performance,governance/operational_journey_protocol_package/smsm-dsh-wlt-journeys/05-financial-closure/J086.md,TASK-0017,BLOCKED_BY_FOUNDATION,J086-SL-20,ZERO_APPLICABLE_OPEN_GAPS_AND_SAME_SHA_EVIDENCE,
J086,J086-SL-22,22,Accessibility/RTL/localization,governance/operational_journey_protocol_package/smsm-dsh-wlt-journeys/05-financial-closure/J086.md,TASK-0017,BLOCKED_BY_FOUNDATION,J086-SL-21,ZERO_APPLICABLE_OPEN_GAPS_AND_SAME_SHA_EVIDENCE,
J086,J086-SL-23,23,Manual operational acceptance,governance/operational_journey_protocol_package/smsm-dsh-wlt-journeys/05-financial-closure/J086.md,TASK-0017,BLOCKED_BY_FOUNDATION,J086-SL-22,ZERO_APPLICABLE_OPEN_GAPS_AND_SAME_SHA_EVIDENCE,
J086,J086-SL-24,24,Cleanup/same-SHA evidence/closure,governance/operational_journey_protocol_package/smsm-dsh-wlt-journeys/05-financial-closure/J086.md,TASK-0017,BLOCKED_BY_FOUNDATION,J086-SL-23,ZERO_APPLICABLE_OPEN_GAPS_AND_SAME_SHA_EVIDENCE,
J087,J087-SL-01,1,Product Truth والنتيجة والثوابت,governance/operational_journey_protocol_package/smsm-dsh-wlt-journeys/05-financial-closure/J087.md,TASK-0017,BLOCKED_BY_FOUNDATION,FOUNDATION-00,ZERO_APPLICABLE_OPEN_GAPS_AND_SAME_SHA_EVIDENCE,
J087,J087-SL-02,2,Actors وهويات الخدمات,governance/operational_journey_protocol_package/smsm-dsh-wlt-journeys/05-financial-closure/J087.md,TASK-0017,BLOCKED_BY_FOUNDATION,J087-SL-01,ZERO_APPLICABLE_OPEN_GAPS_AND_SAME_SHA_EVIDENCE,
J087,J087-SL-03,3,التبعيات وشروط الدخول والخروج,governance/operational_journey_protocol_package/smsm-dsh-wlt-journeys/05-financial-closure/J087.md,TASK-0017,BLOCKED_BY_FOUNDATION,J087-SL-02,ZERO_APPLICABLE_OPEN_GAPS_AND_SAME_SHA_EVIDENCE,
J087,J087-SL-04,4,Identity/session/device,governance/operational_journey_protocol_package/smsm-dsh-wlt-journeys/05-financial-closure/J087.md,TASK-0017,BLOCKED_BY_FOUNDATION,J087-SL-03,ZERO_APPLICABLE_OPEN_GAPS_AND_SAME_SHA_EVIDENCE,
J087,J087-SL-05,5,Permission/trusted scope/object authorization,governance/operational_journey_protocol_package/smsm-dsh-wlt-journeys/05-financial-closure/J087.md,TASK-0017,BLOCKED_BY_FOUNDATION,J087-SL-04,ZERO_APPLICABLE_OPEN_GAPS_AND_SAME_SHA_EVIDENCE,
J087,J087-SL-06,6,Entrypoints/routes/deep links/navigation,governance/operational_journey_protocol_package/smsm-dsh-wlt-journeys/05-financial-closure/J087.md,TASK-0017,BLOCKED_BY_FOUNDATION,J087-SL-05,ZERO_APPLICABLE_OPEN_GAPS_AND_SAME_SHA_EVIDENCE,
J087,J087-SL-07,7,Screens/pages/tabs/buttons/icons/forms,governance/operational_journey_protocol_package/smsm-dsh-wlt-journeys/05-financial-closure/J087.md,TASK-0017,BLOCKED_BY_FOUNDATION,J087-SL-06,ZERO_APPLICABLE_OPEN_GAPS_AND_SAME_SHA_EVIDENCE,
J087,J087-SL-08,8,Shared brain/view model/visible states,governance/operational_journey_protocol_package/smsm-dsh-wlt-journeys/05-financial-closure/J087.md,TASK-0017,BLOCKED_BY_FOUNDATION,J087-SL-07,ZERO_APPLICABLE_OPEN_GAPS_AND_SAME_SHA_EVIDENCE,
J087,J087-SL-09,9,OpenAPI/error/security/idempotency,governance/operational_journey_protocol_package/smsm-dsh-wlt-journeys/05-financial-closure/J087.md,TASK-0017,BLOCKED_BY_FOUNDATION,J087-SL-08,ZERO_APPLICABLE_OPEN_GAPS_AND_SAME_SHA_EVIDENCE,
J087,J087-SL-10,10,Generated clients/transports,governance/operational_journey_protocol_package/smsm-dsh-wlt-journeys/05-financial-closure/J087.md,TASK-0017,BLOCKED_BY_FOUNDATION,J087-SL-09,ZERO_APPLICABLE_OPEN_GAPS_AND_SAME_SHA_EVIDENCE,
J087,J087-SL-11,11,Backend handler/domain/repository,governance/operational_journey_protocol_package/smsm-dsh-wlt-journeys/05-financial-closure/J087.md,TASK-0017,BLOCKED_BY_FOUNDATION,J087-SL-10,ZERO_APPLICABLE_OPEN_GAPS_AND_SAME_SHA_EVIDENCE,
J087,J087-SL-12,12,State machine/allowed actions,governance/operational_journey_protocol_package/smsm-dsh-wlt-journeys/05-financial-closure/J087.md,TASK-0017,BLOCKED_BY_FOUNDATION,J087-SL-11,ZERO_APPLICABLE_OPEN_GAPS_AND_SAME_SHA_EVIDENCE,
J087,J087-SL-13,13,Database/migrations/constraints/indexes,governance/operational_journey_protocol_package/smsm-dsh-wlt-journeys/05-financial-closure/J087.md,TASK-0017,BLOCKED_BY_FOUNDATION,J087-SL-12,ZERO_APPLICABLE_OPEN_GAPS_AND_SAME_SHA_EVIDENCE,
J087,J087-SL-14,14,Events/outbox/inbox/jobs/DLQ,governance/operational_journey_protocol_package/smsm-dsh-wlt-journeys/05-financial-closure/J087.md,TASK-0017,BLOCKED_BY_FOUNDATION,J087-SL-13,ZERO_APPLICABLE_OPEN_GAPS_AND_SAME_SHA_EVIDENCE,
J087,J087-SL-15,15,Media/providers/cache/search,governance/operational_journey_protocol_package/smsm-dsh-wlt-journeys/05-financial-closure/J087.md,TASK-0017,BLOCKED_BY_FOUNDATION,J087-SL-14,ZERO_APPLICABLE_OPEN_GAPS_AND_SAME_SHA_EVIDENCE,
J087,J087-SL-16,16,DSH↔WLT financial boundary,governance/operational_journey_protocol_package/smsm-dsh-wlt-journeys/05-financial-closure/J087.md,TASK-0017,BLOCKED_BY_FOUNDATION,J087-SL-15,ZERO_APPLICABLE_OPEN_GAPS_AND_SAME_SHA_EVIDENCE,
J087,J087-SL-17,17,Concurrency/idempotency/unknown result,governance/operational_journey_protocol_package/smsm-dsh-wlt-journeys/05-financial-closure/J087.md,TASK-0017,BLOCKED_BY_FOUNDATION,J087-SL-16,ZERO_APPLICABLE_OPEN_GAPS_AND_SAME_SHA_EVIDENCE,
J087,J087-SL-18,18,Offline/retry/recovery,governance/operational_journey_protocol_package/smsm-dsh-wlt-journeys/05-financial-closure/J087.md,TASK-0017,BLOCKED_BY_FOUNDATION,J087-SL-17,ZERO_APPLICABLE_OPEN_GAPS_AND_SAME_SHA_EVIDENCE,
J087,J087-SL-19,19,Cross-surface readback,governance/operational_journey_protocol_package/smsm-dsh-wlt-journeys/05-financial-closure/J087.md,TASK-0017,BLOCKED_BY_FOUNDATION,J087-SL-18,ZERO_APPLICABLE_OPEN_GAPS_AND_SAME_SHA_EVIDENCE,
J087,J087-SL-20,20,Security/privacy/negative tests,governance/operational_journey_protocol_package/smsm-dsh-wlt-journeys/05-financial-closure/J087.md,TASK-0017,BLOCKED_BY_FOUNDATION,J087-SL-19,ZERO_APPLICABLE_OPEN_GAPS_AND_SAME_SHA_EVIDENCE,
J087,J087-SL-21,21,Audit/observability/performance,governance/operational_journey_protocol_package/smsm-dsh-wlt-journeys/05-financial-closure/J087.md,TASK-0017,BLOCKED_BY_FOUNDATION,J087-SL-20,ZERO_APPLICABLE_OPEN_GAPS_AND_SAME_SHA_EVIDENCE,
J087,J087-SL-22,22,Accessibility/RTL/localization,governance/operational_journey_protocol_package/smsm-dsh-wlt-journeys/05-financial-closure/J087.md,TASK-0017,BLOCKED_BY_FOUNDATION,J087-SL-21,ZERO_APPLICABLE_OPEN_GAPS_AND_SAME_SHA_EVIDENCE,
J087,J087-SL-23,23,Manual operational acceptance,governance/operational_journey_protocol_package/smsm-dsh-wlt-journeys/05-financial-closure/J087.md,TASK-0017,BLOCKED_BY_FOUNDATION,J087-SL-22,ZERO_APPLICABLE_OPEN_GAPS_AND_SAME_SHA_EVIDENCE,
J087,J087-SL-24,24,Cleanup/same-SHA evidence/closure,governance/operational_journey_protocol_package/smsm-dsh-wlt-journeys/05-financial-closure/J087.md,TASK-0017,BLOCKED_BY_FOUNDATION,J087-SL-23,ZERO_APPLICABLE_OPEN_GAPS_AND_SAME_SHA_EVIDENCE,
J088,J088-SL-01,1,Product Truth والنتيجة والثوابت,governance/operational_journey_protocol_package/smsm-dsh-wlt-journeys/05-financial-closure/J088.md,TASK-0017,BLOCKED_BY_FOUNDATION,FOUNDATION-00,ZERO_APPLICABLE_OPEN_GAPS_AND_SAME_SHA_EVIDENCE,
J088,J088-SL-02,2,Actors وهويات الخدمات,governance/operational_journey_protocol_package/smsm-dsh-wlt-journeys/05-financial-closure/J088.md,TASK-0017,BLOCKED_BY_FOUNDATION,J088-SL-01,ZERO_APPLICABLE_OPEN_GAPS_AND_SAME_SHA_EVIDENCE,
J088,J088-SL-03,3,التبعيات وشروط الدخول والخروج,governance/operational_journey_protocol_package/smsm-dsh-wlt-journeys/05-financial-closure/J088.md,TASK-0017,BLOCKED_BY_FOUNDATION,J088-SL-02,ZERO_APPLICABLE_OPEN_GAPS_AND_SAME_SHA_EVIDENCE,
J088,J088-SL-04,4,Identity/session/device,governance/operational_journey_protocol_package/smsm-dsh-wlt-journeys/05-financial-closure/J088.md,TASK-0017,BLOCKED_BY_FOUNDATION,J088-SL-03,ZERO_APPLICABLE_OPEN_GAPS_AND_SAME_SHA_EVIDENCE,
J088,J088-SL-05,5,Permission/trusted scope/object authorization,governance/operational_journey_protocol_package/smsm-dsh-wlt-journeys/05-financial-closure/J088.md,TASK-0017,BLOCKED_BY_FOUNDATION,J088-SL-04,ZERO_APPLICABLE_OPEN_GAPS_AND_SAME_SHA_EVIDENCE,
J088,J088-SL-06,6,Entrypoints/routes/deep links/navigation,governance/operational_journey_protocol_package/smsm-dsh-wlt-journeys/05-financial-closure/J088.md,TASK-0017,BLOCKED_BY_FOUNDATION,J088-SL-05,ZERO_APPLICABLE_OPEN_GAPS_AND_SAME_SHA_EVIDENCE,
J088,J088-SL-07,7,Screens/pages/tabs/buttons/icons/forms,governance/operational_journey_protocol_package/smsm-dsh-wlt-journeys/05-financial-closure/J088.md,TASK-0017,BLOCKED_BY_FOUNDATION,J088-SL-06,ZERO_APPLICABLE_OPEN_GAPS_AND_SAME_SHA_EVIDENCE,
J088,J088-SL-08,8,Shared brain/view model/visible states,governance/operational_journey_protocol_package/smsm-dsh-wlt-journeys/05-financial-closure/J088.md,TASK-0017,BLOCKED_BY_FOUNDATION,J088-SL-07,ZERO_APPLICABLE_OPEN_GAPS_AND_SAME_SHA_EVIDENCE,
J088,J088-SL-09,9,OpenAPI/error/security/idempotency,governance/operational_journey_protocol_package/smsm-dsh-wlt-journeys/05-financial-closure/J088.md,TASK-0017,BLOCKED_BY_FOUNDATION,J088-SL-08,ZERO_APPLICABLE_OPEN_GAPS_AND_SAME_SHA_EVIDENCE,
J088,J088-SL-10,10,Generated clients/transports,governance/operational_journey_protocol_package/smsm-dsh-wlt-journeys/05-financial-closure/J088.md,TASK-0017,BLOCKED_BY_FOUNDATION,J088-SL-09,ZERO_APPLICABLE_OPEN_GAPS_AND_SAME_SHA_EVIDENCE,
J088,J088-SL-11,11,Backend handler/domain/repository,governance/operational_journey_protocol_package/smsm-dsh-wlt-journeys/05-financial-closure/J088.md,TASK-0017,BLOCKED_BY_FOUNDATION,J088-SL-10,ZERO_APPLICABLE_OPEN_GAPS_AND_SAME_SHA_EVIDENCE,
J088,J088-SL-12,12,State machine/allowed actions,governance/operational_journey_protocol_package/smsm-dsh-wlt-journeys/05-financial-closure/J088.md,TASK-0017,BLOCKED_BY_FOUNDATION,J088-SL-11,ZERO_APPLICABLE_OPEN_GAPS_AND_SAME_SHA_EVIDENCE,
J088,J088-SL-13,13,Database/migrations/constraints/indexes,governance/operational_journey_protocol_package/smsm-dsh-wlt-journeys/05-financial-closure/J088.md,TASK-0017,BLOCKED_BY_FOUNDATION,J088-SL-12,ZERO_APPLICABLE_OPEN_GAPS_AND_SAME_SHA_EVIDENCE,
J088,J088-SL-14,14,Events/outbox/inbox/jobs/DLQ,governance/operational_journey_protocol_package/smsm-dsh-wlt-journeys/05-financial-closure/J088.md,TASK-0017,BLOCKED_BY_FOUNDATION,J088-SL-13,ZERO_APPLICABLE_OPEN_GAPS_AND_SAME_SHA_EVIDENCE,
J088,J088-SL-15,15,Media/providers/cache/search,governance/operational_journey_protocol_package/smsm-dsh-wlt-journeys/05-financial-closure/J088.md,TASK-0017,BLOCKED_BY_FOUNDATION,J088-SL-14,ZERO_APPLICABLE_OPEN_GAPS_AND_SAME_SHA_EVIDENCE,
J088,J088-SL-16,16,DSH↔WLT financial boundary,governance/operational_journey_protocol_package/smsm-dsh-wlt-journeys/05-financial-closure/J088.md,TASK-0017,BLOCKED_BY_FOUNDATION,J088-SL-15,ZERO_APPLICABLE_OPEN_GAPS_AND_SAME_SHA_EVIDENCE,
J088,J088-SL-17,17,Concurrency/idempotency/unknown result,governance/operational_journey_protocol_package/smsm-dsh-wlt-journeys/05-financial-closure/J088.md,TASK-0017,BLOCKED_BY_FOUNDATION,J088-SL-16,ZERO_APPLICABLE_OPEN_GAPS_AND_SAME_SHA_EVIDENCE,
J088,J088-SL-18,18,Offline/retry/recovery,governance/operational_journey_protocol_package/smsm-dsh-wlt-journeys/05-financial-closure/J088.md,TASK-0017,BLOCKED_BY_FOUNDATION,J088-SL-17,ZERO_APPLICABLE_OPEN_GAPS_AND_SAME_SHA_EVIDENCE,
J088,J088-SL-19,19,Cross-surface readback,governance/operational_journey_protocol_package/smsm-dsh-wlt-journeys/05-financial-closure/J088.md,TASK-0017,BLOCKED_BY_FOUNDATION,J088-SL-18,ZERO_APPLICABLE_OPEN_GAPS_AND_SAME_SHA_EVIDENCE,
J088,J088-SL-20,20,Security/privacy/negative tests,governance/operational_journey_protocol_package/smsm-dsh-wlt-journeys/05-financial-closure/J088.md,TASK-0017,BLOCKED_BY_FOUNDATION,J088-SL-19,ZERO_APPLICABLE_OPEN_GAPS_AND_SAME_SHA_EVIDENCE,
J088,J088-SL-21,21,Audit/observability/performance,governance/operational_journey_protocol_package/smsm-dsh-wlt-journeys/05-financial-closure/J088.md,TASK-0017,BLOCKED_BY_FOUNDATION,J088-SL-20,ZERO_APPLICABLE_OPEN_GAPS_AND_SAME_SHA_EVIDENCE,
J088,J088-SL-22,22,Accessibility/RTL/localization,governance/operational_journey_protocol_package/smsm-dsh-wlt-journeys/05-financial-closure/J088.md,TASK-0017,BLOCKED_BY_FOUNDATION,J088-SL-21,ZERO_APPLICABLE_OPEN_GAPS_AND_SAME_SHA_EVIDENCE,
J088,J088-SL-23,23,Manual operational acceptance,governance/operational_journey_protocol_package/smsm-dsh-wlt-journeys/05-financial-closure/J088.md,TASK-0017,BLOCKED_BY_FOUNDATION,J088-SL-22,ZERO_APPLICABLE_OPEN_GAPS_AND_SAME_SHA_EVIDENCE,
J088,J088-SL-24,24,Cleanup/same-SHA evidence/closure,governance/operational_journey_protocol_package/smsm-dsh-wlt-journeys/05-financial-closure/J088.md,TASK-0017,BLOCKED_BY_FOUNDATION,J088-SL-23,ZERO_APPLICABLE_OPEN_GAPS_AND_SAME_SHA_EVIDENCE,
J089,J089-SL-01,1,Product Truth والنتيجة والثوابت,governance/operational_journey_protocol_package/smsm-dsh-wlt-journeys/05-financial-closure/J089.md,TASK-0017,BLOCKED_BY_FOUNDATION,FOUNDATION-00,ZERO_APPLICABLE_OPEN_GAPS_AND_SAME_SHA_EVIDENCE,
J089,J089-SL-02,2,Actors وهويات الخدمات,governance/operational_journey_protocol_package/smsm-dsh-wlt-journeys/05-financial-closure/J089.md,TASK-0017,BLOCKED_BY_FOUNDATION,J089-SL-01,ZERO_APPLICABLE_OPEN_GAPS_AND_SAME_SHA_EVIDENCE,
J089,J089-SL-03,3,التبعيات وشروط الدخول والخروج,governance/operational_journey_protocol_package/smsm-dsh-wlt-journeys/05-financial-closure/J089.md,TASK-0017,BLOCKED_BY_FOUNDATION,J089-SL-02,ZERO_APPLICABLE_OPEN_GAPS_AND_SAME_SHA_EVIDENCE,
J089,J089-SL-04,4,Identity/session/device,governance/operational_journey_protocol_package/smsm-dsh-wlt-journeys/05-financial-closure/J089.md,TASK-0017,BLOCKED_BY_FOUNDATION,J089-SL-03,ZERO_APPLICABLE_OPEN_GAPS_AND_SAME_SHA_EVIDENCE,
J089,J089-SL-05,5,Permission/trusted scope/object authorization,governance/operational_journey_protocol_package/smsm-dsh-wlt-journeys/05-financial-closure/J089.md,TASK-0017,BLOCKED_BY_FOUNDATION,J089-SL-04,ZERO_APPLICABLE_OPEN_GAPS_AND_SAME_SHA_EVIDENCE,
J089,J089-SL-06,6,Entrypoints/routes/deep links/navigation,governance/operational_journey_protocol_package/smsm-dsh-wlt-journeys/05-financial-closure/J089.md,TASK-0017,BLOCKED_BY_FOUNDATION,J089-SL-05,ZERO_APPLICABLE_OPEN_GAPS_AND_SAME_SHA_EVIDENCE,
J089,J089-SL-07,7,Screens/pages/tabs/buttons/icons/forms,governance/operational_journey_protocol_package/smsm-dsh-wlt-journeys/05-financial-closure/J089.md,TASK-0017,BLOCKED_BY_FOUNDATION,J089-SL-06,ZERO_APPLICABLE_OPEN_GAPS_AND_SAME_SHA_EVIDENCE,
J089,J089-SL-08,8,Shared brain/view model/visible states,governance/operational_journey_protocol_package/smsm-dsh-wlt-journeys/05-financial-closure/J089.md,TASK-0017,BLOCKED_BY_FOUNDATION,J089-SL-07,ZERO_APPLICABLE_OPEN_GAPS_AND_SAME_SHA_EVIDENCE,
J089,J089-SL-09,9,OpenAPI/error/security/idempotency,governance/operational_journey_protocol_package/smsm-dsh-wlt-journeys/05-financial-closure/J089.md,TASK-0017,BLOCKED_BY_FOUNDATION,J089-SL-08,ZERO_APPLICABLE_OPEN_GAPS_AND_SAME_SHA_EVIDENCE,
J089,J089-SL-10,10,Generated clients/transports,governance/operational_journey_protocol_package/smsm-dsh-wlt-journeys/05-financial-closure/J089.md,TASK-0017,BLOCKED_BY_FOUNDATION,J089-SL-09,ZERO_APPLICABLE_OPEN_GAPS_AND_SAME_SHA_EVIDENCE,
J089,J089-SL-11,11,Backend handler/domain/repository,governance/operational_journey_protocol_package/smsm-dsh-wlt-journeys/05-financial-closure/J089.md,TASK-0017,BLOCKED_BY_FOUNDATION,J089-SL-10,ZERO_APPLICABLE_OPEN_GAPS_AND_SAME_SHA_EVIDENCE,
J089,J089-SL-12,12,State machine/allowed actions,governance/operational_journey_protocol_package/smsm-dsh-wlt-journeys/05-financial-closure/J089.md,TASK-0017,BLOCKED_BY_FOUNDATION,J089-SL-11,ZERO_APPLICABLE_OPEN_GAPS_AND_SAME_SHA_EVIDENCE,
J089,J089-SL-13,13,Database/migrations/constraints/indexes,governance/operational_journey_protocol_package/smsm-dsh-wlt-journeys/05-financial-closure/J089.md,TASK-0017,BLOCKED_BY_FOUNDATION,J089-SL-12,ZERO_APPLICABLE_OPEN_GAPS_AND_SAME_SHA_EVIDENCE,
J089,J089-SL-14,14,Events/outbox/inbox/jobs/DLQ,governance/operational_journey_protocol_package/smsm-dsh-wlt-journeys/05-financial-closure/J089.md,TASK-0017,BLOCKED_BY_FOUNDATION,J089-SL-13,ZERO_APPLICABLE_OPEN_GAPS_AND_SAME_SHA_EVIDENCE,
J089,J089-SL-15,15,Media/providers/cache/search,governance/operational_journey_protocol_package/smsm-dsh-wlt-journeys/05-financial-closure/J089.md,TASK-0017,BLOCKED_BY_FOUNDATION,J089-SL-14,ZERO_APPLICABLE_OPEN_GAPS_AND_SAME_SHA_EVIDENCE,
J089,J089-SL-16,16,DSH↔WLT financial boundary,governance/operational_journey_protocol_package/smsm-dsh-wlt-journeys/05-financial-closure/J089.md,TASK-0017,BLOCKED_BY_FOUNDATION,J089-SL-15,ZERO_APPLICABLE_OPEN_GAPS_AND_SAME_SHA_EVIDENCE,
J089,J089-SL-17,17,Concurrency/idempotency/unknown result,governance/operational_journey_protocol_package/smsm-dsh-wlt-journeys/05-financial-closure/J089.md,TASK-0017,BLOCKED_BY_FOUNDATION,J089-SL-16,ZERO_APPLICABLE_OPEN_GAPS_AND_SAME_SHA_EVIDENCE,
J089,J089-SL-18,18,Offline/retry/recovery,governance/operational_journey_protocol_package/smsm-dsh-wlt-journeys/05-financial-closure/J089.md,TASK-0017,BLOCKED_BY_FOUNDATION,J089-SL-17,ZERO_APPLICABLE_OPEN_GAPS_AND_SAME_SHA_EVIDENCE,
J089,J089-SL-19,19,Cross-surface readback,governance/operational_journey_protocol_package/smsm-dsh-wlt-journeys/05-financial-closure/J089.md,TASK-0017,BLOCKED_BY_FOUNDATION,J089-SL-18,ZERO_APPLICABLE_OPEN_GAPS_AND_SAME_SHA_EVIDENCE,
J089,J089-SL-20,20,Security/privacy/negative tests,governance/operational_journey_protocol_package/smsm-dsh-wlt-journeys/05-financial-closure/J089.md,TASK-0017,BLOCKED_BY_FOUNDATION,J089-SL-19,ZERO_APPLICABLE_OPEN_GAPS_AND_SAME_SHA_EVIDENCE,
J089,J089-SL-21,21,Audit/observability/performance,governance/operational_journey_protocol_package/smsm-dsh-wlt-journeys/05-financial-closure/J089.md,TASK-0017,BLOCKED_BY_FOUNDATION,J089-SL-20,ZERO_APPLICABLE_OPEN_GAPS_AND_SAME_SHA_EVIDENCE,
J089,J089-SL-22,22,Accessibility/RTL/localization,governance/operational_journey_protocol_package/smsm-dsh-wlt-journeys/05-financial-closure/J089.md,TASK-0017,BLOCKED_BY_FOUNDATION,J089-SL-21,ZERO_APPLICABLE_OPEN_GAPS_AND_SAME_SHA_EVIDENCE,
J089,J089-SL-23,23,Manual operational acceptance,governance/operational_journey_protocol_package/smsm-dsh-wlt-journeys/05-financial-closure/J089.md,TASK-0017,BLOCKED_BY_FOUNDATION,J089-SL-22,ZERO_APPLICABLE_OPEN_GAPS_AND_SAME_SHA_EVIDENCE,
J089,J089-SL-24,24,Cleanup/same-SHA evidence/closure,governance/operational_journey_protocol_package/smsm-dsh-wlt-journeys/05-financial-closure/J089.md,TASK-0017,BLOCKED_BY_FOUNDATION,J089-SL-23,ZERO_APPLICABLE_OPEN_GAPS_AND_SAME_SHA_EVIDENCE,
J090,J090-SL-01,1,Product Truth والنتيجة والثوابت,governance/operational_journey_protocol_package/smsm-dsh-wlt-journeys/05-financial-closure/J090.md,TASK-0017,BLOCKED_BY_FOUNDATION,FOUNDATION-00,ZERO_APPLICABLE_OPEN_GAPS_AND_SAME_SHA_EVIDENCE,
J090,J090-SL-02,2,Actors وهويات الخدمات,governance/operational_journey_protocol_package/smsm-dsh-wlt-journeys/05-financial-closure/J090.md,TASK-0017,BLOCKED_BY_FOUNDATION,J090-SL-01,ZERO_APPLICABLE_OPEN_GAPS_AND_SAME_SHA_EVIDENCE,
J090,J090-SL-03,3,التبعيات وشروط الدخول والخروج,governance/operational_journey_protocol_package/smsm-dsh-wlt-journeys/05-financial-closure/J090.md,TASK-0017,BLOCKED_BY_FOUNDATION,J090-SL-02,ZERO_APPLICABLE_OPEN_GAPS_AND_SAME_SHA_EVIDENCE,
J090,J090-SL-04,4,Identity/session/device,governance/operational_journey_protocol_package/smsm-dsh-wlt-journeys/05-financial-closure/J090.md,TASK-0017,BLOCKED_BY_FOUNDATION,J090-SL-03,ZERO_APPLICABLE_OPEN_GAPS_AND_SAME_SHA_EVIDENCE,
J090,J090-SL-05,5,Permission/trusted scope/object authorization,governance/operational_journey_protocol_package/smsm-dsh-wlt-journeys/05-financial-closure/J090.md,TASK-0017,BLOCKED_BY_FOUNDATION,J090-SL-04,ZERO_APPLICABLE_OPEN_GAPS_AND_SAME_SHA_EVIDENCE,
J090,J090-SL-06,6,Entrypoints/routes/deep links/navigation,governance/operational_journey_protocol_package/smsm-dsh-wlt-journeys/05-financial-closure/J090.md,TASK-0017,BLOCKED_BY_FOUNDATION,J090-SL-05,ZERO_APPLICABLE_OPEN_GAPS_AND_SAME_SHA_EVIDENCE,
J090,J090-SL-07,7,Screens/pages/tabs/buttons/icons/forms,governance/operational_journey_protocol_package/smsm-dsh-wlt-journeys/05-financial-closure/J090.md,TASK-0017,BLOCKED_BY_FOUNDATION,J090-SL-06,ZERO_APPLICABLE_OPEN_GAPS_AND_SAME_SHA_EVIDENCE,
J090,J090-SL-08,8,Shared brain/view model/visible states,governance/operational_journey_protocol_package/smsm-dsh-wlt-journeys/05-financial-closure/J090.md,TASK-0017,BLOCKED_BY_FOUNDATION,J090-SL-07,ZERO_APPLICABLE_OPEN_GAPS_AND_SAME_SHA_EVIDENCE,
J090,J090-SL-09,9,OpenAPI/error/security/idempotency,governance/operational_journey_protocol_package/smsm-dsh-wlt-journeys/05-financial-closure/J090.md,TASK-0017,BLOCKED_BY_FOUNDATION,J090-SL-08,ZERO_APPLICABLE_OPEN_GAPS_AND_SAME_SHA_EVIDENCE,
J090,J090-SL-10,10,Generated clients/transports,governance/operational_journey_protocol_package/smsm-dsh-wlt-journeys/05-financial-closure/J090.md,TASK-0017,BLOCKED_BY_FOUNDATION,J090-SL-09,ZERO_APPLICABLE_OPEN_GAPS_AND_SAME_SHA_EVIDENCE,
J090,J090-SL-11,11,Backend handler/domain/repository,governance/operational_journey_protocol_package/smsm-dsh-wlt-journeys/05-financial-closure/J090.md,TASK-0017,BLOCKED_BY_FOUNDATION,J090-SL-10,ZERO_APPLICABLE_OPEN_GAPS_AND_SAME_SHA_EVIDENCE,
J090,J090-SL-12,12,State machine/allowed actions,governance/operational_journey_protocol_package/smsm-dsh-wlt-journeys/05-financial-closure/J090.md,TASK-0017,BLOCKED_BY_FOUNDATION,J090-SL-11,ZERO_APPLICABLE_OPEN_GAPS_AND_SAME_SHA_EVIDENCE,
J090,J090-SL-13,13,Database/migrations/constraints/indexes,governance/operational_journey_protocol_package/smsm-dsh-wlt-journeys/05-financial-closure/J090.md,TASK-0017,BLOCKED_BY_FOUNDATION,J090-SL-12,ZERO_APPLICABLE_OPEN_GAPS_AND_SAME_SHA_EVIDENCE,
J090,J090-SL-14,14,Events/outbox/inbox/jobs/DLQ,governance/operational_journey_protocol_package/smsm-dsh-wlt-journeys/05-financial-closure/J090.md,TASK-0017,BLOCKED_BY_FOUNDATION,J090-SL-13,ZERO_APPLICABLE_OPEN_GAPS_AND_SAME_SHA_EVIDENCE,
J090,J090-SL-15,15,Media/providers/cache/search,governance/operational_journey_protocol_package/smsm-dsh-wlt-journeys/05-financial-closure/J090.md,TASK-0017,BLOCKED_BY_FOUNDATION,J090-SL-14,ZERO_APPLICABLE_OPEN_GAPS_AND_SAME_SHA_EVIDENCE,
J090,J090-SL-16,16,DSH↔WLT financial boundary,governance/operational_journey_protocol_package/smsm-dsh-wlt-journeys/05-financial-closure/J090.md,TASK-0017,BLOCKED_BY_FOUNDATION,J090-SL-15,ZERO_APPLICABLE_OPEN_GAPS_AND_SAME_SHA_EVIDENCE,
J090,J090-SL-17,17,Concurrency/idempotency/unknown result,governance/operational_journey_protocol_package/smsm-dsh-wlt-journeys/05-financial-closure/J090.md,TASK-0017,BLOCKED_BY_FOUNDATION,J090-SL-16,ZERO_APPLICABLE_OPEN_GAPS_AND_SAME_SHA_EVIDENCE,
J090,J090-SL-18,18,Offline/retry/recovery,governance/operational_journey_protocol_package/smsm-dsh-wlt-journeys/05-financial-closure/J090.md,TASK-0017,BLOCKED_BY_FOUNDATION,J090-SL-17,ZERO_APPLICABLE_OPEN_GAPS_AND_SAME_SHA_EVIDENCE,
J090,J090-SL-19,19,Cross-surface readback,governance/operational_journey_protocol_package/smsm-dsh-wlt-journeys/05-financial-closure/J090.md,TASK-0017,BLOCKED_BY_FOUNDATION,J090-SL-18,ZERO_APPLICABLE_OPEN_GAPS_AND_SAME_SHA_EVIDENCE,
J090,J090-SL-20,20,Security/privacy/negative tests,governance/operational_journey_protocol_package/smsm-dsh-wlt-journeys/05-financial-closure/J090.md,TASK-0017,BLOCKED_BY_FOUNDATION,J090-SL-19,ZERO_APPLICABLE_OPEN_GAPS_AND_SAME_SHA_EVIDENCE,
J090,J090-SL-21,21,Audit/observability/performance,governance/operational_journey_protocol_package/smsm-dsh-wlt-journeys/05-financial-closure/J090.md,TASK-0017,BLOCKED_BY_FOUNDATION,J090-SL-20,ZERO_APPLICABLE_OPEN_GAPS_AND_SAME_SHA_EVIDENCE,
J090,J090-SL-22,22,Accessibility/RTL/localization,governance/operational_journey_protocol_package/smsm-dsh-wlt-journeys/05-financial-closure/J090.md,TASK-0017,BLOCKED_BY_FOUNDATION,J090-SL-21,ZERO_APPLICABLE_OPEN_GAPS_AND_SAME_SHA_EVIDENCE,
J090,J090-SL-23,23,Manual operational acceptance,governance/operational_journey_protocol_package/smsm-dsh-wlt-journeys/05-financial-closure/J090.md,TASK-0017,BLOCKED_BY_FOUNDATION,J090-SL-22,ZERO_APPLICABLE_OPEN_GAPS_AND_SAME_SHA_EVIDENCE,
J090,J090-SL-24,24,Cleanup/same-SHA evidence/closure,governance/operational_journey_protocol_package/smsm-dsh-wlt-journeys/05-financial-closure/J090.md,TASK-0017,BLOCKED_BY_FOUNDATION,J090-SL-23,ZERO_APPLICABLE_OPEN_GAPS_AND_SAME_SHA_EVIDENCE,
J091,J091-SL-01,1,Product Truth والنتيجة والثوابت,governance/operational_journey_protocol_package/smsm-dsh-wlt-journeys/05-financial-closure/J091.md,TASK-0017,BLOCKED_BY_FOUNDATION,FOUNDATION-00,ZERO_APPLICABLE_OPEN_GAPS_AND_SAME_SHA_EVIDENCE,
J091,J091-SL-02,2,Actors وهويات الخدمات,governance/operational_journey_protocol_package/smsm-dsh-wlt-journeys/05-financial-closure/J091.md,TASK-0017,BLOCKED_BY_FOUNDATION,J091-SL-01,ZERO_APPLICABLE_OPEN_GAPS_AND_SAME_SHA_EVIDENCE,
J091,J091-SL-03,3,التبعيات وشروط الدخول والخروج,governance/operational_journey_protocol_package/smsm-dsh-wlt-journeys/05-financial-closure/J091.md,TASK-0017,BLOCKED_BY_FOUNDATION,J091-SL-02,ZERO_APPLICABLE_OPEN_GAPS_AND_SAME_SHA_EVIDENCE,
J091,J091-SL-04,4,Identity/session/device,governance/operational_journey_protocol_package/smsm-dsh-wlt-journeys/05-financial-closure/J091.md,TASK-0017,BLOCKED_BY_FOUNDATION,J091-SL-03,ZERO_APPLICABLE_OPEN_GAPS_AND_SAME_SHA_EVIDENCE,
J091,J091-SL-05,5,Permission/trusted scope/object authorization,governance/operational_journey_protocol_package/smsm-dsh-wlt-journeys/05-financial-closure/J091.md,TASK-0017,BLOCKED_BY_FOUNDATION,J091-SL-04,ZERO_APPLICABLE_OPEN_GAPS_AND_SAME_SHA_EVIDENCE,
J091,J091-SL-06,6,Entrypoints/routes/deep links/navigation,governance/operational_journey_protocol_package/smsm-dsh-wlt-journeys/05-financial-closure/J091.md,TASK-0017,BLOCKED_BY_FOUNDATION,J091-SL-05,ZERO_APPLICABLE_OPEN_GAPS_AND_SAME_SHA_EVIDENCE,
J091,J091-SL-07,7,Screens/pages/tabs/buttons/icons/forms,governance/operational_journey_protocol_package/smsm-dsh-wlt-journeys/05-financial-closure/J091.md,TASK-0017,BLOCKED_BY_FOUNDATION,J091-SL-06,ZERO_APPLICABLE_OPEN_GAPS_AND_SAME_SHA_EVIDENCE,
J091,J091-SL-08,8,Shared brain/view model/visible states,governance/operational_journey_protocol_package/smsm-dsh-wlt-journeys/05-financial-closure/J091.md,TASK-0017,BLOCKED_BY_FOUNDATION,J091-SL-07,ZERO_APPLICABLE_OPEN_GAPS_AND_SAME_SHA_EVIDENCE,
J091,J091-SL-09,9,OpenAPI/error/security/idempotency,governance/operational_journey_protocol_package/smsm-dsh-wlt-journeys/05-financial-closure/J091.md,TASK-0017,BLOCKED_BY_FOUNDATION,J091-SL-08,ZERO_APPLICABLE_OPEN_GAPS_AND_SAME_SHA_EVIDENCE,
J091,J091-SL-10,10,Generated clients/transports,governance/operational_journey_protocol_package/smsm-dsh-wlt-journeys/05-financial-closure/J091.md,TASK-0017,BLOCKED_BY_FOUNDATION,J091-SL-09,ZERO_APPLICABLE_OPEN_GAPS_AND_SAME_SHA_EVIDENCE,
J091,J091-SL-11,11,Backend handler/domain/repository,governance/operational_journey_protocol_package/smsm-dsh-wlt-journeys/05-financial-closure/J091.md,TASK-0017,BLOCKED_BY_FOUNDATION,J091-SL-10,ZERO_APPLICABLE_OPEN_GAPS_AND_SAME_SHA_EVIDENCE,
J091,J091-SL-12,12,State machine/allowed actions,governance/operational_journey_protocol_package/smsm-dsh-wlt-journeys/05-financial-closure/J091.md,TASK-0017,BLOCKED_BY_FOUNDATION,J091-SL-11,ZERO_APPLICABLE_OPEN_GAPS_AND_SAME_SHA_EVIDENCE,
J091,J091-SL-13,13,Database/migrations/constraints/indexes,governance/operational_journey_protocol_package/smsm-dsh-wlt-journeys/05-financial-closure/J091.md,TASK-0017,BLOCKED_BY_FOUNDATION,J091-SL-12,ZERO_APPLICABLE_OPEN_GAPS_AND_SAME_SHA_EVIDENCE,
J091,J091-SL-14,14,Events/outbox/inbox/jobs/DLQ,governance/operational_journey_protocol_package/smsm-dsh-wlt-journeys/05-financial-closure/J091.md,TASK-0017,BLOCKED_BY_FOUNDATION,J091-SL-13,ZERO_APPLICABLE_OPEN_GAPS_AND_SAME_SHA_EVIDENCE,
J091,J091-SL-15,15,Media/providers/cache/search,governance/operational_journey_protocol_package/smsm-dsh-wlt-journeys/05-financial-closure/J091.md,TASK-0017,BLOCKED_BY_FOUNDATION,J091-SL-14,ZERO_APPLICABLE_OPEN_GAPS_AND_SAME_SHA_EVIDENCE,
J091,J091-SL-16,16,DSH↔WLT financial boundary,governance/operational_journey_protocol_package/smsm-dsh-wlt-journeys/05-financial-closure/J091.md,TASK-0017,BLOCKED_BY_FOUNDATION,J091-SL-15,ZERO_APPLICABLE_OPEN_GAPS_AND_SAME_SHA_EVIDENCE,
J091,J091-SL-17,17,Concurrency/idempotency/unknown result,governance/operational_journey_protocol_package/smsm-dsh-wlt-journeys/05-financial-closure/J091.md,TASK-0017,BLOCKED_BY_FOUNDATION,J091-SL-16,ZERO_APPLICABLE_OPEN_GAPS_AND_SAME_SHA_EVIDENCE,
J091,J091-SL-18,18,Offline/retry/recovery,governance/operational_journey_protocol_package/smsm-dsh-wlt-journeys/05-financial-closure/J091.md,TASK-0017,BLOCKED_BY_FOUNDATION,J091-SL-17,ZERO_APPLICABLE_OPEN_GAPS_AND_SAME_SHA_EVIDENCE,
J091,J091-SL-19,19,Cross-surface readback,governance/operational_journey_protocol_package/smsm-dsh-wlt-journeys/05-financial-closure/J091.md,TASK-0017,BLOCKED_BY_FOUNDATION,J091-SL-18,ZERO_APPLICABLE_OPEN_GAPS_AND_SAME_SHA_EVIDENCE,
J091,J091-SL-20,20,Security/privacy/negative tests,governance/operational_journey_protocol_package/smsm-dsh-wlt-journeys/05-financial-closure/J091.md,TASK-0017,BLOCKED_BY_FOUNDATION,J091-SL-19,ZERO_APPLICABLE_OPEN_GAPS_AND_SAME_SHA_EVIDENCE,
J091,J091-SL-21,21,Audit/observability/performance,governance/operational_journey_protocol_package/smsm-dsh-wlt-journeys/05-financial-closure/J091.md,TASK-0017,BLOCKED_BY_FOUNDATION,J091-SL-20,ZERO_APPLICABLE_OPEN_GAPS_AND_SAME_SHA_EVIDENCE,
J091,J091-SL-22,22,Accessibility/RTL/localization,governance/operational_journey_protocol_package/smsm-dsh-wlt-journeys/05-financial-closure/J091.md,TASK-0017,BLOCKED_BY_FOUNDATION,J091-SL-21,ZERO_APPLICABLE_OPEN_GAPS_AND_SAME_SHA_EVIDENCE,
J091,J091-SL-23,23,Manual operational acceptance,governance/operational_journey_protocol_package/smsm-dsh-wlt-journeys/05-financial-closure/J091.md,TASK-0017,BLOCKED_BY_FOUNDATION,J091-SL-22,ZERO_APPLICABLE_OPEN_GAPS_AND_SAME_SHA_EVIDENCE,
J091,J091-SL-24,24,Cleanup/same-SHA evidence/closure,governance/operational_journey_protocol_package/smsm-dsh-wlt-journeys/05-financial-closure/J091.md,TASK-0017,BLOCKED_BY_FOUNDATION,J091-SL-23,ZERO_APPLICABLE_OPEN_GAPS_AND_SAME_SHA_EVIDENCE,
J092,J092-SL-01,1,Product Truth والنتيجة والثوابت,governance/operational_journey_protocol_package/smsm-dsh-wlt-journeys/05-financial-closure/J092.md,TASK-0017,BLOCKED_BY_FOUNDATION,FOUNDATION-00,ZERO_APPLICABLE_OPEN_GAPS_AND_SAME_SHA_EVIDENCE,
J092,J092-SL-02,2,Actors وهويات الخدمات,governance/operational_journey_protocol_package/smsm-dsh-wlt-journeys/05-financial-closure/J092.md,TASK-0017,BLOCKED_BY_FOUNDATION,J092-SL-01,ZERO_APPLICABLE_OPEN_GAPS_AND_SAME_SHA_EVIDENCE,
J092,J092-SL-03,3,التبعيات وشروط الدخول والخروج,governance/operational_journey_protocol_package/smsm-dsh-wlt-journeys/05-financial-closure/J092.md,TASK-0017,BLOCKED_BY_FOUNDATION,J092-SL-02,ZERO_APPLICABLE_OPEN_GAPS_AND_SAME_SHA_EVIDENCE,
J092,J092-SL-04,4,Identity/session/device,governance/operational_journey_protocol_package/smsm-dsh-wlt-journeys/05-financial-closure/J092.md,TASK-0017,BLOCKED_BY_FOUNDATION,J092-SL-03,ZERO_APPLICABLE_OPEN_GAPS_AND_SAME_SHA_EVIDENCE,
J092,J092-SL-05,5,Permission/trusted scope/object authorization,governance/operational_journey_protocol_package/smsm-dsh-wlt-journeys/05-financial-closure/J092.md,TASK-0017,BLOCKED_BY_FOUNDATION,J092-SL-04,ZERO_APPLICABLE_OPEN_GAPS_AND_SAME_SHA_EVIDENCE,
J092,J092-SL-06,6,Entrypoints/routes/deep links/navigation,governance/operational_journey_protocol_package/smsm-dsh-wlt-journeys/05-financial-closure/J092.md,TASK-0017,BLOCKED_BY_FOUNDATION,J092-SL-05,ZERO_APPLICABLE_OPEN_GAPS_AND_SAME_SHA_EVIDENCE,
J092,J092-SL-07,7,Screens/pages/tabs/buttons/icons/forms,governance/operational_journey_protocol_package/smsm-dsh-wlt-journeys/05-financial-closure/J092.md,TASK-0017,BLOCKED_BY_FOUNDATION,J092-SL-06,ZERO_APPLICABLE_OPEN_GAPS_AND_SAME_SHA_EVIDENCE,
J092,J092-SL-08,8,Shared brain/view model/visible states,governance/operational_journey_protocol_package/smsm-dsh-wlt-journeys/05-financial-closure/J092.md,TASK-0017,BLOCKED_BY_FOUNDATION,J092-SL-07,ZERO_APPLICABLE_OPEN_GAPS_AND_SAME_SHA_EVIDENCE,
J092,J092-SL-09,9,OpenAPI/error/security/idempotency,governance/operational_journey_protocol_package/smsm-dsh-wlt-journeys/05-financial-closure/J092.md,TASK-0017,BLOCKED_BY_FOUNDATION,J092-SL-08,ZERO_APPLICABLE_OPEN_GAPS_AND_SAME_SHA_EVIDENCE,
J092,J092-SL-10,10,Generated clients/transports,governance/operational_journey_protocol_package/smsm-dsh-wlt-journeys/05-financial-closure/J092.md,TASK-0017,BLOCKED_BY_FOUNDATION,J092-SL-09,ZERO_APPLICABLE_OPEN_GAPS_AND_SAME_SHA_EVIDENCE,
J092,J092-SL-11,11,Backend handler/domain/repository,governance/operational_journey_protocol_package/smsm-dsh-wlt-journeys/05-financial-closure/J092.md,TASK-0017,BLOCKED_BY_FOUNDATION,J092-SL-10,ZERO_APPLICABLE_OPEN_GAPS_AND_SAME_SHA_EVIDENCE,
J092,J092-SL-12,12,State machine/allowed actions,governance/operational_journey_protocol_package/smsm-dsh-wlt-journeys/05-financial-closure/J092.md,TASK-0017,BLOCKED_BY_FOUNDATION,J092-SL-11,ZERO_APPLICABLE_OPEN_GAPS_AND_SAME_SHA_EVIDENCE,
J092,J092-SL-13,13,Database/migrations/constraints/indexes,governance/operational_journey_protocol_package/smsm-dsh-wlt-journeys/05-financial-closure/J092.md,TASK-0017,BLOCKED_BY_FOUNDATION,J092-SL-12,ZERO_APPLICABLE_OPEN_GAPS_AND_SAME_SHA_EVIDENCE,
J092,J092-SL-14,14,Events/outbox/inbox/jobs/DLQ,governance/operational_journey_protocol_package/smsm-dsh-wlt-journeys/05-financial-closure/J092.md,TASK-0017,BLOCKED_BY_FOUNDATION,J092-SL-13,ZERO_APPLICABLE_OPEN_GAPS_AND_SAME_SHA_EVIDENCE,
J092,J092-SL-15,15,Media/providers/cache/search,governance/operational_journey_protocol_package/smsm-dsh-wlt-journeys/05-financial-closure/J092.md,TASK-0017,BLOCKED_BY_FOUNDATION,J092-SL-14,ZERO_APPLICABLE_OPEN_GAPS_AND_SAME_SHA_EVIDENCE,
J092,J092-SL-16,16,DSH↔WLT financial boundary,governance/operational_journey_protocol_package/smsm-dsh-wlt-journeys/05-financial-closure/J092.md,TASK-0017,BLOCKED_BY_FOUNDATION,J092-SL-15,ZERO_APPLICABLE_OPEN_GAPS_AND_SAME_SHA_EVIDENCE,
J092,J092-SL-17,17,Concurrency/idempotency/unknown result,governance/operational_journey_protocol_package/smsm-dsh-wlt-journeys/05-financial-closure/J092.md,TASK-0017,BLOCKED_BY_FOUNDATION,J092-SL-16,ZERO_APPLICABLE_OPEN_GAPS_AND_SAME_SHA_EVIDENCE,
J092,J092-SL-18,18,Offline/retry/recovery,governance/operational_journey_protocol_package/smsm-dsh-wlt-journeys/05-financial-closure/J092.md,TASK-0017,BLOCKED_BY_FOUNDATION,J092-SL-17,ZERO_APPLICABLE_OPEN_GAPS_AND_SAME_SHA_EVIDENCE,
J092,J092-SL-19,19,Cross-surface readback,governance/operational_journey_protocol_package/smsm-dsh-wlt-journeys/05-financial-closure/J092.md,TASK-0017,BLOCKED_BY_FOUNDATION,J092-SL-18,ZERO_APPLICABLE_OPEN_GAPS_AND_SAME_SHA_EVIDENCE,
J092,J092-SL-20,20,Security/privacy/negative tests,governance/operational_journey_protocol_package/smsm-dsh-wlt-journeys/05-financial-closure/J092.md,TASK-0017,BLOCKED_BY_FOUNDATION,J092-SL-19,ZERO_APPLICABLE_OPEN_GAPS_AND_SAME_SHA_EVIDENCE,
J092,J092-SL-21,21,Audit/observability/performance,governance/operational_journey_protocol_package/smsm-dsh-wlt-journeys/05-financial-closure/J092.md,TASK-0017,BLOCKED_BY_FOUNDATION,J092-SL-20,ZERO_APPLICABLE_OPEN_GAPS_AND_SAME_SHA_EVIDENCE,
J092,J092-SL-22,22,Accessibility/RTL/localization,governance/operational_journey_protocol_package/smsm-dsh-wlt-journeys/05-financial-closure/J092.md,TASK-0017,BLOCKED_BY_FOUNDATION,J092-SL-21,ZERO_APPLICABLE_OPEN_GAPS_AND_SAME_SHA_EVIDENCE,
J092,J092-SL-23,23,Manual operational acceptance,governance/operational_journey_protocol_package/smsm-dsh-wlt-journeys/05-financial-closure/J092.md,TASK-0017,BLOCKED_BY_FOUNDATION,J092-SL-22,ZERO_APPLICABLE_OPEN_GAPS_AND_SAME_SHA_EVIDENCE,
J092,J092-SL-24,24,Cleanup/same-SHA evidence/closure,governance/operational_journey_protocol_package/smsm-dsh-wlt-journeys/05-financial-closure/J092.md,TASK-0017,BLOCKED_BY_FOUNDATION,J092-SL-23,ZERO_APPLICABLE_OPEN_GAPS_AND_SAME_SHA_EVIDENCE,
J093,J093-SL-01,1,Product Truth والنتيجة والثوابت,governance/operational_journey_protocol_package/smsm-dsh-wlt-journeys/05-financial-closure/J093.md,TASK-0017,BLOCKED_BY_FOUNDATION,FOUNDATION-00,ZERO_APPLICABLE_OPEN_GAPS_AND_SAME_SHA_EVIDENCE,
J093,J093-SL-02,2,Actors وهويات الخدمات,governance/operational_journey_protocol_package/smsm-dsh-wlt-journeys/05-financial-closure/J093.md,TASK-0017,BLOCKED_BY_FOUNDATION,J093-SL-01,ZERO_APPLICABLE_OPEN_GAPS_AND_SAME_SHA_EVIDENCE,
J093,J093-SL-03,3,التبعيات وشروط الدخول والخروج,governance/operational_journey_protocol_package/smsm-dsh-wlt-journeys/05-financial-closure/J093.md,TASK-0017,BLOCKED_BY_FOUNDATION,J093-SL-02,ZERO_APPLICABLE_OPEN_GAPS_AND_SAME_SHA_EVIDENCE,
J093,J093-SL-04,4,Identity/session/device,governance/operational_journey_protocol_package/smsm-dsh-wlt-journeys/05-financial-closure/J093.md,TASK-0017,BLOCKED_BY_FOUNDATION,J093-SL-03,ZERO_APPLICABLE_OPEN_GAPS_AND_SAME_SHA_EVIDENCE,
J093,J093-SL-05,5,Permission/trusted scope/object authorization,governance/operational_journey_protocol_package/smsm-dsh-wlt-journeys/05-financial-closure/J093.md,TASK-0017,BLOCKED_BY_FOUNDATION,J093-SL-04,ZERO_APPLICABLE_OPEN_GAPS_AND_SAME_SHA_EVIDENCE,
J093,J093-SL-06,6,Entrypoints/routes/deep links/navigation,governance/operational_journey_protocol_package/smsm-dsh-wlt-journeys/05-financial-closure/J093.md,TASK-0017,BLOCKED_BY_FOUNDATION,J093-SL-05,ZERO_APPLICABLE_OPEN_GAPS_AND_SAME_SHA_EVIDENCE,
J093,J093-SL-07,7,Screens/pages/tabs/buttons/icons/forms,governance/operational_journey_protocol_package/smsm-dsh-wlt-journeys/05-financial-closure/J093.md,TASK-0017,BLOCKED_BY_FOUNDATION,J093-SL-06,ZERO_APPLICABLE_OPEN_GAPS_AND_SAME_SHA_EVIDENCE,
J093,J093-SL-08,8,Shared brain/view model/visible states,governance/operational_journey_protocol_package/smsm-dsh-wlt-journeys/05-financial-closure/J093.md,TASK-0017,BLOCKED_BY_FOUNDATION,J093-SL-07,ZERO_APPLICABLE_OPEN_GAPS_AND_SAME_SHA_EVIDENCE,
J093,J093-SL-09,9,OpenAPI/error/security/idempotency,governance/operational_journey_protocol_package/smsm-dsh-wlt-journeys/05-financial-closure/J093.md,TASK-0017,BLOCKED_BY_FOUNDATION,J093-SL-08,ZERO_APPLICABLE_OPEN_GAPS_AND_SAME_SHA_EVIDENCE,
J093,J093-SL-10,10,Generated clients/transports,governance/operational_journey_protocol_package/smsm-dsh-wlt-journeys/05-financial-closure/J093.md,TASK-0017,BLOCKED_BY_FOUNDATION,J093-SL-09,ZERO_APPLICABLE_OPEN_GAPS_AND_SAME_SHA_EVIDENCE,
J093,J093-SL-11,11,Backend handler/domain/repository,governance/operational_journey_protocol_package/smsm-dsh-wlt-journeys/05-financial-closure/J093.md,TASK-0017,BLOCKED_BY_FOUNDATION,J093-SL-10,ZERO_APPLICABLE_OPEN_GAPS_AND_SAME_SHA_EVIDENCE,
J093,J093-SL-12,12,State machine/allowed actions,governance/operational_journey_protocol_package/smsm-dsh-wlt-journeys/05-financial-closure/J093.md,TASK-0017,BLOCKED_BY_FOUNDATION,J093-SL-11,ZERO_APPLICABLE_OPEN_GAPS_AND_SAME_SHA_EVIDENCE,
J093,J093-SL-13,13,Database/migrations/constraints/indexes,governance/operational_journey_protocol_package/smsm-dsh-wlt-journeys/05-financial-closure/J093.md,TASK-0017,BLOCKED_BY_FOUNDATION,J093-SL-12,ZERO_APPLICABLE_OPEN_GAPS_AND_SAME_SHA_EVIDENCE,
J093,J093-SL-14,14,Events/outbox/inbox/jobs/DLQ,governance/operational_journey_protocol_package/smsm-dsh-wlt-journeys/05-financial-closure/J093.md,TASK-0017,BLOCKED_BY_FOUNDATION,J093-SL-13,ZERO_APPLICABLE_OPEN_GAPS_AND_SAME_SHA_EVIDENCE,
J093,J093-SL-15,15,Media/providers/cache/search,governance/operational_journey_protocol_package/smsm-dsh-wlt-journeys/05-financial-closure/J093.md,TASK-0017,BLOCKED_BY_FOUNDATION,J093-SL-14,ZERO_APPLICABLE_OPEN_GAPS_AND_SAME_SHA_EVIDENCE,
J093,J093-SL-16,16,DSH↔WLT financial boundary,governance/operational_journey_protocol_package/smsm-dsh-wlt-journeys/05-financial-closure/J093.md,TASK-0017,BLOCKED_BY_FOUNDATION,J093-SL-15,ZERO_APPLICABLE_OPEN_GAPS_AND_SAME_SHA_EVIDENCE,
J093,J093-SL-17,17,Concurrency/idempotency/unknown result,governance/operational_journey_protocol_package/smsm-dsh-wlt-journeys/05-financial-closure/J093.md,TASK-0017,BLOCKED_BY_FOUNDATION,J093-SL-16,ZERO_APPLICABLE_OPEN_GAPS_AND_SAME_SHA_EVIDENCE,
J093,J093-SL-18,18,Offline/retry/recovery,governance/operational_journey_protocol_package/smsm-dsh-wlt-journeys/05-financial-closure/J093.md,TASK-0017,BLOCKED_BY_FOUNDATION,J093-SL-17,ZERO_APPLICABLE_OPEN_GAPS_AND_SAME_SHA_EVIDENCE,
J093,J093-SL-19,19,Cross-surface readback,governance/operational_journey_protocol_package/smsm-dsh-wlt-journeys/05-financial-closure/J093.md,TASK-0017,BLOCKED_BY_FOUNDATION,J093-SL-18,ZERO_APPLICABLE_OPEN_GAPS_AND_SAME_SHA_EVIDENCE,
J093,J093-SL-20,20,Security/privacy/negative tests,governance/operational_journey_protocol_package/smsm-dsh-wlt-journeys/05-financial-closure/J093.md,TASK-0017,BLOCKED_BY_FOUNDATION,J093-SL-19,ZERO_APPLICABLE_OPEN_GAPS_AND_SAME_SHA_EVIDENCE,
J093,J093-SL-21,21,Audit/observability/performance,governance/operational_journey_protocol_package/smsm-dsh-wlt-journeys/05-financial-closure/J093.md,TASK-0017,BLOCKED_BY_FOUNDATION,J093-SL-20,ZERO_APPLICABLE_OPEN_GAPS_AND_SAME_SHA_EVIDENCE,
J093,J093-SL-22,22,Accessibility/RTL/localization,governance/operational_journey_protocol_package/smsm-dsh-wlt-journeys/05-financial-closure/J093.md,TASK-0017,BLOCKED_BY_FOUNDATION,J093-SL-21,ZERO_APPLICABLE_OPEN_GAPS_AND_SAME_SHA_EVIDENCE,
J093,J093-SL-23,23,Manual operational acceptance,governance/operational_journey_protocol_package/smsm-dsh-wlt-journeys/05-financial-closure/J093.md,TASK-0017,BLOCKED_BY_FOUNDATION,J093-SL-22,ZERO_APPLICABLE_OPEN_GAPS_AND_SAME_SHA_EVIDENCE,
J093,J093-SL-24,24,Cleanup/same-SHA evidence/closure,governance/operational_journey_protocol_package/smsm-dsh-wlt-journeys/05-financial-closure/J093.md,TASK-0017,BLOCKED_BY_FOUNDATION,J093-SL-23,ZERO_APPLICABLE_OPEN_GAPS_AND_SAME_SHA_EVIDENCE,
J094,J094-SL-01,1,Product Truth والنتيجة والثوابت,governance/operational_journey_protocol_package/smsm-dsh-wlt-journeys/05-financial-closure/J094.md,TASK-0017,BLOCKED_BY_FOUNDATION,FOUNDATION-00,ZERO_APPLICABLE_OPEN_GAPS_AND_SAME_SHA_EVIDENCE,
J094,J094-SL-02,2,Actors وهويات الخدمات,governance/operational_journey_protocol_package/smsm-dsh-wlt-journeys/05-financial-closure/J094.md,TASK-0017,BLOCKED_BY_FOUNDATION,J094-SL-01,ZERO_APPLICABLE_OPEN_GAPS_AND_SAME_SHA_EVIDENCE,
J094,J094-SL-03,3,التبعيات وشروط الدخول والخروج,governance/operational_journey_protocol_package/smsm-dsh-wlt-journeys/05-financial-closure/J094.md,TASK-0017,BLOCKED_BY_FOUNDATION,J094-SL-02,ZERO_APPLICABLE_OPEN_GAPS_AND_SAME_SHA_EVIDENCE,
J094,J094-SL-04,4,Identity/session/device,governance/operational_journey_protocol_package/smsm-dsh-wlt-journeys/05-financial-closure/J094.md,TASK-0017,BLOCKED_BY_FOUNDATION,J094-SL-03,ZERO_APPLICABLE_OPEN_GAPS_AND_SAME_SHA_EVIDENCE,
J094,J094-SL-05,5,Permission/trusted scope/object authorization,governance/operational_journey_protocol_package/smsm-dsh-wlt-journeys/05-financial-closure/J094.md,TASK-0017,BLOCKED_BY_FOUNDATION,J094-SL-04,ZERO_APPLICABLE_OPEN_GAPS_AND_SAME_SHA_EVIDENCE,
J094,J094-SL-06,6,Entrypoints/routes/deep links/navigation,governance/operational_journey_protocol_package/smsm-dsh-wlt-journeys/05-financial-closure/J094.md,TASK-0017,BLOCKED_BY_FOUNDATION,J094-SL-05,ZERO_APPLICABLE_OPEN_GAPS_AND_SAME_SHA_EVIDENCE,
J094,J094-SL-07,7,Screens/pages/tabs/buttons/icons/forms,governance/operational_journey_protocol_package/smsm-dsh-wlt-journeys/05-financial-closure/J094.md,TASK-0017,BLOCKED_BY_FOUNDATION,J094-SL-06,ZERO_APPLICABLE_OPEN_GAPS_AND_SAME_SHA_EVIDENCE,
J094,J094-SL-08,8,Shared brain/view model/visible states,governance/operational_journey_protocol_package/smsm-dsh-wlt-journeys/05-financial-closure/J094.md,TASK-0017,BLOCKED_BY_FOUNDATION,J094-SL-07,ZERO_APPLICABLE_OPEN_GAPS_AND_SAME_SHA_EVIDENCE,
J094,J094-SL-09,9,OpenAPI/error/security/idempotency,governance/operational_journey_protocol_package/smsm-dsh-wlt-journeys/05-financial-closure/J094.md,TASK-0017,BLOCKED_BY_FOUNDATION,J094-SL-08,ZERO_APPLICABLE_OPEN_GAPS_AND_SAME_SHA_EVIDENCE,
J094,J094-SL-10,10,Generated clients/transports,governance/operational_journey_protocol_package/smsm-dsh-wlt-journeys/05-financial-closure/J094.md,TASK-0017,BLOCKED_BY_FOUNDATION,J094-SL-09,ZERO_APPLICABLE_OPEN_GAPS_AND_SAME_SHA_EVIDENCE,
J094,J094-SL-11,11,Backend handler/domain/repository,governance/operational_journey_protocol_package/smsm-dsh-wlt-journeys/05-financial-closure/J094.md,TASK-0017,BLOCKED_BY_FOUNDATION,J094-SL-10,ZERO_APPLICABLE_OPEN_GAPS_AND_SAME_SHA_EVIDENCE,
J094,J094-SL-12,12,State machine/allowed actions,governance/operational_journey_protocol_package/smsm-dsh-wlt-journeys/05-financial-closure/J094.md,TASK-0017,BLOCKED_BY_FOUNDATION,J094-SL-11,ZERO_APPLICABLE_OPEN_GAPS_AND_SAME_SHA_EVIDENCE,
J094,J094-SL-13,13,Database/migrations/constraints/indexes,governance/operational_journey_protocol_package/smsm-dsh-wlt-journeys/05-financial-closure/J094.md,TASK-0017,BLOCKED_BY_FOUNDATION,J094-SL-12,ZERO_APPLICABLE_OPEN_GAPS_AND_SAME_SHA_EVIDENCE,
J094,J094-SL-14,14,Events/outbox/inbox/jobs/DLQ,governance/operational_journey_protocol_package/smsm-dsh-wlt-journeys/05-financial-closure/J094.md,TASK-0017,BLOCKED_BY_FOUNDATION,J094-SL-13,ZERO_APPLICABLE_OPEN_GAPS_AND_SAME_SHA_EVIDENCE,
J094,J094-SL-15,15,Media/providers/cache/search,governance/operational_journey_protocol_package/smsm-dsh-wlt-journeys/05-financial-closure/J094.md,TASK-0017,BLOCKED_BY_FOUNDATION,J094-SL-14,ZERO_APPLICABLE_OPEN_GAPS_AND_SAME_SHA_EVIDENCE,
J094,J094-SL-16,16,DSH↔WLT financial boundary,governance/operational_journey_protocol_package/smsm-dsh-wlt-journeys/05-financial-closure/J094.md,TASK-0017,BLOCKED_BY_FOUNDATION,J094-SL-15,ZERO_APPLICABLE_OPEN_GAPS_AND_SAME_SHA_EVIDENCE,
J094,J094-SL-17,17,Concurrency/idempotency/unknown result,governance/operational_journey_protocol_package/smsm-dsh-wlt-journeys/05-financial-closure/J094.md,TASK-0017,BLOCKED_BY_FOUNDATION,J094-SL-16,ZERO_APPLICABLE_OPEN_GAPS_AND_SAME_SHA_EVIDENCE,
J094,J094-SL-18,18,Offline/retry/recovery,governance/operational_journey_protocol_package/smsm-dsh-wlt-journeys/05-financial-closure/J094.md,TASK-0017,BLOCKED_BY_FOUNDATION,J094-SL-17,ZERO_APPLICABLE_OPEN_GAPS_AND_SAME_SHA_EVIDENCE,
J094,J094-SL-19,19,Cross-surface readback,governance/operational_journey_protocol_package/smsm-dsh-wlt-journeys/05-financial-closure/J094.md,TASK-0017,BLOCKED_BY_FOUNDATION,J094-SL-18,ZERO_APPLICABLE_OPEN_GAPS_AND_SAME_SHA_EVIDENCE,
J094,J094-SL-20,20,Security/privacy/negative tests,governance/operational_journey_protocol_package/smsm-dsh-wlt-journeys/05-financial-closure/J094.md,TASK-0017,BLOCKED_BY_FOUNDATION,J094-SL-19,ZERO_APPLICABLE_OPEN_GAPS_AND_SAME_SHA_EVIDENCE,
J094,J094-SL-21,21,Audit/observability/performance,governance/operational_journey_protocol_package/smsm-dsh-wlt-journeys/05-financial-closure/J094.md,TASK-0017,BLOCKED_BY_FOUNDATION,J094-SL-20,ZERO_APPLICABLE_OPEN_GAPS_AND_SAME_SHA_EVIDENCE,
J094,J094-SL-22,22,Accessibility/RTL/localization,governance/operational_journey_protocol_package/smsm-dsh-wlt-journeys/05-financial-closure/J094.md,TASK-0017,BLOCKED_BY_FOUNDATION,J094-SL-21,ZERO_APPLICABLE_OPEN_GAPS_AND_SAME_SHA_EVIDENCE,
J094,J094-SL-23,23,Manual operational acceptance,governance/operational_journey_protocol_package/smsm-dsh-wlt-journeys/05-financial-closure/J094.md,TASK-0017,BLOCKED_BY_FOUNDATION,J094-SL-22,ZERO_APPLICABLE_OPEN_GAPS_AND_SAME_SHA_EVIDENCE,
J094,J094-SL-24,24,Cleanup/same-SHA evidence/closure,governance/operational_journey_protocol_package/smsm-dsh-wlt-journeys/05-financial-closure/J094.md,TASK-0017,BLOCKED_BY_FOUNDATION,J094-SL-23,ZERO_APPLICABLE_OPEN_GAPS_AND_SAME_SHA_EVIDENCE,
J095,J095-SL-01,1,Product Truth والنتيجة والثوابت,governance/operational_journey_protocol_package/smsm-dsh-wlt-journeys/06-cross-cutting-final/J095.md,TASK-0017,BLOCKED_BY_FOUNDATION,FOUNDATION-00,ZERO_APPLICABLE_OPEN_GAPS_AND_SAME_SHA_EVIDENCE,
J095,J095-SL-02,2,Actors وهويات الخدمات,governance/operational_journey_protocol_package/smsm-dsh-wlt-journeys/06-cross-cutting-final/J095.md,TASK-0017,BLOCKED_BY_FOUNDATION,J095-SL-01,ZERO_APPLICABLE_OPEN_GAPS_AND_SAME_SHA_EVIDENCE,
J095,J095-SL-03,3,التبعيات وشروط الدخول والخروج,governance/operational_journey_protocol_package/smsm-dsh-wlt-journeys/06-cross-cutting-final/J095.md,TASK-0017,BLOCKED_BY_FOUNDATION,J095-SL-02,ZERO_APPLICABLE_OPEN_GAPS_AND_SAME_SHA_EVIDENCE,
J095,J095-SL-04,4,Identity/session/device,governance/operational_journey_protocol_package/smsm-dsh-wlt-journeys/06-cross-cutting-final/J095.md,TASK-0017,BLOCKED_BY_FOUNDATION,J095-SL-03,ZERO_APPLICABLE_OPEN_GAPS_AND_SAME_SHA_EVIDENCE,
J095,J095-SL-05,5,Permission/trusted scope/object authorization,governance/operational_journey_protocol_package/smsm-dsh-wlt-journeys/06-cross-cutting-final/J095.md,TASK-0017,BLOCKED_BY_FOUNDATION,J095-SL-04,ZERO_APPLICABLE_OPEN_GAPS_AND_SAME_SHA_EVIDENCE,
J095,J095-SL-06,6,Entrypoints/routes/deep links/navigation,governance/operational_journey_protocol_package/smsm-dsh-wlt-journeys/06-cross-cutting-final/J095.md,TASK-0017,BLOCKED_BY_FOUNDATION,J095-SL-05,ZERO_APPLICABLE_OPEN_GAPS_AND_SAME_SHA_EVIDENCE,
J095,J095-SL-07,7,Screens/pages/tabs/buttons/icons/forms,governance/operational_journey_protocol_package/smsm-dsh-wlt-journeys/06-cross-cutting-final/J095.md,TASK-0017,BLOCKED_BY_FOUNDATION,J095-SL-06,ZERO_APPLICABLE_OPEN_GAPS_AND_SAME_SHA_EVIDENCE,
J095,J095-SL-08,8,Shared brain/view model/visible states,governance/operational_journey_protocol_package/smsm-dsh-wlt-journeys/06-cross-cutting-final/J095.md,TASK-0017,BLOCKED_BY_FOUNDATION,J095-SL-07,ZERO_APPLICABLE_OPEN_GAPS_AND_SAME_SHA_EVIDENCE,
J095,J095-SL-09,9,OpenAPI/error/security/idempotency,governance/operational_journey_protocol_package/smsm-dsh-wlt-journeys/06-cross-cutting-final/J095.md,TASK-0017,BLOCKED_BY_FOUNDATION,J095-SL-08,ZERO_APPLICABLE_OPEN_GAPS_AND_SAME_SHA_EVIDENCE,
J095,J095-SL-10,10,Generated clients/transports,governance/operational_journey_protocol_package/smsm-dsh-wlt-journeys/06-cross-cutting-final/J095.md,TASK-0017,BLOCKED_BY_FOUNDATION,J095-SL-09,ZERO_APPLICABLE_OPEN_GAPS_AND_SAME_SHA_EVIDENCE,
J095,J095-SL-11,11,Backend handler/domain/repository,governance/operational_journey_protocol_package/smsm-dsh-wlt-journeys/06-cross-cutting-final/J095.md,TASK-0017,BLOCKED_BY_FOUNDATION,J095-SL-10,ZERO_APPLICABLE_OPEN_GAPS_AND_SAME_SHA_EVIDENCE,
J095,J095-SL-12,12,State machine/allowed actions,governance/operational_journey_protocol_package/smsm-dsh-wlt-journeys/06-cross-cutting-final/J095.md,TASK-0017,BLOCKED_BY_FOUNDATION,J095-SL-11,ZERO_APPLICABLE_OPEN_GAPS_AND_SAME_SHA_EVIDENCE,
J095,J095-SL-13,13,Database/migrations/constraints/indexes,governance/operational_journey_protocol_package/smsm-dsh-wlt-journeys/06-cross-cutting-final/J095.md,TASK-0017,BLOCKED_BY_FOUNDATION,J095-SL-12,ZERO_APPLICABLE_OPEN_GAPS_AND_SAME_SHA_EVIDENCE,
J095,J095-SL-14,14,Events/outbox/inbox/jobs/DLQ,governance/operational_journey_protocol_package/smsm-dsh-wlt-journeys/06-cross-cutting-final/J095.md,TASK-0017,BLOCKED_BY_FOUNDATION,J095-SL-13,ZERO_APPLICABLE_OPEN_GAPS_AND_SAME_SHA_EVIDENCE,
J095,J095-SL-15,15,Media/providers/cache/search,governance/operational_journey_protocol_package/smsm-dsh-wlt-journeys/06-cross-cutting-final/J095.md,TASK-0017,BLOCKED_BY_FOUNDATION,J095-SL-14,ZERO_APPLICABLE_OPEN_GAPS_AND_SAME_SHA_EVIDENCE,
J095,J095-SL-16,16,DSH↔WLT financial boundary,governance/operational_journey_protocol_package/smsm-dsh-wlt-journeys/06-cross-cutting-final/J095.md,TASK-0017,BLOCKED_BY_FOUNDATION,J095-SL-15,ZERO_APPLICABLE_OPEN_GAPS_AND_SAME_SHA_EVIDENCE,
J095,J095-SL-17,17,Concurrency/idempotency/unknown result,governance/operational_journey_protocol_package/smsm-dsh-wlt-journeys/06-cross-cutting-final/J095.md,TASK-0017,BLOCKED_BY_FOUNDATION,J095-SL-16,ZERO_APPLICABLE_OPEN_GAPS_AND_SAME_SHA_EVIDENCE,
J095,J095-SL-18,18,Offline/retry/recovery,governance/operational_journey_protocol_package/smsm-dsh-wlt-journeys/06-cross-cutting-final/J095.md,TASK-0017,BLOCKED_BY_FOUNDATION,J095-SL-17,ZERO_APPLICABLE_OPEN_GAPS_AND_SAME_SHA_EVIDENCE,
J095,J095-SL-19,19,Cross-surface readback,governance/operational_journey_protocol_package/smsm-dsh-wlt-journeys/06-cross-cutting-final/J095.md,TASK-0017,BLOCKED_BY_FOUNDATION,J095-SL-18,ZERO_APPLICABLE_OPEN_GAPS_AND_SAME_SHA_EVIDENCE,
J095,J095-SL-20,20,Security/privacy/negative tests,governance/operational_journey_protocol_package/smsm-dsh-wlt-journeys/06-cross-cutting-final/J095.md,TASK-0017,BLOCKED_BY_FOUNDATION,J095-SL-19,ZERO_APPLICABLE_OPEN_GAPS_AND_SAME_SHA_EVIDENCE,
J095,J095-SL-21,21,Audit/observability/performance,governance/operational_journey_protocol_package/smsm-dsh-wlt-journeys/06-cross-cutting-final/J095.md,TASK-0017,BLOCKED_BY_FOUNDATION,J095-SL-20,ZERO_APPLICABLE_OPEN_GAPS_AND_SAME_SHA_EVIDENCE,
J095,J095-SL-22,22,Accessibility/RTL/localization,governance/operational_journey_protocol_package/smsm-dsh-wlt-journeys/06-cross-cutting-final/J095.md,TASK-0017,BLOCKED_BY_FOUNDATION,J095-SL-21,ZERO_APPLICABLE_OPEN_GAPS_AND_SAME_SHA_EVIDENCE,
J095,J095-SL-23,23,Manual operational acceptance,governance/operational_journey_protocol_package/smsm-dsh-wlt-journeys/06-cross-cutting-final/J095.md,TASK-0017,BLOCKED_BY_FOUNDATION,J095-SL-22,ZERO_APPLICABLE_OPEN_GAPS_AND_SAME_SHA_EVIDENCE,
J095,J095-SL-24,24,Cleanup/same-SHA evidence/closure,governance/operational_journey_protocol_package/smsm-dsh-wlt-journeys/06-cross-cutting-final/J095.md,TASK-0017,BLOCKED_BY_FOUNDATION,J095-SL-23,ZERO_APPLICABLE_OPEN_GAPS_AND_SAME_SHA_EVIDENCE,
J096,J096-SL-01,1,Product Truth والنتيجة والثوابت,governance/operational_journey_protocol_package/smsm-dsh-wlt-journeys/06-cross-cutting-final/J096.md,TASK-0017,BLOCKED_BY_FOUNDATION,FOUNDATION-00,ZERO_APPLICABLE_OPEN_GAPS_AND_SAME_SHA_EVIDENCE,
J096,J096-SL-02,2,Actors وهويات الخدمات,governance/operational_journey_protocol_package/smsm-dsh-wlt-journeys/06-cross-cutting-final/J096.md,TASK-0017,BLOCKED_BY_FOUNDATION,J096-SL-01,ZERO_APPLICABLE_OPEN_GAPS_AND_SAME_SHA_EVIDENCE,
J096,J096-SL-03,3,التبعيات وشروط الدخول والخروج,governance/operational_journey_protocol_package/smsm-dsh-wlt-journeys/06-cross-cutting-final/J096.md,TASK-0017,BLOCKED_BY_FOUNDATION,J096-SL-02,ZERO_APPLICABLE_OPEN_GAPS_AND_SAME_SHA_EVIDENCE,
J096,J096-SL-04,4,Identity/session/device,governance/operational_journey_protocol_package/smsm-dsh-wlt-journeys/06-cross-cutting-final/J096.md,TASK-0017,BLOCKED_BY_FOUNDATION,J096-SL-03,ZERO_APPLICABLE_OPEN_GAPS_AND_SAME_SHA_EVIDENCE,
J096,J096-SL-05,5,Permission/trusted scope/object authorization,governance/operational_journey_protocol_package/smsm-dsh-wlt-journeys/06-cross-cutting-final/J096.md,TASK-0017,BLOCKED_BY_FOUNDATION,J096-SL-04,ZERO_APPLICABLE_OPEN_GAPS_AND_SAME_SHA_EVIDENCE,
J096,J096-SL-06,6,Entrypoints/routes/deep links/navigation,governance/operational_journey_protocol_package/smsm-dsh-wlt-journeys/06-cross-cutting-final/J096.md,TASK-0017,BLOCKED_BY_FOUNDATION,J096-SL-05,ZERO_APPLICABLE_OPEN_GAPS_AND_SAME_SHA_EVIDENCE,
J096,J096-SL-07,7,Screens/pages/tabs/buttons/icons/forms,governance/operational_journey_protocol_package/smsm-dsh-wlt-journeys/06-cross-cutting-final/J096.md,TASK-0017,BLOCKED_BY_FOUNDATION,J096-SL-06,ZERO_APPLICABLE_OPEN_GAPS_AND_SAME_SHA_EVIDENCE,
J096,J096-SL-08,8,Shared brain/view model/visible states,governance/operational_journey_protocol_package/smsm-dsh-wlt-journeys/06-cross-cutting-final/J096.md,TASK-0017,BLOCKED_BY_FOUNDATION,J096-SL-07,ZERO_APPLICABLE_OPEN_GAPS_AND_SAME_SHA_EVIDENCE,
J096,J096-SL-09,9,OpenAPI/error/security/idempotency,governance/operational_journey_protocol_package/smsm-dsh-wlt-journeys/06-cross-cutting-final/J096.md,TASK-0017,BLOCKED_BY_FOUNDATION,J096-SL-08,ZERO_APPLICABLE_OPEN_GAPS_AND_SAME_SHA_EVIDENCE,
J096,J096-SL-10,10,Generated clients/transports,governance/operational_journey_protocol_package/smsm-dsh-wlt-journeys/06-cross-cutting-final/J096.md,TASK-0017,BLOCKED_BY_FOUNDATION,J096-SL-09,ZERO_APPLICABLE_OPEN_GAPS_AND_SAME_SHA_EVIDENCE,
J096,J096-SL-11,11,Backend handler/domain/repository,governance/operational_journey_protocol_package/smsm-dsh-wlt-journeys/06-cross-cutting-final/J096.md,TASK-0017,BLOCKED_BY_FOUNDATION,J096-SL-10,ZERO_APPLICABLE_OPEN_GAPS_AND_SAME_SHA_EVIDENCE,
J096,J096-SL-12,12,State machine/allowed actions,governance/operational_journey_protocol_package/smsm-dsh-wlt-journeys/06-cross-cutting-final/J096.md,TASK-0017,BLOCKED_BY_FOUNDATION,J096-SL-11,ZERO_APPLICABLE_OPEN_GAPS_AND_SAME_SHA_EVIDENCE,
J096,J096-SL-13,13,Database/migrations/constraints/indexes,governance/operational_journey_protocol_package/smsm-dsh-wlt-journeys/06-cross-cutting-final/J096.md,TASK-0017,BLOCKED_BY_FOUNDATION,J096-SL-12,ZERO_APPLICABLE_OPEN_GAPS_AND_SAME_SHA_EVIDENCE,
J096,J096-SL-14,14,Events/outbox/inbox/jobs/DLQ,governance/operational_journey_protocol_package/smsm-dsh-wlt-journeys/06-cross-cutting-final/J096.md,TASK-0017,BLOCKED_BY_FOUNDATION,J096-SL-13,ZERO_APPLICABLE_OPEN_GAPS_AND_SAME_SHA_EVIDENCE,
J096,J096-SL-15,15,Media/providers/cache/search,governance/operational_journey_protocol_package/smsm-dsh-wlt-journeys/06-cross-cutting-final/J096.md,TASK-0017,BLOCKED_BY_FOUNDATION,J096-SL-14,ZERO_APPLICABLE_OPEN_GAPS_AND_SAME_SHA_EVIDENCE,
J096,J096-SL-16,16,DSH↔WLT financial boundary,governance/operational_journey_protocol_package/smsm-dsh-wlt-journeys/06-cross-cutting-final/J096.md,TASK-0017,BLOCKED_BY_FOUNDATION,J096-SL-15,ZERO_APPLICABLE_OPEN_GAPS_AND_SAME_SHA_EVIDENCE,
J096,J096-SL-17,17,Concurrency/idempotency/unknown result,governance/operational_journey_protocol_package/smsm-dsh-wlt-journeys/06-cross-cutting-final/J096.md,TASK-0017,BLOCKED_BY_FOUNDATION,J096-SL-16,ZERO_APPLICABLE_OPEN_GAPS_AND_SAME_SHA_EVIDENCE,
J096,J096-SL-18,18,Offline/retry/recovery,governance/operational_journey_protocol_package/smsm-dsh-wlt-journeys/06-cross-cutting-final/J096.md,TASK-0017,BLOCKED_BY_FOUNDATION,J096-SL-17,ZERO_APPLICABLE_OPEN_GAPS_AND_SAME_SHA_EVIDENCE,
J096,J096-SL-19,19,Cross-surface readback,governance/operational_journey_protocol_package/smsm-dsh-wlt-journeys/06-cross-cutting-final/J096.md,TASK-0017,BLOCKED_BY_FOUNDATION,J096-SL-18,ZERO_APPLICABLE_OPEN_GAPS_AND_SAME_SHA_EVIDENCE,
J096,J096-SL-20,20,Security/privacy/negative tests,governance/operational_journey_protocol_package/smsm-dsh-wlt-journeys/06-cross-cutting-final/J096.md,TASK-0017,BLOCKED_BY_FOUNDATION,J096-SL-19,ZERO_APPLICABLE_OPEN_GAPS_AND_SAME_SHA_EVIDENCE,
J096,J096-SL-21,21,Audit/observability/performance,governance/operational_journey_protocol_package/smsm-dsh-wlt-journeys/06-cross-cutting-final/J096.md,TASK-0017,BLOCKED_BY_FOUNDATION,J096-SL-20,ZERO_APPLICABLE_OPEN_GAPS_AND_SAME_SHA_EVIDENCE,
J096,J096-SL-22,22,Accessibility/RTL/localization,governance/operational_journey_protocol_package/smsm-dsh-wlt-journeys/06-cross-cutting-final/J096.md,TASK-0017,BLOCKED_BY_FOUNDATION,J096-SL-21,ZERO_APPLICABLE_OPEN_GAPS_AND_SAME_SHA_EVIDENCE,
J096,J096-SL-23,23,Manual operational acceptance,governance/operational_journey_protocol_package/smsm-dsh-wlt-journeys/06-cross-cutting-final/J096.md,TASK-0017,BLOCKED_BY_FOUNDATION,J096-SL-22,ZERO_APPLICABLE_OPEN_GAPS_AND_SAME_SHA_EVIDENCE,
J096,J096-SL-24,24,Cleanup/same-SHA evidence/closure,governance/operational_journey_protocol_package/smsm-dsh-wlt-journeys/06-cross-cutting-final/J096.md,TASK-0017,BLOCKED_BY_FOUNDATION,J096-SL-23,ZERO_APPLICABLE_OPEN_GAPS_AND_SAME_SHA_EVIDENCE,
J097,J097-SL-01,1,Product Truth والنتيجة والثوابت,governance/operational_journey_protocol_package/smsm-dsh-wlt-journeys/06-cross-cutting-final/J097.md,TASK-0017,BLOCKED_BY_FOUNDATION,FOUNDATION-00,ZERO_APPLICABLE_OPEN_GAPS_AND_SAME_SHA_EVIDENCE,
J097,J097-SL-02,2,Actors وهويات الخدمات,governance/operational_journey_protocol_package/smsm-dsh-wlt-journeys/06-cross-cutting-final/J097.md,TASK-0017,BLOCKED_BY_FOUNDATION,J097-SL-01,ZERO_APPLICABLE_OPEN_GAPS_AND_SAME_SHA_EVIDENCE,
J097,J097-SL-03,3,التبعيات وشروط الدخول والخروج,governance/operational_journey_protocol_package/smsm-dsh-wlt-journeys/06-cross-cutting-final/J097.md,TASK-0017,BLOCKED_BY_FOUNDATION,J097-SL-02,ZERO_APPLICABLE_OPEN_GAPS_AND_SAME_SHA_EVIDENCE,
J097,J097-SL-04,4,Identity/session/device,governance/operational_journey_protocol_package/smsm-dsh-wlt-journeys/06-cross-cutting-final/J097.md,TASK-0017,BLOCKED_BY_FOUNDATION,J097-SL-03,ZERO_APPLICABLE_OPEN_GAPS_AND_SAME_SHA_EVIDENCE,
J097,J097-SL-05,5,Permission/trusted scope/object authorization,governance/operational_journey_protocol_package/smsm-dsh-wlt-journeys/06-cross-cutting-final/J097.md,TASK-0017,BLOCKED_BY_FOUNDATION,J097-SL-04,ZERO_APPLICABLE_OPEN_GAPS_AND_SAME_SHA_EVIDENCE,
J097,J097-SL-06,6,Entrypoints/routes/deep links/navigation,governance/operational_journey_protocol_package/smsm-dsh-wlt-journeys/06-cross-cutting-final/J097.md,TASK-0017,BLOCKED_BY_FOUNDATION,J097-SL-05,ZERO_APPLICABLE_OPEN_GAPS_AND_SAME_SHA_EVIDENCE,
J097,J097-SL-07,7,Screens/pages/tabs/buttons/icons/forms,governance/operational_journey_protocol_package/smsm-dsh-wlt-journeys/06-cross-cutting-final/J097.md,TASK-0017,BLOCKED_BY_FOUNDATION,J097-SL-06,ZERO_APPLICABLE_OPEN_GAPS_AND_SAME_SHA_EVIDENCE,
J097,J097-SL-08,8,Shared brain/view model/visible states,governance/operational_journey_protocol_package/smsm-dsh-wlt-journeys/06-cross-cutting-final/J097.md,TASK-0017,BLOCKED_BY_FOUNDATION,J097-SL-07,ZERO_APPLICABLE_OPEN_GAPS_AND_SAME_SHA_EVIDENCE,
J097,J097-SL-09,9,OpenAPI/error/security/idempotency,governance/operational_journey_protocol_package/smsm-dsh-wlt-journeys/06-cross-cutting-final/J097.md,TASK-0017,BLOCKED_BY_FOUNDATION,J097-SL-08,ZERO_APPLICABLE_OPEN_GAPS_AND_SAME_SHA_EVIDENCE,
J097,J097-SL-10,10,Generated clients/transports,governance/operational_journey_protocol_package/smsm-dsh-wlt-journeys/06-cross-cutting-final/J097.md,TASK-0017,BLOCKED_BY_FOUNDATION,J097-SL-09,ZERO_APPLICABLE_OPEN_GAPS_AND_SAME_SHA_EVIDENCE,
J097,J097-SL-11,11,Backend handler/domain/repository,governance/operational_journey_protocol_package/smsm-dsh-wlt-journeys/06-cross-cutting-final/J097.md,TASK-0017,BLOCKED_BY_FOUNDATION,J097-SL-10,ZERO_APPLICABLE_OPEN_GAPS_AND_SAME_SHA_EVIDENCE,
J097,J097-SL-12,12,State machine/allowed actions,governance/operational_journey_protocol_package/smsm-dsh-wlt-journeys/06-cross-cutting-final/J097.md,TASK-0017,BLOCKED_BY_FOUNDATION,J097-SL-11,ZERO_APPLICABLE_OPEN_GAPS_AND_SAME_SHA_EVIDENCE,
J097,J097-SL-13,13,Database/migrations/constraints/indexes,governance/operational_journey_protocol_package/smsm-dsh-wlt-journeys/06-cross-cutting-final/J097.md,TASK-0017,BLOCKED_BY_FOUNDATION,J097-SL-12,ZERO_APPLICABLE_OPEN_GAPS_AND_SAME_SHA_EVIDENCE,
J097,J097-SL-14,14,Events/outbox/inbox/jobs/DLQ,governance/operational_journey_protocol_package/smsm-dsh-wlt-journeys/06-cross-cutting-final/J097.md,TASK-0017,BLOCKED_BY_FOUNDATION,J097-SL-13,ZERO_APPLICABLE_OPEN_GAPS_AND_SAME_SHA_EVIDENCE,
J097,J097-SL-15,15,Media/providers/cache/search,governance/operational_journey_protocol_package/smsm-dsh-wlt-journeys/06-cross-cutting-final/J097.md,TASK-0017,BLOCKED_BY_FOUNDATION,J097-SL-14,ZERO_APPLICABLE_OPEN_GAPS_AND_SAME_SHA_EVIDENCE,
J097,J097-SL-16,16,DSH↔WLT financial boundary,governance/operational_journey_protocol_package/smsm-dsh-wlt-journeys/06-cross-cutting-final/J097.md,TASK-0017,BLOCKED_BY_FOUNDATION,J097-SL-15,ZERO_APPLICABLE_OPEN_GAPS_AND_SAME_SHA_EVIDENCE,
J097,J097-SL-17,17,Concurrency/idempotency/unknown result,governance/operational_journey_protocol_package/smsm-dsh-wlt-journeys/06-cross-cutting-final/J097.md,TASK-0017,BLOCKED_BY_FOUNDATION,J097-SL-16,ZERO_APPLICABLE_OPEN_GAPS_AND_SAME_SHA_EVIDENCE,
J097,J097-SL-18,18,Offline/retry/recovery,governance/operational_journey_protocol_package/smsm-dsh-wlt-journeys/06-cross-cutting-final/J097.md,TASK-0017,BLOCKED_BY_FOUNDATION,J097-SL-17,ZERO_APPLICABLE_OPEN_GAPS_AND_SAME_SHA_EVIDENCE,
J097,J097-SL-19,19,Cross-surface readback,governance/operational_journey_protocol_package/smsm-dsh-wlt-journeys/06-cross-cutting-final/J097.md,TASK-0017,BLOCKED_BY_FOUNDATION,J097-SL-18,ZERO_APPLICABLE_OPEN_GAPS_AND_SAME_SHA_EVIDENCE,
J097,J097-SL-20,20,Security/privacy/negative tests,governance/operational_journey_protocol_package/smsm-dsh-wlt-journeys/06-cross-cutting-final/J097.md,TASK-0017,BLOCKED_BY_FOUNDATION,J097-SL-19,ZERO_APPLICABLE_OPEN_GAPS_AND_SAME_SHA_EVIDENCE,
J097,J097-SL-21,21,Audit/observability/performance,governance/operational_journey_protocol_package/smsm-dsh-wlt-journeys/06-cross-cutting-final/J097.md,TASK-0017,BLOCKED_BY_FOUNDATION,J097-SL-20,ZERO_APPLICABLE_OPEN_GAPS_AND_SAME_SHA_EVIDENCE,
J097,J097-SL-22,22,Accessibility/RTL/localization,governance/operational_journey_protocol_package/smsm-dsh-wlt-journeys/06-cross-cutting-final/J097.md,TASK-0017,BLOCKED_BY_FOUNDATION,J097-SL-21,ZERO_APPLICABLE_OPEN_GAPS_AND_SAME_SHA_EVIDENCE,
J097,J097-SL-23,23,Manual operational acceptance,governance/operational_journey_protocol_package/smsm-dsh-wlt-journeys/06-cross-cutting-final/J097.md,TASK-0017,BLOCKED_BY_FOUNDATION,J097-SL-22,ZERO_APPLICABLE_OPEN_GAPS_AND_SAME_SHA_EVIDENCE,
J097,J097-SL-24,24,Cleanup/same-SHA evidence/closure,governance/operational_journey_protocol_package/smsm-dsh-wlt-journeys/06-cross-cutting-final/J097.md,TASK-0017,BLOCKED_BY_FOUNDATION,J097-SL-23,ZERO_APPLICABLE_OPEN_GAPS_AND_SAME_SHA_EVIDENCE,
J098,J098-SL-01,1,Product Truth والنتيجة والثوابت,governance/operational_journey_protocol_package/smsm-dsh-wlt-journeys/06-cross-cutting-final/J098.md,TASK-0017,BLOCKED_BY_FOUNDATION,FOUNDATION-00,ZERO_APPLICABLE_OPEN_GAPS_AND_SAME_SHA_EVIDENCE,
J098,J098-SL-02,2,Actors وهويات الخدمات,governance/operational_journey_protocol_package/smsm-dsh-wlt-journeys/06-cross-cutting-final/J098.md,TASK-0017,BLOCKED_BY_FOUNDATION,J098-SL-01,ZERO_APPLICABLE_OPEN_GAPS_AND_SAME_SHA_EVIDENCE,
J098,J098-SL-03,3,التبعيات وشروط الدخول والخروج,governance/operational_journey_protocol_package/smsm-dsh-wlt-journeys/06-cross-cutting-final/J098.md,TASK-0017,BLOCKED_BY_FOUNDATION,J098-SL-02,ZERO_APPLICABLE_OPEN_GAPS_AND_SAME_SHA_EVIDENCE,
J098,J098-SL-04,4,Identity/session/device,governance/operational_journey_protocol_package/smsm-dsh-wlt-journeys/06-cross-cutting-final/J098.md,TASK-0017,BLOCKED_BY_FOUNDATION,J098-SL-03,ZERO_APPLICABLE_OPEN_GAPS_AND_SAME_SHA_EVIDENCE,
J098,J098-SL-05,5,Permission/trusted scope/object authorization,governance/operational_journey_protocol_package/smsm-dsh-wlt-journeys/06-cross-cutting-final/J098.md,TASK-0017,BLOCKED_BY_FOUNDATION,J098-SL-04,ZERO_APPLICABLE_OPEN_GAPS_AND_SAME_SHA_EVIDENCE,
J098,J098-SL-06,6,Entrypoints/routes/deep links/navigation,governance/operational_journey_protocol_package/smsm-dsh-wlt-journeys/06-cross-cutting-final/J098.md,TASK-0017,BLOCKED_BY_FOUNDATION,J098-SL-05,ZERO_APPLICABLE_OPEN_GAPS_AND_SAME_SHA_EVIDENCE,
J098,J098-SL-07,7,Screens/pages/tabs/buttons/icons/forms,governance/operational_journey_protocol_package/smsm-dsh-wlt-journeys/06-cross-cutting-final/J098.md,TASK-0017,BLOCKED_BY_FOUNDATION,J098-SL-06,ZERO_APPLICABLE_OPEN_GAPS_AND_SAME_SHA_EVIDENCE,
J098,J098-SL-08,8,Shared brain/view model/visible states,governance/operational_journey_protocol_package/smsm-dsh-wlt-journeys/06-cross-cutting-final/J098.md,TASK-0017,BLOCKED_BY_FOUNDATION,J098-SL-07,ZERO_APPLICABLE_OPEN_GAPS_AND_SAME_SHA_EVIDENCE,
J098,J098-SL-09,9,OpenAPI/error/security/idempotency,governance/operational_journey_protocol_package/smsm-dsh-wlt-journeys/06-cross-cutting-final/J098.md,TASK-0017,BLOCKED_BY_FOUNDATION,J098-SL-08,ZERO_APPLICABLE_OPEN_GAPS_AND_SAME_SHA_EVIDENCE,
J098,J098-SL-10,10,Generated clients/transports,governance/operational_journey_protocol_package/smsm-dsh-wlt-journeys/06-cross-cutting-final/J098.md,TASK-0017,BLOCKED_BY_FOUNDATION,J098-SL-09,ZERO_APPLICABLE_OPEN_GAPS_AND_SAME_SHA_EVIDENCE,
J098,J098-SL-11,11,Backend handler/domain/repository,governance/operational_journey_protocol_package/smsm-dsh-wlt-journeys/06-cross-cutting-final/J098.md,TASK-0017,BLOCKED_BY_FOUNDATION,J098-SL-10,ZERO_APPLICABLE_OPEN_GAPS_AND_SAME_SHA_EVIDENCE,
J098,J098-SL-12,12,State machine/allowed actions,governance/operational_journey_protocol_package/smsm-dsh-wlt-journeys/06-cross-cutting-final/J098.md,TASK-0017,BLOCKED_BY_FOUNDATION,J098-SL-11,ZERO_APPLICABLE_OPEN_GAPS_AND_SAME_SHA_EVIDENCE,
J098,J098-SL-13,13,Database/migrations/constraints/indexes,governance/operational_journey_protocol_package/smsm-dsh-wlt-journeys/06-cross-cutting-final/J098.md,TASK-0017,BLOCKED_BY_FOUNDATION,J098-SL-12,ZERO_APPLICABLE_OPEN_GAPS_AND_SAME_SHA_EVIDENCE,
J098,J098-SL-14,14,Events/outbox/inbox/jobs/DLQ,governance/operational_journey_protocol_package/smsm-dsh-wlt-journeys/06-cross-cutting-final/J098.md,TASK-0017,BLOCKED_BY_FOUNDATION,J098-SL-13,ZERO_APPLICABLE_OPEN_GAPS_AND_SAME_SHA_EVIDENCE,
J098,J098-SL-15,15,Media/providers/cache/search,governance/operational_journey_protocol_package/smsm-dsh-wlt-journeys/06-cross-cutting-final/J098.md,TASK-0017,BLOCKED_BY_FOUNDATION,J098-SL-14,ZERO_APPLICABLE_OPEN_GAPS_AND_SAME_SHA_EVIDENCE,
J098,J098-SL-16,16,DSH↔WLT financial boundary,governance/operational_journey_protocol_package/smsm-dsh-wlt-journeys/06-cross-cutting-final/J098.md,TASK-0017,BLOCKED_BY_FOUNDATION,J098-SL-15,ZERO_APPLICABLE_OPEN_GAPS_AND_SAME_SHA_EVIDENCE,
J098,J098-SL-17,17,Concurrency/idempotency/unknown result,governance/operational_journey_protocol_package/smsm-dsh-wlt-journeys/06-cross-cutting-final/J098.md,TASK-0017,BLOCKED_BY_FOUNDATION,J098-SL-16,ZERO_APPLICABLE_OPEN_GAPS_AND_SAME_SHA_EVIDENCE,
J098,J098-SL-18,18,Offline/retry/recovery,governance/operational_journey_protocol_package/smsm-dsh-wlt-journeys/06-cross-cutting-final/J098.md,TASK-0017,BLOCKED_BY_FOUNDATION,J098-SL-17,ZERO_APPLICABLE_OPEN_GAPS_AND_SAME_SHA_EVIDENCE,
J098,J098-SL-19,19,Cross-surface readback,governance/operational_journey_protocol_package/smsm-dsh-wlt-journeys/06-cross-cutting-final/J098.md,TASK-0017,BLOCKED_BY_FOUNDATION,J098-SL-18,ZERO_APPLICABLE_OPEN_GAPS_AND_SAME_SHA_EVIDENCE,
J098,J098-SL-20,20,Security/privacy/negative tests,governance/operational_journey_protocol_package/smsm-dsh-wlt-journeys/06-cross-cutting-final/J098.md,TASK-0017,BLOCKED_BY_FOUNDATION,J098-SL-19,ZERO_APPLICABLE_OPEN_GAPS_AND_SAME_SHA_EVIDENCE,
J098,J098-SL-21,21,Audit/observability/performance,governance/operational_journey_protocol_package/smsm-dsh-wlt-journeys/06-cross-cutting-final/J098.md,TASK-0017,BLOCKED_BY_FOUNDATION,J098-SL-20,ZERO_APPLICABLE_OPEN_GAPS_AND_SAME_SHA_EVIDENCE,
J098,J098-SL-22,22,Accessibility/RTL/localization,governance/operational_journey_protocol_package/smsm-dsh-wlt-journeys/06-cross-cutting-final/J098.md,TASK-0017,BLOCKED_BY_FOUNDATION,J098-SL-21,ZERO_APPLICABLE_OPEN_GAPS_AND_SAME_SHA_EVIDENCE,
J098,J098-SL-23,23,Manual operational acceptance,governance/operational_journey_protocol_package/smsm-dsh-wlt-journeys/06-cross-cutting-final/J098.md,TASK-0017,BLOCKED_BY_FOUNDATION,J098-SL-22,ZERO_APPLICABLE_OPEN_GAPS_AND_SAME_SHA_EVIDENCE,
J098,J098-SL-24,24,Cleanup/same-SHA evidence/closure,governance/operational_journey_protocol_package/smsm-dsh-wlt-journeys/06-cross-cutting-final/J098.md,TASK-0017,BLOCKED_BY_FOUNDATION,J098-SL-23,ZERO_APPLICABLE_OPEN_GAPS_AND_SAME_SHA_EVIDENCE,
J099,J099-SL-01,1,Product Truth والنتيجة والثوابت,governance/operational_journey_protocol_package/smsm-dsh-wlt-journeys/06-cross-cutting-final/J099.md,TASK-0017,BLOCKED_BY_FOUNDATION,FOUNDATION-00,ZERO_APPLICABLE_OPEN_GAPS_AND_SAME_SHA_EVIDENCE,
J099,J099-SL-02,2,Actors وهويات الخدمات,governance/operational_journey_protocol_package/smsm-dsh-wlt-journeys/06-cross-cutting-final/J099.md,TASK-0017,BLOCKED_BY_FOUNDATION,J099-SL-01,ZERO_APPLICABLE_OPEN_GAPS_AND_SAME_SHA_EVIDENCE,
J099,J099-SL-03,3,التبعيات وشروط الدخول والخروج,governance/operational_journey_protocol_package/smsm-dsh-wlt-journeys/06-cross-cutting-final/J099.md,TASK-0017,BLOCKED_BY_FOUNDATION,J099-SL-02,ZERO_APPLICABLE_OPEN_GAPS_AND_SAME_SHA_EVIDENCE,
J099,J099-SL-04,4,Identity/session/device,governance/operational_journey_protocol_package/smsm-dsh-wlt-journeys/06-cross-cutting-final/J099.md,TASK-0017,BLOCKED_BY_FOUNDATION,J099-SL-03,ZERO_APPLICABLE_OPEN_GAPS_AND_SAME_SHA_EVIDENCE,
J099,J099-SL-05,5,Permission/trusted scope/object authorization,governance/operational_journey_protocol_package/smsm-dsh-wlt-journeys/06-cross-cutting-final/J099.md,TASK-0017,BLOCKED_BY_FOUNDATION,J099-SL-04,ZERO_APPLICABLE_OPEN_GAPS_AND_SAME_SHA_EVIDENCE,
J099,J099-SL-06,6,Entrypoints/routes/deep links/navigation,governance/operational_journey_protocol_package/smsm-dsh-wlt-journeys/06-cross-cutting-final/J099.md,TASK-0017,BLOCKED_BY_FOUNDATION,J099-SL-05,ZERO_APPLICABLE_OPEN_GAPS_AND_SAME_SHA_EVIDENCE,
J099,J099-SL-07,7,Screens/pages/tabs/buttons/icons/forms,governance/operational_journey_protocol_package/smsm-dsh-wlt-journeys/06-cross-cutting-final/J099.md,TASK-0017,BLOCKED_BY_FOUNDATION,J099-SL-06,ZERO_APPLICABLE_OPEN_GAPS_AND_SAME_SHA_EVIDENCE,
J099,J099-SL-08,8,Shared brain/view model/visible states,governance/operational_journey_protocol_package/smsm-dsh-wlt-journeys/06-cross-cutting-final/J099.md,TASK-0017,BLOCKED_BY_FOUNDATION,J099-SL-07,ZERO_APPLICABLE_OPEN_GAPS_AND_SAME_SHA_EVIDENCE,
J099,J099-SL-09,9,OpenAPI/error/security/idempotency,governance/operational_journey_protocol_package/smsm-dsh-wlt-journeys/06-cross-cutting-final/J099.md,TASK-0017,BLOCKED_BY_FOUNDATION,J099-SL-08,ZERO_APPLICABLE_OPEN_GAPS_AND_SAME_SHA_EVIDENCE,
J099,J099-SL-10,10,Generated clients/transports,governance/operational_journey_protocol_package/smsm-dsh-wlt-journeys/06-cross-cutting-final/J099.md,TASK-0017,BLOCKED_BY_FOUNDATION,J099-SL-09,ZERO_APPLICABLE_OPEN_GAPS_AND_SAME_SHA_EVIDENCE,
J099,J099-SL-11,11,Backend handler/domain/repository,governance/operational_journey_protocol_package/smsm-dsh-wlt-journeys/06-cross-cutting-final/J099.md,TASK-0017,BLOCKED_BY_FOUNDATION,J099-SL-10,ZERO_APPLICABLE_OPEN_GAPS_AND_SAME_SHA_EVIDENCE,
J099,J099-SL-12,12,State machine/allowed actions,governance/operational_journey_protocol_package/smsm-dsh-wlt-journeys/06-cross-cutting-final/J099.md,TASK-0017,BLOCKED_BY_FOUNDATION,J099-SL-11,ZERO_APPLICABLE_OPEN_GAPS_AND_SAME_SHA_EVIDENCE,
J099,J099-SL-13,13,Database/migrations/constraints/indexes,governance/operational_journey_protocol_package/smsm-dsh-wlt-journeys/06-cross-cutting-final/J099.md,TASK-0017,BLOCKED_BY_FOUNDATION,J099-SL-12,ZERO_APPLICABLE_OPEN_GAPS_AND_SAME_SHA_EVIDENCE,
J099,J099-SL-14,14,Events/outbox/inbox/jobs/DLQ,governance/operational_journey_protocol_package/smsm-dsh-wlt-journeys/06-cross-cutting-final/J099.md,TASK-0017,BLOCKED_BY_FOUNDATION,J099-SL-13,ZERO_APPLICABLE_OPEN_GAPS_AND_SAME_SHA_EVIDENCE,
J099,J099-SL-15,15,Media/providers/cache/search,governance/operational_journey_protocol_package/smsm-dsh-wlt-journeys/06-cross-cutting-final/J099.md,TASK-0017,BLOCKED_BY_FOUNDATION,J099-SL-14,ZERO_APPLICABLE_OPEN_GAPS_AND_SAME_SHA_EVIDENCE,
J099,J099-SL-16,16,DSH↔WLT financial boundary,governance/operational_journey_protocol_package/smsm-dsh-wlt-journeys/06-cross-cutting-final/J099.md,TASK-0017,BLOCKED_BY_FOUNDATION,J099-SL-15,ZERO_APPLICABLE_OPEN_GAPS_AND_SAME_SHA_EVIDENCE,
J099,J099-SL-17,17,Concurrency/idempotency/unknown result,governance/operational_journey_protocol_package/smsm-dsh-wlt-journeys/06-cross-cutting-final/J099.md,TASK-0017,BLOCKED_BY_FOUNDATION,J099-SL-16,ZERO_APPLICABLE_OPEN_GAPS_AND_SAME_SHA_EVIDENCE,
J099,J099-SL-18,18,Offline/retry/recovery,governance/operational_journey_protocol_package/smsm-dsh-wlt-journeys/06-cross-cutting-final/J099.md,TASK-0017,BLOCKED_BY_FOUNDATION,J099-SL-17,ZERO_APPLICABLE_OPEN_GAPS_AND_SAME_SHA_EVIDENCE,
J099,J099-SL-19,19,Cross-surface readback,governance/operational_journey_protocol_package/smsm-dsh-wlt-journeys/06-cross-cutting-final/J099.md,TASK-0017,BLOCKED_BY_FOUNDATION,J099-SL-18,ZERO_APPLICABLE_OPEN_GAPS_AND_SAME_SHA_EVIDENCE,
J099,J099-SL-20,20,Security/privacy/negative tests,governance/operational_journey_protocol_package/smsm-dsh-wlt-journeys/06-cross-cutting-final/J099.md,TASK-0017,BLOCKED_BY_FOUNDATION,J099-SL-19,ZERO_APPLICABLE_OPEN_GAPS_AND_SAME_SHA_EVIDENCE,
J099,J099-SL-21,21,Audit/observability/performance,governance/operational_journey_protocol_package/smsm-dsh-wlt-journeys/06-cross-cutting-final/J099.md,TASK-0017,BLOCKED_BY_FOUNDATION,J099-SL-20,ZERO_APPLICABLE_OPEN_GAPS_AND_SAME_SHA_EVIDENCE,
J099,J099-SL-22,22,Accessibility/RTL/localization,governance/operational_journey_protocol_package/smsm-dsh-wlt-journeys/06-cross-cutting-final/J099.md,TASK-0017,BLOCKED_BY_FOUNDATION,J099-SL-21,ZERO_APPLICABLE_OPEN_GAPS_AND_SAME_SHA_EVIDENCE,
J099,J099-SL-23,23,Manual operational acceptance,governance/operational_journey_protocol_package/smsm-dsh-wlt-journeys/06-cross-cutting-final/J099.md,TASK-0017,BLOCKED_BY_FOUNDATION,J099-SL-22,ZERO_APPLICABLE_OPEN_GAPS_AND_SAME_SHA_EVIDENCE,
J099,J099-SL-24,24,Cleanup/same-SHA evidence/closure,governance/operational_journey_protocol_package/smsm-dsh-wlt-journeys/06-cross-cutting-final/J099.md,TASK-0017,BLOCKED_BY_FOUNDATION,J099-SL-23,ZERO_APPLICABLE_OPEN_GAPS_AND_SAME_SHA_EVIDENCE,
J100,J100-SL-01,1,Product Truth والنتيجة والثوابت,governance/operational_journey_protocol_package/smsm-dsh-wlt-journeys/06-cross-cutting-final/J100.md,TASK-0017,BLOCKED_BY_FOUNDATION,FOUNDATION-00,ZERO_APPLICABLE_OPEN_GAPS_AND_SAME_SHA_EVIDENCE,
J100,J100-SL-02,2,Actors وهويات الخدمات,governance/operational_journey_protocol_package/smsm-dsh-wlt-journeys/06-cross-cutting-final/J100.md,TASK-0017,BLOCKED_BY_FOUNDATION,J100-SL-01,ZERO_APPLICABLE_OPEN_GAPS_AND_SAME_SHA_EVIDENCE,
J100,J100-SL-03,3,التبعيات وشروط الدخول والخروج,governance/operational_journey_protocol_package/smsm-dsh-wlt-journeys/06-cross-cutting-final/J100.md,TASK-0017,BLOCKED_BY_FOUNDATION,J100-SL-02,ZERO_APPLICABLE_OPEN_GAPS_AND_SAME_SHA_EVIDENCE,
J100,J100-SL-04,4,Identity/session/device,governance/operational_journey_protocol_package/smsm-dsh-wlt-journeys/06-cross-cutting-final/J100.md,TASK-0017,BLOCKED_BY_FOUNDATION,J100-SL-03,ZERO_APPLICABLE_OPEN_GAPS_AND_SAME_SHA_EVIDENCE,
J100,J100-SL-05,5,Permission/trusted scope/object authorization,governance/operational_journey_protocol_package/smsm-dsh-wlt-journeys/06-cross-cutting-final/J100.md,TASK-0017,BLOCKED_BY_FOUNDATION,J100-SL-04,ZERO_APPLICABLE_OPEN_GAPS_AND_SAME_SHA_EVIDENCE,
J100,J100-SL-06,6,Entrypoints/routes/deep links/navigation,governance/operational_journey_protocol_package/smsm-dsh-wlt-journeys/06-cross-cutting-final/J100.md,TASK-0017,BLOCKED_BY_FOUNDATION,J100-SL-05,ZERO_APPLICABLE_OPEN_GAPS_AND_SAME_SHA_EVIDENCE,
J100,J100-SL-07,7,Screens/pages/tabs/buttons/icons/forms,governance/operational_journey_protocol_package/smsm-dsh-wlt-journeys/06-cross-cutting-final/J100.md,TASK-0017,BLOCKED_BY_FOUNDATION,J100-SL-06,ZERO_APPLICABLE_OPEN_GAPS_AND_SAME_SHA_EVIDENCE,
J100,J100-SL-08,8,Shared brain/view model/visible states,governance/operational_journey_protocol_package/smsm-dsh-wlt-journeys/06-cross-cutting-final/J100.md,TASK-0017,BLOCKED_BY_FOUNDATION,J100-SL-07,ZERO_APPLICABLE_OPEN_GAPS_AND_SAME_SHA_EVIDENCE,
J100,J100-SL-09,9,OpenAPI/error/security/idempotency,governance/operational_journey_protocol_package/smsm-dsh-wlt-journeys/06-cross-cutting-final/J100.md,TASK-0017,BLOCKED_BY_FOUNDATION,J100-SL-08,ZERO_APPLICABLE_OPEN_GAPS_AND_SAME_SHA_EVIDENCE,
J100,J100-SL-10,10,Generated clients/transports,governance/operational_journey_protocol_package/smsm-dsh-wlt-journeys/06-cross-cutting-final/J100.md,TASK-0017,BLOCKED_BY_FOUNDATION,J100-SL-09,ZERO_APPLICABLE_OPEN_GAPS_AND_SAME_SHA_EVIDENCE,
J100,J100-SL-11,11,Backend handler/domain/repository,governance/operational_journey_protocol_package/smsm-dsh-wlt-journeys/06-cross-cutting-final/J100.md,TASK-0017,BLOCKED_BY_FOUNDATION,J100-SL-10,ZERO_APPLICABLE_OPEN_GAPS_AND_SAME_SHA_EVIDENCE,
J100,J100-SL-12,12,State machine/allowed actions,governance/operational_journey_protocol_package/smsm-dsh-wlt-journeys/06-cross-cutting-final/J100.md,TASK-0017,BLOCKED_BY_FOUNDATION,J100-SL-11,ZERO_APPLICABLE_OPEN_GAPS_AND_SAME_SHA_EVIDENCE,
J100,J100-SL-13,13,Database/migrations/constraints/indexes,governance/operational_journey_protocol_package/smsm-dsh-wlt-journeys/06-cross-cutting-final/J100.md,TASK-0017,BLOCKED_BY_FOUNDATION,J100-SL-12,ZERO_APPLICABLE_OPEN_GAPS_AND_SAME_SHA_EVIDENCE,
J100,J100-SL-14,14,Events/outbox/inbox/jobs/DLQ,governance/operational_journey_protocol_package/smsm-dsh-wlt-journeys/06-cross-cutting-final/J100.md,TASK-0017,BLOCKED_BY_FOUNDATION,J100-SL-13,ZERO_APPLICABLE_OPEN_GAPS_AND_SAME_SHA_EVIDENCE,
J100,J100-SL-15,15,Media/providers/cache/search,governance/operational_journey_protocol_package/smsm-dsh-wlt-journeys/06-cross-cutting-final/J100.md,TASK-0017,BLOCKED_BY_FOUNDATION,J100-SL-14,ZERO_APPLICABLE_OPEN_GAPS_AND_SAME_SHA_EVIDENCE,
J100,J100-SL-16,16,DSH↔WLT financial boundary,governance/operational_journey_protocol_package/smsm-dsh-wlt-journeys/06-cross-cutting-final/J100.md,TASK-0017,BLOCKED_BY_FOUNDATION,J100-SL-15,ZERO_APPLICABLE_OPEN_GAPS_AND_SAME_SHA_EVIDENCE,
J100,J100-SL-17,17,Concurrency/idempotency/unknown result,governance/operational_journey_protocol_package/smsm-dsh-wlt-journeys/06-cross-cutting-final/J100.md,TASK-0017,BLOCKED_BY_FOUNDATION,J100-SL-16,ZERO_APPLICABLE_OPEN_GAPS_AND_SAME_SHA_EVIDENCE,
J100,J100-SL-18,18,Offline/retry/recovery,governance/operational_journey_protocol_package/smsm-dsh-wlt-journeys/06-cross-cutting-final/J100.md,TASK-0017,BLOCKED_BY_FOUNDATION,J100-SL-17,ZERO_APPLICABLE_OPEN_GAPS_AND_SAME_SHA_EVIDENCE,
J100,J100-SL-19,19,Cross-surface readback,governance/operational_journey_protocol_package/smsm-dsh-wlt-journeys/06-cross-cutting-final/J100.md,TASK-0017,BLOCKED_BY_FOUNDATION,J100-SL-18,ZERO_APPLICABLE_OPEN_GAPS_AND_SAME_SHA_EVIDENCE,
J100,J100-SL-20,20,Security/privacy/negative tests,governance/operational_journey_protocol_package/smsm-dsh-wlt-journeys/06-cross-cutting-final/J100.md,TASK-0017,BLOCKED_BY_FOUNDATION,J100-SL-19,ZERO_APPLICABLE_OPEN_GAPS_AND_SAME_SHA_EVIDENCE,
J100,J100-SL-21,21,Audit/observability/performance,governance/operational_journey_protocol_package/smsm-dsh-wlt-journeys/06-cross-cutting-final/J100.md,TASK-0017,BLOCKED_BY_FOUNDATION,J100-SL-20,ZERO_APPLICABLE_OPEN_GAPS_AND_SAME_SHA_EVIDENCE,
J100,J100-SL-22,22,Accessibility/RTL/localization,governance/operational_journey_protocol_package/smsm-dsh-wlt-journeys/06-cross-cutting-final/J100.md,TASK-0017,BLOCKED_BY_FOUNDATION,J100-SL-21,ZERO_APPLICABLE_OPEN_GAPS_AND_SAME_SHA_EVIDENCE,
J100,J100-SL-23,23,Manual operational acceptance,governance/operational_journey_protocol_package/smsm-dsh-wlt-journeys/06-cross-cutting-final/J100.md,TASK-0017,BLOCKED_BY_FOUNDATION,J100-SL-22,ZERO_APPLICABLE_OPEN_GAPS_AND_SAME_SHA_EVIDENCE,
J100,J100-SL-24,24,Cleanup/same-SHA evidence/closure,governance/operational_journey_protocol_package/smsm-dsh-wlt-journeys/06-cross-cutting-final/J100.md,TASK-0017,BLOCKED_BY_FOUNDATION,J100-SL-23,ZERO_APPLICABLE_OPEN_GAPS_AND_SAME_SHA_EVIDENCE,
J101,J101-SL-01,1,Product Truth والنتيجة والثوابت,governance/operational_journey_protocol_package/smsm-dsh-wlt-journeys/06-cross-cutting-final/J101.md,TASK-0017,BLOCKED_BY_FOUNDATION,FOUNDATION-00,ZERO_APPLICABLE_OPEN_GAPS_AND_SAME_SHA_EVIDENCE,
J101,J101-SL-02,2,Actors وهويات الخدمات,governance/operational_journey_protocol_package/smsm-dsh-wlt-journeys/06-cross-cutting-final/J101.md,TASK-0017,BLOCKED_BY_FOUNDATION,J101-SL-01,ZERO_APPLICABLE_OPEN_GAPS_AND_SAME_SHA_EVIDENCE,
J101,J101-SL-03,3,التبعيات وشروط الدخول والخروج,governance/operational_journey_protocol_package/smsm-dsh-wlt-journeys/06-cross-cutting-final/J101.md,TASK-0017,BLOCKED_BY_FOUNDATION,J101-SL-02,ZERO_APPLICABLE_OPEN_GAPS_AND_SAME_SHA_EVIDENCE,
J101,J101-SL-04,4,Identity/session/device,governance/operational_journey_protocol_package/smsm-dsh-wlt-journeys/06-cross-cutting-final/J101.md,TASK-0017,BLOCKED_BY_FOUNDATION,J101-SL-03,ZERO_APPLICABLE_OPEN_GAPS_AND_SAME_SHA_EVIDENCE,
J101,J101-SL-05,5,Permission/trusted scope/object authorization,governance/operational_journey_protocol_package/smsm-dsh-wlt-journeys/06-cross-cutting-final/J101.md,TASK-0017,BLOCKED_BY_FOUNDATION,J101-SL-04,ZERO_APPLICABLE_OPEN_GAPS_AND_SAME_SHA_EVIDENCE,
J101,J101-SL-06,6,Entrypoints/routes/deep links/navigation,governance/operational_journey_protocol_package/smsm-dsh-wlt-journeys/06-cross-cutting-final/J101.md,TASK-0017,BLOCKED_BY_FOUNDATION,J101-SL-05,ZERO_APPLICABLE_OPEN_GAPS_AND_SAME_SHA_EVIDENCE,
J101,J101-SL-07,7,Screens/pages/tabs/buttons/icons/forms,governance/operational_journey_protocol_package/smsm-dsh-wlt-journeys/06-cross-cutting-final/J101.md,TASK-0017,BLOCKED_BY_FOUNDATION,J101-SL-06,ZERO_APPLICABLE_OPEN_GAPS_AND_SAME_SHA_EVIDENCE,
J101,J101-SL-08,8,Shared brain/view model/visible states,governance/operational_journey_protocol_package/smsm-dsh-wlt-journeys/06-cross-cutting-final/J101.md,TASK-0017,BLOCKED_BY_FOUNDATION,J101-SL-07,ZERO_APPLICABLE_OPEN_GAPS_AND_SAME_SHA_EVIDENCE,
J101,J101-SL-09,9,OpenAPI/error/security/idempotency,governance/operational_journey_protocol_package/smsm-dsh-wlt-journeys/06-cross-cutting-final/J101.md,TASK-0017,BLOCKED_BY_FOUNDATION,J101-SL-08,ZERO_APPLICABLE_OPEN_GAPS_AND_SAME_SHA_EVIDENCE,
J101,J101-SL-10,10,Generated clients/transports,governance/operational_journey_protocol_package/smsm-dsh-wlt-journeys/06-cross-cutting-final/J101.md,TASK-0017,BLOCKED_BY_FOUNDATION,J101-SL-09,ZERO_APPLICABLE_OPEN_GAPS_AND_SAME_SHA_EVIDENCE,
J101,J101-SL-11,11,Backend handler/domain/repository,governance/operational_journey_protocol_package/smsm-dsh-wlt-journeys/06-cross-cutting-final/J101.md,TASK-0017,BLOCKED_BY_FOUNDATION,J101-SL-10,ZERO_APPLICABLE_OPEN_GAPS_AND_SAME_SHA_EVIDENCE,
J101,J101-SL-12,12,State machine/allowed actions,governance/operational_journey_protocol_package/smsm-dsh-wlt-journeys/06-cross-cutting-final/J101.md,TASK-0017,BLOCKED_BY_FOUNDATION,J101-SL-11,ZERO_APPLICABLE_OPEN_GAPS_AND_SAME_SHA_EVIDENCE,
J101,J101-SL-13,13,Database/migrations/constraints/indexes,governance/operational_journey_protocol_package/smsm-dsh-wlt-journeys/06-cross-cutting-final/J101.md,TASK-0017,BLOCKED_BY_FOUNDATION,J101-SL-12,ZERO_APPLICABLE_OPEN_GAPS_AND_SAME_SHA_EVIDENCE,
J101,J101-SL-14,14,Events/outbox/inbox/jobs/DLQ,governance/operational_journey_protocol_package/smsm-dsh-wlt-journeys/06-cross-cutting-final/J101.md,TASK-0017,BLOCKED_BY_FOUNDATION,J101-SL-13,ZERO_APPLICABLE_OPEN_GAPS_AND_SAME_SHA_EVIDENCE,
J101,J101-SL-15,15,Media/providers/cache/search,governance/operational_journey_protocol_package/smsm-dsh-wlt-journeys/06-cross-cutting-final/J101.md,TASK-0017,BLOCKED_BY_FOUNDATION,J101-SL-14,ZERO_APPLICABLE_OPEN_GAPS_AND_SAME_SHA_EVIDENCE,
J101,J101-SL-16,16,DSH↔WLT financial boundary,governance/operational_journey_protocol_package/smsm-dsh-wlt-journeys/06-cross-cutting-final/J101.md,TASK-0017,BLOCKED_BY_FOUNDATION,J101-SL-15,ZERO_APPLICABLE_OPEN_GAPS_AND_SAME_SHA_EVIDENCE,
J101,J101-SL-17,17,Concurrency/idempotency/unknown result,governance/operational_journey_protocol_package/smsm-dsh-wlt-journeys/06-cross-cutting-final/J101.md,TASK-0017,BLOCKED_BY_FOUNDATION,J101-SL-16,ZERO_APPLICABLE_OPEN_GAPS_AND_SAME_SHA_EVIDENCE,
J101,J101-SL-18,18,Offline/retry/recovery,governance/operational_journey_protocol_package/smsm-dsh-wlt-journeys/06-cross-cutting-final/J101.md,TASK-0017,BLOCKED_BY_FOUNDATION,J101-SL-17,ZERO_APPLICABLE_OPEN_GAPS_AND_SAME_SHA_EVIDENCE,
J101,J101-SL-19,19,Cross-surface readback,governance/operational_journey_protocol_package/smsm-dsh-wlt-journeys/06-cross-cutting-final/J101.md,TASK-0017,BLOCKED_BY_FOUNDATION,J101-SL-18,ZERO_APPLICABLE_OPEN_GAPS_AND_SAME_SHA_EVIDENCE,
J101,J101-SL-20,20,Security/privacy/negative tests,governance/operational_journey_protocol_package/smsm-dsh-wlt-journeys/06-cross-cutting-final/J101.md,TASK-0017,BLOCKED_BY_FOUNDATION,J101-SL-19,ZERO_APPLICABLE_OPEN_GAPS_AND_SAME_SHA_EVIDENCE,
J101,J101-SL-21,21,Audit/observability/performance,governance/operational_journey_protocol_package/smsm-dsh-wlt-journeys/06-cross-cutting-final/J101.md,TASK-0017,BLOCKED_BY_FOUNDATION,J101-SL-20,ZERO_APPLICABLE_OPEN_GAPS_AND_SAME_SHA_EVIDENCE,
J101,J101-SL-22,22,Accessibility/RTL/localization,governance/operational_journey_protocol_package/smsm-dsh-wlt-journeys/06-cross-cutting-final/J101.md,TASK-0017,BLOCKED_BY_FOUNDATION,J101-SL-21,ZERO_APPLICABLE_OPEN_GAPS_AND_SAME_SHA_EVIDENCE,
J101,J101-SL-23,23,Manual operational acceptance,governance/operational_journey_protocol_package/smsm-dsh-wlt-journeys/06-cross-cutting-final/J101.md,TASK-0017,BLOCKED_BY_FOUNDATION,J101-SL-22,ZERO_APPLICABLE_OPEN_GAPS_AND_SAME_SHA_EVIDENCE,
J101,J101-SL-24,24,Cleanup/same-SHA evidence/closure,governance/operational_journey_protocol_package/smsm-dsh-wlt-journeys/06-cross-cutting-final/J101.md,TASK-0017,BLOCKED_BY_FOUNDATION,J101-SL-23,ZERO_APPLICABLE_OPEN_GAPS_AND_SAME_SHA_EVIDENCE,
J102,J102-SL-01,1,Product Truth والنتيجة والثوابت,governance/operational_journey_protocol_package/smsm-dsh-wlt-journeys/06-cross-cutting-final/J102.md,TASK-0017,BLOCKED_BY_FOUNDATION,FOUNDATION-00,ZERO_APPLICABLE_OPEN_GAPS_AND_SAME_SHA_EVIDENCE,
J102,J102-SL-02,2,Actors وهويات الخدمات,governance/operational_journey_protocol_package/smsm-dsh-wlt-journeys/06-cross-cutting-final/J102.md,TASK-0017,BLOCKED_BY_FOUNDATION,J102-SL-01,ZERO_APPLICABLE_OPEN_GAPS_AND_SAME_SHA_EVIDENCE,
J102,J102-SL-03,3,التبعيات وشروط الدخول والخروج,governance/operational_journey_protocol_package/smsm-dsh-wlt-journeys/06-cross-cutting-final/J102.md,TASK-0017,BLOCKED_BY_FOUNDATION,J102-SL-02,ZERO_APPLICABLE_OPEN_GAPS_AND_SAME_SHA_EVIDENCE,
J102,J102-SL-04,4,Identity/session/device,governance/operational_journey_protocol_package/smsm-dsh-wlt-journeys/06-cross-cutting-final/J102.md,TASK-0017,BLOCKED_BY_FOUNDATION,J102-SL-03,ZERO_APPLICABLE_OPEN_GAPS_AND_SAME_SHA_EVIDENCE,
J102,J102-SL-05,5,Permission/trusted scope/object authorization,governance/operational_journey_protocol_package/smsm-dsh-wlt-journeys/06-cross-cutting-final/J102.md,TASK-0017,BLOCKED_BY_FOUNDATION,J102-SL-04,ZERO_APPLICABLE_OPEN_GAPS_AND_SAME_SHA_EVIDENCE,
J102,J102-SL-06,6,Entrypoints/routes/deep links/navigation,governance/operational_journey_protocol_package/smsm-dsh-wlt-journeys/06-cross-cutting-final/J102.md,TASK-0017,BLOCKED_BY_FOUNDATION,J102-SL-05,ZERO_APPLICABLE_OPEN_GAPS_AND_SAME_SHA_EVIDENCE,
J102,J102-SL-07,7,Screens/pages/tabs/buttons/icons/forms,governance/operational_journey_protocol_package/smsm-dsh-wlt-journeys/06-cross-cutting-final/J102.md,TASK-0017,BLOCKED_BY_FOUNDATION,J102-SL-06,ZERO_APPLICABLE_OPEN_GAPS_AND_SAME_SHA_EVIDENCE,
J102,J102-SL-08,8,Shared brain/view model/visible states,governance/operational_journey_protocol_package/smsm-dsh-wlt-journeys/06-cross-cutting-final/J102.md,TASK-0017,BLOCKED_BY_FOUNDATION,J102-SL-07,ZERO_APPLICABLE_OPEN_GAPS_AND_SAME_SHA_EVIDENCE,
J102,J102-SL-09,9,OpenAPI/error/security/idempotency,governance/operational_journey_protocol_package/smsm-dsh-wlt-journeys/06-cross-cutting-final/J102.md,TASK-0017,BLOCKED_BY_FOUNDATION,J102-SL-08,ZERO_APPLICABLE_OPEN_GAPS_AND_SAME_SHA_EVIDENCE,
J102,J102-SL-10,10,Generated clients/transports,governance/operational_journey_protocol_package/smsm-dsh-wlt-journeys/06-cross-cutting-final/J102.md,TASK-0017,BLOCKED_BY_FOUNDATION,J102-SL-09,ZERO_APPLICABLE_OPEN_GAPS_AND_SAME_SHA_EVIDENCE,
J102,J102-SL-11,11,Backend handler/domain/repository,governance/operational_journey_protocol_package/smsm-dsh-wlt-journeys/06-cross-cutting-final/J102.md,TASK-0017,BLOCKED_BY_FOUNDATION,J102-SL-10,ZERO_APPLICABLE_OPEN_GAPS_AND_SAME_SHA_EVIDENCE,
J102,J102-SL-12,12,State machine/allowed actions,governance/operational_journey_protocol_package/smsm-dsh-wlt-journeys/06-cross-cutting-final/J102.md,TASK-0017,BLOCKED_BY_FOUNDATION,J102-SL-11,ZERO_APPLICABLE_OPEN_GAPS_AND_SAME_SHA_EVIDENCE,
J102,J102-SL-13,13,Database/migrations/constraints/indexes,governance/operational_journey_protocol_package/smsm-dsh-wlt-journeys/06-cross-cutting-final/J102.md,TASK-0017,BLOCKED_BY_FOUNDATION,J102-SL-12,ZERO_APPLICABLE_OPEN_GAPS_AND_SAME_SHA_EVIDENCE,
J102,J102-SL-14,14,Events/outbox/inbox/jobs/DLQ,governance/operational_journey_protocol_package/smsm-dsh-wlt-journeys/06-cross-cutting-final/J102.md,TASK-0017,BLOCKED_BY_FOUNDATION,J102-SL-13,ZERO_APPLICABLE_OPEN_GAPS_AND_SAME_SHA_EVIDENCE,
J102,J102-SL-15,15,Media/providers/cache/search,governance/operational_journey_protocol_package/smsm-dsh-wlt-journeys/06-cross-cutting-final/J102.md,TASK-0017,BLOCKED_BY_FOUNDATION,J102-SL-14,ZERO_APPLICABLE_OPEN_GAPS_AND_SAME_SHA_EVIDENCE,
J102,J102-SL-16,16,DSH↔WLT financial boundary,governance/operational_journey_protocol_package/smsm-dsh-wlt-journeys/06-cross-cutting-final/J102.md,TASK-0017,BLOCKED_BY_FOUNDATION,J102-SL-15,ZERO_APPLICABLE_OPEN_GAPS_AND_SAME_SHA_EVIDENCE,
J102,J102-SL-17,17,Concurrency/idempotency/unknown result,governance/operational_journey_protocol_package/smsm-dsh-wlt-journeys/06-cross-cutting-final/J102.md,TASK-0017,BLOCKED_BY_FOUNDATION,J102-SL-16,ZERO_APPLICABLE_OPEN_GAPS_AND_SAME_SHA_EVIDENCE,
J102,J102-SL-18,18,Offline/retry/recovery,governance/operational_journey_protocol_package/smsm-dsh-wlt-journeys/06-cross-cutting-final/J102.md,TASK-0017,BLOCKED_BY_FOUNDATION,J102-SL-17,ZERO_APPLICABLE_OPEN_GAPS_AND_SAME_SHA_EVIDENCE,
J102,J102-SL-19,19,Cross-surface readback,governance/operational_journey_protocol_package/smsm-dsh-wlt-journeys/06-cross-cutting-final/J102.md,TASK-0017,BLOCKED_BY_FOUNDATION,J102-SL-18,ZERO_APPLICABLE_OPEN_GAPS_AND_SAME_SHA_EVIDENCE,
J102,J102-SL-20,20,Security/privacy/negative tests,governance/operational_journey_protocol_package/smsm-dsh-wlt-journeys/06-cross-cutting-final/J102.md,TASK-0017,BLOCKED_BY_FOUNDATION,J102-SL-19,ZERO_APPLICABLE_OPEN_GAPS_AND_SAME_SHA_EVIDENCE,
J102,J102-SL-21,21,Audit/observability/performance,governance/operational_journey_protocol_package/smsm-dsh-wlt-journeys/06-cross-cutting-final/J102.md,TASK-0017,BLOCKED_BY_FOUNDATION,J102-SL-20,ZERO_APPLICABLE_OPEN_GAPS_AND_SAME_SHA_EVIDENCE,
J102,J102-SL-22,22,Accessibility/RTL/localization,governance/operational_journey_protocol_package/smsm-dsh-wlt-journeys/06-cross-cutting-final/J102.md,TASK-0017,BLOCKED_BY_FOUNDATION,J102-SL-21,ZERO_APPLICABLE_OPEN_GAPS_AND_SAME_SHA_EVIDENCE,
J102,J102-SL-23,23,Manual operational acceptance,governance/operational_journey_protocol_package/smsm-dsh-wlt-journeys/06-cross-cutting-final/J102.md,TASK-0017,BLOCKED_BY_FOUNDATION,J102-SL-22,ZERO_APPLICABLE_OPEN_GAPS_AND_SAME_SHA_EVIDENCE,
J102,J102-SL-24,24,Cleanup/same-SHA evidence/closure,governance/operational_journey_protocol_package/smsm-dsh-wlt-journeys/06-cross-cutting-final/J102.md,TASK-0017,BLOCKED_BY_FOUNDATION,J102-SL-23,ZERO_APPLICABLE_OPEN_GAPS_AND_SAME_SHA_EVIDENCE,
J103,J103-SL-01,1,Product Truth والنتيجة والثوابت,governance/operational_journey_protocol_package/smsm-dsh-wlt-journeys/06-cross-cutting-final/J103.md,TASK-0017,BLOCKED_BY_FOUNDATION,FOUNDATION-00,ZERO_APPLICABLE_OPEN_GAPS_AND_SAME_SHA_EVIDENCE,
J103,J103-SL-02,2,Actors وهويات الخدمات,governance/operational_journey_protocol_package/smsm-dsh-wlt-journeys/06-cross-cutting-final/J103.md,TASK-0017,BLOCKED_BY_FOUNDATION,J103-SL-01,ZERO_APPLICABLE_OPEN_GAPS_AND_SAME_SHA_EVIDENCE,
J103,J103-SL-03,3,التبعيات وشروط الدخول والخروج,governance/operational_journey_protocol_package/smsm-dsh-wlt-journeys/06-cross-cutting-final/J103.md,TASK-0017,BLOCKED_BY_FOUNDATION,J103-SL-02,ZERO_APPLICABLE_OPEN_GAPS_AND_SAME_SHA_EVIDENCE,
J103,J103-SL-04,4,Identity/session/device,governance/operational_journey_protocol_package/smsm-dsh-wlt-journeys/06-cross-cutting-final/J103.md,TASK-0017,BLOCKED_BY_FOUNDATION,J103-SL-03,ZERO_APPLICABLE_OPEN_GAPS_AND_SAME_SHA_EVIDENCE,
J103,J103-SL-05,5,Permission/trusted scope/object authorization,governance/operational_journey_protocol_package/smsm-dsh-wlt-journeys/06-cross-cutting-final/J103.md,TASK-0017,BLOCKED_BY_FOUNDATION,J103-SL-04,ZERO_APPLICABLE_OPEN_GAPS_AND_SAME_SHA_EVIDENCE,
J103,J103-SL-06,6,Entrypoints/routes/deep links/navigation,governance/operational_journey_protocol_package/smsm-dsh-wlt-journeys/06-cross-cutting-final/J103.md,TASK-0017,BLOCKED_BY_FOUNDATION,J103-SL-05,ZERO_APPLICABLE_OPEN_GAPS_AND_SAME_SHA_EVIDENCE,
J103,J103-SL-07,7,Screens/pages/tabs/buttons/icons/forms,governance/operational_journey_protocol_package/smsm-dsh-wlt-journeys/06-cross-cutting-final/J103.md,TASK-0017,BLOCKED_BY_FOUNDATION,J103-SL-06,ZERO_APPLICABLE_OPEN_GAPS_AND_SAME_SHA_EVIDENCE,
J103,J103-SL-08,8,Shared brain/view model/visible states,governance/operational_journey_protocol_package/smsm-dsh-wlt-journeys/06-cross-cutting-final/J103.md,TASK-0017,BLOCKED_BY_FOUNDATION,J103-SL-07,ZERO_APPLICABLE_OPEN_GAPS_AND_SAME_SHA_EVIDENCE,
J103,J103-SL-09,9,OpenAPI/error/security/idempotency,governance/operational_journey_protocol_package/smsm-dsh-wlt-journeys/06-cross-cutting-final/J103.md,TASK-0017,BLOCKED_BY_FOUNDATION,J103-SL-08,ZERO_APPLICABLE_OPEN_GAPS_AND_SAME_SHA_EVIDENCE,
J103,J103-SL-10,10,Generated clients/transports,governance/operational_journey_protocol_package/smsm-dsh-wlt-journeys/06-cross-cutting-final/J103.md,TASK-0017,BLOCKED_BY_FOUNDATION,J103-SL-09,ZERO_APPLICABLE_OPEN_GAPS_AND_SAME_SHA_EVIDENCE,
J103,J103-SL-11,11,Backend handler/domain/repository,governance/operational_journey_protocol_package/smsm-dsh-wlt-journeys/06-cross-cutting-final/J103.md,TASK-0017,BLOCKED_BY_FOUNDATION,J103-SL-10,ZERO_APPLICABLE_OPEN_GAPS_AND_SAME_SHA_EVIDENCE,
J103,J103-SL-12,12,State machine/allowed actions,governance/operational_journey_protocol_package/smsm-dsh-wlt-journeys/06-cross-cutting-final/J103.md,TASK-0017,BLOCKED_BY_FOUNDATION,J103-SL-11,ZERO_APPLICABLE_OPEN_GAPS_AND_SAME_SHA_EVIDENCE,
J103,J103-SL-13,13,Database/migrations/constraints/indexes,governance/operational_journey_protocol_package/smsm-dsh-wlt-journeys/06-cross-cutting-final/J103.md,TASK-0017,BLOCKED_BY_FOUNDATION,J103-SL-12,ZERO_APPLICABLE_OPEN_GAPS_AND_SAME_SHA_EVIDENCE,
J103,J103-SL-14,14,Events/outbox/inbox/jobs/DLQ,governance/operational_journey_protocol_package/smsm-dsh-wlt-journeys/06-cross-cutting-final/J103.md,TASK-0017,BLOCKED_BY_FOUNDATION,J103-SL-13,ZERO_APPLICABLE_OPEN_GAPS_AND_SAME_SHA_EVIDENCE,
J103,J103-SL-15,15,Media/providers/cache/search,governance/operational_journey_protocol_package/smsm-dsh-wlt-journeys/06-cross-cutting-final/J103.md,TASK-0017,BLOCKED_BY_FOUNDATION,J103-SL-14,ZERO_APPLICABLE_OPEN_GAPS_AND_SAME_SHA_EVIDENCE,
J103,J103-SL-16,16,DSH↔WLT financial boundary,governance/operational_journey_protocol_package/smsm-dsh-wlt-journeys/06-cross-cutting-final/J103.md,TASK-0017,BLOCKED_BY_FOUNDATION,J103-SL-15,ZERO_APPLICABLE_OPEN_GAPS_AND_SAME_SHA_EVIDENCE,
J103,J103-SL-17,17,Concurrency/idempotency/unknown result,governance/operational_journey_protocol_package/smsm-dsh-wlt-journeys/06-cross-cutting-final/J103.md,TASK-0017,BLOCKED_BY_FOUNDATION,J103-SL-16,ZERO_APPLICABLE_OPEN_GAPS_AND_SAME_SHA_EVIDENCE,
J103,J103-SL-18,18,Offline/retry/recovery,governance/operational_journey_protocol_package/smsm-dsh-wlt-journeys/06-cross-cutting-final/J103.md,TASK-0017,BLOCKED_BY_FOUNDATION,J103-SL-17,ZERO_APPLICABLE_OPEN_GAPS_AND_SAME_SHA_EVIDENCE,
J103,J103-SL-19,19,Cross-surface readback,governance/operational_journey_protocol_package/smsm-dsh-wlt-journeys/06-cross-cutting-final/J103.md,TASK-0017,BLOCKED_BY_FOUNDATION,J103-SL-18,ZERO_APPLICABLE_OPEN_GAPS_AND_SAME_SHA_EVIDENCE,
J103,J103-SL-20,20,Security/privacy/negative tests,governance/operational_journey_protocol_package/smsm-dsh-wlt-journeys/06-cross-cutting-final/J103.md,TASK-0017,BLOCKED_BY_FOUNDATION,J103-SL-19,ZERO_APPLICABLE_OPEN_GAPS_AND_SAME_SHA_EVIDENCE,
J103,J103-SL-21,21,Audit/observability/performance,governance/operational_journey_protocol_package/smsm-dsh-wlt-journeys/06-cross-cutting-final/J103.md,TASK-0017,BLOCKED_BY_FOUNDATION,J103-SL-20,ZERO_APPLICABLE_OPEN_GAPS_AND_SAME_SHA_EVIDENCE,
J103,J103-SL-22,22,Accessibility/RTL/localization,governance/operational_journey_protocol_package/smsm-dsh-wlt-journeys/06-cross-cutting-final/J103.md,TASK-0017,BLOCKED_BY_FOUNDATION,J103-SL-21,ZERO_APPLICABLE_OPEN_GAPS_AND_SAME_SHA_EVIDENCE,
J103,J103-SL-23,23,Manual operational acceptance,governance/operational_journey_protocol_package/smsm-dsh-wlt-journeys/06-cross-cutting-final/J103.md,TASK-0017,BLOCKED_BY_FOUNDATION,J103-SL-22,ZERO_APPLICABLE_OPEN_GAPS_AND_SAME_SHA_EVIDENCE,
J103,J103-SL-24,24,Cleanup/same-SHA evidence/closure,governance/operational_journey_protocol_package/smsm-dsh-wlt-journeys/06-cross-cutting-final/J103.md,TASK-0017,BLOCKED_BY_FOUNDATION,J103-SL-23,ZERO_APPLICABLE_OPEN_GAPS_AND_SAME_SHA_EVIDENCE,
J104,J104-SL-01,1,Product Truth والنتيجة والثوابت,governance/operational_journey_protocol_package/smsm-dsh-wlt-journeys/06-cross-cutting-final/J104.md,TASK-0017,BLOCKED_BY_FOUNDATION,FOUNDATION-00,ZERO_APPLICABLE_OPEN_GAPS_AND_SAME_SHA_EVIDENCE,
J104,J104-SL-02,2,Actors وهويات الخدمات,governance/operational_journey_protocol_package/smsm-dsh-wlt-journeys/06-cross-cutting-final/J104.md,TASK-0017,BLOCKED_BY_FOUNDATION,J104-SL-01,ZERO_APPLICABLE_OPEN_GAPS_AND_SAME_SHA_EVIDENCE,
J104,J104-SL-03,3,التبعيات وشروط الدخول والخروج,governance/operational_journey_protocol_package/smsm-dsh-wlt-journeys/06-cross-cutting-final/J104.md,TASK-0017,BLOCKED_BY_FOUNDATION,J104-SL-02,ZERO_APPLICABLE_OPEN_GAPS_AND_SAME_SHA_EVIDENCE,
J104,J104-SL-04,4,Identity/session/device,governance/operational_journey_protocol_package/smsm-dsh-wlt-journeys/06-cross-cutting-final/J104.md,TASK-0017,BLOCKED_BY_FOUNDATION,J104-SL-03,ZERO_APPLICABLE_OPEN_GAPS_AND_SAME_SHA_EVIDENCE,
J104,J104-SL-05,5,Permission/trusted scope/object authorization,governance/operational_journey_protocol_package/smsm-dsh-wlt-journeys/06-cross-cutting-final/J104.md,TASK-0017,BLOCKED_BY_FOUNDATION,J104-SL-04,ZERO_APPLICABLE_OPEN_GAPS_AND_SAME_SHA_EVIDENCE,
J104,J104-SL-06,6,Entrypoints/routes/deep links/navigation,governance/operational_journey_protocol_package/smsm-dsh-wlt-journeys/06-cross-cutting-final/J104.md,TASK-0017,BLOCKED_BY_FOUNDATION,J104-SL-05,ZERO_APPLICABLE_OPEN_GAPS_AND_SAME_SHA_EVIDENCE,
J104,J104-SL-07,7,Screens/pages/tabs/buttons/icons/forms,governance/operational_journey_protocol_package/smsm-dsh-wlt-journeys/06-cross-cutting-final/J104.md,TASK-0017,BLOCKED_BY_FOUNDATION,J104-SL-06,ZERO_APPLICABLE_OPEN_GAPS_AND_SAME_SHA_EVIDENCE,
J104,J104-SL-08,8,Shared brain/view model/visible states,governance/operational_journey_protocol_package/smsm-dsh-wlt-journeys/06-cross-cutting-final/J104.md,TASK-0017,BLOCKED_BY_FOUNDATION,J104-SL-07,ZERO_APPLICABLE_OPEN_GAPS_AND_SAME_SHA_EVIDENCE,
J104,J104-SL-09,9,OpenAPI/error/security/idempotency,governance/operational_journey_protocol_package/smsm-dsh-wlt-journeys/06-cross-cutting-final/J104.md,TASK-0017,BLOCKED_BY_FOUNDATION,J104-SL-08,ZERO_APPLICABLE_OPEN_GAPS_AND_SAME_SHA_EVIDENCE,
J104,J104-SL-10,10,Generated clients/transports,governance/operational_journey_protocol_package/smsm-dsh-wlt-journeys/06-cross-cutting-final/J104.md,TASK-0017,BLOCKED_BY_FOUNDATION,J104-SL-09,ZERO_APPLICABLE_OPEN_GAPS_AND_SAME_SHA_EVIDENCE,
J104,J104-SL-11,11,Backend handler/domain/repository,governance/operational_journey_protocol_package/smsm-dsh-wlt-journeys/06-cross-cutting-final/J104.md,TASK-0017,BLOCKED_BY_FOUNDATION,J104-SL-10,ZERO_APPLICABLE_OPEN_GAPS_AND_SAME_SHA_EVIDENCE,
J104,J104-SL-12,12,State machine/allowed actions,governance/operational_journey_protocol_package/smsm-dsh-wlt-journeys/06-cross-cutting-final/J104.md,TASK-0017,BLOCKED_BY_FOUNDATION,J104-SL-11,ZERO_APPLICABLE_OPEN_GAPS_AND_SAME_SHA_EVIDENCE,
J104,J104-SL-13,13,Database/migrations/constraints/indexes,governance/operational_journey_protocol_package/smsm-dsh-wlt-journeys/06-cross-cutting-final/J104.md,TASK-0017,BLOCKED_BY_FOUNDATION,J104-SL-12,ZERO_APPLICABLE_OPEN_GAPS_AND_SAME_SHA_EVIDENCE,
J104,J104-SL-14,14,Events/outbox/inbox/jobs/DLQ,governance/operational_journey_protocol_package/smsm-dsh-wlt-journeys/06-cross-cutting-final/J104.md,TASK-0017,BLOCKED_BY_FOUNDATION,J104-SL-13,ZERO_APPLICABLE_OPEN_GAPS_AND_SAME_SHA_EVIDENCE,
J104,J104-SL-15,15,Media/providers/cache/search,governance/operational_journey_protocol_package/smsm-dsh-wlt-journeys/06-cross-cutting-final/J104.md,TASK-0017,BLOCKED_BY_FOUNDATION,J104-SL-14,ZERO_APPLICABLE_OPEN_GAPS_AND_SAME_SHA_EVIDENCE,
J104,J104-SL-16,16,DSH↔WLT financial boundary,governance/operational_journey_protocol_package/smsm-dsh-wlt-journeys/06-cross-cutting-final/J104.md,TASK-0017,BLOCKED_BY_FOUNDATION,J104-SL-15,ZERO_APPLICABLE_OPEN_GAPS_AND_SAME_SHA_EVIDENCE,
J104,J104-SL-17,17,Concurrency/idempotency/unknown result,governance/operational_journey_protocol_package/smsm-dsh-wlt-journeys/06-cross-cutting-final/J104.md,TASK-0017,BLOCKED_BY_FOUNDATION,J104-SL-16,ZERO_APPLICABLE_OPEN_GAPS_AND_SAME_SHA_EVIDENCE,
J104,J104-SL-18,18,Offline/retry/recovery,governance/operational_journey_protocol_package/smsm-dsh-wlt-journeys/06-cross-cutting-final/J104.md,TASK-0017,BLOCKED_BY_FOUNDATION,J104-SL-17,ZERO_APPLICABLE_OPEN_GAPS_AND_SAME_SHA_EVIDENCE,
J104,J104-SL-19,19,Cross-surface readback,governance/operational_journey_protocol_package/smsm-dsh-wlt-journeys/06-cross-cutting-final/J104.md,TASK-0017,BLOCKED_BY_FOUNDATION,J104-SL-18,ZERO_APPLICABLE_OPEN_GAPS_AND_SAME_SHA_EVIDENCE,
J104,J104-SL-20,20,Security/privacy/negative tests,governance/operational_journey_protocol_package/smsm-dsh-wlt-journeys/06-cross-cutting-final/J104.md,TASK-0017,BLOCKED_BY_FOUNDATION,J104-SL-19,ZERO_APPLICABLE_OPEN_GAPS_AND_SAME_SHA_EVIDENCE,
J104,J104-SL-21,21,Audit/observability/performance,governance/operational_journey_protocol_package/smsm-dsh-wlt-journeys/06-cross-cutting-final/J104.md,TASK-0017,BLOCKED_BY_FOUNDATION,J104-SL-20,ZERO_APPLICABLE_OPEN_GAPS_AND_SAME_SHA_EVIDENCE,
J104,J104-SL-22,22,Accessibility/RTL/localization,governance/operational_journey_protocol_package/smsm-dsh-wlt-journeys/06-cross-cutting-final/J104.md,TASK-0017,BLOCKED_BY_FOUNDATION,J104-SL-21,ZERO_APPLICABLE_OPEN_GAPS_AND_SAME_SHA_EVIDENCE,
J104,J104-SL-23,23,Manual operational acceptance,governance/operational_journey_protocol_package/smsm-dsh-wlt-journeys/06-cross-cutting-final/J104.md,TASK-0017,BLOCKED_BY_FOUNDATION,J104-SL-22,ZERO_APPLICABLE_OPEN_GAPS_AND_SAME_SHA_EVIDENCE,
J104,J104-SL-24,24,Cleanup/same-SHA evidence/closure,governance/operational_journey_protocol_package/smsm-dsh-wlt-journeys/06-cross-cutting-final/J104.md,TASK-0017,BLOCKED_BY_FOUNDATION,J104-SL-23,ZERO_APPLICABLE_OPEN_GAPS_AND_SAME_SHA_EVIDENCE,
J105,J105-SL-01,1,Product Truth والنتيجة والثوابت,governance/operational_journey_protocol_package/smsm-dsh-wlt-journeys/06-cross-cutting-final/J105.md,TASK-0017,BLOCKED_BY_FOUNDATION,FOUNDATION-00,ZERO_APPLICABLE_OPEN_GAPS_AND_SAME_SHA_EVIDENCE,
J105,J105-SL-02,2,Actors وهويات الخدمات,governance/operational_journey_protocol_package/smsm-dsh-wlt-journeys/06-cross-cutting-final/J105.md,TASK-0017,BLOCKED_BY_FOUNDATION,J105-SL-01,ZERO_APPLICABLE_OPEN_GAPS_AND_SAME_SHA_EVIDENCE,
J105,J105-SL-03,3,التبعيات وشروط الدخول والخروج,governance/operational_journey_protocol_package/smsm-dsh-wlt-journeys/06-cross-cutting-final/J105.md,TASK-0017,BLOCKED_BY_FOUNDATION,J105-SL-02,ZERO_APPLICABLE_OPEN_GAPS_AND_SAME_SHA_EVIDENCE,
J105,J105-SL-04,4,Identity/session/device,governance/operational_journey_protocol_package/smsm-dsh-wlt-journeys/06-cross-cutting-final/J105.md,TASK-0017,BLOCKED_BY_FOUNDATION,J105-SL-03,ZERO_APPLICABLE_OPEN_GAPS_AND_SAME_SHA_EVIDENCE,
J105,J105-SL-05,5,Permission/trusted scope/object authorization,governance/operational_journey_protocol_package/smsm-dsh-wlt-journeys/06-cross-cutting-final/J105.md,TASK-0017,BLOCKED_BY_FOUNDATION,J105-SL-04,ZERO_APPLICABLE_OPEN_GAPS_AND_SAME_SHA_EVIDENCE,
J105,J105-SL-06,6,Entrypoints/routes/deep links/navigation,governance/operational_journey_protocol_package/smsm-dsh-wlt-journeys/06-cross-cutting-final/J105.md,TASK-0017,BLOCKED_BY_FOUNDATION,J105-SL-05,ZERO_APPLICABLE_OPEN_GAPS_AND_SAME_SHA_EVIDENCE,
J105,J105-SL-07,7,Screens/pages/tabs/buttons/icons/forms,governance/operational_journey_protocol_package/smsm-dsh-wlt-journeys/06-cross-cutting-final/J105.md,TASK-0017,BLOCKED_BY_FOUNDATION,J105-SL-06,ZERO_APPLICABLE_OPEN_GAPS_AND_SAME_SHA_EVIDENCE,
J105,J105-SL-08,8,Shared brain/view model/visible states,governance/operational_journey_protocol_package/smsm-dsh-wlt-journeys/06-cross-cutting-final/J105.md,TASK-0017,BLOCKED_BY_FOUNDATION,J105-SL-07,ZERO_APPLICABLE_OPEN_GAPS_AND_SAME_SHA_EVIDENCE,
J105,J105-SL-09,9,OpenAPI/error/security/idempotency,governance/operational_journey_protocol_package/smsm-dsh-wlt-journeys/06-cross-cutting-final/J105.md,TASK-0017,BLOCKED_BY_FOUNDATION,J105-SL-08,ZERO_APPLICABLE_OPEN_GAPS_AND_SAME_SHA_EVIDENCE,
J105,J105-SL-10,10,Generated clients/transports,governance/operational_journey_protocol_package/smsm-dsh-wlt-journeys/06-cross-cutting-final/J105.md,TASK-0017,BLOCKED_BY_FOUNDATION,J105-SL-09,ZERO_APPLICABLE_OPEN_GAPS_AND_SAME_SHA_EVIDENCE,
J105,J105-SL-11,11,Backend handler/domain/repository,governance/operational_journey_protocol_package/smsm-dsh-wlt-journeys/06-cross-cutting-final/J105.md,TASK-0017,BLOCKED_BY_FOUNDATION,J105-SL-10,ZERO_APPLICABLE_OPEN_GAPS_AND_SAME_SHA_EVIDENCE,
J105,J105-SL-12,12,State machine/allowed actions,governance/operational_journey_protocol_package/smsm-dsh-wlt-journeys/06-cross-cutting-final/J105.md,TASK-0017,BLOCKED_BY_FOUNDATION,J105-SL-11,ZERO_APPLICABLE_OPEN_GAPS_AND_SAME_SHA_EVIDENCE,
J105,J105-SL-13,13,Database/migrations/constraints/indexes,governance/operational_journey_protocol_package/smsm-dsh-wlt-journeys/06-cross-cutting-final/J105.md,TASK-0017,BLOCKED_BY_FOUNDATION,J105-SL-12,ZERO_APPLICABLE_OPEN_GAPS_AND_SAME_SHA_EVIDENCE,
J105,J105-SL-14,14,Events/outbox/inbox/jobs/DLQ,governance/operational_journey_protocol_package/smsm-dsh-wlt-journeys/06-cross-cutting-final/J105.md,TASK-0017,BLOCKED_BY_FOUNDATION,J105-SL-13,ZERO_APPLICABLE_OPEN_GAPS_AND_SAME_SHA_EVIDENCE,
J105,J105-SL-15,15,Media/providers/cache/search,governance/operational_journey_protocol_package/smsm-dsh-wlt-journeys/06-cross-cutting-final/J105.md,TASK-0017,BLOCKED_BY_FOUNDATION,J105-SL-14,ZERO_APPLICABLE_OPEN_GAPS_AND_SAME_SHA_EVIDENCE,
J105,J105-SL-16,16,DSH↔WLT financial boundary,governance/operational_journey_protocol_package/smsm-dsh-wlt-journeys/06-cross-cutting-final/J105.md,TASK-0017,BLOCKED_BY_FOUNDATION,J105-SL-15,ZERO_APPLICABLE_OPEN_GAPS_AND_SAME_SHA_EVIDENCE,
J105,J105-SL-17,17,Concurrency/idempotency/unknown result,governance/operational_journey_protocol_package/smsm-dsh-wlt-journeys/06-cross-cutting-final/J105.md,TASK-0017,BLOCKED_BY_FOUNDATION,J105-SL-16,ZERO_APPLICABLE_OPEN_GAPS_AND_SAME_SHA_EVIDENCE,
J105,J105-SL-18,18,Offline/retry/recovery,governance/operational_journey_protocol_package/smsm-dsh-wlt-journeys/06-cross-cutting-final/J105.md,TASK-0017,BLOCKED_BY_FOUNDATION,J105-SL-17,ZERO_APPLICABLE_OPEN_GAPS_AND_SAME_SHA_EVIDENCE,
J105,J105-SL-19,19,Cross-surface readback,governance/operational_journey_protocol_package/smsm-dsh-wlt-journeys/06-cross-cutting-final/J105.md,TASK-0017,BLOCKED_BY_FOUNDATION,J105-SL-18,ZERO_APPLICABLE_OPEN_GAPS_AND_SAME_SHA_EVIDENCE,
J105,J105-SL-20,20,Security/privacy/negative tests,governance/operational_journey_protocol_package/smsm-dsh-wlt-journeys/06-cross-cutting-final/J105.md,TASK-0017,BLOCKED_BY_FOUNDATION,J105-SL-19,ZERO_APPLICABLE_OPEN_GAPS_AND_SAME_SHA_EVIDENCE,
J105,J105-SL-21,21,Audit/observability/performance,governance/operational_journey_protocol_package/smsm-dsh-wlt-journeys/06-cross-cutting-final/J105.md,TASK-0017,BLOCKED_BY_FOUNDATION,J105-SL-20,ZERO_APPLICABLE_OPEN_GAPS_AND_SAME_SHA_EVIDENCE,
J105,J105-SL-22,22,Accessibility/RTL/localization,governance/operational_journey_protocol_package/smsm-dsh-wlt-journeys/06-cross-cutting-final/J105.md,TASK-0017,BLOCKED_BY_FOUNDATION,J105-SL-21,ZERO_APPLICABLE_OPEN_GAPS_AND_SAME_SHA_EVIDENCE,
J105,J105-SL-23,23,Manual operational acceptance,governance/operational_journey_protocol_package/smsm-dsh-wlt-journeys/06-cross-cutting-final/J105.md,TASK-0017,BLOCKED_BY_FOUNDATION,J105-SL-22,ZERO_APPLICABLE_OPEN_GAPS_AND_SAME_SHA_EVIDENCE,
J105,J105-SL-24,24,Cleanup/same-SHA evidence/closure,governance/operational_journey_protocol_package/smsm-dsh-wlt-journeys/06-cross-cutting-final/J105.md,TASK-0017,BLOCKED_BY_FOUNDATION,J105-SL-23,ZERO_APPLICABLE_OPEN_GAPS_AND_SAME_SHA_EVIDENCE,
J106,J106-SL-01,1,Product Truth والنتيجة والثوابت,governance/operational_journey_protocol_package/smsm-dsh-wlt-journeys/06-cross-cutting-final/J106.md,TASK-0017,BLOCKED_BY_FOUNDATION,FOUNDATION-00,ZERO_APPLICABLE_OPEN_GAPS_AND_SAME_SHA_EVIDENCE,
J106,J106-SL-02,2,Actors وهويات الخدمات,governance/operational_journey_protocol_package/smsm-dsh-wlt-journeys/06-cross-cutting-final/J106.md,TASK-0017,BLOCKED_BY_FOUNDATION,J106-SL-01,ZERO_APPLICABLE_OPEN_GAPS_AND_SAME_SHA_EVIDENCE,
J106,J106-SL-03,3,التبعيات وشروط الدخول والخروج,governance/operational_journey_protocol_package/smsm-dsh-wlt-journeys/06-cross-cutting-final/J106.md,TASK-0017,BLOCKED_BY_FOUNDATION,J106-SL-02,ZERO_APPLICABLE_OPEN_GAPS_AND_SAME_SHA_EVIDENCE,
J106,J106-SL-04,4,Identity/session/device,governance/operational_journey_protocol_package/smsm-dsh-wlt-journeys/06-cross-cutting-final/J106.md,TASK-0017,BLOCKED_BY_FOUNDATION,J106-SL-03,ZERO_APPLICABLE_OPEN_GAPS_AND_SAME_SHA_EVIDENCE,
J106,J106-SL-05,5,Permission/trusted scope/object authorization,governance/operational_journey_protocol_package/smsm-dsh-wlt-journeys/06-cross-cutting-final/J106.md,TASK-0017,BLOCKED_BY_FOUNDATION,J106-SL-04,ZERO_APPLICABLE_OPEN_GAPS_AND_SAME_SHA_EVIDENCE,
J106,J106-SL-06,6,Entrypoints/routes/deep links/navigation,governance/operational_journey_protocol_package/smsm-dsh-wlt-journeys/06-cross-cutting-final/J106.md,TASK-0017,BLOCKED_BY_FOUNDATION,J106-SL-05,ZERO_APPLICABLE_OPEN_GAPS_AND_SAME_SHA_EVIDENCE,
J106,J106-SL-07,7,Screens/pages/tabs/buttons/icons/forms,governance/operational_journey_protocol_package/smsm-dsh-wlt-journeys/06-cross-cutting-final/J106.md,TASK-0017,BLOCKED_BY_FOUNDATION,J106-SL-06,ZERO_APPLICABLE_OPEN_GAPS_AND_SAME_SHA_EVIDENCE,
J106,J106-SL-08,8,Shared brain/view model/visible states,governance/operational_journey_protocol_package/smsm-dsh-wlt-journeys/06-cross-cutting-final/J106.md,TASK-0017,BLOCKED_BY_FOUNDATION,J106-SL-07,ZERO_APPLICABLE_OPEN_GAPS_AND_SAME_SHA_EVIDENCE,
J106,J106-SL-09,9,OpenAPI/error/security/idempotency,governance/operational_journey_protocol_package/smsm-dsh-wlt-journeys/06-cross-cutting-final/J106.md,TASK-0017,BLOCKED_BY_FOUNDATION,J106-SL-08,ZERO_APPLICABLE_OPEN_GAPS_AND_SAME_SHA_EVIDENCE,
J106,J106-SL-10,10,Generated clients/transports,governance/operational_journey_protocol_package/smsm-dsh-wlt-journeys/06-cross-cutting-final/J106.md,TASK-0017,BLOCKED_BY_FOUNDATION,J106-SL-09,ZERO_APPLICABLE_OPEN_GAPS_AND_SAME_SHA_EVIDENCE,
J106,J106-SL-11,11,Backend handler/domain/repository,governance/operational_journey_protocol_package/smsm-dsh-wlt-journeys/06-cross-cutting-final/J106.md,TASK-0017,BLOCKED_BY_FOUNDATION,J106-SL-10,ZERO_APPLICABLE_OPEN_GAPS_AND_SAME_SHA_EVIDENCE,
J106,J106-SL-12,12,State machine/allowed actions,governance/operational_journey_protocol_package/smsm-dsh-wlt-journeys/06-cross-cutting-final/J106.md,TASK-0017,BLOCKED_BY_FOUNDATION,J106-SL-11,ZERO_APPLICABLE_OPEN_GAPS_AND_SAME_SHA_EVIDENCE,
J106,J106-SL-13,13,Database/migrations/constraints/indexes,governance/operational_journey_protocol_package/smsm-dsh-wlt-journeys/06-cross-cutting-final/J106.md,TASK-0017,BLOCKED_BY_FOUNDATION,J106-SL-12,ZERO_APPLICABLE_OPEN_GAPS_AND_SAME_SHA_EVIDENCE,
J106,J106-SL-14,14,Events/outbox/inbox/jobs/DLQ,governance/operational_journey_protocol_package/smsm-dsh-wlt-journeys/06-cross-cutting-final/J106.md,TASK-0017,BLOCKED_BY_FOUNDATION,J106-SL-13,ZERO_APPLICABLE_OPEN_GAPS_AND_SAME_SHA_EVIDENCE,
J106,J106-SL-15,15,Media/providers/cache/search,governance/operational_journey_protocol_package/smsm-dsh-wlt-journeys/06-cross-cutting-final/J106.md,TASK-0017,BLOCKED_BY_FOUNDATION,J106-SL-14,ZERO_APPLICABLE_OPEN_GAPS_AND_SAME_SHA_EVIDENCE,
J106,J106-SL-16,16,DSH↔WLT financial boundary,governance/operational_journey_protocol_package/smsm-dsh-wlt-journeys/06-cross-cutting-final/J106.md,TASK-0017,BLOCKED_BY_FOUNDATION,J106-SL-15,ZERO_APPLICABLE_OPEN_GAPS_AND_SAME_SHA_EVIDENCE,
J106,J106-SL-17,17,Concurrency/idempotency/unknown result,governance/operational_journey_protocol_package/smsm-dsh-wlt-journeys/06-cross-cutting-final/J106.md,TASK-0017,BLOCKED_BY_FOUNDATION,J106-SL-16,ZERO_APPLICABLE_OPEN_GAPS_AND_SAME_SHA_EVIDENCE,
J106,J106-SL-18,18,Offline/retry/recovery,governance/operational_journey_protocol_package/smsm-dsh-wlt-journeys/06-cross-cutting-final/J106.md,TASK-0017,BLOCKED_BY_FOUNDATION,J106-SL-17,ZERO_APPLICABLE_OPEN_GAPS_AND_SAME_SHA_EVIDENCE,
J106,J106-SL-19,19,Cross-surface readback,governance/operational_journey_protocol_package/smsm-dsh-wlt-journeys/06-cross-cutting-final/J106.md,TASK-0017,BLOCKED_BY_FOUNDATION,J106-SL-18,ZERO_APPLICABLE_OPEN_GAPS_AND_SAME_SHA_EVIDENCE,
J106,J106-SL-20,20,Security/privacy/negative tests,governance/operational_journey_protocol_package/smsm-dsh-wlt-journeys/06-cross-cutting-final/J106.md,TASK-0017,BLOCKED_BY_FOUNDATION,J106-SL-19,ZERO_APPLICABLE_OPEN_GAPS_AND_SAME_SHA_EVIDENCE,
J106,J106-SL-21,21,Audit/observability/performance,governance/operational_journey_protocol_package/smsm-dsh-wlt-journeys/06-cross-cutting-final/J106.md,TASK-0017,BLOCKED_BY_FOUNDATION,J106-SL-20,ZERO_APPLICABLE_OPEN_GAPS_AND_SAME_SHA_EVIDENCE,
J106,J106-SL-22,22,Accessibility/RTL/localization,governance/operational_journey_protocol_package/smsm-dsh-wlt-journeys/06-cross-cutting-final/J106.md,TASK-0017,BLOCKED_BY_FOUNDATION,J106-SL-21,ZERO_APPLICABLE_OPEN_GAPS_AND_SAME_SHA_EVIDENCE,
J106,J106-SL-23,23,Manual operational acceptance,governance/operational_journey_protocol_package/smsm-dsh-wlt-journeys/06-cross-cutting-final/J106.md,TASK-0017,BLOCKED_BY_FOUNDATION,J106-SL-22,ZERO_APPLICABLE_OPEN_GAPS_AND_SAME_SHA_EVIDENCE,
J106,J106-SL-24,24,Cleanup/same-SHA evidence/closure,governance/operational_journey_protocol_package/smsm-dsh-wlt-journeys/06-cross-cutting-final/J106.md,TASK-0017,BLOCKED_BY_FOUNDATION,J106-SL-23,ZERO_APPLICABLE_OPEN_GAPS_AND_SAME_SHA_EVIDENCE,
J107,J107-SL-01,1,Product Truth والنتيجة والثوابت,governance/operational_journey_protocol_package/smsm-dsh-wlt-journeys/06-cross-cutting-final/J107.md,TASK-0017,BLOCKED_BY_FOUNDATION,FOUNDATION-00,ZERO_APPLICABLE_OPEN_GAPS_AND_SAME_SHA_EVIDENCE,
J107,J107-SL-02,2,Actors وهويات الخدمات,governance/operational_journey_protocol_package/smsm-dsh-wlt-journeys/06-cross-cutting-final/J107.md,TASK-0017,BLOCKED_BY_FOUNDATION,J107-SL-01,ZERO_APPLICABLE_OPEN_GAPS_AND_SAME_SHA_EVIDENCE,
J107,J107-SL-03,3,التبعيات وشروط الدخول والخروج,governance/operational_journey_protocol_package/smsm-dsh-wlt-journeys/06-cross-cutting-final/J107.md,TASK-0017,BLOCKED_BY_FOUNDATION,J107-SL-02,ZERO_APPLICABLE_OPEN_GAPS_AND_SAME_SHA_EVIDENCE,
J107,J107-SL-04,4,Identity/session/device,governance/operational_journey_protocol_package/smsm-dsh-wlt-journeys/06-cross-cutting-final/J107.md,TASK-0017,BLOCKED_BY_FOUNDATION,J107-SL-03,ZERO_APPLICABLE_OPEN_GAPS_AND_SAME_SHA_EVIDENCE,
J107,J107-SL-05,5,Permission/trusted scope/object authorization,governance/operational_journey_protocol_package/smsm-dsh-wlt-journeys/06-cross-cutting-final/J107.md,TASK-0017,BLOCKED_BY_FOUNDATION,J107-SL-04,ZERO_APPLICABLE_OPEN_GAPS_AND_SAME_SHA_EVIDENCE,
J107,J107-SL-06,6,Entrypoints/routes/deep links/navigation,governance/operational_journey_protocol_package/smsm-dsh-wlt-journeys/06-cross-cutting-final/J107.md,TASK-0017,BLOCKED_BY_FOUNDATION,J107-SL-05,ZERO_APPLICABLE_OPEN_GAPS_AND_SAME_SHA_EVIDENCE,
J107,J107-SL-07,7,Screens/pages/tabs/buttons/icons/forms,governance/operational_journey_protocol_package/smsm-dsh-wlt-journeys/06-cross-cutting-final/J107.md,TASK-0017,BLOCKED_BY_FOUNDATION,J107-SL-06,ZERO_APPLICABLE_OPEN_GAPS_AND_SAME_SHA_EVIDENCE,
J107,J107-SL-08,8,Shared brain/view model/visible states,governance/operational_journey_protocol_package/smsm-dsh-wlt-journeys/06-cross-cutting-final/J107.md,TASK-0017,BLOCKED_BY_FOUNDATION,J107-SL-07,ZERO_APPLICABLE_OPEN_GAPS_AND_SAME_SHA_EVIDENCE,
J107,J107-SL-09,9,OpenAPI/error/security/idempotency,governance/operational_journey_protocol_package/smsm-dsh-wlt-journeys/06-cross-cutting-final/J107.md,TASK-0017,BLOCKED_BY_FOUNDATION,J107-SL-08,ZERO_APPLICABLE_OPEN_GAPS_AND_SAME_SHA_EVIDENCE,
J107,J107-SL-10,10,Generated clients/transports,governance/operational_journey_protocol_package/smsm-dsh-wlt-journeys/06-cross-cutting-final/J107.md,TASK-0017,BLOCKED_BY_FOUNDATION,J107-SL-09,ZERO_APPLICABLE_OPEN_GAPS_AND_SAME_SHA_EVIDENCE,
J107,J107-SL-11,11,Backend handler/domain/repository,governance/operational_journey_protocol_package/smsm-dsh-wlt-journeys/06-cross-cutting-final/J107.md,TASK-0017,BLOCKED_BY_FOUNDATION,J107-SL-10,ZERO_APPLICABLE_OPEN_GAPS_AND_SAME_SHA_EVIDENCE,
J107,J107-SL-12,12,State machine/allowed actions,governance/operational_journey_protocol_package/smsm-dsh-wlt-journeys/06-cross-cutting-final/J107.md,TASK-0017,BLOCKED_BY_FOUNDATION,J107-SL-11,ZERO_APPLICABLE_OPEN_GAPS_AND_SAME_SHA_EVIDENCE,
J107,J107-SL-13,13,Database/migrations/constraints/indexes,governance/operational_journey_protocol_package/smsm-dsh-wlt-journeys/06-cross-cutting-final/J107.md,TASK-0017,BLOCKED_BY_FOUNDATION,J107-SL-12,ZERO_APPLICABLE_OPEN_GAPS_AND_SAME_SHA_EVIDENCE,
J107,J107-SL-14,14,Events/outbox/inbox/jobs/DLQ,governance/operational_journey_protocol_package/smsm-dsh-wlt-journeys/06-cross-cutting-final/J107.md,TASK-0017,BLOCKED_BY_FOUNDATION,J107-SL-13,ZERO_APPLICABLE_OPEN_GAPS_AND_SAME_SHA_EVIDENCE,
J107,J107-SL-15,15,Media/providers/cache/search,governance/operational_journey_protocol_package/smsm-dsh-wlt-journeys/06-cross-cutting-final/J107.md,TASK-0017,BLOCKED_BY_FOUNDATION,J107-SL-14,ZERO_APPLICABLE_OPEN_GAPS_AND_SAME_SHA_EVIDENCE,
J107,J107-SL-16,16,DSH↔WLT financial boundary,governance/operational_journey_protocol_package/smsm-dsh-wlt-journeys/06-cross-cutting-final/J107.md,TASK-0017,BLOCKED_BY_FOUNDATION,J107-SL-15,ZERO_APPLICABLE_OPEN_GAPS_AND_SAME_SHA_EVIDENCE,
J107,J107-SL-17,17,Concurrency/idempotency/unknown result,governance/operational_journey_protocol_package/smsm-dsh-wlt-journeys/06-cross-cutting-final/J107.md,TASK-0017,BLOCKED_BY_FOUNDATION,J107-SL-16,ZERO_APPLICABLE_OPEN_GAPS_AND_SAME_SHA_EVIDENCE,
J107,J107-SL-18,18,Offline/retry/recovery,governance/operational_journey_protocol_package/smsm-dsh-wlt-journeys/06-cross-cutting-final/J107.md,TASK-0017,BLOCKED_BY_FOUNDATION,J107-SL-17,ZERO_APPLICABLE_OPEN_GAPS_AND_SAME_SHA_EVIDENCE,
J107,J107-SL-19,19,Cross-surface readback,governance/operational_journey_protocol_package/smsm-dsh-wlt-journeys/06-cross-cutting-final/J107.md,TASK-0017,BLOCKED_BY_FOUNDATION,J107-SL-18,ZERO_APPLICABLE_OPEN_GAPS_AND_SAME_SHA_EVIDENCE,
J107,J107-SL-20,20,Security/privacy/negative tests,governance/operational_journey_protocol_package/smsm-dsh-wlt-journeys/06-cross-cutting-final/J107.md,TASK-0017,BLOCKED_BY_FOUNDATION,J107-SL-19,ZERO_APPLICABLE_OPEN_GAPS_AND_SAME_SHA_EVIDENCE,
J107,J107-SL-21,21,Audit/observability/performance,governance/operational_journey_protocol_package/smsm-dsh-wlt-journeys/06-cross-cutting-final/J107.md,TASK-0017,BLOCKED_BY_FOUNDATION,J107-SL-20,ZERO_APPLICABLE_OPEN_GAPS_AND_SAME_SHA_EVIDENCE,
J107,J107-SL-22,22,Accessibility/RTL/localization,governance/operational_journey_protocol_package/smsm-dsh-wlt-journeys/06-cross-cutting-final/J107.md,TASK-0017,BLOCKED_BY_FOUNDATION,J107-SL-21,ZERO_APPLICABLE_OPEN_GAPS_AND_SAME_SHA_EVIDENCE,
J107,J107-SL-23,23,Manual operational acceptance,governance/operational_journey_protocol_package/smsm-dsh-wlt-journeys/06-cross-cutting-final/J107.md,TASK-0017,BLOCKED_BY_FOUNDATION,J107-SL-22,ZERO_APPLICABLE_OPEN_GAPS_AND_SAME_SHA_EVIDENCE,
J107,J107-SL-24,24,Cleanup/same-SHA evidence/closure,governance/operational_journey_protocol_package/smsm-dsh-wlt-journeys/06-cross-cutting-final/J107.md,TASK-0017,BLOCKED_BY_FOUNDATION,J107-SL-23,ZERO_APPLICABLE_OPEN_GAPS_AND_SAME_SHA_EVIDENCE,
