surface,path,line,control_kind,snippet,binding_state
control-panel,apps/control-panel/runtime/src/app/(shell)/dsh/login/page.tsx,90,button,<button,REQUIRES_ACTION_PERMISSION_API_AND_STATE_PROOF
control-panel,apps/control-panel/runtime/src/app/(shell)/dsh/login/page.tsx,92,onClick,onClick={() => void retryBootstrap()},REQUIRES_ACTION_PERMISSION_API_AND_STATE_PROOF
control-panel,apps/control-panel/runtime/src/app/(shell)/dsh/login/page.tsx,122,form,<form,REQUIRES_ACTION_PERMISSION_API_AND_STATE_PROOF
control-panel,apps/control-panel/runtime/src/app/(shell)/dsh/login/page.tsx,123,onSubmit,onSubmit={handleSubmit},REQUIRES_ACTION_PERMISSION_API_AND_STATE_PROOF
control-panel,apps/control-panel/runtime/src/app/(shell)/dsh/login/page.tsx,145,input,<input,REQUIRES_ACTION_PERMISSION_API_AND_STATE_PROOF
control-panel,apps/control-panel/runtime/src/app/(shell)/dsh/login/page.tsx,147,onChange,onChange={(event) => setUsername(event.target.value)},REQUIRES_ACTION_PERMISSION_API_AND_STATE_PROOF
control-panel,apps/control-panel/runtime/src/app/(shell)/dsh/login/page.tsx,156,input,<input,REQUIRES_ACTION_PERMISSION_API_AND_STATE_PROOF
control-panel,apps/control-panel/runtime/src/app/(shell)/dsh/login/page.tsx,159,onChange,onChange={(event) => setPassword(event.target.value)},REQUIRES_ACTION_PERMISSION_API_AND_STATE_PROOF
control-panel,apps/control-panel/runtime/src/app/(shell)/dsh/login/page.tsx,177,button,<button,REQUIRES_ACTION_PERMISSION_API_AND_STATE_PROOF
control-panel,apps/control-panel/runtime/src/app/(shell)/dsh/platform/page.tsx,22,onChange,onChange={(value) => setSection(value as PlatformSection)},REQUIRES_ACTION_PERMISSION_API_AND_STATE_PROOF
control-panel,apps/control-panel/runtime/src/shell/ControlPanelNavigation.tsx,120,button,<button,REQUIRES_ACTION_PERMISSION_API_AND_STATE_PROOF
control-panel,apps/control-panel/runtime/src/shell/ControlPanelNavigation.tsx,125,onClick,onClick={onPress},REQUIRES_ACTION_PERMISSION_API_AND_STATE_PROOF
control-panel,apps/control-panel/runtime/src/shell/ControlPanelNavigation.tsx,207,onPress,onPress={() => { onSectionPress?.(item.section); }},REQUIRES_ACTION_PERMISSION_API_AND_STATE_PROOF
control-panel,services/dsh/frontend/control-panel/administration/AdministrationDashboardScreen.tsx,222,onChange,"toolbar={<CpTabs items={MAIN_TAB_ITEMS} value={tab} onChange={(value) => setTab(value as AdminMainTabId)} aria-label=""أقسام الإدارة"" />}",REQUIRES_ACTION_PERMISSION_API_AND_STATE_PROOF
control-panel,services/dsh/frontend/control-panel/administration/AdministrationDiagnosticsPanel.tsx,24,onClick,<CpButton onClick={() => void diagnostics.reload()}>إعادة المحاولة</CpButton>,REQUIRES_ACTION_PERMISSION_API_AND_STATE_PROOF
control-panel,services/dsh/frontend/control-panel/administration/AdministrationDiagnosticsPanel.tsx,47,onClick,<CpButton onClick={() => void diagnostics.reload()}>تحديث التشخيص</CpButton>,REQUIRES_ACTION_PERMISSION_API_AND_STATE_PROOF
control-panel,services/dsh/frontend/control-panel/administration/DecisionRollbackQueue.tsx,79,onChange,onChange={setSourceApprovalId},REQUIRES_ACTION_PERMISSION_API_AND_STATE_PROOF
control-panel,services/dsh/frontend/control-panel/administration/DecisionRollbackQueue.tsx,85,onChange,onChange={setReason},REQUIRES_ACTION_PERMISSION_API_AND_STATE_PROOF
control-panel,services/dsh/frontend/control-panel/administration/DecisionRollbackQueue.tsx,92,onClick,onClick={() => void requestRollback()},REQUIRES_ACTION_PERMISSION_API_AND_STATE_PROOF
control-panel,services/dsh/frontend/control-panel/administration/DecisionRollbackQueue.tsx,102,onClick,"<CpButton key={approval.id} variant=""ghost"" onClick={() => setSourceApprovalId(approval.id)}>",REQUIRES_ACTION_PERMISSION_API_AND_STATE_PROOF
control-panel,services/dsh/frontend/control-panel/administration/DecisionRollbackQueue.tsx,143,onChange,"onChange={(value) => setReviewNotes((current) => ({ ...current, [request.id]: value }))}",REQUIRES_ACTION_PERMISSION_API_AND_STATE_PROOF
control-panel,services/dsh/frontend/control-panel/administration/DecisionRollbackQueue.tsx,149,onClick,"<CpButton variant=""brand"" disabled={submitting} onClick={() => void review(request.id, request.version, ""approved"")}>",REQUIRES_ACTION_PERMISSION_API_AND_STATE_PROOF
control-panel,services/dsh/frontend/control-panel/administration/DecisionRollbackQueue.tsx,155,onClick,"onClick={() => void review(request.id, request.version, ""rejected"")}",REQUIRES_ACTION_PERMISSION_API_AND_STATE_PROOF
control-panel,services/dsh/frontend/control-panel/administration/RoleAssignmentApprovalQueue.tsx,87,onChange,onChange={setTargetActorId},REQUIRES_ACTION_PERMISSION_API_AND_STATE_PROOF
control-panel,services/dsh/frontend/control-panel/administration/RoleAssignmentApprovalQueue.tsx,93,onChange,onChange={setRoleId},REQUIRES_ACTION_PERMISSION_API_AND_STATE_PROOF
control-panel,services/dsh/frontend/control-panel/administration/RoleAssignmentApprovalQueue.tsx,99,onChange,onChange={setReason},REQUIRES_ACTION_PERMISSION_API_AND_STATE_PROOF
control-panel,services/dsh/frontend/control-panel/administration/RoleAssignmentApprovalQueue.tsx,103,onClick,"<CpButton variant=""primary"" disabled={formInvalid} onClick={() => void requestChange(""staff_role_assignment"")}>",REQUIRES_ACTION_PERMISSION_API_AND_STATE_PROOF
control-panel,services/dsh/frontend/control-panel/administration/RoleAssignmentApprovalQueue.tsx,106,onClick,"<CpButton variant=""secondary"" disabled={formInvalid} onClick={() => void requestChange(""staff_role_revocation"")}>",REQUIRES_ACTION_PERMISSION_API_AND_STATE_PROOF
control-panel,services/dsh/frontend/control-panel/administration/RoleAssignmentApprovalQueue.tsx,139,onChange,"onChange={(value) => setReviewNotes((current) => ({ ...current, [approval.id]: value }))}",REQUIRES_ACTION_PERMISSION_API_AND_STATE_PROOF
control-panel,services/dsh/frontend/control-panel/administration/RoleAssignmentApprovalQueue.tsx,145,onClick,"<CpButton variant=""brand"" disabled={submitting} onClick={() => void review(approval.id, approval.version, ""approved"")}>",REQUIRES_ACTION_PERMISSION_API_AND_STATE_PROOF
control-panel,services/dsh/frontend/control-panel/administration/RoleAssignmentApprovalQueue.tsx,151,onClick,"onClick={() => void review(approval.id, approval.version, ""rejected"")}",REQUIRES_ACTION_PERMISSION_API_AND_STATE_PROOF
control-panel,services/dsh/frontend/control-panel/administration/RoleDefinitionApprovalQueue.tsx,118,onChange,onChange={setName},REQUIRES_ACTION_PERMISSION_API_AND_STATE_PROOF
control-panel,services/dsh/frontend/control-panel/administration/RoleDefinitionApprovalQueue.tsx,124,onChange,onChange={setDescription},REQUIRES_ACTION_PERMISSION_API_AND_STATE_PROOF
control-panel,services/dsh/frontend/control-panel/administration/RoleDefinitionApprovalQueue.tsx,130,onChange,onChange={setReason},REQUIRES_ACTION_PERMISSION_API_AND_STATE_PROOF
control-panel,services/dsh/frontend/control-panel/administration/RoleDefinitionApprovalQueue.tsx,140,onClick,onClick={() => togglePermission(permission)},REQUIRES_ACTION_PERMISSION_API_AND_STATE_PROOF
control-panel,services/dsh/frontend/control-panel/administration/RoleDefinitionApprovalQueue.tsx,153,onClick,onClick={() => toggleSurface(surface)},REQUIRES_ACTION_PERMISSION_API_AND_STATE_PROOF
control-panel,services/dsh/frontend/control-panel/administration/RoleDefinitionApprovalQueue.tsx,169,onClick,onClick={() => void requestRole()},REQUIRES_ACTION_PERMISSION_API_AND_STATE_PROOF
control-panel,services/dsh/frontend/control-panel/administration/RoleDefinitionApprovalQueue.tsx,209,onChange,"onChange={(value) => setReviewNotes((current) => ({ ...current, [request.id]: value }))}",REQUIRES_ACTION_PERMISSION_API_AND_STATE_PROOF
control-panel,services/dsh/frontend/control-panel/administration/RoleDefinitionApprovalQueue.tsx,215,onClick,"<CpButton variant=""brand"" disabled={submitting} onClick={() => void review(request.id, request.version, ""approved"")}>",REQUIRES_ACTION_PERMISSION_API_AND_STATE_PROOF
control-panel,services/dsh/frontend/control-panel/administration/RoleDefinitionApprovalQueue.tsx,221,onClick,"onClick={() => void review(request.id, request.version, ""rejected"")}",REQUIRES_ACTION_PERMISSION_API_AND_STATE_PROOF
control-panel,services/dsh/frontend/control-panel/analytics/AnalyticsDashboardScreen.tsx,64,onClick,"<CpButton variant=""secondary"" onClick={() => router.push(""/dsh/analytics/operational"")}>",REQUIRES_ACTION_PERMISSION_API_AND_STATE_PROOF
control-panel,services/dsh/frontend/control-panel/analytics/AnalyticsDashboardScreen.tsx,68,onChange,"toolbar={<CpTabs items={PERIOD_TABS} value={period} onChange={(value) => setPeriod(value as DshAnalyticsPeriod)} aria-label=""الفترة الزمنية"" />}",REQUIRES_ACTION_PERMISSION_API_AND_STATE_PROOF
control-panel,services/dsh/frontend/control-panel/analytics/AnalyticsDashboardScreen.tsx,197,onClick,<CpRetryButton onClick={reload}>إعادة المحاولة</CpRetryButton>,REQUIRES_ACTION_PERMISSION_API_AND_STATE_PROOF
control-panel,services/dsh/frontend/control-panel/analytics/OperationalAnalyticsExtensionsScreen.tsx,44,input,"// CpTextInput has no date-picker mode; a native <input type=""date""> is kept here",REQUIRES_ACTION_PERMISSION_API_AND_STATE_PROOF
control-panel,services/dsh/frontend/control-panel/analytics/OperationalAnalyticsExtensionsScreen.tsx,188,onChange,"<CpTabs items={PERIOD_TABS} value={activePeriodValue} onChange={(value) => applyNamedPeriod(value as DshAnalyticsPeriod)} aria-label=""الفترة الزمنية"" />",REQUIRES_ACTION_PERMISSION_API_AND_STATE_PROOF
control-panel,services/dsh/frontend/control-panel/analytics/OperationalAnalyticsExtensionsScreen.tsx,189,onClick,"<CpButton variant=""secondary"" onClick={() => void openExport()} disabled={exporting}>",REQUIRES_ACTION_PERMISSION_API_AND_STATE_PROOF
control-panel,services/dsh/frontend/control-panel/analytics/OperationalAnalyticsExtensionsScreen.tsx,199,input,<input,REQUIRES_ACTION_PERMISSION_API_AND_STATE_PROOF
control-panel,services/dsh/frontend/control-panel/analytics/OperationalAnalyticsExtensionsScreen.tsx,203,onChange,onChange={(event) => setCustomFrom(event.target.value)},REQUIRES_ACTION_PERMISSION_API_AND_STATE_PROOF
control-panel,services/dsh/frontend/control-panel/analytics/OperationalAnalyticsExtensionsScreen.tsx,209,input,<input,REQUIRES_ACTION_PERMISSION_API_AND_STATE_PROOF
control-panel,services/dsh/frontend/control-panel/analytics/OperationalAnalyticsExtensionsScreen.tsx,213,onChange,onChange={(event) => setCustomTo(event.target.value)},REQUIRES_ACTION_PERMISSION_API_AND_STATE_PROOF
control-panel,services/dsh/frontend/control-panel/analytics/OperationalAnalyticsExtensionsScreen.tsx,217,onClick,"<CpButton variant=""secondary"" onClick={applyCustomRange}>تطبيق النطاق</CpButton>",REQUIRES_ACTION_PERMISSION_API_AND_STATE_PROOF
control-panel,services/dsh/frontend/control-panel/analytics/OperationalAnalyticsExtensionsScreen.tsx,228,onClick,<CpRetryButton onClick={() => setReloadToken((value) => value + 1)}>إعادة المحاولة</CpRetryButton>,REQUIRES_ACTION_PERMISSION_API_AND_STATE_PROOF
control-panel,services/dsh/frontend/control-panel/analytics/OperationalAnalyticsExtensionsScreen.tsx,296,onClick,onClick={() => {,REQUIRES_ACTION_PERMISSION_API_AND_STATE_PROOF
control-panel,services/dsh/frontend/control-panel/catalogs/CatalogApprovalScreen.tsx,66,onChange,"onChange={(value) => setReasonByStore((current) => ({ ...current, [submission.storeId]: value }))}",REQUIRES_ACTION_PERMISSION_API_AND_STATE_PROOF
control-panel,services/dsh/frontend/control-panel/catalogs/CatalogApprovalScreen.tsx,74,onClick,onClick={() => void controller.decide({,REQUIRES_ACTION_PERMISSION_API_AND_STATE_PROOF
control-panel,services/dsh/frontend/control-panel/catalogs/CatalogApprovalScreen.tsx,85,onClick,onClick={() => void controller.decide({,REQUIRES_ACTION_PERMISSION_API_AND_STATE_PROOF
control-panel,services/dsh/frontend/control-panel/catalogs/CatalogDashboardScreen.tsx,460,onClick,"<CpButton variant=""secondary"" onClick={() => router.push(""/dsh/catalogs/governance"")}>",REQUIRES_ACTION_PERMISSION_API_AND_STATE_PROOF
control-panel,services/dsh/frontend/control-panel/catalogs/CatalogDashboardScreen.tsx,482,onChange,onChange={(value) => handleSelectMainGroup(value as MainGroupId)},REQUIRES_ACTION_PERMISSION_API_AND_STATE_PROOF
control-panel,services/dsh/frontend/control-panel/catalogs/CatalogDashboardScreen.tsx,491,onChange,onChange={(value) => setActiveTab(value as TabId)},REQUIRES_ACTION_PERMISSION_API_AND_STATE_PROOF
control-panel,services/dsh/frontend/control-panel/catalogs/CatalogDashboardScreen.tsx,512,onChange,onChange={(v) => {,REQUIRES_ACTION_PERMISSION_API_AND_STATE_PROOF
control-panel,services/dsh/frontend/control-panel/catalogs/CatalogDashboardScreen.tsx,517,onClick,<CpButton onClick={() => void controller.reloadStoreAssortment(selectedStoreId)}>,REQUIRES_ACTION_PERMISSION_API_AND_STATE_PROOF
control-panel,services/dsh/frontend/control-panel/catalogs/CatalogDashboardScreen.tsx,524,onChange,onChange={setSearchQuery},REQUIRES_ACTION_PERMISSION_API_AND_STATE_PROOF
control-panel,services/dsh/frontend/control-panel/catalogs/CatalogDashboardScreen.tsx,566,onClick,"<CpButton onClick={() => router.push(""/dsh/catalogs/governance"")}>",REQUIRES_ACTION_PERMISSION_API_AND_STATE_PROOF
control-panel,services/dsh/frontend/control-panel/catalogs/CatalogDashboardScreen.tsx,591,onClick,<CpButton onClick={() => {,REQUIRES_ACTION_PERMISSION_API_AND_STATE_PROOF
control-panel,services/dsh/frontend/control-panel/catalogs/CatalogDashboardScreen.tsx,604,onClick,onClick={() => void handleBulkActivate()},REQUIRES_ACTION_PERMISSION_API_AND_STATE_PROOF
control-panel,services/dsh/frontend/control-panel/catalogs/CatalogDashboardScreen.tsx,681,onChange,onChange={(value) => setSelectedProposalStatus(value as ProductProposalPipelineStatus)},REQUIRES_ACTION_PERMISSION_API_AND_STATE_PROOF
control-panel,services/dsh/frontend/control-panel/catalogs/CatalogDashboardScreen.tsx,716,input,<input,REQUIRES_ACTION_PERMISSION_API_AND_STATE_PROOF
control-panel,services/dsh/frontend/control-panel/catalogs/CatalogDashboardScreen.tsx,719,onChange,"onChange={(e) => setCreateProductInsteadOfLink((curr) => ({ ...curr, [p.id]: e.target.checked }))}",REQUIRES_ACTION_PERMISSION_API_AND_STATE_PROOF
control-panel,services/dsh/frontend/control-panel/catalogs/CatalogDashboardScreen.tsx,726,onChange,"onChange={(val) => setSelectedAdoptedProductId((curr) => ({ ...curr, [p.id]: val }))}",REQUIRES_ACTION_PERMISSION_API_AND_STATE_PROOF
control-panel,services/dsh/frontend/control-panel/catalogs/CatalogDashboardScreen.tsx,737,onChange,"onChange={(value) => setReasonByProposal((curr) => ({ ...curr, [p.id]: value }))}",REQUIRES_ACTION_PERMISSION_API_AND_STATE_PROOF
control-panel,services/dsh/frontend/control-panel/catalogs/CatalogDashboardScreen.tsx,744,onClick,"<CpButton disabled={!note.trim()} onClick={() => handleProposalTransition(p.id, ""partner-review"", note)}>بدء المراجعة</CpButton>",REQUIRES_ACTION_PERMISSION_API_AND_STATE_PROOF
control-panel,services/dsh/frontend/control-panel/catalogs/CatalogDashboardScreen.tsx,745,onClick,"<CpButton disabled={!note.trim()} onClick={() => handleProposalTransition(p.id, ""needs-fix"", note)}>طلب تعديل</CpButton>",REQUIRES_ACTION_PERMISSION_API_AND_STATE_PROOF
control-panel,services/dsh/frontend/control-panel/catalogs/CatalogDashboardScreen.tsx,746,onClick,"<CpButton disabled={!note.trim()} onClick={() => handleProposalTransition(p.id, ""rejected"", note)}>رفض</CpButton>",REQUIRES_ACTION_PERMISSION_API_AND_STATE_PROOF
control-panel,services/dsh/frontend/control-panel/catalogs/CatalogDashboardScreen.tsx,752,onClick,"<CpButton disabled={!note.trim()} onClick={() => handleProposalTransition(p.id, ""marketing-review"", note)}>إحالة للتسويق</CpButton>",REQUIRES_ACTION_PERMISSION_API_AND_STATE_PROOF
control-panel,services/dsh/frontend/control-panel/catalogs/CatalogDashboardScreen.tsx,753,onClick,"<CpButton disabled={!note.trim()} onClick={() => handleProposalTransition(p.id, ""needs-fix"", note)}>طلب تعديل</CpButton>",REQUIRES_ACTION_PERMISSION_API_AND_STATE_PROOF
control-panel,services/dsh/frontend/control-panel/catalogs/CatalogDashboardScreen.tsx,754,onClick,"<CpButton disabled={!note.trim()} onClick={() => handleProposalTransition(p.id, ""rejected"", note)}>رفض</CpButton>",REQUIRES_ACTION_PERMISSION_API_AND_STATE_PROOF
control-panel,services/dsh/frontend/control-panel/catalogs/CatalogDashboardScreen.tsx,760,onClick,"<CpButton disabled={!note.trim() || (!isCreate && !linkId.trim())} onClick={() => handleProposalTransition(p.id, ""catalog-adopted"", note, isCreate ? null : linkId, isCreate)}>اعتماد ودمج</CpButton>",REQUIRES_ACTION_PERMISSION_API_AND_STATE_PROOF
control-panel,services/dsh/frontend/control-panel/catalogs/CatalogDashboardScreen.tsx,761,onClick,"<CpButton disabled={!note.trim()} onClick={() => handleProposalTransition(p.id, ""needs-fix"", note)}>طلب تعديل</CpButton>",REQUIRES_ACTION_PERMISSION_API_AND_STATE_PROOF
control-panel,services/dsh/frontend/control-panel/catalogs/CatalogDashboardScreen.tsx,762,onClick,"<CpButton disabled={!note.trim()} onClick={() => handleProposalTransition(p.id, ""rejected"", note)}>رفض</CpButton>",REQUIRES_ACTION_PERMISSION_API_AND_STATE_PROOF
control-panel,services/dsh/frontend/control-panel/catalogs/CatalogDashboardScreen.tsx,767,onClick,"<CpButton disabled={!note.trim()} onClick={() => handleProposalTransition(p.id, ""catalog-approved"", note)}>تفعيل الكتالوج</CpButton>",REQUIRES_ACTION_PERMISSION_API_AND_STATE_PROOF
control-panel,services/dsh/frontend/control-panel/catalogs/CatalogDashboardScreen.tsx,771,onClick,"<CpButton disabled={!note.trim()} onClick={() => handleProposalTransition(p.id, ""client-visible"", note)}>نشر ورؤية للعملاء</CpButton>",REQUIRES_ACTION_PERMISSION_API_AND_STATE_PROOF
control-panel,services/dsh/frontend/control-panel/catalogs/CatalogDashboardScreen.tsx,791,input,"<input ref={uploadFileInputRef} type=""file"" accept=""image/*"" aria-label=""اختيار ملف الصورة"" />",REQUIRES_ACTION_PERMISSION_API_AND_STATE_PROOF
control-panel,services/dsh/frontend/control-panel/catalogs/CatalogDashboardScreen.tsx,794,onChange,onChange={(value) => setUploadEntityType(value as DamEntityType)},REQUIRES_ACTION_PERMISSION_API_AND_STATE_PROOF
control-panel,services/dsh/frontend/control-panel/catalogs/CatalogDashboardScreen.tsx,799,onChange,"<ProductPicker value={uploadEntityId} onChange={setUploadEntityId} label=""المنتج المستهدف"" />",REQUIRES_ACTION_PERMISSION_API_AND_STATE_PROOF
control-panel,services/dsh/frontend/control-panel/catalogs/CatalogDashboardScreen.tsx,801,onChange,"<CategoryPicker value={uploadEntityId} onChange={(id) => setUploadEntityId(id)} domains={controller.state.domains.items} nodes={controller.state.nodes.items} label=""الفئة المستهدفة"" />",REQUIRES_ACTION_PERMISSION_API_AND_STATE_PROOF
control-panel,services/dsh/frontend/control-panel/catalogs/CatalogDashboardScreen.tsx,803,onChange,"<CpTextInput value={uploadEntityId} onChange={setUploadEntityId} placeholder=""معرف العنصر المستهدف"" aria-label=""معرف العنصر المستهدف للرفع"" />",REQUIRES_ACTION_PERMISSION_API_AND_STATE_PROOF
control-panel,services/dsh/frontend/control-panel/catalogs/CatalogDashboardScreen.tsx,805,onChange,"<CpTextInput value={uploadRole} onChange={setUploadRole} placeholder=""الدور (gallery / canonical_product_image ...)"" aria-label=""دور الصورة"" />",REQUIRES_ACTION_PERMISSION_API_AND_STATE_PROOF
control-panel,services/dsh/frontend/control-panel/catalogs/CatalogDashboardScreen.tsx,806,onChange,"<CpTextInput value={uploadAltAr} onChange={setUploadAltAr} placeholder=""نص بديل (Alt) بالعربية"" aria-label=""النص البديل للصورة"" />",REQUIRES_ACTION_PERMISSION_API_AND_STATE_PROOF
control-panel,services/dsh/frontend/control-panel/catalogs/CatalogDashboardScreen.tsx,807,onClick,"<CpButton disabled={uploading} onClick={() => void handleUploadAsset()}>{uploading ? ""جاري الرفع..."" : ""رفع وربط""}</CpButton>",REQUIRES_ACTION_PERMISSION_API_AND_STATE_PROOF
control-panel,services/dsh/frontend/control-panel/catalogs/CatalogDashboardScreen.tsx,814,onChange,"<CpTextInput value={linkAssetId} onChange={setLinkAssetId} placeholder=""معرف الصورة (Asset ID)"" aria-label=""معرف الصورة"" />",REQUIRES_ACTION_PERMISSION_API_AND_STATE_PROOF
control-panel,services/dsh/frontend/control-panel/catalogs/CatalogDashboardScreen.tsx,817,onChange,onChange={(value) => setLinkEntityType(value as DamEntityType)},REQUIRES_ACTION_PERMISSION_API_AND_STATE_PROOF
control-panel,services/dsh/frontend/control-panel/catalogs/CatalogDashboardScreen.tsx,822,onChange,"<ProductPicker value={linkEntityId} onChange={setLinkEntityId} label=""المنتج المستهدف"" />",REQUIRES_ACTION_PERMISSION_API_AND_STATE_PROOF
control-panel,services/dsh/frontend/control-panel/catalogs/CatalogDashboardScreen.tsx,824,onChange,"<CategoryPicker value={linkEntityId} onChange={(id) => setLinkEntityId(id)} domains={controller.state.domains.items} nodes={controller.state.nodes.items} label=""الفئة المستهدفة"" />",REQUIRES_ACTION_PERMISSION_API_AND_STATE_PROOF
control-panel,services/dsh/frontend/control-panel/catalogs/CatalogDashboardScreen.tsx,826,onChange,"<CpTextInput value={linkEntityId} onChange={setLinkEntityId} placeholder=""معرف العنصر المستهدف"" aria-label=""معرف العنصر المستهدف للربط"" />",REQUIRES_ACTION_PERMISSION_API_AND_STATE_PROOF
control-panel,services/dsh/frontend/control-panel/catalogs/CatalogDashboardScreen.tsx,828,onChange,"<CpTextInput value={linkRole} onChange={setLinkRole} placeholder=""الدور (canonical_product_image ...)"" aria-label=""دور الربط"" />",REQUIRES_ACTION_PERMISSION_API_AND_STATE_PROOF
control-panel,services/dsh/frontend/control-panel/catalogs/CatalogDashboardScreen.tsx,829,onClick,"<CpButton disabled={linking} onClick={() => void handleLinkExistingAsset()}>{linking ? ""جاري الضبط..."" : ""ضبط كصورة العنصر""}</CpButton>",REQUIRES_ACTION_PERMISSION_API_AND_STATE_PROOF
control-panel,services/dsh/frontend/control-panel/catalogs/CatalogDashboardScreen.tsx,869,onChange,"onChange={(val) => setReasonByProposal((curr) => ({ ...curr, [asset.id]: val }))}",REQUIRES_ACTION_PERMISSION_API_AND_STATE_PROOF
control-panel,services/dsh/frontend/control-panel/catalogs/CatalogDashboardScreen.tsx,873,onClick,"<CpButton onClick={() => handleAssetReview(asset.id, ""approved"", note)}>موافقة</CpButton>",REQUIRES_ACTION_PERMISSION_API_AND_STATE_PROOF
control-panel,services/dsh/frontend/control-panel/catalogs/CatalogDashboardScreen.tsx,874,onClick,"<CpButton onClick={() => handleAssetReview(asset.id, ""rejected"", note)}>رفض</CpButton>",REQUIRES_ACTION_PERMISSION_API_AND_STATE_PROOF
control-panel,services/dsh/frontend/control-panel/catalogs/CatalogDashboardScreen.tsx,875,onClick,"<CpButton onClick={() => handleAssetReview(asset.id, ""archived"", note)}>أرشفة</CpButton>",REQUIRES_ACTION_PERMISSION_API_AND_STATE_PROOF
control-panel,services/dsh/frontend/control-panel/catalogs/CatalogDashboardScreen.tsx,902,onClick,"<CpButton onClick={() => router.push(""/dsh/catalogs/governance"")}>",REQUIRES_ACTION_PERMISSION_API_AND_STATE_PROOF
control-panel,services/dsh/frontend/control-panel/catalogs/CatalogDashboardScreen.tsx,912,onChange,"<CpTextInput value={assortmentProductId} onChange={setAssortmentProductId} placeholder=""معرف المنتج المركزي"" />",REQUIRES_ACTION_PERMISSION_API_AND_STATE_PROOF
control-panel,services/dsh/frontend/control-panel/catalogs/CatalogDashboardScreen.tsx,913,onChange,"<CpTextInput value={assortmentPrice} onChange={setAssortmentPrice} placeholder=""السعر المحلي YER"" />",REQUIRES_ACTION_PERMISSION_API_AND_STATE_PROOF
control-panel,services/dsh/frontend/control-panel/catalogs/CatalogDashboardScreen.tsx,914,onClick,<CpButton disabled={assortmentSaving} onClick={async () => {,REQUIRES_ACTION_PERMISSION_API_AND_STATE_PROOF
control-panel,services/dsh/frontend/control-panel/catalogs/CatalogDashboardScreen.tsx,994,textarea,<textarea,REQUIRES_ACTION_PERMISSION_API_AND_STATE_PROOF
control-panel,services/dsh/frontend/control-panel/catalogs/CatalogDashboardScreen.tsx,996,onChange,onChange={(e) => setCsvText(e.target.value)},REQUIRES_ACTION_PERMISSION_API_AND_STATE_PROOF
control-panel,services/dsh/frontend/control-panel/catalogs/CatalogDashboardScreen.tsx,1001,onClick,<CpButton onClick={() => {,REQUIRES_ACTION_PERMISSION_API_AND_STATE_PROOF
control-panel,services/dsh/frontend/control-panel/catalogs/CatalogDashboardScreen.tsx,1005,onClick,<CpButton disabled={importing || !importPreview || importPreview.errors.length > 0} onClick={async () => {,REQUIRES_ACTION_PERMISSION_API_AND_STATE_PROOF
control-panel,services/dsh/frontend/control-panel/catalogs/CatalogGovernanceScreen.tsx,205,onChange,"<CpTextInput value={attributeCode} onChange={setAttributeCode} placeholder=""رمز الخاصية مثل size"" />",REQUIRES_ACTION_PERMISSION_API_AND_STATE_PROOF
control-panel,services/dsh/frontend/control-panel/catalogs/CatalogGovernanceScreen.tsx,206,onChange,"<CpTextInput value={attributeNameAr} onChange={setAttributeNameAr} placeholder=""اسم الخاصية بالعربية"" />",REQUIRES_ACTION_PERMISSION_API_AND_STATE_PROOF
control-panel,services/dsh/frontend/control-panel/catalogs/CatalogGovernanceScreen.tsx,207,onChange,"<CpTextInput value={attributeNameEn} onChange={setAttributeNameEn} placeholder=""Name in English"" />",REQUIRES_ACTION_PERMISSION_API_AND_STATE_PROOF
control-panel,services/dsh/frontend/control-panel/catalogs/CatalogGovernanceScreen.tsx,210,onChange,onChange={(value) => setAttributeDataType(value as CatalogAttributeDataType)},REQUIRES_ACTION_PERMISSION_API_AND_STATE_PROOF
control-panel,services/dsh/frontend/control-panel/catalogs/CatalogGovernanceScreen.tsx,214,onClick,<CpButton disabled={saving} onClick={() => void runMutation(async () => {,REQUIRES_ACTION_PERMISSION_API_AND_STATE_PROOF
control-panel,services/dsh/frontend/control-panel/catalogs/CatalogGovernanceScreen.tsx,227,onChange,onChange={setSelectedAttributeId},REQUIRES_ACTION_PERMISSION_API_AND_STATE_PROOF
control-panel,services/dsh/frontend/control-panel/catalogs/CatalogGovernanceScreen.tsx,237,onChange,"<CpTextInput value={optionCode} onChange={setOptionCode} placeholder=""رمز الخيار"" />",REQUIRES_ACTION_PERMISSION_API_AND_STATE_PROOF
control-panel,services/dsh/frontend/control-panel/catalogs/CatalogGovernanceScreen.tsx,238,onChange,"<CpTextInput value={optionLabelAr} onChange={setOptionLabelAr} placeholder=""اسم الخيار بالعربية"" />",REQUIRES_ACTION_PERMISSION_API_AND_STATE_PROOF
control-panel,services/dsh/frontend/control-panel/catalogs/CatalogGovernanceScreen.tsx,239,onClick,<CpButton disabled={saving || !selectedAttributeId} onClick={() => void runMutation(async () => {,REQUIRES_ACTION_PERMISSION_API_AND_STATE_PROOF
control-panel,services/dsh/frontend/control-panel/catalogs/CatalogGovernanceScreen.tsx,249,onChange,"<CpTextInput value={nodeId} onChange={setNodeId} placeholder=""معرف فئة L2-L4 لربط الخاصية"" />",REQUIRES_ACTION_PERMISSION_API_AND_STATE_PROOF
control-panel,services/dsh/frontend/control-panel/catalogs/CatalogGovernanceScreen.tsx,250,onClick,<CpButton disabled={saving || !nodeId.trim() || !selectedAttributeId} onClick={() => void runMutation(async () => {,REQUIRES_ACTION_PERMISSION_API_AND_STATE_PROOF
control-panel,services/dsh/frontend/control-panel/catalogs/CatalogGovernanceScreen.tsx,262,onChange,"<CpTextInput value={productId} onChange={setProductId} placeholder=""معرف المنتج المركزي"" />",REQUIRES_ACTION_PERMISSION_API_AND_STATE_PROOF
control-panel,services/dsh/frontend/control-panel/catalogs/CatalogGovernanceScreen.tsx,263,onClick,<CpButton disabled={loading} onClick={() => void loadProductGovernance()}>تحميل الحقيقة</CpButton>,REQUIRES_ACTION_PERMISSION_API_AND_STATE_PROOF
control-panel,services/dsh/frontend/control-panel/catalogs/CatalogGovernanceScreen.tsx,264,onChange,"<CpTextInput value={valueAttributeId} onChange={setValueAttributeId} placeholder=""معرف الخاصية"" />",REQUIRES_ACTION_PERMISSION_API_AND_STATE_PROOF
control-panel,services/dsh/frontend/control-panel/catalogs/CatalogGovernanceScreen.tsx,265,onChange,"<CpTextInput value={valueJson} onChange={setValueJson} placeholder={'قيمة JSON مثل ""كبير"" أو 25'} />",REQUIRES_ACTION_PERMISSION_API_AND_STATE_PROOF
control-panel,services/dsh/frontend/control-panel/catalogs/CatalogGovernanceScreen.tsx,266,onClick,<CpButton disabled={saving} onClick={() => void runMutation(async () => {,REQUIRES_ACTION_PERMISSION_API_AND_STATE_PROOF
control-panel,services/dsh/frontend/control-panel/catalogs/CatalogGovernanceScreen.tsx,277,onChange,"<CpTextInput value={targetProductId} onChange={setTargetProductId} placeholder=""معرف المنتج البديل/المرتبط"" />",REQUIRES_ACTION_PERMISSION_API_AND_STATE_PROOF
control-panel,services/dsh/frontend/control-panel/catalogs/CatalogGovernanceScreen.tsx,280,onChange,onChange={(value) => setRelationshipType(value as MasterProductRelationshipType)},REQUIRES_ACTION_PERMISSION_API_AND_STATE_PROOF
control-panel,services/dsh/frontend/control-panel/catalogs/CatalogGovernanceScreen.tsx,284,onChange,"<CpTextInput value={relationshipReason} onChange={setRelationshipReason} placeholder=""سبب العلاقة"" />",REQUIRES_ACTION_PERMISSION_API_AND_STATE_PROOF
control-panel,services/dsh/frontend/control-panel/catalogs/CatalogGovernanceScreen.tsx,285,onClick,<CpButton disabled={saving} onClick={() => void runMutation(async () => {,REQUIRES_ACTION_PERMISSION_API_AND_STATE_PROOF
control-panel,services/dsh/frontend/control-panel/catalogs/CatalogGovernanceScreen.tsx,297,onClick,<CpButton disabled={saving} onClick={() => void runMutation(async () => {,REQUIRES_ACTION_PERMISSION_API_AND_STATE_PROOF
control-panel,services/dsh/frontend/control-panel/catalogs/CatalogGovernanceScreen.tsx,307,onChange,"<CpTextInput value={storeId} onChange={setStoreId} placeholder=""معرف المتجر"" />",REQUIRES_ACTION_PERMISSION_API_AND_STATE_PROOF
control-panel,services/dsh/frontend/control-panel/catalogs/CatalogGovernanceScreen.tsx,308,onClick,<CpButton disabled={loading} onClick={() => void loadPauses()}>تحميل حالات التشكيلة</CpButton>,REQUIRES_ACTION_PERMISSION_API_AND_STATE_PROOF
control-panel,services/dsh/frontend/control-panel/catalogs/CatalogGovernanceScreen.tsx,309,onChange,"<CpTextInput value={pauseProductId} onChange={setPauseProductId} placeholder=""معرف المنتج المركزي"" />",REQUIRES_ACTION_PERMISSION_API_AND_STATE_PROOF
control-panel,services/dsh/frontend/control-panel/catalogs/CatalogGovernanceScreen.tsx,310,onChange,"<CpTextInput value={pauseReason} onChange={setPauseReason} placeholder=""سبب الإيقاف المؤقت"" />",REQUIRES_ACTION_PERMISSION_API_AND_STATE_PROOF
control-panel,services/dsh/frontend/control-panel/catalogs/CatalogGovernanceScreen.tsx,311,onChange,"<CpTextInput value={pausedUntil} onChange={setPausedUntil} placeholder=""وقت الاستئناف ISO اختياري"" />",REQUIRES_ACTION_PERMISSION_API_AND_STATE_PROOF
control-panel,services/dsh/frontend/control-panel/catalogs/CatalogGovernanceScreen.tsx,312,onClick,<CpButton disabled={saving} onClick={() => void runMutation(async () => {,REQUIRES_ACTION_PERMISSION_API_AND_STATE_PROOF
control-panel,services/dsh/frontend/control-panel/catalogs/CatalogGovernanceScreen.tsx,325,onClick,{item.paused ? <CpButton disabled={saving} onClick={() => void runMutation(async () => {,REQUIRES_ACTION_PERMISSION_API_AND_STATE_PROOF
control-panel,services/dsh/frontend/control-panel/catalogs/CatalogGovernanceScreen.tsx,337,onChange,"<CpTextInput value={auditEntityType} onChange={setAuditEntityType} placeholder=""نوع الكيان"" />",REQUIRES_ACTION_PERMISSION_API_AND_STATE_PROOF
control-panel,services/dsh/frontend/control-panel/catalogs/CatalogGovernanceScreen.tsx,338,onChange,"<CpTextInput value={auditEntityId} onChange={setAuditEntityId} placeholder=""معرف الكيان"" />",REQUIRES_ACTION_PERMISSION_API_AND_STATE_PROOF
control-panel,services/dsh/frontend/control-panel/catalogs/CatalogGovernanceScreen.tsx,339,onChange,"<CpTextInput value={rollbackReason} onChange={setRollbackReason} placeholder=""سبب التراجع الإلزامي"" />",REQUIRES_ACTION_PERMISSION_API_AND_STATE_PROOF
control-panel,services/dsh/frontend/control-panel/catalogs/CatalogGovernanceScreen.tsx,340,onClick,<CpButton disabled={loading} onClick={() => void loadAudit().catch((caught) => setError(caught instanceof Error ? caught.message : String(caught)))}>تحديث السجل</CpButton>,REQUIRES_ACTION_PERMISSION_API_AND_STATE_PROOF
control-panel,services/dsh/frontend/control-panel/catalogs/CatalogGovernanceScreen.tsx,358,onClick,<CpButton disabled={saving || rollbackReason.trim().length < 3} onClick={() => void runMutation(async () => {,REQUIRES_ACTION_PERMISSION_API_AND_STATE_PROOF
control-panel,services/dsh/frontend/control-panel/catalogs/ReelsReviewPanel.tsx,227,onChange,onChange={(value) => setStatusFilter(value as StatusFilter)},REQUIRES_ACTION_PERMISSION_API_AND_STATE_PROOF
control-panel,services/dsh/frontend/control-panel/catalogs/ReelsReviewPanel.tsx,230,onClick,"<CpButton onClick={() => void load()} aria-label=""تحديث قائمة الريلز"">تحديث</CpButton>",REQUIRES_ACTION_PERMISSION_API_AND_STATE_PROOF
control-panel,services/dsh/frontend/control-panel/catalogs/ReelsReviewPanel.tsx,258,onChange,"<CpTextInput value={draft.titleAr} onChange={(value) => updateDraft(selectedReel.id, { titleAr: value })} placeholder=""العنوان العربي"" aria-label=""العنوان العربي"" />",REQUIRES_ACTION_PERMISSION_API_AND_STATE_PROOF
control-panel,services/dsh/frontend/control-panel/catalogs/ReelsReviewPanel.tsx,259,onChange,"<CpTextInput value={draft.titleEn} onChange={(value) => updateDraft(selectedReel.id, { titleEn: value })} placeholder=""العنوان الإنجليزي"" aria-label=""العنوان الإنجليزي"" />",REQUIRES_ACTION_PERMISSION_API_AND_STATE_PROOF
control-panel,services/dsh/frontend/control-panel/catalogs/ReelsReviewPanel.tsx,260,onChange,"<CpTextInput value={draft.subtitleAr} onChange={(value) => updateDraft(selectedReel.id, { subtitleAr: value })} placeholder=""الوصف العربي"" aria-label=""الوصف العربي"" />",REQUIRES_ACTION_PERMISSION_API_AND_STATE_PROOF
control-panel,services/dsh/frontend/control-panel/catalogs/ReelsReviewPanel.tsx,261,onChange,"<CpTextInput value={draft.highlightAr} onChange={(value) => updateDraft(selectedReel.id, { highlightAr: value })} placeholder=""سطر الإبراز"" aria-label=""سطر الإبراز"" />",REQUIRES_ACTION_PERMISSION_API_AND_STATE_PROOF
control-panel,services/dsh/frontend/control-panel/catalogs/ReelsReviewPanel.tsx,262,onChange,"<CpTextInput value={draft.ctaLabelAr} onChange={(value) => updateDraft(selectedReel.id, { ctaLabelAr: value })} placeholder=""نص CTA العربي"" aria-label=""نص CTA العربي"" />",REQUIRES_ACTION_PERMISSION_API_AND_STATE_PROOF
control-panel,services/dsh/frontend/control-panel/catalogs/ReelsReviewPanel.tsx,263,onChange,"<CpTextInput value={draft.targetId} onChange={(value) => updateDraft(selectedReel.id, { targetId: value })} placeholder=""معرف الهدف"" aria-label=""معرف هدف الريل"" />",REQUIRES_ACTION_PERMISSION_API_AND_STATE_PROOF
control-panel,services/dsh/frontend/control-panel/catalogs/ReelsReviewPanel.tsx,264,onChange,"<CpTextInput value={draft.sortOrder} onChange={(value) => updateDraft(selectedReel.id, { sortOrder: value })} placeholder=""الترتيب"" aria-label=""ترتيب الريل"" />",REQUIRES_ACTION_PERMISSION_API_AND_STATE_PROOF
control-panel,services/dsh/frontend/control-panel/catalogs/ReelsReviewPanel.tsx,265,onChange,"<CpTextInput value={draft.reviewNote} onChange={(value) => updateDraft(selectedReel.id, { reviewNote: value })} placeholder=""ملاحظة المراجعة أو سبب الرفض"" aria-label=""ملاحظة المراجعة"" />",REQUIRES_ACTION_PERMISSION_API_AND_STATE_PROOF
control-panel,services/dsh/frontend/control-panel/catalogs/ReelsReviewPanel.tsx,267,onClick,"<CpButton disabled={busy || selectedReel.status !== ""pending_review""} onClick={() => void handleReview(selectedReel, ""approved"")}>اعتماد ونشر مؤهل</CpButton>",REQUIRES_ACTION_PERMISSION_API_AND_STATE_PROOF
control-panel,services/dsh/frontend/control-panel/catalogs/ReelsReviewPanel.tsx,268,onClick,"<CpButton disabled={busy || selectedReel.status !== ""pending_review""} onClick={() => void handleReview(selectedReel, ""rejected"")}>رفض مع السبب</CpButton>",REQUIRES_ACTION_PERMISSION_API_AND_STATE_PROOF
control-panel,services/dsh/frontend/control-panel/catalogs/ReelsReviewPanel.tsx,269,onClick,"<CpButton disabled={busy || selectedReel.status !== ""approved""} onClick={() => void handleReview(selectedReel, ""archived"")}>أرشفة</CpButton>",REQUIRES_ACTION_PERMISSION_API_AND_STATE_PROOF
control-panel,services/dsh/frontend/control-panel/catalogs/ReelsReviewPanel.tsx,270,onClick,<CpButton disabled={busy} onClick={() => setSelectedReelId(null)}>إغلاق المعاينة</CpButton>,REQUIRES_ACTION_PERMISSION_API_AND_STATE_PROOF
control-panel,services/dsh/frontend/control-panel/catalogs/ReelsReviewPanel.tsx,301,onClick,<CpTableCell><CpButton onClick={() => setSelectedReelId(reel.id)}>فتح المراجعة</CpButton></CpTableCell>,REQUIRES_ACTION_PERMISSION_API_AND_STATE_PROOF
control-panel,services/dsh/frontend/control-panel/catalogs/components/CategoryPicker.tsx,70,onClick,onClick={() => {,REQUIRES_ACTION_PERMISSION_API_AND_STATE_PROOF
control-panel,services/dsh/frontend/control-panel/catalogs/components/ProductPicker.tsx,64,onClick,onClick={() => {,REQUIRES_ACTION_PERMISSION_API_AND_STATE_PROOF
control-panel,services/dsh/frontend/control-panel/catalogs/components/StorePicker.tsx,60,onClick,onClick={() => {,REQUIRES_ACTION_PERMISSION_API_AND_STATE_PROOF
control-panel,services/dsh/frontend/control-panel/catalogs/products/CategoryControlRoom.tsx,284,button,<button,REQUIRES_ACTION_PERMISSION_API_AND_STATE_PROOF
control-panel,services/dsh/frontend/control-panel/catalogs/products/CategoryControlRoom.tsx,285,onClick,onClick={() => setOpen((v) => !v)},REQUIRES_ACTION_PERMISSION_API_AND_STATE_PROOF
control-panel,services/dsh/frontend/control-panel/catalogs/products/CategoryControlRoom.tsx,301,button,<button,REQUIRES_ACTION_PERMISSION_API_AND_STATE_PROOF
control-panel,services/dsh/frontend/control-panel/catalogs/products/CategoryControlRoom.tsx,302,onClick,onClick={() => setCatError(null)},REQUIRES_ACTION_PERMISSION_API_AND_STATE_PROOF
control-panel,services/dsh/frontend/control-panel/catalogs/products/CategoryControlRoom.tsx,312,onClick,onClick={() => {,REQUIRES_ACTION_PERMISSION_API_AND_STATE_PROOF
control-panel,services/dsh/frontend/control-panel/catalogs/products/CategoryControlRoom.tsx,324,onChange,"<CpTextInput value={formLabel} onChange={setFormLabel} placeholder=""اسم الفئة *"" aria-label=""اسم الفئة الرئيسية"" />",REQUIRES_ACTION_PERMISSION_API_AND_STATE_PROOF
control-panel,services/dsh/frontend/control-panel/catalogs/products/CategoryControlRoom.tsx,325,onChange,"<CpTextInput value={formSubtitle} onChange={setFormSubtitle} placeholder=""الاسم الانجليزي (اختياري)"" aria-label=""وصف الفئة الرئيسية"" />",REQUIRES_ACTION_PERMISSION_API_AND_STATE_PROOF
control-panel,services/dsh/frontend/control-panel/catalogs/products/CategoryControlRoom.tsx,327,onClick,<CpButton onClick={handleAddMainCategory}>تأكيد</CpButton>,REQUIRES_ACTION_PERMISSION_API_AND_STATE_PROOF
control-panel,services/dsh/frontend/control-panel/catalogs/products/CategoryControlRoom.tsx,328,onClick,<CpButton onClick={resetForms}>إلغاء</CpButton>,REQUIRES_ACTION_PERMISSION_API_AND_STATE_PROOF
control-panel,services/dsh/frontend/control-panel/catalogs/products/CategoryControlRoom.tsx,424,onChange,"<CpTextInput value={editLabel} onChange={setEditLabel} aria-label=""تعديل اسم الفئة الرئيسية"" />",REQUIRES_ACTION_PERMISSION_API_AND_STATE_PROOF
control-panel,services/dsh/frontend/control-panel/catalogs/products/CategoryControlRoom.tsx,425,onClick,<CpButton onClick={onApplyEdit}>حفظ</CpButton>,REQUIRES_ACTION_PERMISSION_API_AND_STATE_PROOF
control-panel,services/dsh/frontend/control-panel/catalogs/products/CategoryControlRoom.tsx,436,onClick,<CpButton onClick={() => { resetForms(); setAddingSubUnder(isAddingSub ? null : domain.id); }}>+ فرعي</CpButton>,REQUIRES_ACTION_PERMISSION_API_AND_STATE_PROOF
control-panel,services/dsh/frontend/control-panel/catalogs/products/CategoryControlRoom.tsx,437,onClick,<CpButton onClick={() => onStartDomainEdit(domain)}>تعديل</CpButton>,REQUIRES_ACTION_PERMISSION_API_AND_STATE_PROOF
control-panel,services/dsh/frontend/control-panel/catalogs/products/CategoryControlRoom.tsx,438,onClick,"<CpButton onClick={() => onToggleDomainActive(domain)}>{domain.isActive ? ""إخفاء"" : ""إظهار""}</CpButton>",REQUIRES_ACTION_PERMISSION_API_AND_STATE_PROOF
control-panel,services/dsh/frontend/control-panel/catalogs/products/CategoryControlRoom.tsx,446,onChange,"<CpTextInput value={formLabel} onChange={setFormLabel} placeholder=""اسم الفئة الفرعية..."" aria-label=""اسم الفئة الفرعية"" />",REQUIRES_ACTION_PERMISSION_API_AND_STATE_PROOF
control-panel,services/dsh/frontend/control-panel/catalogs/products/CategoryControlRoom.tsx,448,onClick,<CpButton onClick={() => onAddSubCategory(domain.id)}>إضافة</CpButton>,REQUIRES_ACTION_PERMISSION_API_AND_STATE_PROOF
control-panel,services/dsh/frontend/control-panel/catalogs/products/CategoryControlRoom.tsx,449,onClick,<CpButton onClick={resetForms}>إلغاء</CpButton>,REQUIRES_ACTION_PERMISSION_API_AND_STATE_PROOF
control-panel,services/dsh/frontend/control-panel/catalogs/products/CategoryControlRoom.tsx,533,onChange,"<CpTextInput value={editLabel} onChange={setEditLabel} aria-label=""تعديل اسم الفئة الفرعية"" />",REQUIRES_ACTION_PERMISSION_API_AND_STATE_PROOF
control-panel,services/dsh/frontend/control-panel/catalogs/products/CategoryControlRoom.tsx,534,onClick,<CpButton onClick={onApplyEdit}>حفظ</CpButton>,REQUIRES_ACTION_PERMISSION_API_AND_STATE_PROOF
control-panel,services/dsh/frontend/control-panel/catalogs/products/CategoryControlRoom.tsx,540,onClick,"<CpButton onClick={() => { resetForms(); setAddingMainClassifUnder(isAdding ? null : { domainId: domain.id, subNodeId: subNode.id }); }}>+ تصنيف</CpButton>",REQUIRES_ACTION_PERMISSION_API_AND_STATE_PROOF
control-panel,services/dsh/frontend/control-panel/catalogs/products/CategoryControlRoom.tsx,541,onClick,<CpButton onClick={() => onStartNodeEdit(subNode)}>تعديل</CpButton>,REQUIRES_ACTION_PERMISSION_API_AND_STATE_PROOF
control-panel,services/dsh/frontend/control-panel/catalogs/products/CategoryControlRoom.tsx,542,onClick,"<CpButton onClick={() => onToggleNodeActive(subNode)}>{subNode.isActive ? ""إخفاء"" : ""إظهار""}</CpButton>",REQUIRES_ACTION_PERMISSION_API_AND_STATE_PROOF
control-panel,services/dsh/frontend/control-panel/catalogs/products/CategoryControlRoom.tsx,550,onChange,"<CpTextInput value={formLabel} onChange={setFormLabel} placeholder=""اسم التصنيف الرئيسي..."" aria-label=""اسم التصنيف الرئيسي"" />",REQUIRES_ACTION_PERMISSION_API_AND_STATE_PROOF
control-panel,services/dsh/frontend/control-panel/catalogs/products/CategoryControlRoom.tsx,552,onClick,"<CpButton onClick={() => onAddMainClassification(domain.id, subNode.id)}>إضافة</CpButton>",REQUIRES_ACTION_PERMISSION_API_AND_STATE_PROOF
control-panel,services/dsh/frontend/control-panel/catalogs/products/CategoryControlRoom.tsx,553,onClick,<CpButton onClick={resetForms}>إلغاء</CpButton>,REQUIRES_ACTION_PERMISSION_API_AND_STATE_PROOF
control-panel,services/dsh/frontend/control-panel/catalogs/products/CategoryControlRoom.tsx,631,onChange,"<CpTextInput value={editLabel} onChange={setEditLabel} aria-label=""تعديل اسم التصنيف الرئيسي"" />",REQUIRES_ACTION_PERMISSION_API_AND_STATE_PROOF
control-panel,services/dsh/frontend/control-panel/catalogs/products/CategoryControlRoom.tsx,632,onClick,<CpButton onClick={onApplyEdit}>حفظ</CpButton>,REQUIRES_ACTION_PERMISSION_API_AND_STATE_PROOF
control-panel,services/dsh/frontend/control-panel/catalogs/products/CategoryControlRoom.tsx,638,onClick,"<CpButton onClick={() => { resetForms(); setAddingSubClassifUnder(isAdding ? null : { domainId: domain.id, subNodeId: subNode.id, mainClassifNodeId: mainClassifNode.id }); }}>+ فرعي</CpButton>",REQUIRES_ACTION_PERMISSION_API_AND_STATE_PROOF
control-panel,services/dsh/frontend/control-panel/catalogs/products/CategoryControlRoom.tsx,639,onClick,<CpButton onClick={() => onStartNodeEdit(mainClassifNode)}>تعديل</CpButton>,REQUIRES_ACTION_PERMISSION_API_AND_STATE_PROOF
control-panel,services/dsh/frontend/control-panel/catalogs/products/CategoryControlRoom.tsx,640,onClick,"<CpButton onClick={() => onToggleNodeActive(mainClassifNode)}>{mainClassifNode.isActive ? ""إخفاء"" : ""إظهار""}</CpButton>",REQUIRES_ACTION_PERMISSION_API_AND_STATE_PROOF
control-panel,services/dsh/frontend/control-panel/catalogs/products/CategoryControlRoom.tsx,648,onChange,"<CpTextInput value={formLabel} onChange={setFormLabel} placeholder=""اسم التصنيف الفرعي..."" aria-label=""اسم التصنيف الفرعي"" />",REQUIRES_ACTION_PERMISSION_API_AND_STATE_PROOF
control-panel,services/dsh/frontend/control-panel/catalogs/products/CategoryControlRoom.tsx,650,onClick,"<CpButton onClick={() => onAddSubClassification(domain.id, subNode.id, mainClassifNode.id)}>إضافة</CpButton>",REQUIRES_ACTION_PERMISSION_API_AND_STATE_PROOF
control-panel,services/dsh/frontend/control-panel/catalogs/products/CategoryControlRoom.tsx,651,onClick,<CpButton onClick={resetForms}>إلغاء</CpButton>,REQUIRES_ACTION_PERMISSION_API_AND_STATE_PROOF
control-panel,services/dsh/frontend/control-panel/catalogs/products/CategoryControlRoom.tsx,662,onClick,<CpButton onClick={() => onStartNodeEdit(sc)}>تعديل</CpButton>,REQUIRES_ACTION_PERMISSION_API_AND_STATE_PROOF
control-panel,services/dsh/frontend/control-panel/catalogs/products/CategoryControlRoom.tsx,663,onClick,"<CpButton onClick={() => onToggleNodeActive(sc)}>{sc.isActive ? ""إخفاء"" : ""إظهار""}</CpButton>",REQUIRES_ACTION_PERMISSION_API_AND_STATE_PROOF
control-panel,services/dsh/frontend/control-panel/dashboard/DispatchTrackingAlertsPanel.tsx,37,onClick,<CpRetryButton onClick={() => void reload()}>إعادة المحاولة</CpRetryButton>,REQUIRES_ACTION_PERMISSION_API_AND_STATE_PROOF
control-panel,services/dsh/frontend/control-panel/dashboard/DispatchTrackingAlertsPanel.tsx,96,onClick,"<CpButton variant=""secondary"" onClick={() => void reload()}>تحديث الخريطة والتنبيهات</CpButton>",REQUIRES_ACTION_PERMISSION_API_AND_STATE_PROOF
control-panel,services/dsh/frontend/control-panel/dashboard/DshOperationalDashboardScreen.tsx,39,onClick,<CpRetryButton onClick={() => void reload()}>إعادة المحاولة</CpRetryButton>,REQUIRES_ACTION_PERMISSION_API_AND_STATE_PROOF
control-panel,services/dsh/frontend/control-panel/dashboard/IdentityRuntimeHealthPanel.tsx,53,onClick,<CpRetryButton onClick={() => void refresh()}>إعادة الفحص</CpRetryButton>,REQUIRES_ACTION_PERMISSION_API_AND_STATE_PROOF
control-panel,services/dsh/frontend/control-panel/dashboard/IdentityRuntimeHealthPanel.tsx,75,onClick,<CpRetryButton onClick={() => void refresh()}>إعادة الفحص</CpRetryButton>,REQUIRES_ACTION_PERMISSION_API_AND_STATE_PROOF
control-panel,services/dsh/frontend/control-panel/finance/CodReconciliationCasesPanel.tsx,140,onChange,"onChange={(value) => setNotes((current) => ({ ...current, [item.id]: value }))}",REQUIRES_ACTION_PERMISSION_API_AND_STATE_PROOF
control-panel,services/dsh/frontend/control-panel/finance/CodReconciliationCasesPanel.tsx,148,onChange,onChange={(value) => {,REQUIRES_ACTION_PERMISSION_API_AND_STATE_PROOF
control-panel,services/dsh/frontend/control-panel/finance/CodReconciliationCasesPanel.tsx,158,onClick,"<CpButton variant=""secondary"" disabled={busy} onClick={() => void assign(item.id)}>",REQUIRES_ACTION_PERMISSION_API_AND_STATE_PROOF
control-panel,services/dsh/frontend/control-panel/finance/CodReconciliationCasesPanel.tsx,162,onClick,"<CpButton variant=""primary"" disabled={busy || note.trim().length === 0} onClick={() => void resolve(item.id)}>",REQUIRES_ACTION_PERMISSION_API_AND_STATE_PROOF
control-panel,services/dsh/frontend/control-panel/finance/CommissionGovernancePanel.tsx,211,onClick,"<CpButton variant=""secondary"" disabled={loading} onClick={() => void load()}>",REQUIRES_ACTION_PERMISSION_API_AND_STATE_PROOF
control-panel,services/dsh/frontend/control-panel/finance/CommissionGovernancePanel.tsx,251,onChange,"onChange={(value) => setPolicy({ ...policy, policyId: value })}",REQUIRES_ACTION_PERMISSION_API_AND_STATE_PROOF
control-panel,services/dsh/frontend/control-panel/finance/CommissionGovernancePanel.tsx,259,onChange,"onChange={(value) => setPolicy({ ...policy, commissionType: value })}",REQUIRES_ACTION_PERMISSION_API_AND_STATE_PROOF
control-panel,services/dsh/frontend/control-panel/finance/CommissionGovernancePanel.tsx,267,onChange,"onChange={(value) => setPolicy({ ...policy, sourceType: value })}",REQUIRES_ACTION_PERMISSION_API_AND_STATE_PROOF
control-panel,services/dsh/frontend/control-panel/finance/CommissionGovernancePanel.tsx,276,onChange,onChange={(value) =>,REQUIRES_ACTION_PERMISSION_API_AND_STATE_PROOF
control-panel,services/dsh/frontend/control-panel/finance/CommissionGovernancePanel.tsx,290,onChange,onChange={(value) =>,REQUIRES_ACTION_PERMISSION_API_AND_STATE_PROOF
control-panel,services/dsh/frontend/control-panel/finance/CommissionGovernancePanel.tsx,305,onChange,onChange={(value) =>,REQUIRES_ACTION_PERMISSION_API_AND_STATE_PROOF
control-panel,services/dsh/frontend/control-panel/finance/CommissionGovernancePanel.tsx,317,onChange,onChange={(value) =>,REQUIRES_ACTION_PERMISSION_API_AND_STATE_PROOF
control-panel,services/dsh/frontend/control-panel/finance/CommissionGovernancePanel.tsx,328,onChange,onChange={(value) =>,REQUIRES_ACTION_PERMISSION_API_AND_STATE_PROOF
control-panel,services/dsh/frontend/control-panel/finance/CommissionGovernancePanel.tsx,339,onChange,onChange={(value) =>,REQUIRES_ACTION_PERMISSION_API_AND_STATE_PROOF
control-panel,services/dsh/frontend/control-panel/finance/CommissionGovernancePanel.tsx,352,onChange,"onChange={(value) => setPolicy({ ...policy, currency: value })}",REQUIRES_ACTION_PERMISSION_API_AND_STATE_PROOF
control-panel,services/dsh/frontend/control-panel/finance/CommissionGovernancePanel.tsx,361,onChange,"onChange={(value) => setPolicy({ ...policy, status: value as ""active"" | ""inactive"" })}",REQUIRES_ACTION_PERMISSION_API_AND_STATE_PROOF
control-panel,services/dsh/frontend/control-panel/finance/CommissionGovernancePanel.tsx,369,onChange,"onChange={(value) => setPolicy({ ...policy, changeReason: value })}",REQUIRES_ACTION_PERMISSION_API_AND_STATE_PROOF
control-panel,services/dsh/frontend/control-panel/finance/CommissionGovernancePanel.tsx,379,onClick,"<CpButton variant=""primary"" disabled={savingPolicy || policyError !== null} onClick={() => void savePolicy()}>",REQUIRES_ACTION_PERMISSION_API_AND_STATE_PROOF
control-panel,services/dsh/frontend/control-panel/finance/CommissionGovernancePanel.tsx,456,onClick,"<CpButton variant=""primary"" disabled={disabled} onClick={() => void run(commission, ""confirm"")}>",REQUIRES_ACTION_PERMISSION_API_AND_STATE_PROOF
control-panel,services/dsh/frontend/control-panel/finance/CommissionGovernancePanel.tsx,461,onClick,"<CpButton variant=""primary"" disabled={disabled} onClick={() => void run(commission, ""settle"")}>",REQUIRES_ACTION_PERMISSION_API_AND_STATE_PROOF
control-panel,services/dsh/frontend/control-panel/finance/CommissionGovernancePanel.tsx,466,onClick,"<CpButton variant=""danger"" disabled={disabled} onClick={() => void run(commission, ""reject"")}>",REQUIRES_ACTION_PERMISSION_API_AND_STATE_PROOF
control-panel,services/dsh/frontend/control-panel/finance/CommissionGovernancePanel.tsx,471,onClick,"<CpButton variant=""danger"" disabled={disabled} onClick={() => void run(commission, ""reverse"")}>",REQUIRES_ACTION_PERMISSION_API_AND_STATE_PROOF
control-panel,services/dsh/frontend/control-panel/finance/CommissionGovernancePanel.tsx,476,onClick,"<CpButton variant=""secondary"" disabled={disabled} onClick={() => void run(commission, ""adjust"")}>",REQUIRES_ACTION_PERMISSION_API_AND_STATE_PROOF
control-panel,services/dsh/frontend/control-panel/finance/FinanceDashboardScreen.tsx,135,onClick,"<CpButton variant=""primary"" onClick={reload}>إعادة المحاولة</CpButton>",REQUIRES_ACTION_PERMISSION_API_AND_STATE_PROOF
control-panel,services/dsh/frontend/control-panel/finance/FinanceDashboardScreen.tsx,185,onClick,"<CpButton variant=""secondary"" onClick={reload}>تحديث فوري</CpButton>",REQUIRES_ACTION_PERMISSION_API_AND_STATE_PROOF
control-panel,services/dsh/frontend/control-panel/finance/FinanceDashboardScreen.tsx,194,onChange,onChange={onTabSelect},REQUIRES_ACTION_PERMISSION_API_AND_STATE_PROOF
control-panel,services/dsh/frontend/control-panel/finance/FinanceDashboardScreen.tsx,201,onChange,onChange={onSubTabSelect},REQUIRES_ACTION_PERMISSION_API_AND_STATE_PROOF
control-panel,services/dsh/frontend/control-panel/finance/GovernedSettlementPanel.tsx,153,onChange,onChange={(value) => {,REQUIRES_ACTION_PERMISSION_API_AND_STATE_PROOF
control-panel,services/dsh/frontend/control-panel/finance/GovernedSettlementPanel.tsx,162,onChange,onChange={(value) => {,REQUIRES_ACTION_PERMISSION_API_AND_STATE_PROOF
control-panel,services/dsh/frontend/control-panel/finance/GovernedSettlementPanel.tsx,171,onChange,onChange={(value) => {,REQUIRES_ACTION_PERMISSION_API_AND_STATE_PROOF
control-panel,services/dsh/frontend/control-panel/finance/GovernedSettlementPanel.tsx,180,onChange,onChange={(value) => {,REQUIRES_ACTION_PERMISSION_API_AND_STATE_PROOF
control-panel,services/dsh/frontend/control-panel/finance/GovernedSettlementPanel.tsx,189,onChange,onChange={(value) => {,REQUIRES_ACTION_PERMISSION_API_AND_STATE_PROOF
control-panel,services/dsh/frontend/control-panel/finance/GovernedSettlementPanel.tsx,198,onChange,onChange={(value) => {,REQUIRES_ACTION_PERMISSION_API_AND_STATE_PROOF
control-panel,services/dsh/frontend/control-panel/finance/GovernedSettlementPanel.tsx,207,onChange,onChange={setPeriodStart},REQUIRES_ACTION_PERMISSION_API_AND_STATE_PROOF
control-panel,services/dsh/frontend/control-panel/finance/GovernedSettlementPanel.tsx,213,onChange,onChange={setPeriodEnd},REQUIRES_ACTION_PERMISSION_API_AND_STATE_PROOF
control-panel,services/dsh/frontend/control-panel/finance/GovernedSettlementPanel.tsx,218,onClick,"<CpButton variant=""secondary"" disabled={!policyValid || busy !== null} onClick={savePolicy}>",REQUIRES_ACTION_PERMISSION_API_AND_STATE_PROOF
control-panel,services/dsh/frontend/control-panel/finance/GovernedSettlementPanel.tsx,221,onClick,"<CpButton variant=""primary"" disabled={!settlementValid || busy !== null} onClick={createSettlement}>",REQUIRES_ACTION_PERMISSION_API_AND_STATE_PROOF
control-panel,services/dsh/frontend/control-panel/finance/PaymentSessionOperationsScreen.tsx,121,onClick,onClick={refreshProvider},REQUIRES_ACTION_PERMISSION_API_AND_STATE_PROOF
control-panel,services/dsh/frontend/control-panel/finance/PaymentSessionOperationsScreen.tsx,171,form,<form,REQUIRES_ACTION_PERMISSION_API_AND_STATE_PROOF
control-panel,services/dsh/frontend/control-panel/finance/PaymentSessionOperationsScreen.tsx,172,onSubmit,onSubmit={(event) => {,REQUIRES_ACTION_PERMISSION_API_AND_STATE_PROOF
control-panel,services/dsh/frontend/control-panel/finance/PaymentSessionOperationsScreen.tsx,180,onChange,"<CpTextInput aria-label=""معرف جلسة الدفع"" value={paymentSessionId} onChange={setPaymentSessionId} placeholder=""payment-session-id"" />",REQUIRES_ACTION_PERMISSION_API_AND_STATE_PROOF
control-panel,services/dsh/frontend/control-panel/finance/PayoutRequestsPanel.tsx,157,onClick,"onClick={() => runAction(request, action)}",REQUIRES_ACTION_PERMISSION_API_AND_STATE_PROOF
control-panel,services/dsh/frontend/control-panel/finance/ReconciliationCasesPanel.tsx,84,onClick,"onClick={() => runAction(reconciliationCase.id, () => assignReconciliationCase(reconciliationCase.id))}",REQUIRES_ACTION_PERMISSION_API_AND_STATE_PROOF
control-panel,services/dsh/frontend/control-panel/finance/ReconciliationCasesPanel.tsx,91,onChange,"onChange={(value) => setNoteDrafts((previous) => ({ ...previous, [reconciliationCase.id]: value }))}",REQUIRES_ACTION_PERMISSION_API_AND_STATE_PROOF
control-panel,services/dsh/frontend/control-panel/finance/ReconciliationCasesPanel.tsx,97,onClick,"onClick={() => runAction(reconciliationCase.id, () => resolveReconciliationCase(reconciliationCase.id, ""confirmed_success"", note))}",REQUIRES_ACTION_PERMISSION_API_AND_STATE_PROOF
control-panel,services/dsh/frontend/control-panel/finance/ReconciliationCasesPanel.tsx,104,onClick,"onClick={() => runAction(reconciliationCase.id, () => resolveReconciliationCase(reconciliationCase.id, ""confirmed_failed"", note))}",REQUIRES_ACTION_PERMISSION_API_AND_STATE_PROOF
control-panel,services/dsh/frontend/control-panel/finance/ReconciliationCasesPanel.tsx,111,onClick,"onClick={() => runAction(reconciliationCase.id, () => resolveReconciliationCase(reconciliationCase.id, ""manual_adjustment"", note))}",REQUIRES_ACTION_PERMISSION_API_AND_STATE_PROOF
control-panel,services/dsh/frontend/control-panel/finance/RefundsCommandPanel.tsx,133,onChange,"<CpTextInput aria-label=""رقم الطلب"" placeholder=""رقم الطلب"" value={orderId} onChange={setOrderId} />",REQUIRES_ACTION_PERMISSION_API_AND_STATE_PROOF
control-panel,services/dsh/frontend/control-panel/finance/RefundsCommandPanel.tsx,134,onChange,"<CpTextInput aria-label=""جلسة الدفع"" placeholder=""معرّف جلسة الدفع"" value={paymentSessionId} onChange={setPaymentSessionId} />",REQUIRES_ACTION_PERMISSION_API_AND_STATE_PROOF
control-panel,services/dsh/frontend/control-panel/finance/RefundsCommandPanel.tsx,135,onChange,"<CpTextInput aria-label=""العميل"" placeholder=""معرّف العميل"" value={clientId} onChange={setClientId} />",REQUIRES_ACTION_PERMISSION_API_AND_STATE_PROOF
control-panel,services/dsh/frontend/control-panel/finance/RefundsCommandPanel.tsx,136,onChange,"<CpTextInput aria-label=""المبلغ"" placeholder=""المبلغ بالوحدة الصغرى"" value={amountMinorUnits} onChange={setAmountMinorUnits} />",REQUIRES_ACTION_PERMISSION_API_AND_STATE_PROOF
control-panel,services/dsh/frontend/control-panel/finance/RefundsCommandPanel.tsx,137,onChange,"<CpTextInput aria-label=""سبب الاسترداد"" placeholder=""سبب الاسترداد"" value={reason} onChange={setReason} />",REQUIRES_ACTION_PERMISSION_API_AND_STATE_PROOF
control-panel,services/dsh/frontend/control-panel/finance/RefundsCommandPanel.tsx,138,onChange,"<CpTextInput aria-label=""مرجع الأهلية"" placeholder=""مرجع أهلية DSH"" value={eligibilityReference} onChange={setEligibilityReference} />",REQUIRES_ACTION_PERMISSION_API_AND_STATE_PROOF
control-panel,services/dsh/frontend/control-panel/finance/RefundsCommandPanel.tsx,141,onClick,"<CpButton variant=""secondary"" disabled={busy || !orderId.trim()} onClick={() => void search()}>تحميل الاستردادات</CpButton>",REQUIRES_ACTION_PERMISSION_API_AND_STATE_PROOF
control-panel,services/dsh/frontend/control-panel/finance/RefundsCommandPanel.tsx,145,onClick,onClick={() => void createRefund()},REQUIRES_ACTION_PERMISSION_API_AND_STATE_PROOF
control-panel,services/dsh/frontend/control-panel/finance/RefundsCommandPanel.tsx,174,button,<button,REQUIRES_ACTION_PERMISSION_API_AND_STATE_PROOF
control-panel,services/dsh/frontend/control-panel/finance/RefundsCommandPanel.tsx,179,onClick,onClick={() => setSelectedRefundId(refund.id)},REQUIRES_ACTION_PERMISSION_API_AND_STATE_PROOF
control-panel,services/dsh/frontend/control-panel/finance/RefundsCommandPanel.tsx,200,onChange,"<CpTextInput aria-label=""سبب القرار"" placeholder=""سبب الاعتماد أو الرفض"" value={decisionReason} onChange={setDecisionReason} />",REQUIRES_ACTION_PERMISSION_API_AND_STATE_PROOF
control-panel,services/dsh/frontend/control-panel/finance/RefundsCommandPanel.tsx,202,onClick,"<CpButton variant=""primary"" disabled={busy || selected.status !== ""requested"" || !decisionReason.trim()} onClick={() => void decide(""approve"")}>اعتماد مستقل</CpButton>",REQUIRES_ACTION_PERMISSION_API_AND_STATE_PROOF
control-panel,services/dsh/frontend/control-panel/finance/RefundsCommandPanel.tsx,203,onClick,"<CpButton variant=""danger"" disabled={busy || selected.status !== ""requested"" || !decisionReason.trim()} onClick={() => void decide(""reject"")}>رفض</CpButton>",REQUIRES_ACTION_PERMISSION_API_AND_STATE_PROOF
control-panel,services/dsh/frontend/control-panel/finance/RefundsCommandPanel.tsx,204,onClick,"<CpButton variant=""secondary"" disabled={busy || selected.status !== ""approved""} onClick={() => void execute()}>تنفيذ لدى المزود</CpButton>",REQUIRES_ACTION_PERMISSION_API_AND_STATE_PROOF
control-panel,services/dsh/frontend/control-panel/finance/RefundsCommandPanel.tsx,209,onChange,"<CpTextInput aria-label=""مرجع المزود"" placeholder=""مرجع المزود عند تأكيد النجاح"" value={providerReference} onChange={setProviderReference} />",REQUIRES_ACTION_PERMISSION_API_AND_STATE_PROOF
control-panel,services/dsh/frontend/control-panel/finance/RefundsCommandPanel.tsx,210,textarea,<textarea,REQUIRES_ACTION_PERMISSION_API_AND_STATE_PROOF
control-panel,services/dsh/frontend/control-panel/finance/RefundsCommandPanel.tsx,214,onChange,onChange={(event) => setEvidenceNote(event.target.value)},REQUIRES_ACTION_PERMISSION_API_AND_STATE_PROOF
control-panel,services/dsh/frontend/control-panel/finance/RefundsCommandPanel.tsx,218,onClick,"<CpButton variant=""primary"" disabled={busy || !providerReference.trim() || !evidenceNote.trim()} onClick={() => void reconcile(""confirmed_success"")}>تأكيد نجاح موثق</CpButton>",REQUIRES_ACTION_PERMISSION_API_AND_STATE_PROOF
control-panel,services/dsh/frontend/control-panel/finance/RefundsCommandPanel.tsx,219,onClick,"<CpButton variant=""danger"" disabled={busy || !evidenceNote.trim()} onClick={() => void reconcile(""confirmed_failed"")}>تأكيد فشل موثق</CpButton>",REQUIRES_ACTION_PERMISSION_API_AND_STATE_PROOF
control-panel,services/dsh/frontend/control-panel/finance/RepresentativeWalletLookup.tsx,116,form,<form,REQUIRES_ACTION_PERMISSION_API_AND_STATE_PROOF
control-panel,services/dsh/frontend/control-panel/finance/RepresentativeWalletLookup.tsx,117,onSubmit,onSubmit={(event) => {,REQUIRES_ACTION_PERMISSION_API_AND_STATE_PROOF
control-panel,services/dsh/frontend/control-panel/finance/RepresentativeWalletLookup.tsx,128,onChange,onChange={(value) => setActorType(value as RepresentativeWalletActorType)},REQUIRES_ACTION_PERMISSION_API_AND_STATE_PROOF
control-panel,services/dsh/frontend/control-panel/finance/RepresentativeWalletLookup.tsx,137,onChange,onChange={setActorId},REQUIRES_ACTION_PERMISSION_API_AND_STATE_PROOF
control-panel,services/dsh/frontend/control-panel/hr/CaptainCreateView.tsx,87,onClick,"<CpButton variant=""secondary"" onClick={() => void identityRuntime.refresh(true)}>إعادة فحص Identity</CpButton>",REQUIRES_ACTION_PERMISSION_API_AND_STATE_PROOF
control-panel,services/dsh/frontend/control-panel/hr/CaptainCreateView.tsx,96,onChange,"<CpTextInput value={fullNameAr} onChange={setFullNameAr} placeholder=""أحمد محمد"" disabled={Boolean(createdCaptain)} aria-label=""الاسم الكامل"" />",REQUIRES_ACTION_PERMISSION_API_AND_STATE_PROOF
control-panel,services/dsh/frontend/control-panel/hr/CaptainCreateView.tsx,100,onChange,"<CpTextInput value={phone} onChange={setPhone} placeholder=""مثال: 777123456"" disabled={Boolean(createdCaptain)} aria-label=""رقم الهاتف"" />",REQUIRES_ACTION_PERMISSION_API_AND_STATE_PROOF
control-panel,services/dsh/frontend/control-panel/hr/CaptainCreateView.tsx,104,onChange,"<ZonePicker value={zoneId} disabled={Boolean(createdCaptain)} onChange={(zone) => setZoneId(zone?.id ?? """")} />",REQUIRES_ACTION_PERMISSION_API_AND_STATE_PROOF
control-panel,services/dsh/frontend/control-panel/hr/CaptainCreateView.tsx,110,onChange,"onChange={(value) => setVehicleType(value === vehicleType ? """" : value)}",REQUIRES_ACTION_PERMISSION_API_AND_STATE_PROOF
control-panel,services/dsh/frontend/control-panel/hr/CaptainCreateView.tsx,129,onClick,"<CpButton variant=""primary"" disabled={!canSubmit} onClick={() => void handleSubmit()}>",REQUIRES_ACTION_PERMISSION_API_AND_STATE_PROOF
control-panel,services/dsh/frontend/control-panel/hr/CaptainCreateView.tsx,144,onClick,"{props.onBack ? <CpButton variant=""ghost"" onClick={props.onBack}>رجوع</CpButton> : null}",REQUIRES_ACTION_PERMISSION_API_AND_STATE_PROOF
control-panel,services/dsh/frontend/control-panel/hr/CaptainDetailView.tsx,84,onClick,"<CpButton variant=""ghost"" onClick={props.onBack}>رجوع</CpButton>",REQUIRES_ACTION_PERMISSION_API_AND_STATE_PROOF
control-panel,services/dsh/frontend/control-panel/hr/CaptainDetailView.tsx,151,onClick,"<CpButton variant=""ghost"" onClick={props.onBack}>رجوع</CpButton>",REQUIRES_ACTION_PERMISSION_API_AND_STATE_PROOF
control-panel,services/dsh/frontend/control-panel/hr/CaptainDetailView.tsx,159,onChange,"<CpTextInput value={fullNameAr} onChange={setFullNameAr} aria-label=""الاسم بالعربية"" />",REQUIRES_ACTION_PERMISSION_API_AND_STATE_PROOF
control-panel,services/dsh/frontend/control-panel/hr/CaptainDetailView.tsx,163,onChange,"<CpTextInput value={fullNameEn} onChange={setFullNameEn} aria-label=""الاسم بالإنجليزية"" />",REQUIRES_ACTION_PERMISSION_API_AND_STATE_PROOF
control-panel,services/dsh/frontend/control-panel/hr/CaptainDetailView.tsx,167,onChange,"<CpTextInput type=""date"" value={engagementStartDate} onChange={setEngagementStartDate} placeholder=""YYYY-MM-DD"" aria-label=""تاريخ بداية الارتباط"" />",REQUIRES_ACTION_PERMISSION_API_AND_STATE_PROOF
control-panel,services/dsh/frontend/control-panel/hr/CaptainDetailView.tsx,169,onChange,"<ZonePicker value={zoneId} onChange={(zone) => setZoneId(zone?.id ?? """")} />",REQUIRES_ACTION_PERMISSION_API_AND_STATE_PROOF
control-panel,services/dsh/frontend/control-panel/hr/CaptainDetailView.tsx,172,onChange,"<CpTextInput value={vehicleType} onChange={setVehicleType} aria-label=""نوع المركبة"" />",REQUIRES_ACTION_PERMISSION_API_AND_STATE_PROOF
control-panel,services/dsh/frontend/control-panel/hr/CaptainDetailView.tsx,176,onChange,"<CpTextInput value={vehicleIdentifier} onChange={setVehicleIdentifier} aria-label=""رقم أو لوحة المركبة"" />",REQUIRES_ACTION_PERMISSION_API_AND_STATE_PROOF
control-panel,services/dsh/frontend/control-panel/hr/CaptainDetailView.tsx,180,onChange,"<CpTextInput value={operatingScopeCode} onChange={setOperatingScopeCode} aria-label=""نطاق التشغيل"" />",REQUIRES_ACTION_PERMISSION_API_AND_STATE_PROOF
control-panel,services/dsh/frontend/control-panel/hr/CaptainDetailView.tsx,184,onChange,"<CpTextInput type=""date"" value={licenseExpiresAt} onChange={setLicenseExpiresAt} placeholder=""YYYY-MM-DD"" aria-label=""تاريخ انتهاء الرخصة"" />",REQUIRES_ACTION_PERMISSION_API_AND_STATE_PROOF
control-panel,services/dsh/frontend/control-panel/hr/CaptainDetailView.tsx,194,onClick,onClick={() =>,REQUIRES_ACTION_PERMISSION_API_AND_STATE_PROOF
control-panel,services/dsh/frontend/control-panel/hr/CaptainDetailView.tsx,220,onClick,"<CpButton variant=""secondary"" disabled={uploadBusy} onClick={() => pickFile(""photo"")}>",REQUIRES_ACTION_PERMISSION_API_AND_STATE_PROOF
control-panel,services/dsh/frontend/control-panel/hr/CaptainDetailView.tsx,223,onClick,"<CpButton variant=""secondary"" disabled={uploadBusy} onClick={() => pickFile(""document"")}>",REQUIRES_ACTION_PERMISSION_API_AND_STATE_PROOF
control-panel,services/dsh/frontend/control-panel/hr/CaptainDetailView.tsx,231,onClick,"<CpButton variant=""primary"" disabled={!canApproveLicense || controller.actionBusy} onClick={() => void updateLicenseStatus(""valid"")}>اعتماد الرخصة</CpButton>",REQUIRES_ACTION_PERMISSION_API_AND_STATE_PROOF
control-panel,services/dsh/frontend/control-panel/hr/CaptainDetailView.tsx,232,onClick,"<CpButton variant=""danger"" disabled={controller.actionBusy} onClick={() => void updateLicenseStatus(""rejected"")}>رفض الرخصة</CpButton>",REQUIRES_ACTION_PERMISSION_API_AND_STATE_PROOF
control-panel,services/dsh/frontend/control-panel/hr/CaptainDetailView.tsx,233,onClick,"<CpButton variant=""secondary"" disabled={controller.actionBusy} onClick={() => void updateLicenseStatus(""missing"")}>طلب استكمال</CpButton>",REQUIRES_ACTION_PERMISSION_API_AND_STATE_PROOF
control-panel,services/dsh/frontend/control-panel/hr/EmployeeCreateView.tsx,75,onClick,"<CpButton variant=""secondary"" onClick={() => void identityRuntime.refresh(true)}>إعادة فحص Identity</CpButton>",REQUIRES_ACTION_PERMISSION_API_AND_STATE_PROOF
control-panel,services/dsh/frontend/control-panel/hr/EmployeeCreateView.tsx,85,onChange,"<CpTextInput value={fullNameAr} onChange={setFullNameAr} disabled={Boolean(created)} aria-label=""الاسم الكامل بالعربية"" />",REQUIRES_ACTION_PERMISSION_API_AND_STATE_PROOF
control-panel,services/dsh/frontend/control-panel/hr/EmployeeCreateView.tsx,89,onChange,"<CpTextInput value={fullNameEn} onChange={setFullNameEn} disabled={Boolean(created)} aria-label=""الاسم بالإنجليزية"" />",REQUIRES_ACTION_PERMISSION_API_AND_STATE_PROOF
control-panel,services/dsh/frontend/control-panel/hr/EmployeeCreateView.tsx,95,onChange,"<CpTextInput value={phone} onChange={setPhone} placeholder=""مثال: 777123456"" disabled={Boolean(created)} aria-label=""رقم الهاتف"" />",REQUIRES_ACTION_PERMISSION_API_AND_STATE_PROOF
control-panel,services/dsh/frontend/control-panel/hr/EmployeeCreateView.tsx,105,onChange,"<CpTextInput value={department} onChange={setDepartment} placeholder=""العمليات"" disabled={Boolean(created)} aria-label=""الإدارة أو القسم"" />",REQUIRES_ACTION_PERMISSION_API_AND_STATE_PROOF
control-panel,services/dsh/frontend/control-panel/hr/EmployeeCreateView.tsx,109,onChange,"<CpTextInput value={role} onChange={setRole} placeholder=""مشرف عمليات"" disabled={Boolean(created)} aria-label=""المسمى الوظيفي"" />",REQUIRES_ACTION_PERMISSION_API_AND_STATE_PROOF
control-panel,services/dsh/frontend/control-panel/hr/EmployeeCreateView.tsx,116,onChange,"<CpTextInput value={officeLocation} onChange={setOfficeLocation} placeholder=""المقر الرئيسي"" disabled={Boolean(created)} aria-label=""موقع العمل"" />",REQUIRES_ACTION_PERMISSION_API_AND_STATE_PROOF
control-panel,services/dsh/frontend/control-panel/hr/EmployeeCreateView.tsx,120,onChange,"<CpTextInput value={engagementStartDate} onChange={setEngagementStartDate} placeholder=""YYYY-MM-DD"" disabled={Boolean(created)} aria-label=""تاريخ بداية العمل"" />",REQUIRES_ACTION_PERMISSION_API_AND_STATE_PROOF
control-panel,services/dsh/frontend/control-panel/hr/EmployeeCreateView.tsx,137,onClick,"<CpButton variant=""primary"" onClick={() => props.onCreated(created)}>فتح الملف</CpButton>",REQUIRES_ACTION_PERMISSION_API_AND_STATE_PROOF
control-panel,services/dsh/frontend/control-panel/hr/EmployeeCreateView.tsx,138,onClick,"<CpButton variant=""secondary"" onClick={reset}>إضافة موظف آخر</CpButton>",REQUIRES_ACTION_PERMISSION_API_AND_STATE_PROOF
control-panel,services/dsh/frontend/control-panel/hr/EmployeeCreateView.tsx,147,onClick,onClick={() => {,REQUIRES_ACTION_PERMISSION_API_AND_STATE_PROOF
control-panel,services/dsh/frontend/control-panel/hr/EmployeeCreateView.tsx,176,onClick,"{props.onBack ? <CpButton variant=""ghost"" onClick={props.onBack}>رجوع</CpButton> : null}",REQUIRES_ACTION_PERMISSION_API_AND_STATE_PROOF
control-panel,services/dsh/frontend/control-panel/hr/EmployeeDetailView.tsx,165,onClick,"<CpButton variant=""ghost"" onClick={props.onBack}>رجوع</CpButton>",REQUIRES_ACTION_PERMISSION_API_AND_STATE_PROOF
control-panel,services/dsh/frontend/control-panel/hr/EmployeeDetailView.tsx,219,onClick,"<CpButton variant=""ghost"" onClick={props.onBack}>رجوع</CpButton>",REQUIRES_ACTION_PERMISSION_API_AND_STATE_PROOF
control-panel,services/dsh/frontend/control-panel/hr/EmployeeDetailView.tsx,225,onChange,"<div><Text role=""bodySm"">الاسم بالعربية *</Text><CpTextInput value={fullNameAr} onChange={setFullNameAr} aria-label=""الاسم بالعربية"" /></div>",REQUIRES_ACTION_PERMISSION_API_AND_STATE_PROOF
control-panel,services/dsh/frontend/control-panel/hr/EmployeeDetailView.tsx,226,onChange,"<div><Text role=""bodySm"">الاسم بالإنجليزية</Text><CpTextInput value={fullNameEn} onChange={setFullNameEn} aria-label=""الاسم بالإنجليزية"" /></div>",REQUIRES_ACTION_PERMISSION_API_AND_STATE_PROOF
control-panel,services/dsh/frontend/control-panel/hr/EmployeeDetailView.tsx,227,onChange,"<div><Text role=""bodySm"">الإدارة أو القسم *</Text><CpTextInput value={department} onChange={setDepartment} aria-label=""الإدارة أو القسم"" /></div>",REQUIRES_ACTION_PERMISSION_API_AND_STATE_PROOF
control-panel,services/dsh/frontend/control-panel/hr/EmployeeDetailView.tsx,228,onChange,"<div><Text role=""bodySm"">المسمى الوظيفي المختصر *</Text><CpTextInput value={role} onChange={setRole} aria-label=""المسمى الوظيفي"" /></div>",REQUIRES_ACTION_PERMISSION_API_AND_STATE_PROOF
control-panel,services/dsh/frontend/control-panel/hr/EmployeeDetailView.tsx,229,onChange,"<div><Text role=""bodySm"">موقع العمل</Text><CpTextInput value={officeLocation} onChange={setOfficeLocation} aria-label=""موقع العمل"" /></div>",REQUIRES_ACTION_PERMISSION_API_AND_STATE_PROOF
control-panel,services/dsh/frontend/control-panel/hr/EmployeeDetailView.tsx,230,onChange,"<div><Text role=""bodySm"">تاريخ بداية العمل</Text><CpTextInput value={engagementStartDate} onChange={setEngagementStartDate} placeholder=""YYYY-MM-DD"" aria-label=""تاريخ بداية العمل"" /></div>",REQUIRES_ACTION_PERMISSION_API_AND_STATE_PROOF
control-panel,services/dsh/frontend/control-panel/hr/EmployeeDetailView.tsx,238,onClick,onClick={() => void controller.update({,REQUIRES_ACTION_PERMISSION_API_AND_STATE_PROOF
control-panel,services/dsh/frontend/control-panel/hr/EmployeeDetailView.tsx,256,onChange,"<div><Text role=""bodySm"">المسمى الرسمي *</Text><CpTextInput value={positionTitle} onChange={setPositionTitle} aria-label=""المسمى الرسمي"" /></div>",REQUIRES_ACTION_PERMISSION_API_AND_STATE_PROOF
control-panel,services/dsh/frontend/control-panel/hr/EmployeeDetailView.tsx,257,onChange,"<div><Text role=""bodySm"">الدرجة الوظيفية</Text><CpTextInput value={jobGrade} onChange={setJobGrade} aria-label=""الدرجة الوظيفية"" /></div>",REQUIRES_ACTION_PERMISSION_API_AND_STATE_PROOF
control-panel,services/dsh/frontend/control-panel/hr/EmployeeDetailView.tsx,258,select,"<select value={employmentClass} onChange={(event) => setEmploymentClass(event.target.value as EmployeeEmploymentClass)} style={selectStyle} aria-label=""الفئة الإدارية"">",REQUIRES_ACTION_PERMISSION_API_AND_STATE_PROOF
control-panel,services/dsh/frontend/control-panel/hr/EmployeeDetailView.tsx,258,onChange,"<select value={employmentClass} onChange={(event) => setEmploymentClass(event.target.value as EmployeeEmploymentClass)} style={selectStyle} aria-label=""الفئة الإدارية"">",REQUIRES_ACTION_PERMISSION_API_AND_STATE_PROOF
control-panel,services/dsh/frontend/control-panel/hr/EmployeeDetailView.tsx,261,select,"<select value={guaranteeType} onChange={(event) => setGuaranteeType(event.target.value as EmployeeGuaranteeType)} style={selectStyle} aria-label=""نوع الضمانة"">",REQUIRES_ACTION_PERMISSION_API_AND_STATE_PROOF
control-panel,services/dsh/frontend/control-panel/hr/EmployeeDetailView.tsx,261,onChange,"<select value={guaranteeType} onChange={(event) => setGuaranteeType(event.target.value as EmployeeGuaranteeType)} style={selectStyle} aria-label=""نوع الضمانة"">",REQUIRES_ACTION_PERMISSION_API_AND_STATE_PROOF
control-panel,services/dsh/frontend/control-panel/hr/EmployeeDetailView.tsx,264,select,"<select value={guaranteeStatus} onChange={(event) => setGuaranteeStatus(event.target.value as EmployeeGuaranteeStatus)} style={selectStyle} aria-label=""حالة الضمانة"">",REQUIRES_ACTION_PERMISSION_API_AND_STATE_PROOF
control-panel,services/dsh/frontend/control-panel/hr/EmployeeDetailView.tsx,264,onChange,"<select value={guaranteeStatus} onChange={(event) => setGuaranteeStatus(event.target.value as EmployeeGuaranteeStatus)} style={selectStyle} aria-label=""حالة الضمانة"">",REQUIRES_ACTION_PERMISSION_API_AND_STATE_PROOF
control-panel,services/dsh/frontend/control-panel/hr/EmployeeDetailView.tsx,267,onChange,"<div><Text role=""bodySm"">مرجع الضمانة</Text><CpTextInput value={guaranteeReference} onChange={setGuaranteeReference} aria-label=""مرجع الضمانة"" /></div>",REQUIRES_ACTION_PERMISSION_API_AND_STATE_PROOF
control-panel,services/dsh/frontend/control-panel/hr/EmployeeDetailView.tsx,268,onChange,"<div><Text role=""bodySm"">نطاقات المسؤولية</Text><CpTextInput value={responsibilityScopes} onChange={setResponsibilityScopes} placeholder=""العمليات، الكباتن، جودة الخدمة"" aria-label=""نطاقات المسؤولية"" /></div>",REQUIRES_ACTION_PERMISSION_API_AND_STATE_PROOF
control-panel,services/dsh/frontend/control-panel/hr/EmployeeDetailView.tsx,269,onChange,"<div><Text role=""bodySm"">رموز الأقسام المُدارة</Text><CpTextInput value={managedDepartmentCodes} onChange={setManagedDepartmentCodes} placeholder=""operations, partners"" aria-label=""الأقسام المدارة"" /></div>",REQUIRES_ACTION_PERMISSION_API_AND_STATE_PROOF
control-panel,services/dsh/frontend/control-panel/hr/EmployeeDetailView.tsx,270,onChange,"<div><Text role=""bodySm"">ملاحظات القرار</Text><CpTextInput value={governanceNotes} onChange={setGovernanceNotes} aria-label=""ملاحظات القرار"" /></div>",REQUIRES_ACTION_PERMISSION_API_AND_STATE_PROOF
control-panel,services/dsh/frontend/control-panel/hr/EmployeeDetailView.tsx,272,onClick,"<CpButton variant=""primary"" disabled={governanceBusy || positionTitle.trim().length === 0} onClick={() => void saveGovernance()}>",REQUIRES_ACTION_PERMISSION_API_AND_STATE_PROOF
control-panel,services/dsh/frontend/control-panel/hr/EmployeeDetailView.tsx,283,onClick,"<CpButton variant=""secondary"" disabled={uploadBusy} onClick={() => pickFile(""photo"")}>{uploadBusy ? ""جارٍ الرفع…"" : ""رفع صورة شخصية""}</CpButton>",REQUIRES_ACTION_PERMISSION_API_AND_STATE_PROOF
control-panel,services/dsh/frontend/control-panel/hr/EmployeeDetailView.tsx,284,onClick,"<CpButton variant=""secondary"" disabled={uploadBusy} onClick={() => pickFile(""document"")}>{uploadBusy ? ""جارٍ الرفع…"" : ""رفع وثيقة وظيفية""}</CpButton>",REQUIRES_ACTION_PERMISSION_API_AND_STATE_PROOF
control-panel,services/dsh/frontend/control-panel/hr/EmployeeDetailView.tsx,290,onChange,"<div><Text role=""bodySm"">سبب الإيقاف أو إعادة التفعيل *</Text><CpTextInput value={reason} onChange={setReason} placeholder=""اكتب سببًا تشغيليًا واضحًا"" aria-label=""سبب الإيقاف أو إعادة التفعيل"" /></div>",REQUIRES_ACTION_PERMISSION_API_AND_STATE_PROOF
control-panel,services/dsh/frontend/control-panel/hr/EmployeeDetailView.tsx,292,onClick,"<CpButton variant=""primary"" disabled={!canChangeStatus} onClick={() => void controller.reactivate(employee.version, reason.trim()).then((ok) => { if (ok) setReason(""""); })}>{controller.actionBusy ? ""جارٍ التنفيذ…"" : ""إعا",REQUIRES_ACTION_PERMISSION_API_AND_STATE_PROOF
control-panel,services/dsh/frontend/control-panel/hr/EmployeeDetailView.tsx,294,onClick,"<CpButton variant=""danger"" disabled={!canChangeStatus} onClick={() => void controller.suspend(employee.version, reason.trim()).then((ok) => { if (ok) setReason(""""); })}>{controller.actionBusy ? ""جارٍ التنفيذ…"" : ""تعليق ا",REQUIRES_ACTION_PERMISSION_API_AND_STATE_PROOF
control-panel,services/dsh/frontend/control-panel/hr/FieldAgentCreateView.tsx,70,onClick,"<CpButton variant=""secondary"" onClick={() => void identityRuntime.refresh(true)}>إعادة فحص Identity</CpButton>",REQUIRES_ACTION_PERMISSION_API_AND_STATE_PROOF
control-panel,services/dsh/frontend/control-panel/hr/FieldAgentCreateView.tsx,79,onChange,"<CpTextInput value={fullNameAr} onChange={setFullNameAr} placeholder=""أحمد محمد"" disabled={Boolean(createdAgent)} aria-label=""الاسم الكامل"" />",REQUIRES_ACTION_PERMISSION_API_AND_STATE_PROOF
control-panel,services/dsh/frontend/control-panel/hr/FieldAgentCreateView.tsx,83,onChange,"<CpTextInput value={phone} onChange={setPhone} placeholder=""مثال: 777123456"" disabled={Boolean(createdAgent)} aria-label=""رقم الهاتف"" />",REQUIRES_ACTION_PERMISSION_API_AND_STATE_PROOF
control-panel,services/dsh/frontend/control-panel/hr/FieldAgentCreateView.tsx,86,onChange,"<ZonePicker value={zoneId} disabled={Boolean(createdAgent)} onChange={(zone) => setZoneId(zone?.id ?? """")} />",REQUIRES_ACTION_PERMISSION_API_AND_STATE_PROOF
control-panel,services/dsh/frontend/control-panel/hr/FieldAgentCreateView.tsx,100,onClick,"<CpButton variant=""primary"" disabled={!canSubmit} onClick={() => void handleSubmit()}>",REQUIRES_ACTION_PERMISSION_API_AND_STATE_PROOF
control-panel,services/dsh/frontend/control-panel/hr/FieldAgentCreateView.tsx,115,onClick,"{props.onBack ? <CpButton variant=""ghost"" onClick={props.onBack}>رجوع</CpButton> : null}",REQUIRES_ACTION_PERMISSION_API_AND_STATE_PROOF
control-panel,services/dsh/frontend/control-panel/hr/FieldAgentDetailView.tsx,63,onClick,"<CpButton variant=""ghost"" onClick={props.onBack}>رجوع</CpButton>",REQUIRES_ACTION_PERMISSION_API_AND_STATE_PROOF
control-panel,services/dsh/frontend/control-panel/hr/FieldAgentDetailView.tsx,113,onClick,"<CpButton variant=""ghost"" onClick={props.onBack}>رجوع</CpButton>",REQUIRES_ACTION_PERMISSION_API_AND_STATE_PROOF
control-panel,services/dsh/frontend/control-panel/hr/FieldAgentDetailView.tsx,135,onChange,"<CpTextInput value={fullNameAr} onChange={setFullNameAr} aria-label=""الاسم بالعربية"" />",REQUIRES_ACTION_PERMISSION_API_AND_STATE_PROOF
control-panel,services/dsh/frontend/control-panel/hr/FieldAgentDetailView.tsx,139,onChange,"<CpTextInput type=""date"" value={engagementStartDate} onChange={setEngagementStartDate} placeholder=""YYYY-MM-DD"" aria-label=""تاريخ بداية الارتباط"" />",REQUIRES_ACTION_PERMISSION_API_AND_STATE_PROOF
control-panel,services/dsh/frontend/control-panel/hr/FieldAgentDetailView.tsx,142,onChange,"<ZonePicker value={zoneId} onChange={(zone) => setZoneId(zone?.id ?? """")} />",REQUIRES_ACTION_PERMISSION_API_AND_STATE_PROOF
control-panel,services/dsh/frontend/control-panel/hr/FieldAgentDetailView.tsx,156,onClick,onClick={() =>,REQUIRES_ACTION_PERMISSION_API_AND_STATE_PROOF
control-panel,services/dsh/frontend/control-panel/hr/FieldAgentDetailView.tsx,193,onClick,"<CpButton variant=""secondary"" disabled={uploadBusy} onClick={() => pickFile(""photo"")}>",REQUIRES_ACTION_PERMISSION_API_AND_STATE_PROOF
control-panel,services/dsh/frontend/control-panel/hr/FieldAgentDetailView.tsx,196,onClick,"<CpButton variant=""secondary"" disabled={uploadBusy} onClick={() => pickFile(""document"")}>",REQUIRES_ACTION_PERMISSION_API_AND_STATE_PROOF
control-panel,services/dsh/frontend/control-panel/hr/ProviderDetailView.tsx,69,onClick,"<CpButton variant=""ghost"" onClick={props.onBack}>رجوع</CpButton>",REQUIRES_ACTION_PERMISSION_API_AND_STATE_PROOF
control-panel,services/dsh/frontend/control-panel/hr/ProviderDetailView.tsx,96,onClick,"<CpButton variant=""ghost"" onClick={props.onBack}>رجوع</CpButton>",REQUIRES_ACTION_PERMISSION_API_AND_STATE_PROOF
control-panel,services/dsh/frontend/control-panel/hr/ProviderDetailView.tsx,136,onClick,"<CpButton variant=""ghost"" onClick={props.onBack}>رجوع</CpButton>",REQUIRES_ACTION_PERMISSION_API_AND_STATE_PROOF
control-panel,services/dsh/frontend/control-panel/hr/ProviderDetailView.tsx,207,onClick,"<CpButton variant=""ghost"" onClick={props.onBack}>رجوع</CpButton>",REQUIRES_ACTION_PERMISSION_API_AND_STATE_PROOF
control-panel,services/dsh/frontend/control-panel/hr/ProviderDetailView.tsx,225,onClick,"<CpButton variant=""secondary"" disabled={isBusy} onClick={() => void pickAndUpload()}>",REQUIRES_ACTION_PERMISSION_API_AND_STATE_PROOF
control-panel,services/dsh/frontend/control-panel/hr/ProviderDetailView.tsx,244,onClick,"<CpButton variant=""primary"" disabled={isBusy || !canApproveLicence} onClick={() => void handleUpdateLicense(""valid"")}>اعتماد الرخصة</CpButton>",REQUIRES_ACTION_PERMISSION_API_AND_STATE_PROOF
control-panel,services/dsh/frontend/control-panel/hr/ProviderDetailView.tsx,245,onClick,"<CpButton variant=""danger"" disabled={isBusy} onClick={() => void handleUpdateLicense(""rejected"")}>رفض الرخصة</CpButton>",REQUIRES_ACTION_PERMISSION_API_AND_STATE_PROOF
control-panel,services/dsh/frontend/control-panel/hr/ProviderDetailView.tsx,246,onClick,"<CpButton variant=""secondary"" disabled={isBusy} onClick={() => void handleUpdateLicense(""missing"")}>طلب استكمال</CpButton>",REQUIRES_ACTION_PERMISSION_API_AND_STATE_PROOF
control-panel,services/dsh/frontend/control-panel/hr/ProviderListView.tsx,143,onClick,"<CpButton variant=""primary"" onClick={props.onCreate}>إضافة عضو</CpButton>",REQUIRES_ACTION_PERMISSION_API_AND_STATE_PROOF
control-panel,services/dsh/frontend/control-panel/hr/ProviderListView.tsx,144,onClick,"<CpButton variant=""secondary"" onClick={props.onActivation}>تفعيل مقدمي الخدمة</CpButton>",REQUIRES_ACTION_PERMISSION_API_AND_STATE_PROOF
control-panel,services/dsh/frontend/control-panel/hr/ProviderListView.tsx,145,onClick,"<CpButton variant=""ghost"" onClick={props.onReference}>المدن والورديات</CpButton>",REQUIRES_ACTION_PERMISSION_API_AND_STATE_PROOF
control-panel,services/dsh/frontend/control-panel/hr/ProviderListView.tsx,151,onChange,"<CpSearchInput value={query} onChange={setQuery} placeholder=""FLD-000123 أو CAP-000123 أو EMP-000123"" aria-label=""بحث بالاسم أو الرقم الوظيفي"" wide />",REQUIRES_ACTION_PERMISSION_API_AND_STATE_PROOF
control-panel,services/dsh/frontend/control-panel/hr/ProviderListView.tsx,153,onChange,"<CpTabs aria-label=""النوع"" value={typeFilter} onChange={(value) => setTypeFilter(value as TypeFilter)} items={TYPE_TABS} />",REQUIRES_ACTION_PERMISSION_API_AND_STATE_PROOF
control-panel,services/dsh/frontend/control-panel/hr/ProviderListView.tsx,155,onChange,"<CpTabs aria-label=""الحالة"" value={status ?? """"} onChange={(value) => setStatus(value === """" ? undefined : (value as EngagementStatus))} items={STATUS_TABS} />",REQUIRES_ACTION_PERMISSION_API_AND_STATE_PROOF
control-panel,services/dsh/frontend/control-panel/hr/ProviderListView.tsx,201,onClick,"<CpButton variant=""secondary"" onClick={() => props.onOpen(member.actorId, member.workforceKind)}>فتح</CpButton>",REQUIRES_ACTION_PERMISSION_API_AND_STATE_PROOF
control-panel,services/dsh/frontend/control-panel/hr/ProviderOperationalCorePanel.tsx,103,onChange,<CpTextInput value={value} onChange={onChange} placeholder={placeholder} aria-label={placeholder} />,REQUIRES_ACTION_PERMISSION_API_AND_STATE_PROOF
control-panel,services/dsh/frontend/control-panel/hr/ProviderOperationalCorePanel.tsx,105,onClick,"<CpButton variant=""secondary"" disabled={busy} onClick={() => void pickFile()}>",REQUIRES_ACTION_PERMISSION_API_AND_STATE_PROOF
control-panel,services/dsh/frontend/control-panel/hr/ProviderOperationalCorePanel.tsx,392,select,"<select value={form.referralSourceType} onChange={(event) => changeReferralSource(event.target.value as ReferralSourceType)} style={selectStyle} aria-label=""مصدر الترشيح"">",REQUIRES_ACTION_PERMISSION_API_AND_STATE_PROOF
control-panel,services/dsh/frontend/control-panel/hr/ProviderOperationalCorePanel.tsx,392,onChange,"<select value={form.referralSourceType} onChange={(event) => changeReferralSource(event.target.value as ReferralSourceType)} style={selectStyle} aria-label=""مصدر الترشيح"">",REQUIRES_ACTION_PERMISSION_API_AND_STATE_PROOF
control-panel,services/dsh/frontend/control-panel/hr/ProviderOperationalCorePanel.tsx,396,select,"<select value={form.referralSourceActorId} onChange={(event) => setField(""referralSourceActorId"", event.target.value)} style={selectStyle} aria-label=""الشخص المرشح"" disabled={referralLoading}>",REQUIRES_ACTION_PERMISSION_API_AND_STATE_PROOF
control-panel,services/dsh/frontend/control-panel/hr/ProviderOperationalCorePanel.tsx,396,onChange,"<select value={form.referralSourceActorId} onChange={(event) => setField(""referralSourceActorId"", event.target.value)} style={selectStyle} aria-label=""الشخص المرشح"" disabled={referralLoading}>",REQUIRES_ACTION_PERMISSION_API_AND_STATE_PROOF
control-panel,services/dsh/frontend/control-panel/hr/ProviderOperationalCorePanel.tsx,402,select,"<select value={form.referralPartnerId} onChange={(event) => setField(""referralPartnerId"", event.target.value)} style={selectStyle} aria-label=""الشريك المرشح"" disabled={referralLoading}>",REQUIRES_ACTION_PERMISSION_API_AND_STATE_PROOF
control-panel,services/dsh/frontend/control-panel/hr/ProviderOperationalCorePanel.tsx,402,onChange,"<select value={form.referralPartnerId} onChange={(event) => setField(""referralPartnerId"", event.target.value)} style={selectStyle} aria-label=""الشريك المرشح"" disabled={referralLoading}>",REQUIRES_ACTION_PERMISSION_API_AND_STATE_PROOF
control-panel,services/dsh/frontend/control-panel/hr/ProviderOperationalCorePanel.tsx,409,onChange,"<CpTextInput value={form.referralChannel} onChange={(value) => setField(""referralChannel"", value)} placeholder=""قناة الإعلان أو مرجع الحملة"" aria-label=""قناة الترشيح"" />",REQUIRES_ACTION_PERMISSION_API_AND_STATE_PROOF
control-panel,services/dsh/frontend/control-panel/hr/ProviderOperationalCorePanel.tsx,411,onChange,"<CpTextInput value={form.referralNote} onChange={(value) => setField(""referralNote"", value)} placeholder=""ملاحظة المصدر عند الحاجة"" aria-label=""ملاحظة مصدر الترشيح"" />",REQUIRES_ACTION_PERMISSION_API_AND_STATE_PROOF
control-panel,services/dsh/frontend/control-panel/hr/ProviderOperationalCorePanel.tsx,415,onChange,"<CpTextInput value={form.guarantorFullName} onChange={(value) => setField(""guarantorFullName"", value)} placeholder=""اسم الضمين"" aria-label=""اسم الضمين"" />",REQUIRES_ACTION_PERMISSION_API_AND_STATE_PROOF
control-panel,services/dsh/frontend/control-panel/hr/ProviderOperationalCorePanel.tsx,416,onChange,"<CpTextInput value={form.guarantorRelationship} onChange={(value) => setField(""guarantorRelationship"", value)} placeholder=""الصفة أو العلاقة"" aria-label=""صفة الضمين"" />",REQUIRES_ACTION_PERMISSION_API_AND_STATE_PROOF
control-panel,services/dsh/frontend/control-panel/hr/ProviderOperationalCorePanel.tsx,417,onChange,"<CpTextInput value={form.guarantorPhoneE164} onChange={(value) => setField(""guarantorPhoneE164"", value)} placeholder=""رقم هاتف الضمين"" aria-label=""هاتف الضمين"" />",REQUIRES_ACTION_PERMISSION_API_AND_STATE_PROOF
control-panel,services/dsh/frontend/control-panel/hr/ProviderOperationalCorePanel.tsx,418,select,"<select value={String(form.guarantorPhoneVerified)} onChange={(event) => setField(""guarantorPhoneVerified"", event.target.value === ""true"")} style={selectStyle} aria-label=""حالة تحقق هاتف الضمين"">",REQUIRES_ACTION_PERMISSION_API_AND_STATE_PROOF
control-panel,services/dsh/frontend/control-panel/hr/ProviderOperationalCorePanel.tsx,418,onChange,"<select value={String(form.guarantorPhoneVerified)} onChange={(event) => setField(""guarantorPhoneVerified"", event.target.value === ""true"")} style={selectStyle} aria-label=""حالة تحقق هاتف الضمين"">",REQUIRES_ACTION_PERMISSION_API_AND_STATE_PROOF
control-panel,services/dsh/frontend/control-panel/hr/ProviderOperationalCorePanel.tsx,425,onChange,"<CpTextInput value={form.nationalIdNumber} onChange={(value) => setField(""nationalIdNumber"", value)} placeholder=""الرقم الوطني"" aria-label=""الرقم الوطني"" />",REQUIRES_ACTION_PERMISSION_API_AND_STATE_PROOF
control-panel,services/dsh/frontend/control-panel/hr/ProviderOperationalCorePanel.tsx,426,onChange,"<MediaUploadField value={form.identityFrontMediaRef} onChange={(value) => setField(""identityFrontMediaRef"", value)} placeholder=""مرجع صورة وجه الهوية"" actorId={actorId} kind={kind} onUploadError={setError} />",REQUIRES_ACTION_PERMISSION_API_AND_STATE_PROOF
control-panel,services/dsh/frontend/control-panel/hr/ProviderOperationalCorePanel.tsx,427,onChange,"<MediaUploadField value={form.identityBackMediaRef} onChange={(value) => setField(""identityBackMediaRef"", value)} placeholder=""مرجع صورة خلف الهوية"" actorId={actorId} kind={kind} onUploadError={setError} />",REQUIRES_ACTION_PERMISSION_API_AND_STATE_PROOF
control-panel,services/dsh/frontend/control-panel/hr/ProviderOperationalCorePanel.tsx,428,select,"<select value={form.identityStatus} onChange={(event) => setField(""identityStatus"", event.target.value as IdentityVerificationStatus)} style={selectStyle} aria-label=""حالة مراجعة الهوية"">",REQUIRES_ACTION_PERMISSION_API_AND_STATE_PROOF
control-panel,services/dsh/frontend/control-panel/hr/ProviderOperationalCorePanel.tsx,428,onChange,"<select value={form.identityStatus} onChange={(event) => setField(""identityStatus"", event.target.value as IdentityVerificationStatus)} style={selectStyle} aria-label=""حالة مراجعة الهوية"">",REQUIRES_ACTION_PERMISSION_API_AND_STATE_PROOF
control-panel,services/dsh/frontend/control-panel/hr/ProviderOperationalCorePanel.tsx,433,onChange,"<MediaUploadField value={form.contractMediaRef} onChange={(value) => setField(""contractMediaRef"", value)} placeholder=""مرجع العقد المرفق"" actorId={actorId} kind={kind} accept=""image/*,application/pdf"" onUploadError={setE",REQUIRES_ACTION_PERMISSION_API_AND_STATE_PROOF
control-panel,services/dsh/frontend/control-panel/hr/ProviderOperationalCorePanel.tsx,434,select,"<select value={form.contractStatus} onChange={(event) => setField(""contractStatus"", event.target.value as ContractReviewStatus)} style={selectStyle} aria-label=""حالة مراجعة العقد"">",REQUIRES_ACTION_PERMISSION_API_AND_STATE_PROOF
control-panel,services/dsh/frontend/control-panel/hr/ProviderOperationalCorePanel.tsx,434,onChange,"<select value={form.contractStatus} onChange={(event) => setField(""contractStatus"", event.target.value as ContractReviewStatus)} style={selectStyle} aria-label=""حالة مراجعة العقد"">",REQUIRES_ACTION_PERMISSION_API_AND_STATE_PROOF
control-panel,services/dsh/frontend/control-panel/hr/ProviderOperationalCorePanel.tsx,444,onChange,"<CpTextInput value={form.guaranteeAmount} onChange={(value) => setField(""guaranteeAmount"", value)} placeholder=""الضمانة المالية بوحدات العملة الصغرى"" aria-label=""قيمة الضمانة المالية"" />",REQUIRES_ACTION_PERMISSION_API_AND_STATE_PROOF
control-panel,services/dsh/frontend/control-panel/hr/ProviderOperationalCorePanel.tsx,445,onChange,"<CpTextInput value={form.guaranteeReference} onChange={(value) => setField(""guaranteeReference"", value)} placeholder=""مرجع قراءة أو قيد WLT"" aria-label=""مرجع الضمانة المالية"" />",REQUIRES_ACTION_PERMISSION_API_AND_STATE_PROOF
control-panel,services/dsh/frontend/control-panel/hr/ProviderOperationalCorePanel.tsx,446,select,"<select value={form.guaranteeStatus} onChange={(event) => setField(""guaranteeStatus"", event.target.value as FormState[""guaranteeStatus""])} style={selectStyle} aria-label=""حالة الضمانة المالية"">",REQUIRES_ACTION_PERMISSION_API_AND_STATE_PROOF
control-panel,services/dsh/frontend/control-panel/hr/ProviderOperationalCorePanel.tsx,446,onChange,"<select value={form.guaranteeStatus} onChange={(event) => setField(""guaranteeStatus"", event.target.value as FormState[""guaranteeStatus""])} style={selectStyle} aria-label=""حالة الضمانة المالية"">",REQUIRES_ACTION_PERMISSION_API_AND_STATE_PROOF
control-panel,services/dsh/frontend/control-panel/hr/ProviderOperationalCorePanel.tsx,450,select,"<select value={form.bagStatus} onChange={(event) => setField(""bagStatus"", event.target.value as FormState[""bagStatus""])} style={selectStyle} aria-label=""حالة عهدة الحقيبة"">",REQUIRES_ACTION_PERMISSION_API_AND_STATE_PROOF
control-panel,services/dsh/frontend/control-panel/hr/ProviderOperationalCorePanel.tsx,450,onChange,"<select value={form.bagStatus} onChange={(event) => setField(""bagStatus"", event.target.value as FormState[""bagStatus""])} style={selectStyle} aria-label=""حالة عهدة الحقيبة"">",REQUIRES_ACTION_PERMISSION_API_AND_STATE_PROOF
control-panel,services/dsh/frontend/control-panel/hr/ProviderOperationalCorePanel.tsx,454,onChange,"<CpTextInput value={form.bagReference} onChange={(value) => setField(""bagReference"", value)} placeholder=""مرجع محضر عهدة حقيبة التوصيل"" aria-label=""مرجع عهدة الحقيبة"" />",REQUIRES_ACTION_PERMISSION_API_AND_STATE_PROOF
control-panel,services/dsh/frontend/control-panel/hr/ProviderOperationalCorePanel.tsx,455,select,"<select value={form.purchasesStatus} onChange={(event) => setField(""purchasesStatus"", event.target.value as FormState[""purchasesStatus""])} style={selectStyle} aria-label=""حالة المشتريات الإلزامية"">",REQUIRES_ACTION_PERMISSION_API_AND_STATE_PROOF
control-panel,services/dsh/frontend/control-panel/hr/ProviderOperationalCorePanel.tsx,455,onChange,"<select value={form.purchasesStatus} onChange={(event) => setField(""purchasesStatus"", event.target.value as FormState[""purchasesStatus""])} style={selectStyle} aria-label=""حالة المشتريات الإلزامية"">",REQUIRES_ACTION_PERMISSION_API_AND_STATE_PROOF
control-panel,services/dsh/frontend/control-panel/hr/ProviderOperationalCorePanel.tsx,459,onChange,"<CpTextInput value={form.purchasesReference} onChange={(value) => setField(""purchasesReference"", value)} placeholder=""مرجع الفاتورة أو التسليم"" aria-label=""مرجع المشتريات"" />",REQUIRES_ACTION_PERMISSION_API_AND_STATE_PROOF
control-panel,services/dsh/frontend/control-panel/hr/ProviderOperationalCorePanel.tsx,460,select,"<select value={form.trainingStatus} onChange={(event) => setField(""trainingStatus"", event.target.value as FormState[""trainingStatus""])} style={selectStyle} aria-label=""حالة التدريب"">",REQUIRES_ACTION_PERMISSION_API_AND_STATE_PROOF
control-panel,services/dsh/frontend/control-panel/hr/ProviderOperationalCorePanel.tsx,460,onChange,"<select value={form.trainingStatus} onChange={(event) => setField(""trainingStatus"", event.target.value as FormState[""trainingStatus""])} style={selectStyle} aria-label=""حالة التدريب"">",REQUIRES_ACTION_PERMISSION_API_AND_STATE_PROOF
control-panel,services/dsh/frontend/control-panel/hr/ProviderOperationalCorePanel.tsx,464,select,"<select value={form.accreditationStatus} onChange={(event) => setField(""accreditationStatus"", event.target.value as FormState[""accreditationStatus""])} style={selectStyle} aria-label=""اعتماد العمليات"">",REQUIRES_ACTION_PERMISSION_API_AND_STATE_PROOF
control-panel,services/dsh/frontend/control-panel/hr/ProviderOperationalCorePanel.tsx,464,onChange,"<select value={form.accreditationStatus} onChange={(event) => setField(""accreditationStatus"", event.target.value as FormState[""accreditationStatus""])} style={selectStyle} aria-label=""اعتماد العمليات"">",REQUIRES_ACTION_PERMISSION_API_AND_STATE_PROOF
control-panel,services/dsh/frontend/control-panel/hr/ProviderOperationalCorePanel.tsx,472,select,"<select value={form.onboardingStage} onChange={(event) => setField(""onboardingStage"", event.target.value as ProviderOnboardingStage)} style={selectStyle} aria-label=""مرحلة استكمال الملف"">",REQUIRES_ACTION_PERMISSION_API_AND_STATE_PROOF
control-panel,services/dsh/frontend/control-panel/hr/ProviderOperationalCorePanel.tsx,472,onChange,"<select value={form.onboardingStage} onChange={(event) => setField(""onboardingStage"", event.target.value as ProviderOnboardingStage)} style={selectStyle} aria-label=""مرحلة استكمال الملف"">",REQUIRES_ACTION_PERMISSION_API_AND_STATE_PROOF
control-panel,services/dsh/frontend/control-panel/hr/ProviderOperationalCorePanel.tsx,488,onClick,"<CpButton variant=""primary"" disabled={saving} onClick={() => void save()}>{saving ? ""جارٍ الحفظ…"" : ""حفظ التقدم وإعادة فحص التفعيل""}</CpButton>",REQUIRES_ACTION_PERMISSION_API_AND_STATE_PROOF
control-panel,services/dsh/frontend/control-panel/hr/ProviderTypeSelectView.tsx,14,onClick,"<CpButton variant=""ghost"" onClick={props.onBack}>رجوع</CpButton>",REQUIRES_ACTION_PERMISSION_API_AND_STATE_PROOF
control-panel,services/dsh/frontend/control-panel/hr/ProviderTypeSelectView.tsx,24,onClick,"<CpButton variant=""primary"" onClick={() => props.onSelect(""field"")}>إنشاء ميداني</CpButton>",REQUIRES_ACTION_PERMISSION_API_AND_STATE_PROOF
control-panel,services/dsh/frontend/control-panel/hr/ProviderTypeSelectView.tsx,30,onClick,"<CpButton variant=""primary"" onClick={() => props.onSelect(""captain"")}>إنشاء كابتن</CpButton>",REQUIRES_ACTION_PERMISSION_API_AND_STATE_PROOF
control-panel,services/dsh/frontend/control-panel/hr/SupervisorPicker.tsx,27,onClick,"{!props.disabled ? <CpButton variant=""ghost"" onClick={() => props.onSelect(null)}>تغيير</CpButton> : null}",REQUIRES_ACTION_PERMISSION_API_AND_STATE_PROOF
control-panel,services/dsh/frontend/control-panel/hr/SupervisorPicker.tsx,37,onChange,onChange={search.setQuery},REQUIRES_ACTION_PERMISSION_API_AND_STATE_PROOF
control-panel,services/dsh/frontend/control-panel/hr/SupervisorPicker.tsx,58,onClick,"<CpButton variant=""secondary"" onClick={() => props.onSelect(candidate)}>اختيار</CpButton>",REQUIRES_ACTION_PERMISSION_API_AND_STATE_PROOF
control-panel,services/dsh/frontend/control-panel/hr/WorkforceHrScreen.tsx,52,onClick,"<EditorPageFrame header={<CpPageHeader title=""إضافة موظف إداري""><CpButton variant=""ghost"" onClick={() => navigateTo(""list"", kind)}>رجوع</CpButton></CpPageHeader>}>",REQUIRES_ACTION_PERMISSION_API_AND_STATE_PROOF
control-panel,services/dsh/frontend/control-panel/hr/WorkforceHrScreen.tsx,59,onClick,"<EditorPageFrame header={<CpPageHeader title=""إضافة كابتن""><CpButton variant=""ghost"" onClick={() => navigateTo(""list"", kind)}>رجوع</CpButton></CpPageHeader>}>",REQUIRES_ACTION_PERMISSION_API_AND_STATE_PROOF
control-panel,services/dsh/frontend/control-panel/hr/WorkforceHrScreen.tsx,65,onClick,"<EditorPageFrame header={<CpPageHeader title=""إضافة ميداني""><CpButton variant=""ghost"" onClick={() => navigateTo(""list"", kind)}>رجوع</CpButton></CpPageHeader>}>",REQUIRES_ACTION_PERMISSION_API_AND_STATE_PROOF
control-panel,services/dsh/frontend/control-panel/hr/WorkforceHrScreen.tsx,73,onClick,"<EditorPageFrame header={<CpPageHeader title=""تمت الإضافة بنجاح""><CpButton variant=""ghost"" onClick={() => navigateTo(""list"", kind)}>رجوع للقائمة</CpButton></CpPageHeader>}>",REQUIRES_ACTION_PERMISSION_API_AND_STATE_PROOF
control-panel,services/dsh/frontend/control-panel/hr/WorkforceHrScreen.tsx,76,onClick,"<CpButton variant=""primary"" onClick={() => navigateTo(""detail"", kind, actorId)}>",REQUIRES_ACTION_PERMISSION_API_AND_STATE_PROOF
control-panel,services/dsh/frontend/control-panel/hr/WorkforceHrScreen.tsx,99,onClick,"<CpButton variant=""primary"" onClick={() => navigateTo(""create"", kind)}>إضافة {kind === ""captain"" ? ""كابتن"" : kind === ""field"" ? ""ميداني"" : ""موظف""}</CpButton>",REQUIRES_ACTION_PERMISSION_API_AND_STATE_PROOF
control-panel,services/dsh/frontend/control-panel/hr/WorkforceHrScreen.tsx,104,onChange,"<CpTabs aria-label=""نوع مقدم الخدمة"" value={kind} onChange={(value) => navigateTo(""list"", value as ProviderKind)} items={KIND_TABS} />",REQUIRES_ACTION_PERMISSION_API_AND_STATE_PROOF
control-panel,services/dsh/frontend/control-panel/hr/WorkforceReferenceView.tsx,49,onClick,"<CpButton variant=""ghost"" onClick={props.onBack}>رجوع</CpButton>",REQUIRES_ACTION_PERMISSION_API_AND_STATE_PROOF
control-panel,services/dsh/frontend/control-panel/hr/WorkforceReferenceView.tsx,68,onClick,"<CpButton variant={(city.active ?? true) ? ""ghost"" : ""secondary""} disabled={busy} onClick={() => void toggleCity(city)}>",REQUIRES_ACTION_PERMISSION_API_AND_STATE_PROOF
control-panel,services/dsh/frontend/control-panel/hr/WorkforceReferenceView.tsx,75,onChange,"<CpTextInput value={cityCode} onChange={setCityCode} placeholder=""SAH"" aria-label=""كود مدينة جديد"" />",REQUIRES_ACTION_PERMISSION_API_AND_STATE_PROOF
control-panel,services/dsh/frontend/control-panel/hr/WorkforceReferenceView.tsx,79,onChange,"<CpTextInput value={cityName} onChange={setCityName} placeholder=""صنعاء"" aria-label=""اسم المدينة بالعربية"" />",REQUIRES_ACTION_PERMISSION_API_AND_STATE_PROOF
control-panel,services/dsh/frontend/control-panel/hr/WorkforceReferenceView.tsx,84,onClick,onClick={() =>,REQUIRES_ACTION_PERMISSION_API_AND_STATE_PROOF
control-panel,services/dsh/frontend/control-panel/hr/WorkforceReferenceView.tsx,105,onClick,"<CpButton variant={(shift.active ?? true) ? ""ghost"" : ""secondary""} disabled={busy} onClick={() => void toggleShift(shift)}>",REQUIRES_ACTION_PERMISSION_API_AND_STATE_PROOF
control-panel,services/dsh/frontend/control-panel/hr/WorkforceReferenceView.tsx,112,onChange,"<CpTextInput value={shiftCode} onChange={setShiftCode} placeholder=""night"" aria-label=""كود وردية جديد"" />",REQUIRES_ACTION_PERMISSION_API_AND_STATE_PROOF
control-panel,services/dsh/frontend/control-panel/hr/WorkforceReferenceView.tsx,116,onChange,"<CpTextInput value={shiftName} onChange={setShiftName} placeholder=""وردية ليلية"" aria-label=""اسم الوردية بالعربية"" />",REQUIRES_ACTION_PERMISSION_API_AND_STATE_PROOF
control-panel,services/dsh/frontend/control-panel/hr/WorkforceReferenceView.tsx,120,onChange,"<CpTextInput value={shiftStartsAt} onChange={setShiftStartsAt} placeholder=""16:00"" aria-label=""وقت البداية"" />",REQUIRES_ACTION_PERMISSION_API_AND_STATE_PROOF
control-panel,services/dsh/frontend/control-panel/hr/WorkforceReferenceView.tsx,124,onChange,"<CpTextInput value={shiftEndsAt} onChange={setShiftEndsAt} placeholder=""23:59"" aria-label=""وقت النهاية"" />",REQUIRES_ACTION_PERMISSION_API_AND_STATE_PROOF
control-panel,services/dsh/frontend/control-panel/hr/WorkforceReferenceView.tsx,129,onClick,onClick={() =>,REQUIRES_ACTION_PERMISSION_API_AND_STATE_PROOF
control-panel,services/dsh/frontend/control-panel/hr/WorkforceScopeManager.tsx,66,onClick,"<CpButton variant=""ghost"" disabled={loading} onClick={() => void reload()}>إعادة تحميل</CpButton>",REQUIRES_ACTION_PERMISSION_API_AND_STATE_PROOF
control-panel,services/dsh/frontend/control-panel/hr/ZonePicker.tsx,55,onChange,onChange={(zoneId) => {,REQUIRES_ACTION_PERMISSION_API_AND_STATE_PROOF
control-panel,services/dsh/frontend/control-panel/marketing/MarketingDashboardScreen.tsx,40,onChange,onChange={(value) => setMainTab(value as MarketingMainTabId)},REQUIRES_ACTION_PERMISSION_API_AND_STATE_PROOF
control-panel,services/dsh/frontend/control-panel/marketing/components/CampaignsCommandDeck.tsx,57,onClick,<CpButton onClick={onEdit}>تعديل</CpButton>,REQUIRES_ACTION_PERMISSION_API_AND_STATE_PROOF
control-panel,services/dsh/frontend/control-panel/marketing/components/CampaignsCommandDeck.tsx,59,onClick,"<CpButton onClick={() => onStatus(""active"")}>تفعيل</CpButton>",REQUIRES_ACTION_PERMISSION_API_AND_STATE_PROOF
control-panel,services/dsh/frontend/control-panel/marketing/components/CampaignsCommandDeck.tsx,62,onClick,"<CpButton onClick={() => onStatus(""paused"")}>إيقاف مؤقت</CpButton>",REQUIRES_ACTION_PERMISSION_API_AND_STATE_PROOF
control-panel,services/dsh/frontend/control-panel/marketing/components/CampaignsCommandDeck.tsx,65,onClick,"<CpButton onClick={() => onStatus(""active"")}>استئناف</CpButton>",REQUIRES_ACTION_PERMISSION_API_AND_STATE_PROOF
control-panel,services/dsh/frontend/control-panel/marketing/components/CampaignsCommandDeck.tsx,68,onClick,"<CpButton onClick={() => onStatus(""completed"")}>إنهاء</CpButton>",REQUIRES_ACTION_PERMISSION_API_AND_STATE_PROOF
control-panel,services/dsh/frontend/control-panel/marketing/components/CampaignsCommandDeck.tsx,71,onClick,onClick={onArchive},REQUIRES_ACTION_PERMISSION_API_AND_STATE_PROOF
control-panel,services/dsh/frontend/control-panel/marketing/components/CampaignsCommandDeck.tsx,285,onChange,"<CpTextInput value={title} onChange={setTitle} placeholder=""مثال: حملة الصيف الكبرى 2026"" />",REQUIRES_ACTION_PERMISSION_API_AND_STATE_PROOF
control-panel,services/dsh/frontend/control-panel/marketing/components/CampaignsCommandDeck.tsx,288,onChange,"<CpTextInput value={description} onChange={setDescription} placeholder=""الهدف والجمهور والرسالة..."" />",REQUIRES_ACTION_PERMISSION_API_AND_STATE_PROOF
control-panel,services/dsh/frontend/control-panel/marketing/components/CampaignsCommandDeck.tsx,291,onChange,"<CpTextInput value={startDate} onChange={setStartDate} placeholder=""YYYY-MM-DD"" />",REQUIRES_ACTION_PERMISSION_API_AND_STATE_PROOF
control-panel,services/dsh/frontend/control-panel/marketing/components/CampaignsCommandDeck.tsx,294,onChange,"<CpTextInput value={endDate} onChange={setEndDate} placeholder=""YYYY-MM-DD"" />",REQUIRES_ACTION_PERMISSION_API_AND_STATE_PROOF
control-panel,services/dsh/frontend/control-panel/marketing/components/CampaignsCommandDeck.tsx,297,select,<select value={audience} onChange={(event) => setAudience(event.target.value)}>,REQUIRES_ACTION_PERMISSION_API_AND_STATE_PROOF
control-panel,services/dsh/frontend/control-panel/marketing/components/CampaignsCommandDeck.tsx,297,onChange,<select value={audience} onChange={(event) => setAudience(event.target.value)}>,REQUIRES_ACTION_PERMISSION_API_AND_STATE_PROOF
control-panel,services/dsh/frontend/control-panel/marketing/components/CampaignsCommandDeck.tsx,302,select,<select value={placement} onChange={(event) => setPlacement(event.target.value)}>,REQUIRES_ACTION_PERMISSION_API_AND_STATE_PROOF
control-panel,services/dsh/frontend/control-panel/marketing/components/CampaignsCommandDeck.tsx,302,onChange,<select value={placement} onChange={(event) => setPlacement(event.target.value)}>,REQUIRES_ACTION_PERMISSION_API_AND_STATE_PROOF
control-panel,services/dsh/frontend/control-panel/marketing/components/CampaignsCommandDeck.tsx,307,onChange,"<CpTextInput value={targetCityCode} onChange={setTargetCityCode} placeholder=""فارغ = كل المدن"" />",REQUIRES_ACTION_PERMISSION_API_AND_STATE_PROOF
control-panel,services/dsh/frontend/control-panel/marketing/components/CampaignsCommandDeck.tsx,310,onChange,"<CpTextInput value={targetServiceAreaCode} onChange={setTargetServiceAreaCode} placeholder=""فارغ = كل مناطق الخدمة"" />",REQUIRES_ACTION_PERMISSION_API_AND_STATE_PROOF
control-panel,services/dsh/frontend/control-panel/marketing/components/CampaignsCommandDeck.tsx,313,onChange,"<CpTextInput value={targetType} onChange={setTargetType} placeholder=""store أو category أو product"" />",REQUIRES_ACTION_PERMISSION_API_AND_STATE_PROOF
control-panel,services/dsh/frontend/control-panel/marketing/components/CampaignsCommandDeck.tsx,316,onChange,"<CpTextInput value={targetId} onChange={setTargetId} placeholder=""المعرّف الحاكم في DSH"" />",REQUIRES_ACTION_PERMISSION_API_AND_STATE_PROOF
control-panel,services/dsh/frontend/control-panel/marketing/components/CampaignsCommandDeck.tsx,319,onClick,"<CpButton onClick={() => void handleSave()} style={{ background: colorRoles.brandAction, color: ""white"", marginTop: ""0.5rem"" }}>",REQUIRES_ACTION_PERMISSION_API_AND_STATE_PROOF
control-panel,services/dsh/frontend/control-panel/marketing/components/CampaignsCommandDeck.tsx,322,onClick,{editing ? <CpButton onClick={resetForm}>إلغاء التعديل</CpButton> : null},REQUIRES_ACTION_PERMISSION_API_AND_STATE_PROOF
control-panel,services/dsh/frontend/control-panel/marketing/components/CouponFundingReconciliationPanel.tsx,41,onClick,"<CpButton disabled={loading} onClick={onReload} variant=""secondary"">إعادة التحقق</CpButton>",REQUIRES_ACTION_PERMISSION_API_AND_STATE_PROOF
control-panel,services/dsh/frontend/control-panel/marketing/components/CouponTermsEditor.tsx,135,onClick,"<CpButton disabled={disabled} onClick={() => setEditing(true)} variant=""secondary"">",REQUIRES_ACTION_PERMISSION_API_AND_STATE_PROOF
control-panel,services/dsh/frontend/control-panel/marketing/components/CouponTermsEditor.tsx,146,input,"<input value={nameAr} disabled={disabled} onChange={(event) => setNameAr(event.target.value)} placeholder=""اسم الكوبون"" style={styles.input} />",REQUIRES_ACTION_PERMISSION_API_AND_STATE_PROOF
control-panel,services/dsh/frontend/control-panel/marketing/components/CouponTermsEditor.tsx,146,onChange,"<input value={nameAr} disabled={disabled} onChange={(event) => setNameAr(event.target.value)} placeholder=""اسم الكوبون"" style={styles.input} />",REQUIRES_ACTION_PERMISSION_API_AND_STATE_PROOF
control-panel,services/dsh/frontend/control-panel/marketing/components/CouponTermsEditor.tsx,147,input,"<input value={description} disabled={disabled} onChange={(event) => setDescription(event.target.value)} placeholder=""الوصف"" style={styles.input} />",REQUIRES_ACTION_PERMISSION_API_AND_STATE_PROOF
control-panel,services/dsh/frontend/control-panel/marketing/components/CouponTermsEditor.tsx,147,onChange,"<input value={description} disabled={disabled} onChange={(event) => setDescription(event.target.value)} placeholder=""الوصف"" style={styles.input} />",REQUIRES_ACTION_PERMISSION_API_AND_STATE_PROOF
control-panel,services/dsh/frontend/control-panel/marketing/components/CouponTermsEditor.tsx,148,input,"<input value={storeId} disabled={disabled} onChange={(event) => setStoreId(event.target.value)} placeholder=""معرف المتجر — فارغ = عام"" style={styles.input} />",REQUIRES_ACTION_PERMISSION_API_AND_STATE_PROOF
control-panel,services/dsh/frontend/control-panel/marketing/components/CouponTermsEditor.tsx,148,onChange,"<input value={storeId} disabled={disabled} onChange={(event) => setStoreId(event.target.value)} placeholder=""معرف المتجر — فارغ = عام"" style={styles.input} />",REQUIRES_ACTION_PERMISSION_API_AND_STATE_PROOF
control-panel,services/dsh/frontend/control-panel/marketing/components/CouponTermsEditor.tsx,149,select,<select value={discountType} disabled={disabled} onChange={(event) => setDiscountType(event.target.value as CouponDiscountType)} style={styles.input}>,REQUIRES_ACTION_PERMISSION_API_AND_STATE_PROOF
control-panel,services/dsh/frontend/control-panel/marketing/components/CouponTermsEditor.tsx,149,onChange,<select value={discountType} disabled={disabled} onChange={(event) => setDiscountType(event.target.value as CouponDiscountType)} style={styles.input}>,REQUIRES_ACTION_PERMISSION_API_AND_STATE_PROOF
control-panel,services/dsh/frontend/control-panel/marketing/components/CouponTermsEditor.tsx,153,input,"<input value={discountValue} disabled={disabled} onChange={(event) => setDiscountValue(event.target.value)} inputMode=""decimal"" placeholder={discountType === ""percent"" ? ""النسبة"" : ""المبلغ ر.ي""} style={styles.input} />",REQUIRES_ACTION_PERMISSION_API_AND_STATE_PROOF
control-panel,services/dsh/frontend/control-panel/marketing/components/CouponTermsEditor.tsx,153,onChange,"<input value={discountValue} disabled={disabled} onChange={(event) => setDiscountValue(event.target.value)} inputMode=""decimal"" placeholder={discountType === ""percent"" ? ""النسبة"" : ""المبلغ ر.ي""} style={styles.input} />",REQUIRES_ACTION_PERMISSION_API_AND_STATE_PROOF
control-panel,services/dsh/frontend/control-panel/marketing/components/CouponTermsEditor.tsx,154,input,"<input value={minSubtotalYer} disabled={disabled} onChange={(event) => setMinSubtotalYer(event.target.value)} inputMode=""decimal"" placeholder=""الحد الأدنى للسلة ر.ي"" style={styles.input} />",REQUIRES_ACTION_PERMISSION_API_AND_STATE_PROOF
control-panel,services/dsh/frontend/control-panel/marketing/components/CouponTermsEditor.tsx,154,onChange,"<input value={minSubtotalYer} disabled={disabled} onChange={(event) => setMinSubtotalYer(event.target.value)} inputMode=""decimal"" placeholder=""الحد الأدنى للسلة ر.ي"" style={styles.input} />",REQUIRES_ACTION_PERMISSION_API_AND_STATE_PROOF
control-panel,services/dsh/frontend/control-panel/marketing/components/CouponTermsEditor.tsx,155,input,"<input value={maxDiscountYer} disabled={disabled} onChange={(event) => setMaxDiscountYer(event.target.value)} inputMode=""decimal"" placeholder=""أقصى خصم ر.ي — صفر بلا حد"" style={styles.input} />",REQUIRES_ACTION_PERMISSION_API_AND_STATE_PROOF
control-panel,services/dsh/frontend/control-panel/marketing/components/CouponTermsEditor.tsx,155,onChange,"<input value={maxDiscountYer} disabled={disabled} onChange={(event) => setMaxDiscountYer(event.target.value)} inputMode=""decimal"" placeholder=""أقصى خصم ر.ي — صفر بلا حد"" style={styles.input} />",REQUIRES_ACTION_PERMISSION_API_AND_STATE_PROOF
control-panel,services/dsh/frontend/control-panel/marketing/components/CouponTermsEditor.tsx,156,input,"<input value={globalLimit} disabled={disabled} onChange={(event) => setGlobalLimit(event.target.value)} inputMode=""numeric"" placeholder=""الحد الإجمالي — صفر بلا حد"" style={styles.input} />",REQUIRES_ACTION_PERMISSION_API_AND_STATE_PROOF
control-panel,services/dsh/frontend/control-panel/marketing/components/CouponTermsEditor.tsx,156,onChange,"<input value={globalLimit} disabled={disabled} onChange={(event) => setGlobalLimit(event.target.value)} inputMode=""numeric"" placeholder=""الحد الإجمالي — صفر بلا حد"" style={styles.input} />",REQUIRES_ACTION_PERMISSION_API_AND_STATE_PROOF
control-panel,services/dsh/frontend/control-panel/marketing/components/CouponTermsEditor.tsx,157,input,"<input value={clientLimit} disabled={disabled} onChange={(event) => setClientLimit(event.target.value)} inputMode=""numeric"" placeholder=""حد العميل"" style={styles.input} />",REQUIRES_ACTION_PERMISSION_API_AND_STATE_PROOF
control-panel,services/dsh/frontend/control-panel/marketing/components/CouponTermsEditor.tsx,157,onChange,"<input value={clientLimit} disabled={disabled} onChange={(event) => setClientLimit(event.target.value)} inputMode=""numeric"" placeholder=""حد العميل"" style={styles.input} />",REQUIRES_ACTION_PERMISSION_API_AND_STATE_PROOF
control-panel,services/dsh/frontend/control-panel/marketing/components/CouponTermsEditor.tsx,158,input,"<label style={styles.label}>بداية الصلاحية<input type=""datetime-local"" value={startsAt} disabled={disabled} onChange={(event) => setStartsAt(event.target.value)} style={styles.input} /></label>",REQUIRES_ACTION_PERMISSION_API_AND_STATE_PROOF
control-panel,services/dsh/frontend/control-panel/marketing/components/CouponTermsEditor.tsx,158,onChange,"<label style={styles.label}>بداية الصلاحية<input type=""datetime-local"" value={startsAt} disabled={disabled} onChange={(event) => setStartsAt(event.target.value)} style={styles.input} /></label>",REQUIRES_ACTION_PERMISSION_API_AND_STATE_PROOF
control-panel,services/dsh/frontend/control-panel/marketing/components/CouponTermsEditor.tsx,159,input,"<label style={styles.label}>نهاية الصلاحية<input type=""datetime-local"" value={endsAt} disabled={disabled} onChange={(event) => setEndsAt(event.target.value)} style={styles.input} /></label>",REQUIRES_ACTION_PERMISSION_API_AND_STATE_PROOF
control-panel,services/dsh/frontend/control-panel/marketing/components/CouponTermsEditor.tsx,159,onChange,"<label style={styles.label}>نهاية الصلاحية<input type=""datetime-local"" value={endsAt} disabled={disabled} onChange={(event) => setEndsAt(event.target.value)} style={styles.input} /></label>",REQUIRES_ACTION_PERMISSION_API_AND_STATE_PROOF
control-panel,services/dsh/frontend/control-panel/marketing/components/CouponTermsEditor.tsx,165,input,"<input type=""checkbox"" checked={modes.includes(mode.id)} disabled={disabled} onChange={() => toggleMode(mode.id)} />",REQUIRES_ACTION_PERMISSION_API_AND_STATE_PROOF
control-panel,services/dsh/frontend/control-panel/marketing/components/CouponTermsEditor.tsx,165,onChange,"<input type=""checkbox"" checked={modes.includes(mode.id)} disabled={disabled} onChange={() => toggleMode(mode.id)} />",REQUIRES_ACTION_PERMISSION_API_AND_STATE_PROOF
control-panel,services/dsh/frontend/control-panel/marketing/components/CouponTermsEditor.tsx,172,onClick,"<CpButton disabled={disabled} onClick={() => void save()} variant=""brand"">حفظ الشروط</CpButton>",REQUIRES_ACTION_PERMISSION_API_AND_STATE_PROOF
control-panel,services/dsh/frontend/control-panel/marketing/components/CouponTermsEditor.tsx,173,onClick,"<CpButton disabled={loading} onClick={() => setEditing(false)} variant=""secondary"">إلغاء</CpButton>",REQUIRES_ACTION_PERMISSION_API_AND_STATE_PROOF
control-panel,services/dsh/frontend/control-panel/marketing/components/CouponsCommandDeck.tsx,56,select,<select,REQUIRES_ACTION_PERMISSION_API_AND_STATE_PROOF
control-panel,services/dsh/frontend/control-panel/marketing/components/CouponsCommandDeck.tsx,59,onChange,onChange={(event) => setSource(event.target.value as CouponFundingSource)},REQUIRES_ACTION_PERMISSION_API_AND_STATE_PROOF
control-panel,services/dsh/frontend/control-panel/marketing/components/CouponsCommandDeck.tsx,67,input,<input,REQUIRES_ACTION_PERMISSION_API_AND_STATE_PROOF
control-panel,services/dsh/frontend/control-panel/marketing/components/CouponsCommandDeck.tsx,70,onChange,onChange={(event) => setPlatformPercent(event.target.value)},REQUIRES_ACTION_PERMISSION_API_AND_STATE_PROOF
control-panel,services/dsh/frontend/control-panel/marketing/components/CouponsCommandDeck.tsx,77,input,<input,REQUIRES_ACTION_PERMISSION_API_AND_STATE_PROOF
control-panel,services/dsh/frontend/control-panel/marketing/components/CouponsCommandDeck.tsx,80,onChange,onChange={(event) => setPartnerId(event.target.value)},REQUIRES_ACTION_PERMISSION_API_AND_STATE_PROOF
control-panel,services/dsh/frontend/control-panel/marketing/components/CouponsCommandDeck.tsx,85,onClick,"<CpButton disabled={disabled} onClick={() => void save()} variant=""secondary"">",REQUIRES_ACTION_PERMISSION_API_AND_STATE_PROOF
control-panel,services/dsh/frontend/control-panel/marketing/components/CouponsCommandDeck.tsx,174,onClick,"<CpButton onClick={() => void controller.reload()} variant=""secondary"">إعادة التحميل</CpButton>",REQUIRES_ACTION_PERMISSION_API_AND_STATE_PROOF
control-panel,services/dsh/frontend/control-panel/marketing/components/CouponsCommandDeck.tsx,178,input,"<input value={nameAr} onChange={(event) => setNameAr(event.target.value)} placeholder=""اسم الكوبون"" style={styles.input} />",REQUIRES_ACTION_PERMISSION_API_AND_STATE_PROOF
control-panel,services/dsh/frontend/control-panel/marketing/components/CouponsCommandDeck.tsx,178,onChange,"<input value={nameAr} onChange={(event) => setNameAr(event.target.value)} placeholder=""اسم الكوبون"" style={styles.input} />",REQUIRES_ACTION_PERMISSION_API_AND_STATE_PROOF
control-panel,services/dsh/frontend/control-panel/marketing/components/CouponsCommandDeck.tsx,179,input,"<input value={code} onChange={(event) => setCode(event.target.value.toUpperCase())} placeholder=""الكود — يظهر مرة واحدة"" style={styles.input} />",REQUIRES_ACTION_PERMISSION_API_AND_STATE_PROOF
control-panel,services/dsh/frontend/control-panel/marketing/components/CouponsCommandDeck.tsx,179,onChange,"<input value={code} onChange={(event) => setCode(event.target.value.toUpperCase())} placeholder=""الكود — يظهر مرة واحدة"" style={styles.input} />",REQUIRES_ACTION_PERMISSION_API_AND_STATE_PROOF
control-panel,services/dsh/frontend/control-panel/marketing/components/CouponsCommandDeck.tsx,180,input,"<input value={storeId} onChange={(event) => setStoreId(event.target.value)} placeholder=""معرف المتجر — فارغ = عام"" style={styles.input} />",REQUIRES_ACTION_PERMISSION_API_AND_STATE_PROOF
control-panel,services/dsh/frontend/control-panel/marketing/components/CouponsCommandDeck.tsx,180,onChange,"<input value={storeId} onChange={(event) => setStoreId(event.target.value)} placeholder=""معرف المتجر — فارغ = عام"" style={styles.input} />",REQUIRES_ACTION_PERMISSION_API_AND_STATE_PROOF
control-panel,services/dsh/frontend/control-panel/marketing/components/CouponsCommandDeck.tsx,181,select,<select value={fundingSource} onChange={(event) => setFundingSource(event.target.value as CouponFundingSource)} style={styles.input}>,REQUIRES_ACTION_PERMISSION_API_AND_STATE_PROOF
control-panel,services/dsh/frontend/control-panel/marketing/components/CouponsCommandDeck.tsx,181,onChange,<select value={fundingSource} onChange={(event) => setFundingSource(event.target.value as CouponFundingSource)} style={styles.input}>,REQUIRES_ACTION_PERMISSION_API_AND_STATE_PROOF
control-panel,services/dsh/frontend/control-panel/marketing/components/CouponsCommandDeck.tsx,187,input,"<input value={platformSharePercent} onChange={(event) => setPlatformSharePercent(event.target.value)} inputMode=""decimal"" placeholder=""نسبة المنصة %"" style={styles.input} />",REQUIRES_ACTION_PERMISSION_API_AND_STATE_PROOF
control-panel,services/dsh/frontend/control-panel/marketing/components/CouponsCommandDeck.tsx,187,onChange,"<input value={platformSharePercent} onChange={(event) => setPlatformSharePercent(event.target.value)} inputMode=""decimal"" placeholder=""نسبة المنصة %"" style={styles.input} />",REQUIRES_ACTION_PERMISSION_API_AND_STATE_PROOF
control-panel,services/dsh/frontend/control-panel/marketing/components/CouponsCommandDeck.tsx,190,input,"<input value={fundingPartnerId} onChange={(event) => setFundingPartnerId(event.target.value)} placeholder=""معرف الشريك الممول"" style={styles.input} />",REQUIRES_ACTION_PERMISSION_API_AND_STATE_PROOF
control-panel,services/dsh/frontend/control-panel/marketing/components/CouponsCommandDeck.tsx,190,onChange,"<input value={fundingPartnerId} onChange={(event) => setFundingPartnerId(event.target.value)} placeholder=""معرف الشريك الممول"" style={styles.input} />",REQUIRES_ACTION_PERMISSION_API_AND_STATE_PROOF
control-panel,services/dsh/frontend/control-panel/marketing/components/CouponsCommandDeck.tsx,192,select,<select value={discountType} onChange={(event) => setDiscountType(event.target.value as CouponDiscountType)} style={styles.input}>,REQUIRES_ACTION_PERMISSION_API_AND_STATE_PROOF
control-panel,services/dsh/frontend/control-panel/marketing/components/CouponsCommandDeck.tsx,192,onChange,<select value={discountType} onChange={(event) => setDiscountType(event.target.value as CouponDiscountType)} style={styles.input}>,REQUIRES_ACTION_PERMISSION_API_AND_STATE_PROOF
control-panel,services/dsh/frontend/control-panel/marketing/components/CouponsCommandDeck.tsx,196,input,"<input value={discountValue} onChange={(event) => setDiscountValue(event.target.value)} inputMode=""decimal"" placeholder={discountType === ""percent"" ? ""النسبة"" : ""المبلغ ر.ي""} style={styles.input} />",REQUIRES_ACTION_PERMISSION_API_AND_STATE_PROOF
control-panel,services/dsh/frontend/control-panel/marketing/components/CouponsCommandDeck.tsx,196,onChange,"<input value={discountValue} onChange={(event) => setDiscountValue(event.target.value)} inputMode=""decimal"" placeholder={discountType === ""percent"" ? ""النسبة"" : ""المبلغ ر.ي""} style={styles.input} />",REQUIRES_ACTION_PERMISSION_API_AND_STATE_PROOF
control-panel,services/dsh/frontend/control-panel/marketing/components/CouponsCommandDeck.tsx,197,input,"<input value={minSubtotalYer} onChange={(event) => setMinSubtotalYer(event.target.value)} inputMode=""numeric"" placeholder=""الحد الأدنى للسلة ر.ي"" style={styles.input} />",REQUIRES_ACTION_PERMISSION_API_AND_STATE_PROOF
control-panel,services/dsh/frontend/control-panel/marketing/components/CouponsCommandDeck.tsx,197,onChange,"<input value={minSubtotalYer} onChange={(event) => setMinSubtotalYer(event.target.value)} inputMode=""numeric"" placeholder=""الحد الأدنى للسلة ر.ي"" style={styles.input} />",REQUIRES_ACTION_PERMISSION_API_AND_STATE_PROOF
control-panel,services/dsh/frontend/control-panel/marketing/components/CouponsCommandDeck.tsx,198,input,"<input value={maxDiscountYer} onChange={(event) => setMaxDiscountYer(event.target.value)} inputMode=""numeric"" placeholder=""أقصى خصم ر.ي — صفر بلا حد"" style={styles.input} />",REQUIRES_ACTION_PERMISSION_API_AND_STATE_PROOF
control-panel,services/dsh/frontend/control-panel/marketing/components/CouponsCommandDeck.tsx,198,onChange,"<input value={maxDiscountYer} onChange={(event) => setMaxDiscountYer(event.target.value)} inputMode=""numeric"" placeholder=""أقصى خصم ر.ي — صفر بلا حد"" style={styles.input} />",REQUIRES_ACTION_PERMISSION_API_AND_STATE_PROOF
control-panel,services/dsh/frontend/control-panel/marketing/components/CouponsCommandDeck.tsx,199,input,"<input value={globalLimit} onChange={(event) => setGlobalLimit(event.target.value)} inputMode=""numeric"" placeholder=""الحد الإجمالي — صفر بلا حد"" style={styles.input} />",REQUIRES_ACTION_PERMISSION_API_AND_STATE_PROOF
control-panel,services/dsh/frontend/control-panel/marketing/components/CouponsCommandDeck.tsx,199,onChange,"<input value={globalLimit} onChange={(event) => setGlobalLimit(event.target.value)} inputMode=""numeric"" placeholder=""الحد الإجمالي — صفر بلا حد"" style={styles.input} />",REQUIRES_ACTION_PERMISSION_API_AND_STATE_PROOF
control-panel,services/dsh/frontend/control-panel/marketing/components/CouponsCommandDeck.tsx,200,input,"<input value={clientLimit} onChange={(event) => setClientLimit(event.target.value)} inputMode=""numeric"" placeholder=""حد العميل"" style={styles.input} />",REQUIRES_ACTION_PERMISSION_API_AND_STATE_PROOF
control-panel,services/dsh/frontend/control-panel/marketing/components/CouponsCommandDeck.tsx,200,onChange,"<input value={clientLimit} onChange={(event) => setClientLimit(event.target.value)} inputMode=""numeric"" placeholder=""حد العميل"" style={styles.input} />",REQUIRES_ACTION_PERMISSION_API_AND_STATE_PROOF
control-panel,services/dsh/frontend/control-panel/marketing/components/CouponsCommandDeck.tsx,201,onClick,"<CpButton disabled={controller.mutationLoading} onClick={() => void createDraft()} variant=""brand"">إنشاء مسودة</CpButton>",REQUIRES_ACTION_PERMISSION_API_AND_STATE_PROOF
control-panel,services/dsh/frontend/control-panel/marketing/components/CouponsCommandDeck.tsx,208,onClick,"<CpButton onClick={controller.clearIssuedCoupon} variant=""secondary"">إخفاء</CpButton>",REQUIRES_ACTION_PERMISSION_API_AND_STATE_PROOF
control-panel,services/dsh/frontend/control-panel/marketing/components/CouponsCommandDeck.tsx,250,onClick,"<CpButton disabled={controller.mutationLoading} onClick={() => void setStatus(coupon, ""active"")} variant=""brand"">اعتماد وتفعيل</CpButton>",REQUIRES_ACTION_PERMISSION_API_AND_STATE_PROOF
control-panel,services/dsh/frontend/control-panel/marketing/components/CouponsCommandDeck.tsx,253,onClick,"<CpButton disabled={controller.mutationLoading} onClick={() => void setStatus(coupon, ""paused"")} variant=""secondary"">إيقاف</CpButton>",REQUIRES_ACTION_PERMISSION_API_AND_STATE_PROOF
control-panel,services/dsh/frontend/control-panel/marketing/components/CouponsCommandDeck.tsx,256,onClick,"<CpButton disabled={controller.mutationLoading} onClick={() => void setStatus(coupon, ""archived"")} variant=""secondary"">أرشفة</CpButton>",REQUIRES_ACTION_PERMISSION_API_AND_STATE_PROOF
control-panel,services/dsh/frontend/control-panel/marketing/components/LoyaltyCommandDeck.tsx,48,onClick,"<CpButton onClick={() => void controller.reload()} variant=""secondary"">إعادة التحميل</CpButton>",REQUIRES_ACTION_PERMISSION_API_AND_STATE_PROOF
control-panel,services/dsh/frontend/control-panel/marketing/components/LoyaltyCommandDeck.tsx,58,input,"<input value={nameAr} onChange={(event) => setNameAr(event.target.value)} placeholder=""اسم المستوى"" style={styles.input} />",REQUIRES_ACTION_PERMISSION_API_AND_STATE_PROOF
control-panel,services/dsh/frontend/control-panel/marketing/components/LoyaltyCommandDeck.tsx,58,onChange,"<input value={nameAr} onChange={(event) => setNameAr(event.target.value)} placeholder=""اسم المستوى"" style={styles.input} />",REQUIRES_ACTION_PERMISSION_API_AND_STATE_PROOF
control-panel,services/dsh/frontend/control-panel/marketing/components/LoyaltyCommandDeck.tsx,59,input,"<input value={minPoints} onChange={(event) => setMinPoints(event.target.value)} inputMode=""numeric"" placeholder=""الحد الأدنى للنقاط"" style={styles.input} />",REQUIRES_ACTION_PERMISSION_API_AND_STATE_PROOF
control-panel,services/dsh/frontend/control-panel/marketing/components/LoyaltyCommandDeck.tsx,59,onChange,"<input value={minPoints} onChange={(event) => setMinPoints(event.target.value)} inputMode=""numeric"" placeholder=""الحد الأدنى للنقاط"" style={styles.input} />",REQUIRES_ACTION_PERMISSION_API_AND_STATE_PROOF
control-panel,services/dsh/frontend/control-panel/marketing/components/LoyaltyCommandDeck.tsx,60,input,"<input value={discountPercent} onChange={(event) => setDiscountPercent(event.target.value)} inputMode=""decimal"" placeholder=""نسبة الخصم"" style={styles.input} />",REQUIRES_ACTION_PERMISSION_API_AND_STATE_PROOF
control-panel,services/dsh/frontend/control-panel/marketing/components/LoyaltyCommandDeck.tsx,60,onChange,"<input value={discountPercent} onChange={(event) => setDiscountPercent(event.target.value)} inputMode=""decimal"" placeholder=""نسبة الخصم"" style={styles.input} />",REQUIRES_ACTION_PERMISSION_API_AND_STATE_PROOF
control-panel,services/dsh/frontend/control-panel/marketing/components/LoyaltyCommandDeck.tsx,61,onClick,"<CpButton disabled={submitting} onClick={() => void createDraft()} variant=""brand"">إنشاء مسودة</CpButton>",REQUIRES_ACTION_PERMISSION_API_AND_STATE_PROOF
control-panel,services/dsh/frontend/control-panel/marketing/components/LoyaltyCommandDeck.tsx,78,onClick,"{tier.status !== ""active"" ? <CpButton disabled={submitting} onClick={() => void updateStatus(tier, ""active"")} variant=""brand"">طلب اعتماد نشط</CpButton> : null}",REQUIRES_ACTION_PERMISSION_API_AND_STATE_PROOF
control-panel,services/dsh/frontend/control-panel/marketing/components/LoyaltyCommandDeck.tsx,79,onClick,"{tier.status === ""active"" ? <CpButton disabled={submitting} onClick={() => void updateStatus(tier, ""paused"")} variant=""secondary"">إيقاف</CpButton> : null}",REQUIRES_ACTION_PERMISSION_API_AND_STATE_PROOF
control-panel,services/dsh/frontend/control-panel/marketing/components/LoyaltyCommandDeck.tsx,80,onClick,"{tier.status !== ""archived"" ? <CpButton disabled={submitting} onClick={() => void updateStatus(tier, ""archived"")} variant=""secondary"">أرشفة</CpButton> : null}",REQUIRES_ACTION_PERMISSION_API_AND_STATE_PROOF
control-panel,services/dsh/frontend/control-panel/marketing/components/LoyaltyPolicyPanel.tsx,98,input,"<input value={nameAr} onChange={(event) => setNameAr(event.target.value)} placeholder=""اسم السياسة"" style={inputStyle} />",REQUIRES_ACTION_PERMISSION_API_AND_STATE_PROOF
control-panel,services/dsh/frontend/control-panel/marketing/components/LoyaltyPolicyPanel.tsx,98,onChange,"<input value={nameAr} onChange={(event) => setNameAr(event.target.value)} placeholder=""اسم السياسة"" style={inputStyle} />",REQUIRES_ACTION_PERMISSION_API_AND_STATE_PROOF
control-panel,services/dsh/frontend/control-panel/marketing/components/LoyaltyPolicyPanel.tsx,99,input,"<input value={points} onChange={(event) => setPoints(event.target.value)} inputMode=""numeric"" placeholder=""عدد النقاط"" style={inputStyle} />",REQUIRES_ACTION_PERMISSION_API_AND_STATE_PROOF
control-panel,services/dsh/frontend/control-panel/marketing/components/LoyaltyPolicyPanel.tsx,99,onChange,"<input value={points} onChange={(event) => setPoints(event.target.value)} inputMode=""numeric"" placeholder=""عدد النقاط"" style={inputStyle} />",REQUIRES_ACTION_PERMISSION_API_AND_STATE_PROOF
control-panel,services/dsh/frontend/control-panel/marketing/components/LoyaltyPolicyPanel.tsx,100,input,"<input value={denominatorYer} onChange={(event) => setDenominatorYer(event.target.value)} inputMode=""decimal"" placeholder=""لكل مبلغ ر.ي"" style={inputStyle} />",REQUIRES_ACTION_PERMISSION_API_AND_STATE_PROOF
control-panel,services/dsh/frontend/control-panel/marketing/components/LoyaltyPolicyPanel.tsx,100,onChange,"<input value={denominatorYer} onChange={(event) => setDenominatorYer(event.target.value)} inputMode=""decimal"" placeholder=""لكل مبلغ ر.ي"" style={inputStyle} />",REQUIRES_ACTION_PERMISSION_API_AND_STATE_PROOF
control-panel,services/dsh/frontend/control-panel/marketing/components/LoyaltyPolicyPanel.tsx,101,input,"<input value={minimumPoints} onChange={(event) => setMinimumPoints(event.target.value)} inputMode=""numeric"" placeholder=""الحد الأدنى"" style={inputStyle} />",REQUIRES_ACTION_PERMISSION_API_AND_STATE_PROOF
control-panel,services/dsh/frontend/control-panel/marketing/components/LoyaltyPolicyPanel.tsx,101,onChange,"<input value={minimumPoints} onChange={(event) => setMinimumPoints(event.target.value)} inputMode=""numeric"" placeholder=""الحد الأدنى"" style={inputStyle} />",REQUIRES_ACTION_PERMISSION_API_AND_STATE_PROOF
control-panel,services/dsh/frontend/control-panel/marketing/components/LoyaltyPolicyPanel.tsx,102,input,"<input value={maximumPoints} onChange={(event) => setMaximumPoints(event.target.value)} inputMode=""numeric"" placeholder=""الأقصى لكل طلب — صفر بلا حد"" style={inputStyle} />",REQUIRES_ACTION_PERMISSION_API_AND_STATE_PROOF
control-panel,services/dsh/frontend/control-panel/marketing/components/LoyaltyPolicyPanel.tsx,102,onChange,"<input value={maximumPoints} onChange={(event) => setMaximumPoints(event.target.value)} inputMode=""numeric"" placeholder=""الأقصى لكل طلب — صفر بلا حد"" style={inputStyle} />",REQUIRES_ACTION_PERMISSION_API_AND_STATE_PROOF
control-panel,services/dsh/frontend/control-panel/marketing/components/LoyaltyPolicyPanel.tsx,103,onClick,"<CpButton disabled={controller.mutationLoading} onClick={() => void create()} variant=""brand"">إنشاء مسودة سياسة</CpButton>",REQUIRES_ACTION_PERMISSION_API_AND_STATE_PROOF
control-panel,services/dsh/frontend/control-panel/marketing/components/LoyaltyPolicyPanel.tsx,130,onClick,"<CpButton disabled={controller.mutationLoading} onClick={() => beginEdit(policy)} variant=""secondary"">تعديل الشروط</CpButton>",REQUIRES_ACTION_PERMISSION_API_AND_STATE_PROOF
control-panel,services/dsh/frontend/control-panel/marketing/components/LoyaltyPolicyPanel.tsx,133,onClick,"<CpButton disabled={controller.mutationLoading} onClick={() => void controller.setStatus(policy, ""active"")} variant=""brand"">اعتماد وتفعيل</CpButton>",REQUIRES_ACTION_PERMISSION_API_AND_STATE_PROOF
control-panel,services/dsh/frontend/control-panel/marketing/components/LoyaltyPolicyPanel.tsx,136,onClick,"<CpButton disabled={controller.mutationLoading} onClick={() => void controller.setStatus(policy, ""paused"")} variant=""secondary"">إيقاف</CpButton>",REQUIRES_ACTION_PERMISSION_API_AND_STATE_PROOF
control-panel,services/dsh/frontend/control-panel/marketing/components/LoyaltyPolicyPanel.tsx,139,onClick,"<CpButton disabled={controller.mutationLoading} onClick={() => void controller.setStatus(policy, ""archived"")} variant=""secondary"">أرشفة</CpButton>",REQUIRES_ACTION_PERMISSION_API_AND_STATE_PROOF
control-panel,services/dsh/frontend/control-panel/marketing/components/LoyaltyPolicyPanel.tsx,146,input,"<input value={editDraft.nameAr} onChange={(event) => patchEdit({ nameAr: event.target.value })} placeholder=""اسم السياسة"" style={inputStyle} />",REQUIRES_ACTION_PERMISSION_API_AND_STATE_PROOF
control-panel,services/dsh/frontend/control-panel/marketing/components/LoyaltyPolicyPanel.tsx,146,onChange,"<input value={editDraft.nameAr} onChange={(event) => patchEdit({ nameAr: event.target.value })} placeholder=""اسم السياسة"" style={inputStyle} />",REQUIRES_ACTION_PERMISSION_API_AND_STATE_PROOF
control-panel,services/dsh/frontend/control-panel/marketing/components/LoyaltyPolicyPanel.tsx,147,input,"<input value={editDraft.points} onChange={(event) => patchEdit({ points: event.target.value })} inputMode=""numeric"" placeholder=""عدد النقاط"" style={inputStyle} />",REQUIRES_ACTION_PERMISSION_API_AND_STATE_PROOF
control-panel,services/dsh/frontend/control-panel/marketing/components/LoyaltyPolicyPanel.tsx,147,onChange,"<input value={editDraft.points} onChange={(event) => patchEdit({ points: event.target.value })} inputMode=""numeric"" placeholder=""عدد النقاط"" style={inputStyle} />",REQUIRES_ACTION_PERMISSION_API_AND_STATE_PROOF
control-panel,services/dsh/frontend/control-panel/marketing/components/LoyaltyPolicyPanel.tsx,148,input,"<input value={editDraft.denominatorYer} onChange={(event) => patchEdit({ denominatorYer: event.target.value })} inputMode=""decimal"" placeholder=""لكل مبلغ ر.ي"" style={inputStyle} />",REQUIRES_ACTION_PERMISSION_API_AND_STATE_PROOF
control-panel,services/dsh/frontend/control-panel/marketing/components/LoyaltyPolicyPanel.tsx,148,onChange,"<input value={editDraft.denominatorYer} onChange={(event) => patchEdit({ denominatorYer: event.target.value })} inputMode=""decimal"" placeholder=""لكل مبلغ ر.ي"" style={inputStyle} />",REQUIRES_ACTION_PERMISSION_API_AND_STATE_PROOF
control-panel,services/dsh/frontend/control-panel/marketing/components/LoyaltyPolicyPanel.tsx,149,input,"<input value={editDraft.minimumPoints} onChange={(event) => patchEdit({ minimumPoints: event.target.value })} inputMode=""numeric"" placeholder=""الحد الأدنى"" style={inputStyle} />",REQUIRES_ACTION_PERMISSION_API_AND_STATE_PROOF
control-panel,services/dsh/frontend/control-panel/marketing/components/LoyaltyPolicyPanel.tsx,149,onChange,"<input value={editDraft.minimumPoints} onChange={(event) => patchEdit({ minimumPoints: event.target.value })} inputMode=""numeric"" placeholder=""الحد الأدنى"" style={inputStyle} />",REQUIRES_ACTION_PERMISSION_API_AND_STATE_PROOF
control-panel,services/dsh/frontend/control-panel/marketing/components/LoyaltyPolicyPanel.tsx,150,input,"<input value={editDraft.maximumPoints} onChange={(event) => patchEdit({ maximumPoints: event.target.value })} inputMode=""numeric"" placeholder=""الأقصى لكل طلب"" style={inputStyle} />",REQUIRES_ACTION_PERMISSION_API_AND_STATE_PROOF
control-panel,services/dsh/frontend/control-panel/marketing/components/LoyaltyPolicyPanel.tsx,150,onChange,"<input value={editDraft.maximumPoints} onChange={(event) => patchEdit({ maximumPoints: event.target.value })} inputMode=""numeric"" placeholder=""الأقصى لكل طلب"" style={inputStyle} />",REQUIRES_ACTION_PERMISSION_API_AND_STATE_PROOF
control-panel,services/dsh/frontend/control-panel/marketing/components/LoyaltyPolicyPanel.tsx,152,onClick,"<CpButton disabled={controller.mutationLoading} onClick={() => void saveEdit(policy)} variant=""brand"">حفظ الشروط</CpButton>",REQUIRES_ACTION_PERMISSION_API_AND_STATE_PROOF
control-panel,services/dsh/frontend/control-panel/marketing/components/LoyaltyPolicyPanel.tsx,153,onClick,"<CpButton disabled={controller.mutationLoading} onClick={() => setEditDraft(null)} variant=""secondary"">إلغاء</CpButton>",REQUIRES_ACTION_PERMISSION_API_AND_STATE_PROOF
control-panel,services/dsh/frontend/control-panel/marketing/components/MarketingHomeDiscoveryPanel.tsx,67,onClick,<CpButton onClick={controller.retry}>إعادة المحاولة</CpButton>,REQUIRES_ACTION_PERMISSION_API_AND_STATE_PROOF
control-panel,services/dsh/frontend/control-panel/marketing/components/MarketingHomeDiscoveryPanel.tsx,85,onClick,<CpButton onClick={() => controller.select(null)}>إضافة {meta.singular}</CpButton>,REQUIRES_ACTION_PERMISSION_API_AND_STATE_PROOF
control-panel,services/dsh/frontend/control-panel/marketing/components/MarketingHomeDiscoveryPanel.tsx,86,onClick,<CpButton onClick={controller.retry}>تحديث</CpButton>,REQUIRES_ACTION_PERMISSION_API_AND_STATE_PROOF
control-panel,services/dsh/frontend/control-panel/marketing/components/MarketingHomeDiscoveryPanel.tsx,123,onClick,<CpButton onClick={() => controller.select(item)}>تعديل</CpButton>,REQUIRES_ACTION_PERMISSION_API_AND_STATE_PROOF
control-panel,services/dsh/frontend/control-panel/marketing/components/MarketingHomeDiscoveryPanel.tsx,126,onClick,onClick={() => {,REQUIRES_ACTION_PERMISSION_API_AND_STATE_PROOF
control-panel,services/dsh/frontend/control-panel/marketing/components/MarketingHomeDiscoveryPanel.tsx,259,onChange,"<CpTextInput value={draft.title} onChange={(value) => update(""title"", value)} placeholder=""العنوان"" aria-label=""العنوان"" />",REQUIRES_ACTION_PERMISSION_API_AND_STATE_PROOF
control-panel,services/dsh/frontend/control-panel/marketing/components/MarketingHomeDiscoveryPanel.tsx,260,onChange,"<CpTextInput value={draft.subtitle ?? """"} onChange={(value) => update(""subtitle"", value)} placeholder=""الوصف المختصر"" aria-label=""الوصف المختصر"" />",REQUIRES_ACTION_PERMISSION_API_AND_STATE_PROOF
control-panel,services/dsh/frontend/control-panel/marketing/components/MarketingHomeDiscoveryPanel.tsx,262,onChange,"<CpTextInput value={draft.badgeLabel ?? """"} onChange={(value) => update(""badgeLabel"", value)} placeholder=""شارة العرض"" aria-label=""شارة العرض"" />",REQUIRES_ACTION_PERMISSION_API_AND_STATE_PROOF
control-panel,services/dsh/frontend/control-panel/marketing/components/MarketingHomeDiscoveryPanel.tsx,264,onChange,"<CpTextInput value={draft.imageUrl} onChange={(value) => update(""imageUrl"", value)} placeholder={meta.imageLabel} aria-label={meta.imageLabel} />",REQUIRES_ACTION_PERMISSION_API_AND_STATE_PROOF
control-panel,services/dsh/frontend/control-panel/marketing/components/MarketingHomeDiscoveryPanel.tsx,268,onChange,onChange={(value) => {,REQUIRES_ACTION_PERMISSION_API_AND_STATE_PROOF
control-panel,services/dsh/frontend/control-panel/marketing/components/MarketingHomeDiscoveryPanel.tsx,283,onChange,"onChange={(value) => update(""actionTarget"", value)}",REQUIRES_ACTION_PERMISSION_API_AND_STATE_PROOF
control-panel,services/dsh/frontend/control-panel/marketing/components/MarketingHomeDiscoveryPanel.tsx,294,onChange,"onChange={(value) => setTargeting({ ...targeting, cityCodes: parseTargetList(value) })}",REQUIRES_ACTION_PERMISSION_API_AND_STATE_PROOF
control-panel,services/dsh/frontend/control-panel/marketing/components/MarketingHomeDiscoveryPanel.tsx,300,onChange,"onChange={(value) => setTargeting({ ...targeting, serviceAreaCodes: parseTargetList(value) })}",REQUIRES_ACTION_PERMISSION_API_AND_STATE_PROOF
control-panel,services/dsh/frontend/control-panel/marketing/components/MarketingHomeDiscoveryPanel.tsx,306,onChange,onChange={(value) => setTargeting({,REQUIRES_ACTION_PERMISSION_API_AND_STATE_PROOF
control-panel,services/dsh/frontend/control-panel/marketing/components/MarketingHomeDiscoveryPanel.tsx,322,onChange,"onChange={(value) => update(""sortOrder"", Math.max(0, Number.parseInt(value, 10) || 0))}",REQUIRES_ACTION_PERMISSION_API_AND_STATE_PROOF
control-panel,services/dsh/frontend/control-panel/marketing/components/MarketingHomeDiscoveryPanel.tsx,328,onChange,onChange={(value) => {,REQUIRES_ACTION_PERMISSION_API_AND_STATE_PROOF
control-panel,services/dsh/frontend/control-panel/marketing/components/MarketingHomeDiscoveryPanel.tsx,342,onChange,"onChange={(value) => update(""publishFrom"", value.trim() ? value : undefined)}",REQUIRES_ACTION_PERMISSION_API_AND_STATE_PROOF
control-panel,services/dsh/frontend/control-panel/marketing/components/MarketingHomeDiscoveryPanel.tsx,348,onChange,"onChange={(value) => update(""publishUntil"", value.trim() ? value : undefined)}",REQUIRES_ACTION_PERMISSION_API_AND_STATE_PROOF
control-panel,services/dsh/frontend/control-panel/marketing/components/MarketingHomeDiscoveryPanel.tsx,354,onClick,<CpButton disabled={!canSubmit} onClick={onSave}>,REQUIRES_ACTION_PERMISSION_API_AND_STATE_PROOF
control-panel,services/dsh/frontend/control-panel/marketing/components/MarketingHomeDiscoveryPanel.tsx,357,onClick,<CpButton onClick={onCancel}>إلغاء</CpButton>,REQUIRES_ACTION_PERMISSION_API_AND_STATE_PROOF
control-panel,services/dsh/frontend/control-panel/marketing/components/PartnerOffersCommandDeck.tsx,127,onClick,<CpButton onClick={() => controller.select(offer)}>مراجعة</CpButton>,REQUIRES_ACTION_PERMISSION_API_AND_STATE_PROOF
control-panel,services/dsh/frontend/control-panel/marketing/components/PartnerOffersCommandDeck.tsx,129,onClick,<CpButton disabled={scheduleBlocked || couponPublishBlocked || controller.loading} onClick={() => void controller.toggleStatus(offer.id)}>,REQUIRES_ACTION_PERMISSION_API_AND_STATE_PROOF
control-panel,services/dsh/frontend/control-panel/marketing/components/PartnerOffersCommandDeck.tsx,133,onClick,"<CpButton onClick={() => void controller.remove(offer.id)} style={{ background: colorRoles.surfaceBase, color: colorRoles.brandAction }}>أرشفة</CpButton>",REQUIRES_ACTION_PERMISSION_API_AND_STATE_PROOF
control-panel,services/dsh/frontend/control-panel/marketing/components/PartnerOffersCommandDeck.tsx,151,onChange,"<CpTextInput value={controller.draft.title} onChange={(value) => updateDraft(""title"", value)} />",REQUIRES_ACTION_PERMISSION_API_AND_STATE_PROOF
control-panel,services/dsh/frontend/control-panel/marketing/components/PartnerOffersCommandDeck.tsx,154,onChange,"<CpTextInput value={controller.draft.valueLabel} onChange={(value) => updateDraft(""valueLabel"", value)} />",REQUIRES_ACTION_PERMISSION_API_AND_STATE_PROOF
control-panel,services/dsh/frontend/control-panel/marketing/components/PartnerOffersCommandDeck.tsx,157,onChange,"<CpTextInput value={controller.draft.eligibility} onChange={(value) => updateDraft(""eligibility"", value)} />",REQUIRES_ACTION_PERMISSION_API_AND_STATE_PROOF
control-panel,services/dsh/frontend/control-panel/marketing/components/PartnerOffersCommandDeck.tsx,160,onChange,"<CpTextInput value={controller.draft.activeFromDate || """"} onChange={(value) => updateDraft(""activeFromDate"", value)} placeholder=""YYYY-MM-DD"" />",REQUIRES_ACTION_PERMISSION_API_AND_STATE_PROOF
control-panel,services/dsh/frontend/control-panel/marketing/components/PartnerOffersCommandDeck.tsx,163,onChange,"<CpTextInput value={controller.draft.activeToDate || """"} onChange={(value) => updateDraft(""activeToDate"", value)} placeholder=""YYYY-MM-DD"" />",REQUIRES_ACTION_PERMISSION_API_AND_STATE_PROOF
control-panel,services/dsh/frontend/control-panel/marketing/components/PartnerOffersCommandDeck.tsx,166,onChange,"<CpTextInput value={controller.draft.marginRiskNote || """"} onChange={(value) => updateDraft(""marginRiskNote"", value)} placeholder=""هامش ربح آمن، يتطلب مراجعة، إلخ..."" />",REQUIRES_ACTION_PERMISSION_API_AND_STATE_PROOF
control-panel,services/dsh/frontend/control-panel/marketing/components/PartnerOffersCommandDeck.tsx,173,onChange,"onChange={(value) => updateDraft(""couponId"", value)}",REQUIRES_ACTION_PERMISSION_API_AND_STATE_PROOF
control-panel,services/dsh/frontend/control-panel/marketing/components/PartnerOffersCommandDeck.tsx,188,onChange,"onChange={(value) => updateDraft(""status"", value)}",REQUIRES_ACTION_PERMISSION_API_AND_STATE_PROOF
control-panel,services/dsh/frontend/control-panel/marketing/components/PartnerOffersCommandDeck.tsx,193,onChange,"<><label style={{ fontSize: ""0.75rem"", fontWeight: 600 }}>سبب الرفض</label><CpTextInput value={controller.draft.rejectionReason || """"} onChange={(value) => updateDraft(""rejectionReason"", value)} placeholder=""سبب الرفض مط",REQUIRES_ACTION_PERMISSION_API_AND_STATE_PROOF
control-panel,services/dsh/frontend/control-panel/marketing/components/PartnerOffersCommandDeck.tsx,197,onClick,"<CpButton disabled={controller.loading} onClick={handleSave} style={{ background: colorRoles.brandAction, color: ""white"", flex: 1 }}>حفظ القرار</CpButton>",REQUIRES_ACTION_PERMISSION_API_AND_STATE_PROOF
control-panel,services/dsh/frontend/control-panel/marketing/components/PartnerOffersCommandDeck.tsx,198,onClick,<CpButton onClick={() => controller.select(null)} style={{ flex: 1 }}>إلغاء</CpButton>,REQUIRES_ACTION_PERMISSION_API_AND_STATE_PROOF
control-panel,services/dsh/frontend/control-panel/marketing/components/SubscriptionsCommandDeck.tsx,53,onClick,"<CpButton onClick={() => void controller.reload()} variant=""secondary"">إعادة التحميل</CpButton>",REQUIRES_ACTION_PERMISSION_API_AND_STATE_PROOF
control-panel,services/dsh/frontend/control-panel/marketing/components/SubscriptionsCommandDeck.tsx,63,input,"<input value={nameAr} onChange={(event) => setNameAr(event.target.value)} placeholder=""اسم الخطة"" style={styles.input} />",REQUIRES_ACTION_PERMISSION_API_AND_STATE_PROOF
control-panel,services/dsh/frontend/control-panel/marketing/components/SubscriptionsCommandDeck.tsx,63,onChange,"<input value={nameAr} onChange={(event) => setNameAr(event.target.value)} placeholder=""اسم الخطة"" style={styles.input} />",REQUIRES_ACTION_PERMISSION_API_AND_STATE_PROOF
control-panel,services/dsh/frontend/control-panel/marketing/components/SubscriptionsCommandDeck.tsx,64,input,"<input value={priceYer} onChange={(event) => setPriceYer(event.target.value)} inputMode=""numeric"" placeholder=""السعر بالريال"" style={styles.input} />",REQUIRES_ACTION_PERMISSION_API_AND_STATE_PROOF
control-panel,services/dsh/frontend/control-panel/marketing/components/SubscriptionsCommandDeck.tsx,64,onChange,"<input value={priceYer} onChange={(event) => setPriceYer(event.target.value)} inputMode=""numeric"" placeholder=""السعر بالريال"" style={styles.input} />",REQUIRES_ACTION_PERMISSION_API_AND_STATE_PROOF
control-panel,services/dsh/frontend/control-panel/marketing/components/SubscriptionsCommandDeck.tsx,65,input,"<input value={wltProductReference} onChange={(event) => setWltProductReference(event.target.value)} placeholder=""مرجع منتج WLT"" style={styles.input} />",REQUIRES_ACTION_PERMISSION_API_AND_STATE_PROOF
control-panel,services/dsh/frontend/control-panel/marketing/components/SubscriptionsCommandDeck.tsx,65,onChange,"<input value={wltProductReference} onChange={(event) => setWltProductReference(event.target.value)} placeholder=""مرجع منتج WLT"" style={styles.input} />",REQUIRES_ACTION_PERMISSION_API_AND_STATE_PROOF
control-panel,services/dsh/frontend/control-panel/marketing/components/SubscriptionsCommandDeck.tsx,66,onClick,"<CpButton disabled={submitting} onClick={() => void createDraft()} variant=""brand"">إنشاء مسودة</CpButton>",REQUIRES_ACTION_PERMISSION_API_AND_STATE_PROOF
control-panel,services/dsh/frontend/control-panel/marketing/components/SubscriptionsCommandDeck.tsx,84,onClick,"{plan.status !== ""active"" ? <CpButton disabled={submitting || !plan.wltProductReference} onClick={() => void updateStatus(plan, ""active"")} variant=""brand"">طلب اعتماد نشط</CpButton> : null}",REQUIRES_ACTION_PERMISSION_API_AND_STATE_PROOF
control-panel,services/dsh/frontend/control-panel/marketing/components/SubscriptionsCommandDeck.tsx,85,onClick,"{plan.status === ""active"" ? <CpButton disabled={submitting} onClick={() => void updateStatus(plan, ""paused"")} variant=""secondary"">إيقاف</CpButton> : null}",REQUIRES_ACTION_PERMISSION_API_AND_STATE_PROOF
control-panel,services/dsh/frontend/control-panel/marketing/components/SubscriptionsCommandDeck.tsx,86,onClick,"{plan.status !== ""archived"" ? <CpButton disabled={submitting} onClick={() => void updateStatus(plan, ""archived"")} variant=""secondary"">أرشفة</CpButton> : null}",REQUIRES_ACTION_PERMISSION_API_AND_STATE_PROOF
control-panel,services/dsh/frontend/control-panel/marketing/components/TickerCommandDeck.tsx,51,onClick,<CpButton onClick={() => controller.select(null)}>إضافة شريط جديد</CpButton>,REQUIRES_ACTION_PERMISSION_API_AND_STATE_PROOF
control-panel,services/dsh/frontend/control-panel/marketing/components/TickerCommandDeck.tsx,88,onClick,"<CpButton onClick={() => controller.togglePinned(item.id)} disabled={!controller.isBackedByApi} style={{ padding: ""0.2rem 0.5rem"" }}>",REQUIRES_ACTION_PERMISSION_API_AND_STATE_PROOF
control-panel,services/dsh/frontend/control-panel/marketing/components/TickerCommandDeck.tsx,94,onClick,<CpButton onClick={() => controller.select(item)}>تعديل</CpButton>,REQUIRES_ACTION_PERMISSION_API_AND_STATE_PROOF
control-panel,services/dsh/frontend/control-panel/marketing/components/TickerCommandDeck.tsx,95,onClick,<CpButton onClick={() => controller.toggleStatus(item.id)} disabled={!controller.isBackedByApi}>,REQUIRES_ACTION_PERMISSION_API_AND_STATE_PROOF
control-panel,services/dsh/frontend/control-panel/marketing/components/TickerCommandDeck.tsx,98,onClick,"<CpButton onClick={() => controller.remove(item.id)} disabled={!controller.isBackedByApi} style={{ background: colorRoles.surfaceBase, color: colorRoles.brandAction }}>حذف</CpButton>",REQUIRES_ACTION_PERMISSION_API_AND_STATE_PROOF
control-panel,services/dsh/frontend/control-panel/marketing/components/TickerCommandDeck.tsx,124,onChange,"onChange={(v) => updateDraft(""message"", v)}",REQUIRES_ACTION_PERMISSION_API_AND_STATE_PROOF
control-panel,services/dsh/frontend/control-panel/marketing/components/TickerCommandDeck.tsx,131,onChange,"onChange={(v) => updateDraft(""kind"", v)}",REQUIRES_ACTION_PERMISSION_API_AND_STATE_PROOF
control-panel,services/dsh/frontend/control-panel/marketing/components/TickerCommandDeck.tsx,142,onChange,"onChange={(v) => updateDraft(""audience"", v)}",REQUIRES_ACTION_PERMISSION_API_AND_STATE_PROOF
control-panel,services/dsh/frontend/control-panel/marketing/components/TickerCommandDeck.tsx,154,onChange,"onChange={(v) => updateDraft(""priority"", v)}",REQUIRES_ACTION_PERMISSION_API_AND_STATE_PROOF
control-panel,services/dsh/frontend/control-panel/marketing/components/TickerCommandDeck.tsx,166,onChange,"onChange={(v) => updateDraft(""deliveryMode"", v)}",REQUIRES_ACTION_PERMISSION_API_AND_STATE_PROOF
control-panel,services/dsh/frontend/control-panel/marketing/components/TickerCommandDeck.tsx,176,onChange,"onChange={(v) => updateDraft(""status"", v)}",REQUIRES_ACTION_PERMISSION_API_AND_STATE_PROOF
control-panel,services/dsh/frontend/control-panel/marketing/components/TickerCommandDeck.tsx,184,onClick,"<CpButton onClick={handleSave} disabled={!controller.isBackedByApi} style={{ background: colorRoles.brandAction, color: ""white"", flex: 1 }}>حفظ التعديلات</CpButton>",REQUIRES_ACTION_PERMISSION_API_AND_STATE_PROOF
control-panel,services/dsh/frontend/control-panel/marketing/components/TickerCommandDeck.tsx,185,onClick,<CpButton onClick={() => controller.select(null)} style={{ flex: 1 }}>إلغاء</CpButton>,REQUIRES_ACTION_PERMISSION_API_AND_STATE_PROOF
control-panel,services/dsh/frontend/control-panel/marketing/components/VisibilityGatesSection.tsx,50,onClick,<CpRetryButton onClick={() => void reloadMetrics()}>إعادة المحاولة</CpRetryButton>,REQUIRES_ACTION_PERMISSION_API_AND_STATE_PROOF
control-panel,services/dsh/frontend/control-panel/marketing/components/VisibilityGatesSection.tsx,62,onClick,<CpRetryButton onClick={() => void deliverySignals.reload()}>إعادة المحاولة</CpRetryButton>,REQUIRES_ACTION_PERMISSION_API_AND_STATE_PROOF
control-panel,services/dsh/frontend/control-panel/operations/AreaCapacityScreen.tsx,145,input,<input,REQUIRES_ACTION_PERMISSION_API_AND_STATE_PROOF
control-panel,services/dsh/frontend/control-panel/operations/AreaCapacityScreen.tsx,149,onChange,"onChange={(event) => updateField('maxConcurrentOrders', event.target.value)}",REQUIRES_ACTION_PERMISSION_API_AND_STATE_PROOF
control-panel,services/dsh/frontend/control-panel/operations/AreaCapacityScreen.tsx,155,input,<input,REQUIRES_ACTION_PERMISSION_API_AND_STATE_PROOF
control-panel,services/dsh/frontend/control-panel/operations/AreaCapacityScreen.tsx,159,onChange,"onChange={(event) => updateField('maxCaptainsOnline', event.target.value)}",REQUIRES_ACTION_PERMISSION_API_AND_STATE_PROOF
control-panel,services/dsh/frontend/control-panel/operations/AreaCapacityScreen.tsx,165,input,<input,REQUIRES_ACTION_PERMISSION_API_AND_STATE_PROOF
control-panel,services/dsh/frontend/control-panel/operations/AreaCapacityScreen.tsx,171,onChange,"onChange={(event) => updateField('throttleThreshold', event.target.value)}",REQUIRES_ACTION_PERMISSION_API_AND_STATE_PROOF
control-panel,services/dsh/frontend/control-panel/operations/AreaCapacityScreen.tsx,176,button,"<button type=""button"" onClick={() => void handleSave()} disabled={pendingAction !== null}>",REQUIRES_ACTION_PERMISSION_API_AND_STATE_PROOF
control-panel,services/dsh/frontend/control-panel/operations/AreaCapacityScreen.tsx,176,onClick,"<button type=""button"" onClick={() => void handleSave()} disabled={pendingAction !== null}>",REQUIRES_ACTION_PERMISSION_API_AND_STATE_PROOF
control-panel,services/dsh/frontend/control-panel/operations/AreaCapacityScreen.tsx,182,button,"<button type=""button"" onClick={() => void handleToggle()} disabled={pendingAction !== null}>",REQUIRES_ACTION_PERMISSION_API_AND_STATE_PROOF
control-panel,services/dsh/frontend/control-panel/operations/AreaCapacityScreen.tsx,182,onClick,"<button type=""button"" onClick={() => void handleToggle()} disabled={pendingAction !== null}>",REQUIRES_ACTION_PERMISSION_API_AND_STATE_PROOF
control-panel,services/dsh/frontend/control-panel/operations/AssistedOrderDeskScreen.tsx,37,Button,<Button,REQUIRES_ACTION_PERMISSION_API_AND_STATE_PROOF
control-panel,services/dsh/frontend/control-panel/operations/AssistedOrderDeskScreen.tsx,40,onPress,onPress={() => router.push(liveOrdersHref)},REQUIRES_ACTION_PERMISSION_API_AND_STATE_PROOF
control-panel,services/dsh/frontend/control-panel/operations/AssistedOrderDeskScreen.tsx,42,Button,<Button,REQUIRES_ACTION_PERMISSION_API_AND_STATE_PROOF
control-panel,services/dsh/frontend/control-panel/operations/AssistedOrderDeskScreen.tsx,45,onPress,onPress={() => router.push(specialOperationsHref)},REQUIRES_ACTION_PERMISSION_API_AND_STATE_PROOF
control-panel,services/dsh/frontend/control-panel/operations/AuditSupportSlaScreen.tsx,148,button,<button,REQUIRES_ACTION_PERMISSION_API_AND_STATE_PROOF
control-panel,services/dsh/frontend/control-panel/operations/AuditSupportSlaScreen.tsx,150,onClick,onClick={() => setRetryCount((count) => count + 1)},REQUIRES_ACTION_PERMISSION_API_AND_STATE_PROOF
control-panel,services/dsh/frontend/control-panel/operations/AuditSupportSlaScreen.tsx,186,button,<button,REQUIRES_ACTION_PERMISSION_API_AND_STATE_PROOF
control-panel,services/dsh/frontend/control-panel/operations/AuditSupportSlaScreen.tsx,189,onClick,onClick={() => setSelectedOrderId(selected ? null : order.id)},REQUIRES_ACTION_PERMISSION_API_AND_STATE_PROOF
control-panel,services/dsh/frontend/control-panel/operations/CheckoutActivityScreen.tsx,49,onClick,<CpRetryButton onClick={controller.reload}>إعادة المحاولة</CpRetryButton>,REQUIRES_ACTION_PERMISSION_API_AND_STATE_PROOF
control-panel,services/dsh/frontend/control-panel/operations/CheckoutActivityScreen.tsx,68,onClick,<CpButton onClick={() => controller.reload()}>كل الحالات</CpButton>,REQUIRES_ACTION_PERMISSION_API_AND_STATE_PROOF
control-panel,services/dsh/frontend/control-panel/operations/CheckoutActivityScreen.tsx,69,onClick,"<CpButton onClick={() => controller.reload(""wlt_outcome_unknown"")}>تحتاج مصالحة</CpButton>",REQUIRES_ACTION_PERMISSION_API_AND_STATE_PROOF
control-panel,services/dsh/frontend/control-panel/operations/CheckoutActivityScreen.tsx,70,onClick,"<CpButton onClick={() => controller.reload(""wlt_handoff_failed"")}>فشل التسليم إلى WLT</CpButton>",REQUIRES_ACTION_PERMISSION_API_AND_STATE_PROOF
control-panel,services/dsh/frontend/control-panel/operations/CheckoutActivityScreen.tsx,71,onClick,"<CpButton onClick={() => controller.reload(""payment_pending"")}>في انتظار نتيجة الدفع</CpButton>",REQUIRES_ACTION_PERMISSION_API_AND_STATE_PROOF
control-panel,services/dsh/frontend/control-panel/operations/CheckoutActivityScreen.tsx,78,onClick,"<CpButton onClick={controller.clearReconcileError} variant=""ghost"">إغلاق الرسالة</CpButton>",REQUIRES_ACTION_PERMISSION_API_AND_STATE_PROOF
control-panel,services/dsh/frontend/control-panel/operations/CheckoutActivityScreen.tsx,137,onClick,onClick={() => void onReconcile(intent.id)},REQUIRES_ACTION_PERMISSION_API_AND_STATE_PROOF
control-panel,services/dsh/frontend/control-panel/operations/CommandCenterScreen.tsx,268,button,<button,REQUIRES_ACTION_PERMISSION_API_AND_STATE_PROOF
control-panel,services/dsh/frontend/control-panel/operations/CommandCenterScreen.tsx,272,onClick,onClick={() => router.push(shortcut.href)},REQUIRES_ACTION_PERMISSION_API_AND_STATE_PROOF
control-panel,services/dsh/frontend/control-panel/operations/DeliveryProofReviewScreen.tsx,109,onChange,onChange={(status) => controller.setStatus(status as DshDeliveryProofStatus)},REQUIRES_ACTION_PERMISSION_API_AND_STATE_PROOF
control-panel,services/dsh/frontend/control-panel/operations/DeliveryProofReviewScreen.tsx,112,Button,<Button,REQUIRES_ACTION_PERMISSION_API_AND_STATE_PROOF
control-panel,services/dsh/frontend/control-panel/operations/DeliveryProofReviewScreen.tsx,117,onPress,onPress={() => void controller.refresh()},REQUIRES_ACTION_PERMISSION_API_AND_STATE_PROOF
control-panel,services/dsh/frontend/control-panel/operations/DeliveryProofReviewScreen.tsx,119,Button,<Button,REQUIRES_ACTION_PERMISSION_API_AND_STATE_PROOF
control-panel,services/dsh/frontend/control-panel/operations/DeliveryProofReviewScreen.tsx,124,onPress,onPress={() => globalThis.location.assign(hubHref)},REQUIRES_ACTION_PERMISSION_API_AND_STATE_PROOF
control-panel,services/dsh/frontend/control-panel/operations/DeliveryProofReviewScreen.tsx,173,Button,<Button,REQUIRES_ACTION_PERMISSION_API_AND_STATE_PROOF
control-panel,services/dsh/frontend/control-panel/operations/DeliveryProofReviewScreen.tsx,176,onPress,onPress={() => {,REQUIRES_ACTION_PERMISSION_API_AND_STATE_PROOF
control-panel,services/dsh/frontend/control-panel/operations/DeliveryProofReviewScreen.tsx,192,Button,<Button,REQUIRES_ACTION_PERMISSION_API_AND_STATE_PROOF
control-panel,services/dsh/frontend/control-panel/operations/DeliveryProofReviewScreen.tsx,196,onPress,onPress={() => void runReview('accept')},REQUIRES_ACTION_PERMISSION_API_AND_STATE_PROOF
control-panel,services/dsh/frontend/control-panel/operations/DeliveryProofReviewScreen.tsx,198,Button,<Button,REQUIRES_ACTION_PERMISSION_API_AND_STATE_PROOF
control-panel,services/dsh/frontend/control-panel/operations/DeliveryProofReviewScreen.tsx,202,onPress,onPress={() => void runReview('reject')},REQUIRES_ACTION_PERMISSION_API_AND_STATE_PROOF
control-panel,services/dsh/frontend/control-panel/operations/DispatchOperationsPanel.tsx,84,onClick,<CpRetryButton onClick={() => void controller.reload()}>إعادة المحاولة</CpRetryButton>,REQUIRES_ACTION_PERMISSION_API_AND_STATE_PROOF
control-panel,services/dsh/frontend/control-panel/operations/DispatchOperationsPanel.tsx,104,onClick,"<CpButton variant=""secondary"" disabled={busy} onClick={() => void controller.expire()}>",REQUIRES_ACTION_PERMISSION_API_AND_STATE_PROOF
control-panel,services/dsh/frontend/control-panel/operations/DispatchOperationsPanel.tsx,107,onClick,"<CpButton variant=""ghost"" disabled={busy} onClick={() => void controller.reload({ preserveSelection: true })}>",REQUIRES_ACTION_PERMISSION_API_AND_STATE_PROOF
control-panel,services/dsh/frontend/control-panel/operations/DispatchOperationsPanel.tsx,152,onClick,"onClick={() => void controller.cancel(selected.id, reason)}",REQUIRES_ACTION_PERMISSION_API_AND_STATE_PROOF
control-panel,services/dsh/frontend/control-panel/operations/DispatchOperationsPanel.tsx,173,onClick,onClick={() => setReplacementCaptainId(candidate.captainId)},REQUIRES_ACTION_PERMISSION_API_AND_STATE_PROOF
control-panel,services/dsh/frontend/control-panel/operations/DispatchOperationsPanel.tsx,182,onClick,"onClick={() => void controller.reassign(selected, replacementCaptainId, reason)}",REQUIRES_ACTION_PERMISSION_API_AND_STATE_PROOF
control-panel,services/dsh/frontend/control-panel/operations/DispatchOperationsPanel.tsx,218,onClick,<CpRetryButton onClick={() => void controller.reload()}>تحديث</CpRetryButton>,REQUIRES_ACTION_PERMISSION_API_AND_STATE_PROOF
control-panel,services/dsh/frontend/control-panel/operations/ExceptionsEscalationsScreen.tsx,310,onClick,<CpRetryButton onClick={load}>إعادة المحاولة</CpRetryButton>,REQUIRES_ACTION_PERMISSION_API_AND_STATE_PROOF
control-panel,services/dsh/frontend/control-panel/operations/ExceptionsEscalationsScreen.tsx,347,textarea,<textarea,REQUIRES_ACTION_PERMISSION_API_AND_STATE_PROOF
control-panel,services/dsh/frontend/control-panel/operations/ExceptionsEscalationsScreen.tsx,349,onChange,onChange={(event) => setNote(event.target.value)},REQUIRES_ACTION_PERMISSION_API_AND_STATE_PROOF
control-panel,services/dsh/frontend/control-panel/operations/ExceptionsEscalationsScreen.tsx,360,onChange,onChange={setSelectedReplacementCaptainId},REQUIRES_ACTION_PERMISSION_API_AND_STATE_PROOF
control-panel,services/dsh/frontend/control-panel/operations/ExceptionsEscalationsScreen.tsx,378,onClick,onClick={() => void acknowledge(selectedDelivery)},REQUIRES_ACTION_PERMISSION_API_AND_STATE_PROOF
control-panel,services/dsh/frontend/control-panel/operations/ExceptionsEscalationsScreen.tsx,386,onClick,onClick={() => void runDeliveryAction(,REQUIRES_ACTION_PERMISSION_API_AND_STATE_PROOF
control-panel,services/dsh/frontend/control-panel/operations/ExceptionsEscalationsScreen.tsx,404,onClick,onClick={() => void runDeliveryAction(,REQUIRES_ACTION_PERMISSION_API_AND_STATE_PROOF
control-panel,services/dsh/frontend/control-panel/operations/ExceptionsEscalationsScreen.tsx,422,onClick,onClick={() => void runDeliveryAction(,REQUIRES_ACTION_PERMISSION_API_AND_STATE_PROOF
control-panel,services/dsh/frontend/control-panel/operations/ExceptionsEscalationsScreen.tsx,439,onClick,onClick={() => void runDeliveryAction(,REQUIRES_ACTION_PERMISSION_API_AND_STATE_PROOF
control-panel,services/dsh/frontend/control-panel/operations/ExceptionsEscalationsScreen.tsx,474,onClick,"<CpButton variant=""secondary"" onClick={() => void load()}>تحديث نتيجة WLT</CpButton>",REQUIRES_ACTION_PERMISSION_API_AND_STATE_PROOF
control-panel,services/dsh/frontend/control-panel/operations/ExceptionsEscalationsScreen.tsx,483,textarea,<textarea,REQUIRES_ACTION_PERMISSION_API_AND_STATE_PROOF
control-panel,services/dsh/frontend/control-panel/operations/ExceptionsEscalationsScreen.tsx,485,onChange,onChange={(event) => setNote(event.target.value)},REQUIRES_ACTION_PERMISSION_API_AND_STATE_PROOF
control-panel,services/dsh/frontend/control-panel/operations/ExceptionsEscalationsScreen.tsx,497,onClick,onClick={() => void cancelReturnedOrder(selectedReturn)},REQUIRES_ACTION_PERMISSION_API_AND_STATE_PROOF
control-panel,services/dsh/frontend/control-panel/operations/ExceptionsEscalationsScreen.tsx,510,textarea,<textarea,REQUIRES_ACTION_PERMISSION_API_AND_STATE_PROOF
control-panel,services/dsh/frontend/control-panel/operations/ExceptionsEscalationsScreen.tsx,512,onChange,onChange={(event) => setNote(event.target.value)},REQUIRES_ACTION_PERMISSION_API_AND_STATE_PROOF
control-panel,services/dsh/frontend/control-panel/operations/ExceptionsEscalationsScreen.tsx,523,onClick,"<CpButton variant=""secondary"" onClick={() => void resolveReadiness(selectedReadiness, 'acknowledged')}>",REQUIRES_ACTION_PERMISSION_API_AND_STATE_PROOF
control-panel,services/dsh/frontend/control-panel/operations/ExceptionsEscalationsScreen.tsx,527,onClick,"<CpButton variant=""primary"" onClick={() => void resolveReadiness(selectedReadiness, 'resolved')}>",REQUIRES_ACTION_PERMISSION_API_AND_STATE_PROOF
control-panel,services/dsh/frontend/control-panel/operations/ExceptionsEscalationsScreen.tsx,545,onClick,"<CpButton variant=""secondary"" onClick={() => { void load(); void loadCaptains(); }}>تحديث</CpButton>",REQUIRES_ACTION_PERMISSION_API_AND_STATE_PROOF
control-panel,services/dsh/frontend/control-panel/operations/ExceptionsEscalationsScreen.tsx,546,onClick,"<CpButton variant=""ghost"" onClick={() => router.push(hubHref)}>العودة لمركز العمليات</CpButton>",REQUIRES_ACTION_PERMISSION_API_AND_STATE_PROOF
control-panel,services/dsh/frontend/control-panel/operations/ExceptionsEscalationsScreen.tsx,551,onClick,<CpRetryButton onClick={loadCaptains}>إعادة المحاولة</CpRetryButton>,REQUIRES_ACTION_PERMISSION_API_AND_STATE_PROOF
control-panel,services/dsh/frontend/control-panel/operations/ExceptionsEscalationsScreen.tsx,597,onClick,onClick={() => {,REQUIRES_ACTION_PERMISSION_API_AND_STATE_PROOF
control-panel,services/dsh/frontend/control-panel/operations/ExceptionsEscalationsScreen.tsx,607,onClick,"onClick={() => router.push(buildOperationsHref('live-orders', { subGroup: 'queue', orderId: item.orderId }))}",REQUIRES_ACTION_PERMISSION_API_AND_STATE_PROOF
control-panel,services/dsh/frontend/control-panel/operations/ExceptionsEscalationsScreen.tsx,630,onClick,onClick={() => {,REQUIRES_ACTION_PERMISSION_API_AND_STATE_PROOF
control-panel,services/dsh/frontend/control-panel/operations/ExceptionsEscalationsScreen.tsx,679,onClick,onClick={() => {,REQUIRES_ACTION_PERMISSION_API_AND_STATE_PROOF
control-panel,services/dsh/frontend/control-panel/operations/ExceptionsEscalationsScreen.tsx,690,onClick,"onClick={() => router.push(buildOperationsHref('live-orders', { subGroup: 'queue', orderId: item.orderId }))}",REQUIRES_ACTION_PERMISSION_API_AND_STATE_PROOF
control-panel,services/dsh/frontend/control-panel/operations/OperationsHubScreen.tsx,224,button,<button,REQUIRES_ACTION_PERMISSION_API_AND_STATE_PROOF
control-panel,services/dsh/frontend/control-panel/operations/OperationsHubScreen.tsx,227,onClick,onClick={() => router.push(getDshRoute('dashboard'))},REQUIRES_ACTION_PERMISSION_API_AND_STATE_PROOF
control-panel,services/dsh/frontend/control-panel/operations/OperationsHubScreen.tsx,232,button,<button,REQUIRES_ACTION_PERMISSION_API_AND_STATE_PROOF
control-panel,services/dsh/frontend/control-panel/operations/OperationsHubScreen.tsx,235,onClick,onClick={() => router.push(getDshRoute('operations'))},REQUIRES_ACTION_PERMISSION_API_AND_STATE_PROOF
control-panel,services/dsh/frontend/control-panel/operations/OperationsHubScreen.tsx,240,button,<button,REQUIRES_ACTION_PERMISSION_API_AND_STATE_PROOF
control-panel,services/dsh/frontend/control-panel/operations/OperationsHubScreen.tsx,245,onClick,onClick={() => router.push(buildOperationsHref(activeGroup))},REQUIRES_ACTION_PERMISSION_API_AND_STATE_PROOF
control-panel,services/dsh/frontend/control-panel/operations/OrderJourneyDispatchAssignmentScreen.tsx,202,Button,<Button,REQUIRES_ACTION_PERMISSION_API_AND_STATE_PROOF
control-panel,services/dsh/frontend/control-panel/operations/OrderJourneyDispatchAssignmentScreen.tsx,206,onPress,onPress={() => setSelectedCaptainId(candidate.captainId)},REQUIRES_ACTION_PERMISSION_API_AND_STATE_PROOF
control-panel,services/dsh/frontend/control-panel/operations/OrderJourneyDispatchAssignmentScreen.tsx,210,Button,<Button,REQUIRES_ACTION_PERMISSION_API_AND_STATE_PROOF
control-panel,services/dsh/frontend/control-panel/operations/OrderJourneyDispatchAssignmentScreen.tsx,213,onPress,onPress={() => void handleAssign()},REQUIRES_ACTION_PERMISSION_API_AND_STATE_PROOF
control-panel,services/dsh/frontend/control-panel/operations/OrderJourneyLiveOrdersScreen.tsx,176,Button,<Button,REQUIRES_ACTION_PERMISSION_API_AND_STATE_PROOF
control-panel,services/dsh/frontend/control-panel/operations/OrderJourneyLiveOrdersScreen.tsx,179,onPress,"onPress={() => router.push(buildOperationsHref('dispatch-capacity', { subGroup: 'pending' }))}",REQUIRES_ACTION_PERMISSION_API_AND_STATE_PROOF
control-panel,services/dsh/frontend/control-panel/operations/OrderJourneyLiveOrdersScreen.tsx,206,Button,"<Button label=""فتح التفاصيل"" tone=""secondary"" onPress={() => router.push(buildOperationsHref('live-orders', { orderId: selected.id, panel: 'detail' }))} />",REQUIRES_ACTION_PERMISSION_API_AND_STATE_PROOF
control-panel,services/dsh/frontend/control-panel/operations/OrderJourneyLiveOrdersScreen.tsx,206,onPress,"<Button label=""فتح التفاصيل"" tone=""secondary"" onPress={() => router.push(buildOperationsHref('live-orders', { orderId: selected.id, panel: 'detail' }))} />",REQUIRES_ACTION_PERMISSION_API_AND_STATE_PROOF
control-panel,services/dsh/frontend/control-panel/operations/OrderJourneyOperatorIntervention.tsx,104,Button,<Button,REQUIRES_ACTION_PERMISSION_API_AND_STATE_PROOF
control-panel,services/dsh/frontend/control-panel/operations/OrderJourneyOperatorIntervention.tsx,108,onPress,onPress={() => void submit()},REQUIRES_ACTION_PERMISSION_API_AND_STATE_PROOF
control-panel,services/dsh/frontend/control-panel/operations/OrderJourneyOperatorIntervention.tsx,157,Button,<Button,REQUIRES_ACTION_PERMISSION_API_AND_STATE_PROOF
control-panel,services/dsh/frontend/control-panel/operations/OrderJourneyOperatorIntervention.tsx,160,onPress,onPress={() => void onChanged()},REQUIRES_ACTION_PERMISSION_API_AND_STATE_PROOF
control-panel,services/dsh/frontend/control-panel/operations/OrderJourneyOperatorIntervention.tsx,205,Button,<Button,REQUIRES_ACTION_PERMISSION_API_AND_STATE_PROOF
control-panel,services/dsh/frontend/control-panel/operations/OrderJourneyOperatorIntervention.tsx,212,onPress,onPress={() => {,REQUIRES_ACTION_PERMISSION_API_AND_STATE_PROOF
control-panel,services/dsh/frontend/control-panel/operations/OrderJourneyOperatorIntervention.tsx,233,Button,<Button,REQUIRES_ACTION_PERMISSION_API_AND_STATE_PROOF
control-panel,services/dsh/frontend/control-panel/operations/OrderJourneyOperatorIntervention.tsx,237,onPress,onPress={() => void submit()},REQUIRES_ACTION_PERMISSION_API_AND_STATE_PROOF
control-panel,services/dsh/frontend/control-panel/operations/OrderPreparationAlertsPanel.tsx,30,Button,<Button,REQUIRES_ACTION_PERMISSION_API_AND_STATE_PROOF
control-panel,services/dsh/frontend/control-panel/operations/OrderPreparationAlertsPanel.tsx,34,onPress,onPress={() => void controller.scan()},REQUIRES_ACTION_PERMISSION_API_AND_STATE_PROOF
control-panel,services/dsh/frontend/control-panel/operations/OrderPreparationAlertsPanel.tsx,81,Button,<Button,REQUIRES_ACTION_PERMISSION_API_AND_STATE_PROOF
control-panel,services/dsh/frontend/control-panel/operations/OrderPreparationAlertsPanel.tsx,85,onPress,onPress={() => onOpenOrder(alert.orderId)},REQUIRES_ACTION_PERMISSION_API_AND_STATE_PROOF
control-panel,services/dsh/frontend/control-panel/operations/OrderPreparationAlertsPanel.tsx,88,Button,<Button,REQUIRES_ACTION_PERMISSION_API_AND_STATE_PROOF
control-panel,services/dsh/frontend/control-panel/operations/OrderPreparationAlertsPanel.tsx,92,onPress,onPress={() => void controller.acknowledge(alert)},REQUIRES_ACTION_PERMISSION_API_AND_STATE_PROOF
control-panel,services/dsh/frontend/control-panel/operations/OrderRescueScreen.tsx,133,Button,<Button,REQUIRES_ACTION_PERMISSION_API_AND_STATE_PROOF
control-panel,services/dsh/frontend/control-panel/operations/OrderRescueScreen.tsx,136,onPress,onPress={() => void createCase()},REQUIRES_ACTION_PERMISSION_API_AND_STATE_PROOF
control-panel,services/dsh/frontend/control-panel/operations/OrderRescueScreen.tsx,161,Button,<Button,REQUIRES_ACTION_PERMISSION_API_AND_STATE_PROOF
control-panel,services/dsh/frontend/control-panel/operations/OrderRescueScreen.tsx,164,onPress,onPress={() => setSelectedId(item.id)},REQUIRES_ACTION_PERMISSION_API_AND_STATE_PROOF
control-panel,services/dsh/frontend/control-panel/operations/OrderRescueScreen.tsx,166,Button,<Button,REQUIRES_ACTION_PERMISSION_API_AND_STATE_PROOF
control-panel,services/dsh/frontend/control-panel/operations/OrderRescueScreen.tsx,170,onPress,"onPress={() => void updateStatus(item, 'investigating')}",REQUIRES_ACTION_PERMISSION_API_AND_STATE_PROOF
control-panel,services/dsh/frontend/control-panel/operations/OrderRescueScreen.tsx,172,Button,<Button,REQUIRES_ACTION_PERMISSION_API_AND_STATE_PROOF
control-panel,services/dsh/frontend/control-panel/operations/OrderRescueScreen.tsx,176,onPress,"onPress={() => void updateStatus(item, 'action_required')}",REQUIRES_ACTION_PERMISSION_API_AND_STATE_PROOF
control-panel,services/dsh/frontend/control-panel/operations/OrderRescueScreen.tsx,194,Button,<Button,REQUIRES_ACTION_PERMISSION_API_AND_STATE_PROOF
control-panel,services/dsh/frontend/control-panel/operations/OrderRescueScreen.tsx,197,onPress,"onPress={() => void updateStatus(selected, 'resolved')}",REQUIRES_ACTION_PERMISSION_API_AND_STATE_PROOF
control-panel,services/dsh/frontend/control-panel/operations/OrderRescueScreen.tsx,199,Button,<Button,REQUIRES_ACTION_PERMISSION_API_AND_STATE_PROOF
control-panel,services/dsh/frontend/control-panel/operations/OrderRescueScreen.tsx,203,onPress,"onPress={() => void updateStatus(selected, 'closed')}",REQUIRES_ACTION_PERMISSION_API_AND_STATE_PROOF
control-panel,services/dsh/frontend/control-panel/operations/OrderRescueScreen.tsx,205,Button,"<Button label=""إلغاء التحديد"" tone=""ghost"" onPress={() => setSelectedId('')} />",REQUIRES_ACTION_PERMISSION_API_AND_STATE_PROOF
control-panel,services/dsh/frontend/control-panel/operations/OrderRescueScreen.tsx,205,onPress,"<Button label=""إلغاء التحديد"" tone=""ghost"" onPress={() => setSelectedId('')} />",REQUIRES_ACTION_PERMISSION_API_AND_STATE_PROOF
control-panel,services/dsh/frontend/control-panel/operations/OrderRescueScreen.tsx,222,Button,"<Button label=""تحديث الصف"" tone=""secondary"" onPress={() => void controller.reload()} />",REQUIRES_ACTION_PERMISSION_API_AND_STATE_PROOF
control-panel,services/dsh/frontend/control-panel/operations/OrderRescueScreen.tsx,222,onPress,"<Button label=""تحديث الصف"" tone=""secondary"" onPress={() => void controller.reload()} />",REQUIRES_ACTION_PERMISSION_API_AND_STATE_PROOF
control-panel,services/dsh/frontend/control-panel/operations/OrderRescueScreen.tsx,223,Button,"<Button label=""العودة إلى مركز العمليات"" tone=""ghost"" onPress={() => window.location.assign(hubHref)} />",REQUIRES_ACTION_PERMISSION_API_AND_STATE_PROOF
control-panel,services/dsh/frontend/control-panel/operations/OrderRescueScreen.tsx,223,onPress,"<Button label=""العودة إلى مركز العمليات"" tone=""ghost"" onPress={() => window.location.assign(hubHref)} />",REQUIRES_ACTION_PERMISSION_API_AND_STATE_PROOF
control-panel,services/dsh/frontend/control-panel/operations/PartnerDeliverySLAAlertsPanel.tsx,80,Button,"<Button label={busy ? 'جارٍ فحص SLA…' : 'فحص SLA الآن'} tone=""secondary"" disabled={busy} onPress={() => void scan()} />",REQUIRES_ACTION_PERMISSION_API_AND_STATE_PROOF
control-panel,services/dsh/frontend/control-panel/operations/PartnerDeliverySLAAlertsPanel.tsx,80,onPress,"<Button label={busy ? 'جارٍ فحص SLA…' : 'فحص SLA الآن'} tone=""secondary"" disabled={busy} onPress={() => void scan()} />",REQUIRES_ACTION_PERMISSION_API_AND_STATE_PROOF
control-panel,services/dsh/frontend/control-panel/operations/PartnerDeliverySLAAlertsPanel.tsx,106,Button,"<Button label=""فتح الطلب"" tone=""secondary"" disabled={busy} onPress={() => onOpenOrder(alert.orderId)} />",REQUIRES_ACTION_PERMISSION_API_AND_STATE_PROOF
control-panel,services/dsh/frontend/control-panel/operations/PartnerDeliverySLAAlertsPanel.tsx,106,onPress,"<Button label=""فتح الطلب"" tone=""secondary"" disabled={busy} onPress={() => onOpenOrder(alert.orderId)} />",REQUIRES_ACTION_PERMISSION_API_AND_STATE_PROOF
control-panel,services/dsh/frontend/control-panel/operations/PartnerDeliverySLAAlertsPanel.tsx,108,Button,"<Button label={busy ? 'جارٍ الإقرار…' : 'إقرار المراجعة'} tone=""brand"" disabled={busy} onPress={() => void acknowledge(alert)} />",REQUIRES_ACTION_PERMISSION_API_AND_STATE_PROOF
control-panel,services/dsh/frontend/control-panel/operations/PartnerDeliverySLAAlertsPanel.tsx,108,onPress,"<Button label={busy ? 'جارٍ الإقرار…' : 'إقرار المراجعة'} tone=""brand"" disabled={busy} onPress={() => void acknowledge(alert)} />",REQUIRES_ACTION_PERMISSION_API_AND_STATE_PROOF
control-panel,services/dsh/frontend/control-panel/operations/PartnerDeliveryWorkbenchScreen.tsx,181,Button,<Button,REQUIRES_ACTION_PERMISSION_API_AND_STATE_PROOF
control-panel,services/dsh/frontend/control-panel/operations/PartnerDeliveryWorkbenchScreen.tsx,185,onPress,onPress={() => void handleRaiseException()},REQUIRES_ACTION_PERMISSION_API_AND_STATE_PROOF
control-panel,services/dsh/frontend/control-panel/operations/PartnerStoresScreen.tsx,190,Button,<Button,REQUIRES_ACTION_PERMISSION_API_AND_STATE_PROOF
control-panel,services/dsh/frontend/control-panel/operations/PartnerStoresScreen.tsx,193,onPress,onPress={() => router.push(`/dsh/catalogs?storeId=${activeStore.id}`)},REQUIRES_ACTION_PERMISSION_API_AND_STATE_PROOF
control-panel,services/dsh/frontend/control-panel/operations/PartnerStoresScreen.tsx,195,Button,<Button,REQUIRES_ACTION_PERMISSION_API_AND_STATE_PROOF
control-panel,services/dsh/frontend/control-panel/operations/PartnerStoresScreen.tsx,198,onPress,onPress={() => router.push(`/dsh/partners?storeId=${activeStore.id}`)},REQUIRES_ACTION_PERMISSION_API_AND_STATE_PROOF
control-panel,services/dsh/frontend/control-panel/operations/PartnerStoresScreen.tsx,212,Button,<Button,REQUIRES_ACTION_PERMISSION_API_AND_STATE_PROOF
control-panel,services/dsh/frontend/control-panel/operations/PartnerStoresScreen.tsx,215,onPress,"onPress={() => updateLifecycle('active', 'استئناف استقبال الطلبات من لوحة العمليات')}",REQUIRES_ACTION_PERMISSION_API_AND_STATE_PROOF
control-panel,services/dsh/frontend/control-panel/operations/PartnerStoresScreen.tsx,218,Button,<Button,REQUIRES_ACTION_PERMISSION_API_AND_STATE_PROOF
control-panel,services/dsh/frontend/control-panel/operations/PartnerStoresScreen.tsx,222,onPress,"onPress={() => updateLifecycle('temporarily_closed', 'إيقاف مؤقت لاستقبال الطلبات من لوحة العمليات')}",REQUIRES_ACTION_PERMISSION_API_AND_STATE_PROOF
control-panel,services/dsh/frontend/control-panel/operations/PickupSLAAlertsPanel.tsx,79,Button,"<Button label={busy ? 'جارٍ فحص SLA…' : 'فحص SLA الآن'} tone=""secondary"" disabled={busy} onPress={() => void scan()} />",REQUIRES_ACTION_PERMISSION_API_AND_STATE_PROOF
control-panel,services/dsh/frontend/control-panel/operations/PickupSLAAlertsPanel.tsx,79,onPress,"<Button label={busy ? 'جارٍ فحص SLA…' : 'فحص SLA الآن'} tone=""secondary"" disabled={busy} onPress={() => void scan()} />",REQUIRES_ACTION_PERMISSION_API_AND_STATE_PROOF
control-panel,services/dsh/frontend/control-panel/operations/PickupSLAAlertsPanel.tsx,105,Button,"<Button label=""فتح الطلب"" tone=""secondary"" disabled={busy} onPress={() => onOpenOrder(alert.orderId)} />",REQUIRES_ACTION_PERMISSION_API_AND_STATE_PROOF
control-panel,services/dsh/frontend/control-panel/operations/PickupSLAAlertsPanel.tsx,105,onPress,"<Button label=""فتح الطلب"" tone=""secondary"" disabled={busy} onPress={() => onOpenOrder(alert.orderId)} />",REQUIRES_ACTION_PERMISSION_API_AND_STATE_PROOF
control-panel,services/dsh/frontend/control-panel/operations/PickupSLAAlertsPanel.tsx,107,Button,"<Button label={busy ? 'جارٍ الإقرار…' : 'إقرار المراجعة'} tone=""brand"" disabled={busy} onPress={() => void acknowledge(alert)} />",REQUIRES_ACTION_PERMISSION_API_AND_STATE_PROOF
control-panel,services/dsh/frontend/control-panel/operations/PickupSLAAlertsPanel.tsx,107,onPress,"<Button label={busy ? 'جارٍ الإقرار…' : 'إقرار المراجعة'} tone=""brand"" disabled={busy} onPress={() => void acknowledge(alert)} />",REQUIRES_ACTION_PERMISSION_API_AND_STATE_PROOF
control-panel,services/dsh/frontend/control-panel/operations/components/AssistedOrderDeskInspector.tsx,54,button,<button,REQUIRES_ACTION_PERMISSION_API_AND_STATE_PROOF
control-panel,services/dsh/frontend/control-panel/operations/components/AssistedOrderDeskInspector.tsx,57,onClick,onClick={onClose},REQUIRES_ACTION_PERMISSION_API_AND_STATE_PROOF
control-panel,services/dsh/frontend/control-panel/operations/components/AssistedOrderDeskInspector.tsx,102,input,<input,REQUIRES_ACTION_PERMISSION_API_AND_STATE_PROOF
control-panel,services/dsh/frontend/control-panel/operations/components/AssistedOrderDeskInspector.tsx,105,onChange,"onChange={(e) => onUpdateLookup(input.key, e.target.value)}",REQUIRES_ACTION_PERMISSION_API_AND_STATE_PROOF
control-panel,services/dsh/frontend/control-panel/operations/components/AssistedOrderDeskInspector.tsx,126,button,<button,REQUIRES_ACTION_PERMISSION_API_AND_STATE_PROOF
control-panel,services/dsh/frontend/control-panel/operations/components/AssistedOrderDeskInspector.tsx,129,onClick,onClick={() => onToggleVerificationStep(step.stepId)},REQUIRES_ACTION_PERMISSION_API_AND_STATE_PROOF
control-panel,services/dsh/frontend/control-panel/operations/components/AssistedOrderDeskInspector.tsx,150,button,<button,REQUIRES_ACTION_PERMISSION_API_AND_STATE_PROOF
control-panel,services/dsh/frontend/control-panel/operations/components/AssistedOrderDeskInspector.tsx,152,onClick,"onClick={() => onUpdateCartItemQty(item.sku, -1)}",REQUIRES_ACTION_PERMISSION_API_AND_STATE_PROOF
control-panel,services/dsh/frontend/control-panel/operations/components/AssistedOrderDeskInspector.tsx,158,button,<button,REQUIRES_ACTION_PERMISSION_API_AND_STATE_PROOF
control-panel,services/dsh/frontend/control-panel/operations/components/AssistedOrderDeskInspector.tsx,160,onClick,"onClick={() => onUpdateCartItemQty(item.sku, 1)}",REQUIRES_ACTION_PERMISSION_API_AND_STATE_PROOF
control-panel,services/dsh/frontend/control-panel/operations/components/AssistedOrderDeskInspector.tsx,165,select,<select,REQUIRES_ACTION_PERMISSION_API_AND_STATE_PROOF
control-panel,services/dsh/frontend/control-panel/operations/components/AssistedOrderDeskInspector.tsx,167,onChange,"onChange={(e) => onUpdateCartItemStatus(item.sku, e.target.value as 'active' | 'substitute' | 'unavailable')}",REQUIRES_ACTION_PERMISSION_API_AND_STATE_PROOF
control-panel,services/dsh/frontend/control-panel/operations/components/AssistedOrderDeskInspector.tsx,175,button,<button,REQUIRES_ACTION_PERMISSION_API_AND_STATE_PROOF
control-panel,services/dsh/frontend/control-panel/operations/components/AssistedOrderDeskInspector.tsx,177,onClick,onClick={() => onRemoveCartItem(item.sku)},REQUIRES_ACTION_PERMISSION_API_AND_STATE_PROOF
control-panel,services/dsh/frontend/control-panel/operations/components/AssistedOrderDeskInspector.tsx,188,button,<button,REQUIRES_ACTION_PERMISSION_API_AND_STATE_PROOF
control-panel,services/dsh/frontend/control-panel/operations/components/AssistedOrderDeskInspector.tsx,190,onClick,onClick={onAddCartItem},REQUIRES_ACTION_PERMISSION_API_AND_STATE_PROOF
control-panel,services/dsh/frontend/control-panel/operations/components/AssistedOrderDeskInspector.tsx,208,button,<button,REQUIRES_ACTION_PERMISSION_API_AND_STATE_PROOF
control-panel,services/dsh/frontend/control-panel/operations/components/AssistedOrderDeskInspector.tsx,211,onClick,onClick={() => onSelectDeliveryMode(option.modeId)},REQUIRES_ACTION_PERMISSION_API_AND_STATE_PROOF
control-panel,services/dsh/frontend/control-panel/operations/components/AssistedOrderDeskInspector.tsx,234,button,<button,REQUIRES_ACTION_PERMISSION_API_AND_STATE_PROOF
control-panel,services/dsh/frontend/control-panel/operations/components/AssistedOrderDeskInspector.tsx,236,onClick,onClick={onToggleServiceability},REQUIRES_ACTION_PERMISSION_API_AND_STATE_PROOF
control-panel,services/dsh/frontend/control-panel/operations/components/AssistedOrderDeskInspector.tsx,255,input,<input,REQUIRES_ACTION_PERMISSION_API_AND_STATE_PROOF
control-panel,services/dsh/frontend/control-panel/operations/components/AssistedOrderDeskInspector.tsx,258,onChange,"onChange={(e) => onUpdateWltHandoff('paymentVisibility', e.target.value)}",REQUIRES_ACTION_PERMISSION_API_AND_STATE_PROOF
control-panel,services/dsh/frontend/control-panel/operations/components/AssistedOrderDeskInspector.tsx,264,input,<input,REQUIRES_ACTION_PERMISSION_API_AND_STATE_PROOF
control-panel,services/dsh/frontend/control-panel/operations/components/AssistedOrderDeskInspector.tsx,267,onChange,"onChange={(e) => onUpdateWltHandoff('refundVisibility', e.target.value)}",REQUIRES_ACTION_PERMISSION_API_AND_STATE_PROOF
control-panel,services/dsh/frontend/control-panel/operations/components/AssistedOrderDeskInspector.tsx,274,input,<input,REQUIRES_ACTION_PERMISSION_API_AND_STATE_PROOF
control-panel,services/dsh/frontend/control-panel/operations/components/AssistedOrderDeskInspector.tsx,277,onChange,"onChange={(e) => onUpdateWltHandoff('settlementVisibility', e.target.value)}",REQUIRES_ACTION_PERMISSION_API_AND_STATE_PROOF
control-panel,services/dsh/frontend/control-panel/operations/components/AssistedOrderDeskInspector.tsx,291,input,<input,REQUIRES_ACTION_PERMISSION_API_AND_STATE_PROOF
control-panel,services/dsh/frontend/control-panel/operations/components/AssistedOrderDeskInspector.tsx,294,onChange,"onChange={(e) => onUpdateAuditReason('reasonLabel', e.target.value)}",REQUIRES_ACTION_PERMISSION_API_AND_STATE_PROOF
control-panel,services/dsh/frontend/control-panel/operations/components/AssistedOrderDeskInspector.tsx,300,textarea,<textarea,REQUIRES_ACTION_PERMISSION_API_AND_STATE_PROOF
control-panel,services/dsh/frontend/control-panel/operations/components/AssistedOrderDeskInspector.tsx,302,onChange,"onChange={(e) => onUpdateAuditReason('operatorNote', e.target.value)}",REQUIRES_ACTION_PERMISSION_API_AND_STATE_PROOF
control-panel,services/dsh/frontend/control-panel/operations/components/AssistedOrderDeskInspector.tsx,312,button,<button,REQUIRES_ACTION_PERMISSION_API_AND_STATE_PROOF
control-panel,services/dsh/frontend/control-panel/operations/components/AssistedOrderDeskInspector.tsx,314,onClick,onClick={onSubmitDraft},REQUIRES_ACTION_PERMISSION_API_AND_STATE_PROOF
control-panel,services/dsh/frontend/control-panel/operations/components/ExceptionsExceptionInspector.tsx,104,select,<select,REQUIRES_ACTION_PERMISSION_API_AND_STATE_PROOF
control-panel,services/dsh/frontend/control-panel/operations/components/ExceptionsExceptionInspector.tsx,109,onChange,onChange={(e) => onSetSelectedEscalationQueue(e.target.value)},REQUIRES_ACTION_PERMISSION_API_AND_STATE_PROOF
control-panel,services/dsh/frontend/control-panel/operations/components/ExceptionsExceptionInspector.tsx,119,textarea,<textarea,REQUIRES_ACTION_PERMISSION_API_AND_STATE_PROOF
control-panel,services/dsh/frontend/control-panel/operations/components/ExceptionsExceptionInspector.tsx,125,onChange,onChange={(e) => onSetHandoffNote(e.target.value)},REQUIRES_ACTION_PERMISSION_API_AND_STATE_PROOF
control-panel,services/dsh/frontend/control-panel/operations/components/ExceptionsExceptionInspector.tsx,131,Button,<Button,REQUIRES_ACTION_PERMISSION_API_AND_STATE_PROOF
control-panel,services/dsh/frontend/control-panel/operations/components/ExceptionsExceptionInspector.tsx,135,onPress,"onPress={() => onEscalate(exc.id, selectedEscalationQueue, handoffNote)}",REQUIRES_ACTION_PERMISSION_API_AND_STATE_PROOF
control-panel,services/dsh/frontend/control-panel/operations/components/ExceptionsExceptionInspector.tsx,137,Button,"<Button label=""إلغاء"" tone=""secondary"" onPress={() => onSetActiveForm(null)} />",REQUIRES_ACTION_PERMISSION_API_AND_STATE_PROOF
control-panel,services/dsh/frontend/control-panel/operations/components/ExceptionsExceptionInspector.tsx,137,onPress,"<Button label=""إلغاء"" tone=""secondary"" onPress={() => onSetActiveForm(null)} />",REQUIRES_ACTION_PERMISSION_API_AND_STATE_PROOF
control-panel,services/dsh/frontend/control-panel/operations/components/ExceptionsExceptionInspector.tsx,146,textarea,<textarea,REQUIRES_ACTION_PERMISSION_API_AND_STATE_PROOF
control-panel,services/dsh/frontend/control-panel/operations/components/ExceptionsExceptionInspector.tsx,152,onChange,onChange={(e) => onSetResolutionNote(e.target.value)},REQUIRES_ACTION_PERMISSION_API_AND_STATE_PROOF
control-panel,services/dsh/frontend/control-panel/operations/components/ExceptionsExceptionInspector.tsx,158,Button,<Button,REQUIRES_ACTION_PERMISSION_API_AND_STATE_PROOF
control-panel,services/dsh/frontend/control-panel/operations/components/ExceptionsExceptionInspector.tsx,162,onPress,"onPress={() => onResolve(exc.id, resolutionNote)}",REQUIRES_ACTION_PERMISSION_API_AND_STATE_PROOF
control-panel,services/dsh/frontend/control-panel/operations/components/ExceptionsExceptionInspector.tsx,164,Button,"<Button label=""إلغاء"" tone=""secondary"" onPress={() => onSetActiveForm(null)} />",REQUIRES_ACTION_PERMISSION_API_AND_STATE_PROOF
control-panel,services/dsh/frontend/control-panel/operations/components/ExceptionsExceptionInspector.tsx,164,onPress,"<Button label=""إلغاء"" tone=""secondary"" onPress={() => onSetActiveForm(null)} />",REQUIRES_ACTION_PERMISSION_API_AND_STATE_PROOF
control-panel,services/dsh/frontend/control-panel/operations/components/ExceptionsExceptionInspector.tsx,171,Button,<Button,REQUIRES_ACTION_PERMISSION_API_AND_STATE_PROOF
control-panel,services/dsh/frontend/control-panel/operations/components/ExceptionsExceptionInspector.tsx,175,onPress,onPress={() => onSetActiveForm('resolve')},REQUIRES_ACTION_PERMISSION_API_AND_STATE_PROOF
control-panel,services/dsh/frontend/control-panel/operations/components/ExceptionsExceptionInspector.tsx,177,Button,<Button,REQUIRES_ACTION_PERMISSION_API_AND_STATE_PROOF
control-panel,services/dsh/frontend/control-panel/operations/components/ExceptionsExceptionInspector.tsx,181,onPress,onPress={() => onSetActiveForm('escalate')},REQUIRES_ACTION_PERMISSION_API_AND_STATE_PROOF
control-panel,services/dsh/frontend/control-panel/operations/components/ExceptionsExceptionInspector.tsx,191,Button,<Button,REQUIRES_ACTION_PERMISSION_API_AND_STATE_PROOF
control-panel,services/dsh/frontend/control-panel/operations/components/ExceptionsExceptionInspector.tsx,195,onPress,onPress={() => onNavigateToRescue(exc.routeHint)},REQUIRES_ACTION_PERMISSION_API_AND_STATE_PROOF
control-panel,services/dsh/frontend/control-panel/operations/components/ExceptionsExceptionInspector.tsx,197,Button,<Button,REQUIRES_ACTION_PERMISSION_API_AND_STATE_PROOF
control-panel,services/dsh/frontend/control-panel/operations/components/ExceptionsExceptionInspector.tsx,201,onPress,"onPress={() => onNavigateToAudit(auditEntryId ? auditEntryId : supportTicketId, !!auditEntryId)}",REQUIRES_ACTION_PERMISSION_API_AND_STATE_PROOF
control-panel,services/dsh/frontend/control-panel/partners/PartnerCreatePanel.tsx,66,onChange,"<CpTextInput value={legalNameAr} onChange={setLegalNameAr} aria-label=""الاسم القانوني بالعربية"" />",REQUIRES_ACTION_PERMISSION_API_AND_STATE_PROOF
control-panel,services/dsh/frontend/control-panel/partners/PartnerCreatePanel.tsx,69,onChange,"<CpTextInput value={displayName} onChange={setDisplayName} aria-label=""الاسم الظاهر"" />",REQUIRES_ACTION_PERMISSION_API_AND_STATE_PROOF
control-panel,services/dsh/frontend/control-panel/partners/PartnerCreatePanel.tsx,72,onChange,"<CpTextInput value={legalIdentityNumber} onChange={setLegalIdentityNumber} aria-label=""رقم السجل التجاري"" />",REQUIRES_ACTION_PERMISSION_API_AND_STATE_PROOF
control-panel,services/dsh/frontend/control-panel/partners/PartnerCreatePanel.tsx,75,onChange,"<CpTextInput value={ownerName} onChange={setOwnerName} aria-label=""اسم المالك"" />",REQUIRES_ACTION_PERMISSION_API_AND_STATE_PROOF
control-panel,services/dsh/frontend/control-panel/partners/PartnerCreatePanel.tsx,78,onChange,"<CpTextInput value={primaryPhone} onChange={setPrimaryPhone} aria-label=""رقم الجوال"" />",REQUIRES_ACTION_PERMISSION_API_AND_STATE_PROOF
control-panel,services/dsh/frontend/control-panel/partners/PartnerCreatePanel.tsx,81,onChange,"<CpTextInput value={category} onChange={setCategory} aria-label=""الفئة"" />",REQUIRES_ACTION_PERMISSION_API_AND_STATE_PROOF
control-panel,services/dsh/frontend/control-panel/partners/PartnerCreatePanel.tsx,84,onChange,"<CpTextInput value={notes} onChange={setNotes} aria-label=""ملاحظات"" />",REQUIRES_ACTION_PERMISSION_API_AND_STATE_PROOF
control-panel,services/dsh/frontend/control-panel/partners/PartnerCreatePanel.tsx,95,onClick,onClick={() => void submit()},REQUIRES_ACTION_PERMISSION_API_AND_STATE_PROOF
control-panel,services/dsh/frontend/control-panel/partners/PartnerCreatePanel.tsx,99,onClick,<CpButton onClick={onClose}>إلغاء</CpButton>,REQUIRES_ACTION_PERMISSION_API_AND_STATE_PROOF
control-panel,services/dsh/frontend/control-panel/partners/PartnerDetailOperationalScreen.tsx,95,onClick,<CpRetryButton onClick={() => void detail.reload()}>إعادة المحاولة</CpRetryButton>,REQUIRES_ACTION_PERMISSION_API_AND_STATE_PROOF
control-panel,services/dsh/frontend/control-panel/partners/PartnerDetailOperationalScreen.tsx,147,onClick,{onBack ? <CpButton onClick={onBack}>← رجوع</CpButton> : null},REQUIRES_ACTION_PERMISSION_API_AND_STATE_PROOF
control-panel,services/dsh/frontend/control-panel/partners/PartnerDetailOperationalScreen.tsx,156,onChange,onChange={(value) => setTab(value as Tab)},REQUIRES_ACTION_PERMISSION_API_AND_STATE_PROOF
control-panel,services/dsh/frontend/control-panel/partners/PartnerDetailOperationalScreen.tsx,182,onClick,"<CpButton key={status} onClick={() => { setTransitionTarget(status); setTransitionReason(""""); }}>{status}</CpButton>",REQUIRES_ACTION_PERMISSION_API_AND_STATE_PROOF
control-panel,services/dsh/frontend/control-panel/partners/PartnerDetailOperationalScreen.tsx,189,onChange,onChange={setTransitionReason},REQUIRES_ACTION_PERMISSION_API_AND_STATE_PROOF
control-panel,services/dsh/frontend/control-panel/partners/PartnerDetailOperationalScreen.tsx,194,onClick,"<CpButton onClick={() => void confirmTransition()} disabled={detail.mutationState.kind === ""loading"" || (REASON_REQUIRED.has(transitionTarget) && !transitionReason.trim())}>",REQUIRES_ACTION_PERMISSION_API_AND_STATE_PROOF
control-panel,services/dsh/frontend/control-panel/partners/PartnerDetailOperationalScreen.tsx,197,onClick,"<CpButton onClick={() => { setTransitionTarget(null); setTransitionReason(""""); }}>إلغاء</CpButton>",REQUIRES_ACTION_PERMISSION_API_AND_STATE_PROOF
control-panel,services/dsh/frontend/control-panel/partners/PartnerDetailOperationalScreen.tsx,203,onClick,<CpRetryButton onClick={reloadAfterConflict}>تحميل أحدث نسخة</CpRetryButton>,REQUIRES_ACTION_PERMISSION_API_AND_STATE_PROOF
control-panel,services/dsh/frontend/control-panel/partners/PartnerDetailOperationalScreen.tsx,207,onClick,"<CpRetryButton onClick={() => setTab(""readiness"")}>فتح تبويب الجاهزية</CpRetryButton>",REQUIRES_ACTION_PERMISSION_API_AND_STATE_PROOF
control-panel,services/dsh/frontend/control-panel/partners/PartnerDetailOperationalScreen.tsx,219,onClick,": docs.state.kind === ""empty"" ? <CpStatePanel role=""status"" title=""لا توجد وثائق مرفوعة بعد.""><CpRetryButton onClick={() => void docs.load()}>تحديث</CpRetryButton></CpStatePanel>",REQUIRES_ACTION_PERMISSION_API_AND_STATE_PROOF
control-panel,services/dsh/frontend/control-panel/partners/PartnerDetailOperationalScreen.tsx,220,onClick,": docs.state.kind === ""error"" ? <CpStatePanel role=""alert"" title=""تعذر تحميل الوثائق"" code={docs.state.message}><CpRetryButton onClick={() => void docs.load()}>إعادة المحاولة</CpRetryButton></CpStatePanel>",REQUIRES_ACTION_PERMISSION_API_AND_STATE_PROOF
control-panel,services/dsh/frontend/control-panel/partners/PartnerDetailOperationalScreen.tsx,232,onClick,"<CpButton disabled={docs.actionState.kind === ""loading"" || doc.documentStatus === ""approved""} onClick={() => void docs.review(doc.id, { decision: ""approved"" })}>اعتماد</CpButton>",REQUIRES_ACTION_PERMISSION_API_AND_STATE_PROOF
control-panel,services/dsh/frontend/control-panel/partners/PartnerDetailOperationalScreen.tsx,233,onClick,"<CpButton disabled={docs.actionState.kind === ""loading""} onClick={() => { setDocumentDecision({ documentId: doc.id, decision: ""rejected"" }); setDocumentReason(""""); }}>رفض</CpButton>",REQUIRES_ACTION_PERMISSION_API_AND_STATE_PROOF
control-panel,services/dsh/frontend/control-panel/partners/PartnerDetailOperationalScreen.tsx,234,onClick,"<CpButton disabled={docs.actionState.kind === ""loading""} onClick={() => { setDocumentDecision({ documentId: doc.id, decision: ""needs_resubmit"" }); setDocumentReason(""""); }}>طلب إعادة الرفع</CpButton>",REQUIRES_ACTION_PERMISSION_API_AND_STATE_PROOF
control-panel,services/dsh/frontend/control-panel/partners/PartnerDetailOperationalScreen.tsx,243,onChange,"<CpTextInput value={documentReason} onChange={setDocumentReason} placeholder=""سبب القرار ومتطلبات المعالجة"" aria-label=""سبب قرار الوثيقة"" />",REQUIRES_ACTION_PERMISSION_API_AND_STATE_PROOF
control-panel,services/dsh/frontend/control-panel/partners/PartnerDetailOperationalScreen.tsx,245,onClick,"<CpButton disabled={!documentReason.trim() || docs.actionState.kind === ""loading""} onClick={() => void confirmDocumentDecision()}>تأكيد القرار</CpButton>",REQUIRES_ACTION_PERMISSION_API_AND_STATE_PROOF
control-panel,services/dsh/frontend/control-panel/partners/PartnerDetailOperationalScreen.tsx,246,onClick,"<CpButton onClick={() => { setDocumentDecision(null); setDocumentReason(""""); }}>إلغاء</CpButton>",REQUIRES_ACTION_PERMISSION_API_AND_STATE_PROOF
control-panel,services/dsh/frontend/control-panel/partners/PartnerDetailOperationalScreen.tsx,258,onClick,": visits.state.kind === ""error"" ? <CpStatePanel role=""alert"" title=""تعذر تحميل الزيارات الميدانية"" code={visits.state.message}><CpRetryButton onClick={() => void visits.reload()}>إعادة المحاولة</CpRetryButton></CpStatePa",REQUIRES_ACTION_PERMISSION_API_AND_STATE_PROOF
control-panel,services/dsh/frontend/control-panel/partners/PartnerDetailOperationalScreen.tsx,270,onChange,"<CpTextInput value={storeIdToLink} onChange={setStoreIdToLink} placeholder=""معرف المتجر"" aria-label=""معرف المتجر المراد ربطه"" />",REQUIRES_ACTION_PERMISSION_API_AND_STATE_PROOF
control-panel,services/dsh/frontend/control-panel/partners/PartnerDetailOperationalScreen.tsx,271,onClick,"<CpButton disabled={!storeIdToLink.trim() || stores.actionState.kind === ""loading""} onClick={() => void confirmStoreLink()}>",REQUIRES_ACTION_PERMISSION_API_AND_STATE_PROOF
control-panel,services/dsh/frontend/control-panel/partners/PartnerDetailOperationalScreen.tsx,278,onClick,": stores.state.kind === ""error"" ? <CpStatePanel role=""alert"" title=""تعذر تحميل المتاجر"" code={stores.state.message}><CpRetryButton onClick={() => void stores.reload()}>إعادة المحاولة</CpRetryButton></CpStatePanel>",REQUIRES_ACTION_PERMISSION_API_AND_STATE_PROOF
control-panel,services/dsh/frontend/control-panel/partners/PartnerDetailOperationalScreen.tsx,291,onClick,<CpButton onClick={() => setSelectedPricingStoreId((current) => current === store.id ? null : store.id)}>,REQUIRES_ACTION_PERMISSION_API_AND_STATE_PROOF
control-panel,services/dsh/frontend/control-panel/partners/PartnerDetailOperationalScreen.tsx,307,onClick,": readiness.state.kind === ""error"" ? <CpStatePanel role=""alert"" title=""تعذر تحميل الجاهزية"" code={readiness.state.message}><CpRetryButton onClick={() => void readiness.reload()}>إعادة المحاولة</CpRetryButton></CpStatePan",REQUIRES_ACTION_PERMISSION_API_AND_STATE_PROOF
control-panel,services/dsh/frontend/control-panel/partners/PartnerDetailOperationalScreen.tsx,319,onClick,": audit.state.kind === ""error"" ? <CpStatePanel role=""alert"" title=""تعذر تحميل سجل التدقيق"" code={audit.state.message}><CpRetryButton onClick={() => void audit.reload()}>إعادة المحاولة</CpRetryButton></CpStatePanel>",REQUIRES_ACTION_PERMISSION_API_AND_STATE_PROOF
control-panel,services/dsh/frontend/control-panel/partners/PartnerDetailUnifiedScreen.tsx,132,onClick,<CpRetryButton onClick={() => void detail.reload()}>إعادة المحاولة</CpRetryButton>,REQUIRES_ACTION_PERMISSION_API_AND_STATE_PROOF
control-panel,services/dsh/frontend/control-panel/partners/PartnerDetailUnifiedScreen.tsx,198,onClick,{onBack ? <CpButton onClick={onBack}>← رجوع</CpButton> : null},REQUIRES_ACTION_PERMISSION_API_AND_STATE_PROOF
control-panel,services/dsh/frontend/control-panel/partners/PartnerDetailUnifiedScreen.tsx,207,onChange,onChange={(value) => setTab(value as Tab)},REQUIRES_ACTION_PERMISSION_API_AND_STATE_PROOF
control-panel,services/dsh/frontend/control-panel/partners/PartnerDetailUnifiedScreen.tsx,230,onClick,"<CpButton key={status} onClick={() => { setTransitionTarget(status); setTransitionReason(""""); }}>{status}</CpButton>",REQUIRES_ACTION_PERMISSION_API_AND_STATE_PROOF
control-panel,services/dsh/frontend/control-panel/partners/PartnerDetailUnifiedScreen.tsx,235,onChange,"<CpTextInput value={transitionReason} onChange={setTransitionReason} placeholder=""سبب القرار أو الملاحظة التشغيلية"" aria-label=""سبب انتقال حالة الشريك"" />",REQUIRES_ACTION_PERMISSION_API_AND_STATE_PROOF
control-panel,services/dsh/frontend/control-panel/partners/PartnerDetailUnifiedScreen.tsx,237,onClick,"<CpButton disabled={detail.mutationState.kind === ""loading"" || (REASON_REQUIRED.has(transitionTarget) && !transitionReason.trim())} onClick={() => void confirmTransition()}>تأكيد</CpButton>",REQUIRES_ACTION_PERMISSION_API_AND_STATE_PROOF
control-panel,services/dsh/frontend/control-panel/partners/PartnerDetailUnifiedScreen.tsx,238,onClick,<CpButton onClick={() => setTransitionTarget(null)}>إلغاء</CpButton>,REQUIRES_ACTION_PERMISSION_API_AND_STATE_PROOF
control-panel,services/dsh/frontend/control-panel/partners/PartnerDetailUnifiedScreen.tsx,263,onClick,"<CpButton disabled={document.documentStatus === ""approved"" || documents.actionState.kind === ""loading""} onClick={() => void documents.review(document.id, { decision: ""approved"" }).then(() => readiness.reload())}>اعتماد</",REQUIRES_ACTION_PERMISSION_API_AND_STATE_PROOF
control-panel,services/dsh/frontend/control-panel/partners/PartnerDetailUnifiedScreen.tsx,264,onClick,"<CpButton onClick={() => { setDocumentDecision({ id: document.id, decision: ""rejected"" }); setDocumentReason(""""); }}>رفض</CpButton>",REQUIRES_ACTION_PERMISSION_API_AND_STATE_PROOF
control-panel,services/dsh/frontend/control-panel/partners/PartnerDetailUnifiedScreen.tsx,265,onClick,"<CpButton onClick={() => { setDocumentDecision({ id: document.id, decision: ""needs_resubmit"" }); setDocumentReason(""""); }}>إعادة الرفع</CpButton>",REQUIRES_ACTION_PERMISSION_API_AND_STATE_PROOF
control-panel,services/dsh/frontend/control-panel/partners/PartnerDetailUnifiedScreen.tsx,272,onChange,"<CpTextInput value={documentReason} onChange={setDocumentReason} placeholder=""سبب القرار، خمسة أحرف على الأقل"" aria-label=""سبب قرار الوثيقة"" />",REQUIRES_ACTION_PERMISSION_API_AND_STATE_PROOF
control-panel,services/dsh/frontend/control-panel/partners/PartnerDetailUnifiedScreen.tsx,274,onClick,"<CpButton disabled={documentReason.trim().length < 5 || documents.actionState.kind === ""loading""} onClick={() => void confirmDocumentReview()}>تأكيد</CpButton>",REQUIRES_ACTION_PERMISSION_API_AND_STATE_PROOF
control-panel,services/dsh/frontend/control-panel/partners/PartnerDetailUnifiedScreen.tsx,275,onClick,<CpButton onClick={() => setDocumentDecision(null)}>إلغاء</CpButton>,REQUIRES_ACTION_PERMISSION_API_AND_STATE_PROOF
control-panel,services/dsh/frontend/control-panel/partners/PartnerDetailUnifiedScreen.tsx,295,onChange,"<CpTextInput value={storeId} onChange={setStoreId} placeholder=""معرف المتجر"" aria-label=""معرف المتجر"" />",REQUIRES_ACTION_PERMISSION_API_AND_STATE_PROOF
control-panel,services/dsh/frontend/control-panel/partners/PartnerDetailUnifiedScreen.tsx,296,onChange,"<CpTextInput value={storeReason} onChange={setStoreReason} placeholder=""سبب الإسناد أو النقل"" aria-label=""سبب نقل ملكية المتجر"" />",REQUIRES_ACTION_PERMISSION_API_AND_STATE_PROOF
control-panel,services/dsh/frontend/control-panel/partners/PartnerDetailUnifiedScreen.tsx,297,onChange,"<CpTextInput value={storeVersion} onChange={setStoreVersion} placeholder=""إصدار المتجر الحالي عند النقل"" aria-label=""إصدار المتجر المتوقع"" />",REQUIRES_ACTION_PERMISSION_API_AND_STATE_PROOF
control-panel,services/dsh/frontend/control-panel/partners/PartnerDetailUnifiedScreen.tsx,298,onClick,"<CpButton disabled={!storeId.trim() || stores.actionState.kind === ""loading""} onClick={() => void confirmStoreOwnership()}>",REQUIRES_ACTION_PERMISSION_API_AND_STATE_PROOF
control-panel,services/dsh/frontend/control-panel/partners/PartnerDetailUnifiedScreen.tsx,307,onClick,": <><CpTable aria-label=""فروع الشريك""><thead><tr><CpTableHeaderCell>الفرع</CpTableHeaderCell><CpTableHeaderCell>المدينة</CpTableHeaderCell><CpTableHeaderCell>الحالة</CpTableHeaderCell><CpTableHeaderCell>ظهور العميل</CpTa",REQUIRES_ACTION_PERMISSION_API_AND_STATE_PROOF
control-panel,services/dsh/frontend/control-panel/partners/PartnerDetailUnifiedScreen.tsx,314,onClick,": readiness.state.kind === ""error"" ? <CpStatePanel role=""alert"" title=""تعذر تحميل الجاهزية"" code={readiness.state.message}><CpRetryButton onClick={() => void readiness.reload()}>إعادة المحاولة</CpRetryButton></CpStatePan",REQUIRES_ACTION_PERMISSION_API_AND_STATE_PROOF
control-panel,services/dsh/frontend/control-panel/partners/PartnerGovernanceWorkspaceScreen.tsx,161,onClick,<CpRetryButton onClick={controller.retry}>إعادة المحاولة</CpRetryButton>,REQUIRES_ACTION_PERMISSION_API_AND_STATE_PROOF
control-panel,services/dsh/frontend/control-panel/partners/PartnerGovernanceWorkspaceScreen.tsx,172,onClick,<CpRetryButton onClick={controller.retry}>إعادة المحاولة</CpRetryButton>,REQUIRES_ACTION_PERMISSION_API_AND_STATE_PROOF
control-panel,services/dsh/frontend/control-panel/partners/PartnerGovernanceWorkspaceScreen.tsx,185,onClick,<CpRetryButton onClick={controller.retry}>تحديث</CpRetryButton>,REQUIRES_ACTION_PERMISSION_API_AND_STATE_PROOF
control-panel,services/dsh/frontend/control-panel/partners/PartnerGovernanceWorkspaceScreen.tsx,228,onClick,<CpButton onClick={() => onOpenPartner(partner.id)}>فتح الملف السيادي</CpButton>,REQUIRES_ACTION_PERMISSION_API_AND_STATE_PROOF
control-panel,services/dsh/frontend/control-panel/partners/PartnerListScreen.tsx,83,onClick,{onCreatePartner ? <CpButton onClick={onCreatePartner}>+ إضافة شريك</CpButton> : null},REQUIRES_ACTION_PERMISSION_API_AND_STATE_PROOF
control-panel,services/dsh/frontend/control-panel/partners/PartnerListScreen.tsx,90,onChange,"onChange={(status) => controller.setFilters({ ...controller.filters, status })}",REQUIRES_ACTION_PERMISSION_API_AND_STATE_PROOF
control-panel,services/dsh/frontend/control-panel/partners/PartnerListScreen.tsx,96,onChange,"onChange={(category) => controller.setFilters({ ...controller.filters, category })}",REQUIRES_ACTION_PERMISSION_API_AND_STATE_PROOF
control-panel,services/dsh/frontend/control-panel/partners/PartnerListScreen.tsx,139,onClick,<CpButton onClick={() => onSelectPartner?.(row.id)}>عرض التفاصيل</CpButton>,REQUIRES_ACTION_PERMISSION_API_AND_STATE_PROOF
control-panel,services/dsh/frontend/control-panel/partners/PartnersReviewQueueScreen.tsx,90,onClick,"<CpButton variant=""primary"" onClick={() => setCreateOpen((current) => !current)}>",REQUIRES_ACTION_PERMISSION_API_AND_STATE_PROOF
control-panel,services/dsh/frontend/control-panel/partners/PartnersReviewQueueScreen.tsx,101,onChange,onChange={(value) => handleSelectTab(value as typeof activeTab)},REQUIRES_ACTION_PERMISSION_API_AND_STATE_PROOF
control-panel,services/dsh/frontend/control-panel/partners/PartnersReviewQueueScreen.tsx,108,onChange,onChange={handleSelectSubTab},REQUIRES_ACTION_PERMISSION_API_AND_STATE_PROOF
control-panel,services/dsh/frontend/control-panel/partners/field-assignment/FieldAssignmentWorkspace.tsx,38,onChange,onChange={setActorIdInput},REQUIRES_ACTION_PERMISSION_API_AND_STATE_PROOF
control-panel,services/dsh/frontend/control-panel/partners/field-assignment/FieldAssignmentWorkspace.tsx,46,onClick,onClick={() => {,REQUIRES_ACTION_PERMISSION_API_AND_STATE_PROOF
control-panel,services/dsh/frontend/control-panel/partners/field-readiness/FieldReadinessQueueScreen.tsx,89,onClick,<CpRetryButton onClick={() => void loadOperatorEscalations(activeFilter || undefined)}>إعادة المحاولة</CpRetryButton>,REQUIRES_ACTION_PERMISSION_API_AND_STATE_PROOF
control-panel,services/dsh/frontend/control-panel/partners/field-readiness/FieldReadinessQueueScreen.tsx,102,onChange,onChange={(value) => {,REQUIRES_ACTION_PERMISSION_API_AND_STATE_PROOF
control-panel,services/dsh/frontend/control-panel/partners/field-readiness/FieldReadinessQueueScreen.tsx,115,onClick,<CpRetryButton onClick={resetAction}>إغلاق</CpRetryButton>,REQUIRES_ACTION_PERMISSION_API_AND_STATE_PROOF
control-panel,services/dsh/frontend/control-panel/partners/field-readiness/FieldReadinessQueueScreen.tsx,145,onClick,"<CpButton disabled={actionState.kind === ""submitting""} onClick={() => handleAcknowledge(escalation.id)}>تأكيد الاستلام</CpButton>",REQUIRES_ACTION_PERMISSION_API_AND_STATE_PROOF
control-panel,services/dsh/frontend/control-panel/partners/field-readiness/FieldReadinessQueueScreen.tsx,147,onClick,"<CpButton variant=""brand"" onClick={() => openFollowUp(escalation.id, ""resolved"")}>حل التصعيد</CpButton>",REQUIRES_ACTION_PERMISSION_API_AND_STATE_PROOF
control-panel,services/dsh/frontend/control-panel/partners/field-readiness/FieldReadinessQueueScreen.tsx,149,onClick,"<CpButton variant=""danger"" onClick={() => openFollowUp(escalation.id, ""escalated_further"")}>تصعيد أعلى</CpButton>",REQUIRES_ACTION_PERMISSION_API_AND_STATE_PROOF
control-panel,services/dsh/frontend/control-panel/partners/field-readiness/FieldReadinessQueueScreen.tsx,158,onChange,onChange={setResolutionNote},REQUIRES_ACTION_PERMISSION_API_AND_STATE_PROOF
control-panel,services/dsh/frontend/control-panel/partners/field-readiness/FieldReadinessQueueScreen.tsx,166,onClick,onClick={submitFollowUp},REQUIRES_ACTION_PERMISSION_API_AND_STATE_PROOF
control-panel,services/dsh/frontend/control-panel/partners/field-readiness/FieldReadinessQueueScreen.tsx,170,onClick,<CpButton onClick={() => setFollowUp(null)}>إلغاء</CpButton>,REQUIRES_ACTION_PERMISSION_API_AND_STATE_PROOF
control-panel,services/dsh/frontend/control-panel/partners/stores/OperatorDeliveryPricingPanel.tsx,99,onClick,<CpRetryButton onClick={() => void controller.reload()}>إعادة المحاولة</CpRetryButton>,REQUIRES_ACTION_PERMISSION_API_AND_STATE_PROOF
control-panel,services/dsh/frontend/control-panel/partners/stores/OperatorDeliveryPricingPanel.tsx,146,onChange,"onChange={(value) => patchDraft(mode, { feeYer: value })}",REQUIRES_ACTION_PERMISSION_API_AND_STATE_PROOF
control-panel,services/dsh/frontend/control-panel/partners/stores/OperatorDeliveryPricingPanel.tsx,154,onChange,"onChange={(value) => patchDraft(mode, { status: value as DeliveryPricingRecord[""status""] })}",REQUIRES_ACTION_PERMISSION_API_AND_STATE_PROOF
control-panel,services/dsh/frontend/control-panel/partners/stores/OperatorDeliveryPricingPanel.tsx,163,onChange,"onChange={(value) => patchDraft(mode, { reason: value })}",REQUIRES_ACTION_PERMISSION_API_AND_STATE_PROOF
control-panel,services/dsh/frontend/control-panel/partners/stores/OperatorDeliveryPricingPanel.tsx,170,onClick,onClick={() => void save(mode)},REQUIRES_ACTION_PERMISSION_API_AND_STATE_PROOF
control-panel,services/dsh/frontend/control-panel/partners/stores/OperatorPartnerFleetPanel.tsx,56,onClick,<CpRetryButton onClick={() => void load()}>إعادة المحاولة</CpRetryButton>,REQUIRES_ACTION_PERMISSION_API_AND_STATE_PROOF
control-panel,services/dsh/frontend/control-panel/partners/stores/StoreAdminFilters.tsx,38,onChange,"onChange={(v) => onChange({ ...filters, status: v || null })}",REQUIRES_ACTION_PERMISSION_API_AND_STATE_PROOF
control-panel,services/dsh/frontend/control-panel/partners/stores/StoreAdminFilters.tsx,47,onChange,onChange={(v) =>,REQUIRES_ACTION_PERMISSION_API_AND_STATE_PROOF
control-panel,services/dsh/frontend/control-panel/partners/stores/StoreAdminFilters.tsx,59,onChange,"onChange={(v) => onChange({ ...filters, category: v || null })}",REQUIRES_ACTION_PERMISSION_API_AND_STATE_PROOF
control-panel,services/dsh/frontend/control-panel/partners/stores/StoreAdminFilters.tsx,67,onChange,"onChange={(v) => onChange({ ...filters, search: v || null })}",REQUIRES_ACTION_PERMISSION_API_AND_STATE_PROOF
control-panel,services/dsh/frontend/control-panel/partners/stores/StoreAdminStateView.tsx,63,onClick,<CpRetryButton onClick={onRetry}>,REQUIRES_ACTION_PERMISSION_API_AND_STATE_PROOF
control-panel,services/dsh/frontend/control-panel/partners/stores/StoreAdminTable.tsx,45,onClick,onClick={() =>,REQUIRES_ACTION_PERMISSION_API_AND_STATE_PROOF
control-panel,services/dsh/frontend/control-panel/partners/stores/StoreDetailAdminPanel.tsx,67,select,"<select value={role} onChange={(event) => setRole(event.target.value)} aria-label=""نوع صورة المتجر"">",REQUIRES_ACTION_PERMISSION_API_AND_STATE_PROOF
control-panel,services/dsh/frontend/control-panel/partners/stores/StoreDetailAdminPanel.tsx,67,onChange,"<select value={role} onChange={(event) => setRole(event.target.value)} aria-label=""نوع صورة المتجر"">",REQUIRES_ACTION_PERMISSION_API_AND_STATE_PROOF
control-panel,services/dsh/frontend/control-panel/partners/stores/StoreDetailAdminPanel.tsx,72,input,"<input ref={fileInputRef} type=""file"" accept=""image/*"" aria-label=""اختيار ملف صورة المتجر"" />",REQUIRES_ACTION_PERMISSION_API_AND_STATE_PROOF
control-panel,services/dsh/frontend/control-panel/partners/stores/StoreDetailAdminPanel.tsx,73,onClick,<CpButton onClick={() => void handleUpload()} disabled={uploading}>,REQUIRES_ACTION_PERMISSION_API_AND_STATE_PROOF
control-panel,services/dsh/frontend/control-panel/partners/stores/StoreGovernanceActions.tsx,86,onChange,onChange={(next) => {,REQUIRES_ACTION_PERMISSION_API_AND_STATE_PROOF
control-panel,services/dsh/frontend/control-panel/partners/stores/StoreGovernanceActions.tsx,102,onChange,onChange={setValue},REQUIRES_ACTION_PERMISSION_API_AND_STATE_PROOF
control-panel,services/dsh/frontend/control-panel/partners/stores/StoreGovernanceActions.tsx,106,onChange,onChange={setReason},REQUIRES_ACTION_PERMISSION_API_AND_STATE_PROOF
control-panel,services/dsh/frontend/control-panel/partners/stores/StoreGovernanceActions.tsx,114,onClick,onClick={() => void onSubmit({,REQUIRES_ACTION_PERMISSION_API_AND_STATE_PROOF
control-panel,services/dsh/frontend/control-panel/partners/stores/StoreManagementScreen.tsx,26,onChange,filters={<StoreAdminFilters filters={controller.filters} onChange={controller.setFilters} />},REQUIRES_ACTION_PERMISSION_API_AND_STATE_PROOF
control-panel,services/dsh/frontend/control-panel/partners/stores/StoreManagementScreen.tsx,60,onSubmit,"onSubmit={(input) => controller.govern(selectedDetail.id, input)}",REQUIRES_ACTION_PERMISSION_API_AND_STATE_PROOF
control-panel,services/dsh/frontend/control-panel/platform/ClientAddressPrivacySection.tsx,99,onClick,<CpRetryButton onClick={controller.reload}>إعادة المحاولة</CpRetryButton>,REQUIRES_ACTION_PERMISSION_API_AND_STATE_PROOF
control-panel,services/dsh/frontend/control-panel/platform/ClientAddressPrivacySection.tsx,121,onClick,"<CpButton variant={enabled ? ""secondary"" : ""primary""} onClick={() => setEnabled((current) => !current)}>",REQUIRES_ACTION_PERMISSION_API_AND_STATE_PROOF
control-panel,services/dsh/frontend/control-panel/platform/ClientAddressPrivacySection.tsx,124,onChange,"<CpTextInput aria-label=""مدة الاحتفاظ بعد الحذف بالأيام"" value={retentionDays} onChange={setRetentionDays} />",REQUIRES_ACTION_PERMISSION_API_AND_STATE_PROOF
control-panel,services/dsh/frontend/control-panel/platform/ClientAddressPrivacySection.tsx,125,onChange,"<CpTextInput aria-label=""حجم دفعة anonymization"" value={batchLimit} onChange={setBatchLimit} />",REQUIRES_ACTION_PERMISSION_API_AND_STATE_PROOF
control-panel,services/dsh/frontend/control-panel/platform/ClientAddressPrivacySection.tsx,126,onChange,"<CpTextInput aria-label=""سبب تغيير السياسة"" value={reason} onChange={setReason} placeholder=""سبب قابل للتدقيق"" />",REQUIRES_ACTION_PERMISSION_API_AND_STATE_PROOF
control-panel,services/dsh/frontend/control-panel/platform/ClientAddressPrivacySection.tsx,127,onClick,"<CpButton variant=""primary"" disabled={controller.mutating} onClick={() => void save()}>",REQUIRES_ACTION_PERMISSION_API_AND_STATE_PROOF
control-panel,services/dsh/frontend/control-panel/platform/ClientAddressPrivacySection.tsx,135,onChange,"<CpTextInput aria-label=""معرف التشغيل"" value={runId} onChange={setRunId} placeholder=""privacy-2026-07-21-run-001"" />",REQUIRES_ACTION_PERMISSION_API_AND_STATE_PROOF
control-panel,services/dsh/frontend/control-panel/platform/ClientAddressPrivacySection.tsx,136,onClick,"<CpButton variant=""danger"" disabled={controller.mutating || controller.state.status.dueCount === 0} onClick={() => void anonymize()}>",REQUIRES_ACTION_PERMISSION_API_AND_STATE_PROOF
control-panel,services/dsh/frontend/control-panel/platform/ClientAddressPrivacySection.tsx,151,onClick,"<CpButton variant=""secondary"" onClick={() => void controller.reload()}>تحديث</CpButton>",REQUIRES_ACTION_PERMISSION_API_AND_STATE_PROOF
control-panel,services/dsh/frontend/control-panel/platform/DshPlatformVarsWorkspace.tsx,34,onChange,onChange={(value) => setActiveDomain(value as VarsDomainId)},REQUIRES_ACTION_PERMISSION_API_AND_STATE_PROOF
control-panel,services/dsh/frontend/control-panel/platform/DshPlatformVarsWorkspace.tsx,43,onClick,"onClick={() => model.setActiveScope(""all"")}",REQUIRES_ACTION_PERMISSION_API_AND_STATE_PROOF
control-panel,services/dsh/frontend/control-panel/platform/DshPlatformVarsWorkspace.tsx,51,onClick,onClick={() => model.setActiveScope(scope)},REQUIRES_ACTION_PERMISSION_API_AND_STATE_PROOF
control-panel,services/dsh/frontend/control-panel/platform/DshPlatformVarsWorkspace.tsx,67,onClick,onClick={() => model.setSelectedId(record.id)},REQUIRES_ACTION_PERMISSION_API_AND_STATE_PROOF
control-panel,services/dsh/frontend/control-panel/platform/DshPlatformVarsWorkspace.tsx,113,onChange,"<CpTextInput value={model.editVal} onChange={model.setEditVal} placeholder=""عقد التغيير غير متاح حاليًا"" aria-label=""القيمة الجديدة"" disabled />",REQUIRES_ACTION_PERMISSION_API_AND_STATE_PROOF
control-panel,services/dsh/frontend/control-panel/platform/MapProviderHealthCard.tsx,17,onClick,<CpRetryButton onClick={controller.reload}>إعادة الفحص</CpRetryButton>,REQUIRES_ACTION_PERMISSION_API_AND_STATE_PROOF
control-panel,services/dsh/frontend/control-panel/platform/MapProviderHealthCard.tsx,51,onClick,"<CpButton variant=""secondary"" onClick={() => void controller.reload()}>إعادة الفحص</CpButton>",REQUIRES_ACTION_PERMISSION_API_AND_STATE_PROOF
control-panel,services/dsh/frontend/control-panel/platform/MapsProviderInspector.tsx,100,onChange,onChange={setAndroidKey},REQUIRES_ACTION_PERMISSION_API_AND_STATE_PROOF
control-panel,services/dsh/frontend/control-panel/platform/MapsProviderInspector.tsx,103,Button,<Button,REQUIRES_ACTION_PERMISSION_API_AND_STATE_PROOF
control-panel,services/dsh/frontend/control-panel/platform/MapsProviderInspector.tsx,107,onPress,onPress={() => void submitAndroidKey()},REQUIRES_ACTION_PERMISSION_API_AND_STATE_PROOF
control-panel,services/dsh/frontend/control-panel/platform/OperationalPolicyGovernanceSection.tsx,301,onClick,"<CpButton variant=""secondary"" onClick={beginZoneCreate}>منطقة تشغيلية جديدة</CpButton>",REQUIRES_ACTION_PERMISSION_API_AND_STATE_PROOF
control-panel,services/dsh/frontend/control-panel/platform/OperationalPolicyGovernanceSection.tsx,307,onClick,<CpRetryButton onClick={zones.reload}>إعادة المحاولة</CpRetryButton>,REQUIRES_ACTION_PERMISSION_API_AND_STATE_PROOF
control-panel,services/dsh/frontend/control-panel/platform/OperationalPolicyGovernanceSection.tsx,322,onClick,<tr key={row.id} onClick={() => chooseZone(row)}>,REQUIRES_ACTION_PERMISSION_API_AND_STATE_PROOF
control-panel,services/dsh/frontend/control-panel/platform/OperationalPolicyGovernanceSection.tsx,342,onChange,"onChange={(id) => setZoneForm((current) => ({ ...current, id }))}",REQUIRES_ACTION_PERMISSION_API_AND_STATE_PROOF
control-panel,services/dsh/frontend/control-panel/platform/OperationalPolicyGovernanceSection.tsx,349,onChange,"onChange={(name) => setZoneForm((current) => ({ ...current, name }))}",REQUIRES_ACTION_PERMISSION_API_AND_STATE_PROOF
control-panel,services/dsh/frontend/control-panel/platform/OperationalPolicyGovernanceSection.tsx,355,onChange,onChange={(cityCode) =>,REQUIRES_ACTION_PERMISSION_API_AND_STATE_PROOF
control-panel,services/dsh/frontend/control-panel/platform/OperationalPolicyGovernanceSection.tsx,370,onClick,onClick={() =>,REQUIRES_ACTION_PERMISSION_API_AND_STATE_PROOF
control-panel,services/dsh/frontend/control-panel/platform/OperationalPolicyGovernanceSection.tsx,379,onChange,"onChange={(reason) => setZoneForm((current) => ({ ...current, reason }))}",REQUIRES_ACTION_PERMISSION_API_AND_STATE_PROOF
control-panel,services/dsh/frontend/control-panel/platform/OperationalPolicyGovernanceSection.tsx,384,onClick,onClick={() => void saveZone()},REQUIRES_ACTION_PERMISSION_API_AND_STATE_PROOF
control-panel,services/dsh/frontend/control-panel/platform/OperationalPolicyGovernanceSection.tsx,408,onClick,<tr key={`${row.zoneId}:${row.category}`} onClick={() => setSelectedSlaKey(`${row.zoneId}:${row.category}`)}>,REQUIRES_ACTION_PERMISSION_API_AND_STATE_PROOF
control-panel,services/dsh/frontend/control-panel/platform/OperationalPolicyGovernanceSection.tsx,421,onChange,"onChange={(category) => setSlaForm((current) => ({ ...current, category }))}",REQUIRES_ACTION_PERMISSION_API_AND_STATE_PROOF
control-panel,services/dsh/frontend/control-panel/platform/OperationalPolicyGovernanceSection.tsx,426,onChange,onChange={(maxPrepMins) =>,REQUIRES_ACTION_PERMISSION_API_AND_STATE_PROOF
control-panel,services/dsh/frontend/control-panel/platform/OperationalPolicyGovernanceSection.tsx,433,onChange,onChange={(maxDeliveryMins) =>,REQUIRES_ACTION_PERMISSION_API_AND_STATE_PROOF
control-panel,services/dsh/frontend/control-panel/platform/OperationalPolicyGovernanceSection.tsx,440,onChange,"onChange={(reason) => setSlaForm((current) => ({ ...current, reason }))}",REQUIRES_ACTION_PERMISSION_API_AND_STATE_PROOF
control-panel,services/dsh/frontend/control-panel/platform/OperationalPolicyGovernanceSection.tsx,445,onClick,onClick={() => void saveSla()},REQUIRES_ACTION_PERMISSION_API_AND_STATE_PROOF
control-panel,services/dsh/frontend/control-panel/platform/OperationalPolicyGovernanceSection.tsx,456,onClick,<CpRetryButton onClick={capacity.reload}>إعادة المحاولة</CpRetryButton>,REQUIRES_ACTION_PERMISSION_API_AND_STATE_PROOF
control-panel,services/dsh/frontend/control-panel/platform/OperationalPolicyGovernanceSection.tsx,474,onChange,onChange={(maxConcurrentOrders) =>,REQUIRES_ACTION_PERMISSION_API_AND_STATE_PROOF
control-panel,services/dsh/frontend/control-panel/platform/OperationalPolicyGovernanceSection.tsx,481,onChange,onChange={(maxCaptainsOnline) =>,REQUIRES_ACTION_PERMISSION_API_AND_STATE_PROOF
control-panel,services/dsh/frontend/control-panel/platform/OperationalPolicyGovernanceSection.tsx,488,onChange,onChange={(throttleThreshold) =>,REQUIRES_ACTION_PERMISSION_API_AND_STATE_PROOF
control-panel,services/dsh/frontend/control-panel/platform/OperationalPolicyGovernanceSection.tsx,495,onChange,onChange={(reason) =>,REQUIRES_ACTION_PERMISSION_API_AND_STATE_PROOF
control-panel,services/dsh/frontend/control-panel/platform/OperationalPolicyGovernanceSection.tsx,502,onClick,onClick={() => void saveCapacity()},REQUIRES_ACTION_PERMISSION_API_AND_STATE_PROOF
control-panel,services/dsh/frontend/control-panel/platform/OperationalPolicySection.tsx,299,onClick,"<CpButton variant=""secondary"" onClick={() => void load()} disabled={loading}>تحديث</CpButton>",REQUIRES_ACTION_PERMISSION_API_AND_STATE_PROOF
control-panel,services/dsh/frontend/control-panel/platform/OperationalPolicySection.tsx,319,onClick,onClick={() => {,REQUIRES_ACTION_PERMISSION_API_AND_STATE_PROOF
control-panel,services/dsh/frontend/control-panel/platform/OperationalPolicySection.tsx,341,onChange,"<CpTextInput aria-label=""فئة SLA"" value={form.slaCategory} onChange={(slaCategory) => setForm((current) => ({ ...current, slaCategory }))} />",REQUIRES_ACTION_PERMISSION_API_AND_STATE_PROOF
control-panel,services/dsh/frontend/control-panel/platform/OperationalPolicySection.tsx,342,onChange,"<CpTextInput aria-label=""حد التحضير (د)"" value={form.maxPrepMins} onChange={(maxPrepMins) => setForm((current) => ({ ...current, maxPrepMins }))} />",REQUIRES_ACTION_PERMISSION_API_AND_STATE_PROOF
control-panel,services/dsh/frontend/control-panel/platform/OperationalPolicySection.tsx,343,onChange,"<CpTextInput aria-label=""حد الإسناد (د)"" value={form.maxAssignmentMins} onChange={(maxAssignmentMins) => setForm((current) => ({ ...current, maxAssignmentMins }))} />",REQUIRES_ACTION_PERMISSION_API_AND_STATE_PROOF
control-panel,services/dsh/frontend/control-panel/platform/OperationalPolicySection.tsx,344,onChange,"<CpTextInput aria-label=""حد التوصيل (د)"" value={form.maxDeliveryMins} onChange={(maxDeliveryMins) => setForm((current) => ({ ...current, maxDeliveryMins }))} />",REQUIRES_ACTION_PERMISSION_API_AND_STATE_PROOF
control-panel,services/dsh/frontend/control-panel/platform/OperationalPolicySection.tsx,345,onChange,"<CpTextInput aria-label=""الطلبات المتزامنة"" value={form.maxConcurrentOrders} onChange={(maxConcurrentOrders) => setForm((current) => ({ ...current, maxConcurrentOrders }))} />",REQUIRES_ACTION_PERMISSION_API_AND_STATE_PROOF
control-panel,services/dsh/frontend/control-panel/platform/OperationalPolicySection.tsx,346,onChange,"<CpTextInput aria-label=""الحد الأعلى للكباتن"" value={form.maxCaptainsOnline} onChange={(maxCaptainsOnline) => setForm((current) => ({ ...current, maxCaptainsOnline }))} />",REQUIRES_ACTION_PERMISSION_API_AND_STATE_PROOF
control-panel,services/dsh/frontend/control-panel/platform/OperationalPolicySection.tsx,347,onChange,"<CpTextInput aria-label=""عتبة الضغط 0..1"" value={form.throttleThreshold} onChange={(throttleThreshold) => setForm((current) => ({ ...current, throttleThreshold }))} />",REQUIRES_ACTION_PERMISSION_API_AND_STATE_PROOF
control-panel,services/dsh/frontend/control-panel/platform/OperationalPolicySection.tsx,353,onClick,"onClick={() => setForm((current) => ({ ...current, isPaused: !current.isPaused, pauseReason: current.isPaused ? """" : current.pauseReason }))}",REQUIRES_ACTION_PERMISSION_API_AND_STATE_PROOF
control-panel,services/dsh/frontend/control-panel/platform/OperationalPolicySection.tsx,358,onChange,"{form.isPaused ? <CpTextInput aria-label=""سبب الإيقاف"" value={form.pauseReason} onChange={(pauseReason) => setForm((current) => ({ ...current, pauseReason }))} /> : null}",REQUIRES_ACTION_PERMISSION_API_AND_STATE_PROOF
control-panel,services/dsh/frontend/control-panel/platform/OperationalPolicySection.tsx,359,onChange,"<CpTextInput aria-label=""سبب تغيير السياسة"" value={form.reason} onChange={(reason) => setForm((current) => ({ ...current, reason }))} />",REQUIRES_ACTION_PERMISSION_API_AND_STATE_PROOF
control-panel,services/dsh/frontend/control-panel/platform/OperationalPolicySection.tsx,360,onClick,<CpButton onClick={() => void saveProfile()} disabled={loading}>حفظ SLA والسعة</CpButton>,REQUIRES_ACTION_PERMISSION_API_AND_STATE_PROOF
control-panel,services/dsh/frontend/control-panel/platform/OperationalPolicySection.tsx,378,onClick,<tr key={row.id} onClick={() => void toggleMode(row)}>,REQUIRES_ACTION_PERMISSION_API_AND_STATE_PROOF
control-panel,services/dsh/frontend/control-panel/platform/OperationalPolicySection.tsx,396,onClick,"<CpButton key={mode} variant={evaluationMode === mode ? ""primary"" : ""secondary""} onClick={() => setEvaluationMode(mode)}>",REQUIRES_ACTION_PERMISSION_API_AND_STATE_PROOF
control-panel,services/dsh/frontend/control-panel/platform/OperationalPolicySection.tsx,402,onChange,"<CpTextInput aria-label=""الطلبات الحالية"" value={activeOrders} onChange={setActiveOrders} />",REQUIRES_ACTION_PERMISSION_API_AND_STATE_PROOF
control-panel,services/dsh/frontend/control-panel/platform/OperationalPolicySection.tsx,403,onChange,"<CpTextInput aria-label=""الكباتن المتصلون"" value={captainsOnline} onChange={setCaptainsOnline} />",REQUIRES_ACTION_PERMISSION_API_AND_STATE_PROOF
control-panel,services/dsh/frontend/control-panel/platform/OperationalPolicySection.tsx,405,onClick,<CpButton onClick={() => void evaluate()} disabled={!selectedZoneId || loading}>تقييم القرار</CpButton>,REQUIRES_ACTION_PERMISSION_API_AND_STATE_PROOF
control-panel,services/dsh/frontend/control-panel/platform/OperationalPolicySection.tsx,433,onClick,<tr key={row.id} onClick={() => setSelectedAudit(row)}>,REQUIRES_ACTION_PERMISSION_API_AND_STATE_PROOF
control-panel,services/dsh/frontend/control-panel/platform/OperationalPolicySection.tsx,447,onChange,"<CpTextInput aria-label=""سبب التراجع"" value={rollbackReason} onChange={setRollbackReason} />",REQUIRES_ACTION_PERMISSION_API_AND_STATE_PROOF
control-panel,services/dsh/frontend/control-panel/platform/OperationalPolicySection.tsx,448,onClick,"<CpButton variant=""danger"" onClick={() => void rollback()} disabled={loading}>تنفيذ تراجع بإصدار جديد</CpButton>",REQUIRES_ACTION_PERMISSION_API_AND_STATE_PROOF
control-panel,services/dsh/frontend/control-panel/platform/PlatformChangeWorkflowPanel.tsx,250,onChange,"<CpTextInput value={title} onChange={setTitle} placeholder=""عنوان التغيير"" aria-label=""عنوان التغيير"" />",REQUIRES_ACTION_PERMISSION_API_AND_STATE_PROOF
control-panel,services/dsh/frontend/control-panel/platform/PlatformChangeWorkflowPanel.tsx,251,onChange,"<CpTextInput value={reason} onChange={setReason} placeholder=""السبب"" aria-label=""سبب التغيير"" />",REQUIRES_ACTION_PERMISSION_API_AND_STATE_PROOF
control-panel,services/dsh/frontend/control-panel/platform/PlatformChangeWorkflowPanel.tsx,252,onChange,"<CpTextInput value={impactAssessment} onChange={setImpactAssessment} placeholder=""تقييم الأثر المتوقع"" aria-label=""تقييم الأثر"" />",REQUIRES_ACTION_PERMISSION_API_AND_STATE_PROOF
control-panel,services/dsh/frontend/control-panel/platform/PlatformChangeWorkflowPanel.tsx,253,onChange,"<CpTextInput value={rollbackPlan} onChange={setRollbackPlan} placeholder=""خطة التراجع الآمنة"" aria-label=""خطة التراجع"" />",REQUIRES_ACTION_PERMISSION_API_AND_STATE_PROOF
control-panel,services/dsh/frontend/control-panel/platform/PlatformChangeWorkflowPanel.tsx,255,onChange,"<CpSelect value={targetType} onChange={(value) => setTargetType(value as ChangeTargetType)} options={[{ value: ""variable"", label: ""متغير سيادي"" }, { value: ""feature_flag"", label: ""علم ميزة"" }]} aria-label=""نوع الهدف"" />",REQUIRES_ACTION_PERMISSION_API_AND_STATE_PROOF
control-panel,services/dsh/frontend/control-panel/platform/PlatformChangeWorkflowPanel.tsx,256,onChange,"<CpTextInput value={targetKey} onChange={setTargetKey} placeholder=""المفتاح"" aria-label=""مفتاح الهدف"" />",REQUIRES_ACTION_PERMISSION_API_AND_STATE_PROOF
control-panel,services/dsh/frontend/control-panel/platform/PlatformChangeWorkflowPanel.tsx,257,onChange,"<CpTextInput value={ownerService} onChange={setOwnerService} placeholder=""الخدمة المالكة"" aria-label=""الخدمة المالكة"" />",REQUIRES_ACTION_PERMISSION_API_AND_STATE_PROOF
control-panel,services/dsh/frontend/control-panel/platform/PlatformChangeWorkflowPanel.tsx,258,onChange,"<CpTextInput value={scopeType} onChange={setScopeType} placeholder=""نوع النطاق"" aria-label=""نوع النطاق"" />",REQUIRES_ACTION_PERMISSION_API_AND_STATE_PROOF
control-panel,services/dsh/frontend/control-panel/platform/PlatformChangeWorkflowPanel.tsx,259,onChange,"<CpTextInput value={scopeId} onChange={setScopeId} placeholder=""معرف النطاق"" aria-label=""معرف النطاق"" />",REQUIRES_ACTION_PERMISSION_API_AND_STATE_PROOF
control-panel,services/dsh/frontend/control-panel/platform/PlatformChangeWorkflowPanel.tsx,260,onChange,"<CpTextInput value={valueType} onChange={setValueType} placeholder=""نوع القيمة"" aria-label=""نوع القيمة"" />",REQUIRES_ACTION_PERMISSION_API_AND_STATE_PROOF
control-panel,services/dsh/frontend/control-panel/platform/PlatformChangeWorkflowPanel.tsx,261,onChange,"<CpTextInput value={classification} onChange={setClassification} placeholder=""التصنيف — يمنع secret/token"" aria-label=""التصنيف"" />",REQUIRES_ACTION_PERMISSION_API_AND_STATE_PROOF
control-panel,services/dsh/frontend/control-panel/platform/PlatformChangeWorkflowPanel.tsx,262,onChange,"<CpTextInput value={expectedRevision} onChange={setExpectedRevision} placeholder=""المراجعة المتوقعة"" aria-label=""المراجعة المتوقعة"" />",REQUIRES_ACTION_PERMISSION_API_AND_STATE_PROOF
control-panel,services/dsh/frontend/control-panel/platform/PlatformChangeWorkflowPanel.tsx,264,onChange,"<CpTextInput value={proposedValue} onChange={setProposedValue} placeholder={targetType === ""feature_flag"" ? ""true أو false"" : ""قيمة JSON مثل {\""limit\"":12}""} aria-label=""القيمة المقترحة بصيغة JSON"" />",REQUIRES_ACTION_PERMISSION_API_AND_STATE_PROOF
control-panel,services/dsh/frontend/control-panel/platform/PlatformChangeWorkflowPanel.tsx,267,onClick,<CpButton onClick={addDraftItem} disabled={busy}>إضافة العنصر</CpButton>,REQUIRES_ACTION_PERMISSION_API_AND_STATE_PROOF
control-panel,services/dsh/frontend/control-panel/platform/PlatformChangeWorkflowPanel.tsx,268,onClick,<CpButton onClick={resetItemForm} disabled={busy}>مسح العنصر</CpButton>,REQUIRES_ACTION_PERMISSION_API_AND_STATE_PROOF
control-panel,services/dsh/frontend/control-panel/platform/PlatformChangeWorkflowPanel.tsx,276,onClick,"<CpButton onClick={() => setDraftItems((items) => items.filter((_, itemIndex) => itemIndex !== index))} disabled={busy}>إزالة</CpButton>",REQUIRES_ACTION_PERMISSION_API_AND_STATE_PROOF
control-panel,services/dsh/frontend/control-panel/platform/PlatformChangeWorkflowPanel.tsx,282,onClick,"<CpButton onClick={() => void createChangeSet()} disabled={busy || draftItems.length === 0}>{busy ? ""جاري التنفيذ…"" : ""إنشاء مسودة التغيير""}</CpButton>",REQUIRES_ACTION_PERMISSION_API_AND_STATE_PROOF
control-panel,services/dsh/frontend/control-panel/platform/PlatformChangeWorkflowPanel.tsx,283,onClick,<CpButton onClick={resetCreateForm} disabled={busy}>مسح المسودة</CpButton>,REQUIRES_ACTION_PERMISSION_API_AND_STATE_PROOF
control-panel,services/dsh/frontend/control-panel/platform/PlatformChangeWorkflowPanel.tsx,299,onChange,"<CpTextInput value={searchText} onChange={setSearchText} placeholder=""بحث بالعنوان أو المفتاح أو المقترح"" aria-label=""بحث طلبات التغيير"" />",REQUIRES_ACTION_PERMISSION_API_AND_STATE_PROOF
control-panel,services/dsh/frontend/control-panel/platform/PlatformChangeWorkflowPanel.tsx,300,onChange,"<CpSelect value={statusFilter} onChange={setStatusFilter} options={STATUS_OPTIONS} aria-label=""ترشيح حالة طلب التغيير"" />",REQUIRES_ACTION_PERMISSION_API_AND_STATE_PROOF
control-panel,services/dsh/frontend/control-panel/platform/PlatformChangeWorkflowPanel.tsx,301,onClick,<CpRetryButton onClick={() => void workflow.reload()}>تحديث</CpRetryButton>,REQUIRES_ACTION_PERMISSION_API_AND_STATE_PROOF
control-panel,services/dsh/frontend/control-panel/platform/PlatformChangeWorkflowPanel.tsx,306,onClick,"<CpStatePanel role=""alert"" title=""تعذر تحميل طلبات التغيير"" code={workflow.state.message}><CpRetryButton onClick={() => void workflow.reload()}>إعادة المحاولة</CpRetryButton></CpStatePanel>",REQUIRES_ACTION_PERMISSION_API_AND_STATE_PROOF
control-panel,services/dsh/frontend/control-panel/platform/PlatformChangeWorkflowPanel.tsx,322,onClick,<CpButton onClick={() => setSelectedId(changeSet.id)} disabled={busy}>تفاصيل</CpButton>,REQUIRES_ACTION_PERMISSION_API_AND_STATE_PROOF
control-panel,services/dsh/frontend/control-panel/platform/PlatformChangeWorkflowPanel.tsx,332,onSubmit,onSubmit={() => void runTransition(() => workflow.submit(changeSet.id))},REQUIRES_ACTION_PERMISSION_API_AND_STATE_PROOF
control-panel,services/dsh/frontend/control-panel/platform/PlatformChangeWorkflowPanel.tsx,351,onChange,"<Card><View style={styles.cardContent}><Text role=""titleSm"">رفض طلب التغيير</Text><CpTextInput value={rejectReason} onChange={setRejectReason} placeholder=""سبب الرفض الإلزامي"" aria-label=""سبب رفض التغيير"" /><View style={",REQUIRES_ACTION_PERMISSION_API_AND_STATE_PROOF
control-panel,services/dsh/frontend/control-panel/platform/PlatformChangeWorkflowPanel.tsx,351,onClick,"<Card><View style={styles.cardContent}><Text role=""titleSm"">رفض طلب التغيير</Text><CpTextInput value={rejectReason} onChange={setRejectReason} placeholder=""سبب الرفض الإلزامي"" aria-label=""سبب رفض التغيير"" /><View style={",REQUIRES_ACTION_PERMISSION_API_AND_STATE_PROOF
control-panel,services/dsh/frontend/control-panel/platform/PlatformChangeWorkflowPanel.tsx,351,onClick,"<Card><View style={styles.cardContent}><Text role=""titleSm"">رفض طلب التغيير</Text><CpTextInput value={rejectReason} onChange={setRejectReason} placeholder=""سبب الرفض الإلزامي"" aria-label=""سبب رفض التغيير"" /><View style={",REQUIRES_ACTION_PERMISSION_API_AND_STATE_PROOF
control-panel,services/dsh/frontend/control-panel/platform/PlatformChangeWorkflowPanel.tsx,355,onClick,"<Card><View style={styles.cardContent}><Text role=""titleSm"">تأكيد التطبيق الذري</Text><Text role=""caption"">سيعاد فحص لقطة التحقق والمراجعة قبل تطبيق جميع العناصر في معاملة واحدة. أي تعارض يلغي العملية كاملة.</Text><View ",REQUIRES_ACTION_PERMISSION_API_AND_STATE_PROOF
control-panel,services/dsh/frontend/control-panel/platform/PlatformChangeWorkflowPanel.tsx,355,onClick,"<Card><View style={styles.cardContent}><Text role=""titleSm"">تأكيد التطبيق الذري</Text><Text role=""caption"">سيعاد فحص لقطة التحقق والمراجعة قبل تطبيق جميع العناصر في معاملة واحدة. أي تعارض يلغي العملية كاملة.</Text><View ",REQUIRES_ACTION_PERMISSION_API_AND_STATE_PROOF
control-panel,services/dsh/frontend/control-panel/platform/PlatformChangeWorkflowPanel.tsx,359,onChange,"<Card><View style={styles.cardContent}><Text role=""titleSm"">تراجع إلى النسخة الآمنة</Text><CpTextInput value={rollbackReason} onChange={setRollbackReason} placeholder=""سبب التراجع الإلزامي"" aria-label=""سبب التراجع الإلزا",REQUIRES_ACTION_PERMISSION_API_AND_STATE_PROOF
control-panel,services/dsh/frontend/control-panel/platform/PlatformChangeWorkflowPanel.tsx,359,onClick,"<Card><View style={styles.cardContent}><Text role=""titleSm"">تراجع إلى النسخة الآمنة</Text><CpTextInput value={rollbackReason} onChange={setRollbackReason} placeholder=""سبب التراجع الإلزامي"" aria-label=""سبب التراجع الإلزا",REQUIRES_ACTION_PERMISSION_API_AND_STATE_PROOF
control-panel,services/dsh/frontend/control-panel/platform/PlatformChangeWorkflowPanel.tsx,359,onClick,"<Card><View style={styles.cardContent}><Text role=""titleSm"">تراجع إلى النسخة الآمنة</Text><CpTextInput value={rollbackReason} onChange={setRollbackReason} placeholder=""سبب التراجع الإلزامي"" aria-label=""سبب التراجع الإلزا",REQUIRES_ACTION_PERMISSION_API_AND_STATE_PROOF
control-panel,services/dsh/frontend/control-panel/platform/PlatformChangeWorkflowPanel.tsx,369,onClick,"<View style={styles.actions}><Text role=""titleSm"">تفاصيل الطلب والفرق المتوقع</Text><CpButton onClick={onClose}>إغلاق التفاصيل</CpButton></View>",REQUIRES_ACTION_PERMISSION_API_AND_STATE_PROOF
control-panel,services/dsh/frontend/control-panel/platform/PlatformChangeWorkflowPanel.tsx,409,onClick,"{changeSet.status === ""draft"" && canPropose ? <CpButton onClick={onValidate} disabled={busy}>تحقق حي</CpButton> : null}",REQUIRES_ACTION_PERMISSION_API_AND_STATE_PROOF
control-panel,services/dsh/frontend/control-panel/platform/PlatformChangeWorkflowPanel.tsx,410,onClick,"{changeSet.status === ""validated"" && canPropose ? <CpButton onClick={onSubmit} disabled={busy}>إرسال</CpButton> : null}",REQUIRES_ACTION_PERMISSION_API_AND_STATE_PROOF
control-panel,services/dsh/frontend/control-panel/platform/PlatformChangeWorkflowPanel.tsx,411,onClick,"{changeSet.status === ""submitted"" && canApprove && changeSet.proposerActorId !== subject ? <><CpButton onClick={onApprove} disabled={busy}>اعتماد</CpButton><CpButton onClick={onReject} disabled={busy}>رفض</CpButton></> :",REQUIRES_ACTION_PERMISSION_API_AND_STATE_PROOF
control-panel,services/dsh/frontend/control-panel/platform/PlatformChangeWorkflowPanel.tsx,411,onClick,"{changeSet.status === ""submitted"" && canApprove && changeSet.proposerActorId !== subject ? <><CpButton onClick={onApprove} disabled={busy}>اعتماد</CpButton><CpButton onClick={onReject} disabled={busy}>رفض</CpButton></> :",REQUIRES_ACTION_PERMISSION_API_AND_STATE_PROOF
control-panel,services/dsh/frontend/control-panel/platform/PlatformChangeWorkflowPanel.tsx,413,onClick,"{changeSet.status === ""approved"" && canApply ? <CpButton onClick={onApply} disabled={busy}>تطبيق</CpButton> : null}",REQUIRES_ACTION_PERMISSION_API_AND_STATE_PROOF
control-panel,services/dsh/frontend/control-panel/platform/PlatformChangeWorkflowPanel.tsx,414,onClick,"{changeSet.status === ""applied"" && canRollback ? <CpButton onClick={onRollback} disabled={busy}>تراجع</CpButton> : null}",REQUIRES_ACTION_PERMISSION_API_AND_STATE_PROOF
control-panel,services/dsh/frontend/control-panel/platform/PlatformDashboardScreen.tsx,425,onChange,onChange={(value) => setMainTab(value as ExecutiveTabId)},REQUIRES_ACTION_PERMISSION_API_AND_STATE_PROOF
control-panel,services/dsh/frontend/control-panel/platform/PlatformDashboardScreen.tsx,449,onClick,<CpRetryButton onClick={runtime.reload}>إعادة المحاولة</CpRetryButton>,REQUIRES_ACTION_PERMISSION_API_AND_STATE_PROOF
control-panel,services/dsh/frontend/control-panel/platform/PlatformGovernanceVisual.tsx,101,onClick,<CpButton onClick={() => void workflow.reload()}>إعادة المحاولة</CpButton>,REQUIRES_ACTION_PERMISSION_API_AND_STATE_PROOF
control-panel,services/dsh/frontend/control-panel/platform/PlatformGovernanceVisual.tsx,164,onClick,<CpButton onClick={() => void workflow.reload()}>تحديث القراءة</CpButton>,REQUIRES_ACTION_PERMISSION_API_AND_STATE_PROOF
control-panel,services/dsh/frontend/control-panel/platform/PlatformPoliciesScreen.tsx,68,onClick,<CpRetryButton onClick={zonesController.reload}>إعادة المحاولة</CpRetryButton>,REQUIRES_ACTION_PERMISSION_API_AND_STATE_PROOF
control-panel,services/dsh/frontend/control-panel/platform/PlatformPoliciesScreen.tsx,90,onClick,"<tr key={row.id} onClick={() => void zonesController.toggle(row, !row.isActive)}>",REQUIRES_ACTION_PERMISSION_API_AND_STATE_PROOF
control-panel,services/dsh/frontend/control-panel/platform/PlatformPoliciesScreen.tsx,115,onClick,<CpRetryButton onClick={slaController.reload}>إعادة المحاولة</CpRetryButton>,REQUIRES_ACTION_PERMISSION_API_AND_STATE_PROOF
control-panel,services/dsh/frontend/control-panel/platform/PlatformRolloutPanel.tsx,192,onChange,onChange={(value) => {,REQUIRES_ACTION_PERMISSION_API_AND_STATE_PROOF
control-panel,services/dsh/frontend/control-panel/platform/PlatformRolloutPanel.tsx,201,onChange,onChange={setFeatureFlagKey},REQUIRES_ACTION_PERMISSION_API_AND_STATE_PROOF
control-panel,services/dsh/frontend/control-panel/platform/PlatformRolloutPanel.tsx,205,onChange,"<CpTextInput value={stepsText} onChange={setStepsText} placeholder=""10,25,50,100"" aria-label=""خطوات النسب"" />",REQUIRES_ACTION_PERMISSION_API_AND_STATE_PROOF
control-panel,services/dsh/frontend/control-panel/platform/PlatformRolloutPanel.tsx,206,onChange,"<CpTextInput value={targetScopeText} onChange={setTargetScopeText} placeholder='{""surfaces"":[""app-client""],""regions"":[""sanaa""]}' aria-label=""نطاق الاستهداف بصيغة JSON"" />",REQUIRES_ACTION_PERMISSION_API_AND_STATE_PROOF
control-panel,services/dsh/frontend/control-panel/platform/PlatformRolloutPanel.tsx,207,onChange,"<CpTextInput value={healthGateText} onChange={setHealthGateText} placeholder='{""requiredState"":""OPERATIONAL""}' aria-label=""بوابة الصحة بصيغة JSON"" />",REQUIRES_ACTION_PERMISSION_API_AND_STATE_PROOF
control-panel,services/dsh/frontend/control-panel/platform/PlatformRolloutPanel.tsx,209,onClick,"<CpButton onClick={() => void createRollout()} disabled={busy || !selectedChangeSet} aria-label=""إنشاء إطلاق تدريجي"">",REQUIRES_ACTION_PERMISSION_API_AND_STATE_PROOF
control-panel,services/dsh/frontend/control-panel/platform/PlatformRolloutPanel.tsx,237,onClick,<CpRetryButton onClick={() => void rollouts.reload()}>إعادة المحاولة</CpRetryButton>,REQUIRES_ACTION_PERMISSION_API_AND_STATE_PROOF
control-panel,services/dsh/frontend/control-panel/platform/PlatformRolloutPanel.tsx,324,onClick,if (!canManage) return <CpButton onClick={onRecovery}>دليل الاستعادة</CpButton>;,REQUIRES_ACTION_PERMISSION_API_AND_STATE_PROOF
control-panel,services/dsh/frontend/control-panel/platform/PlatformRolloutPanel.tsx,328,onClick,<CpButton onClick={onAdvance} disabled={busy || !canAdvance}>تقدم</CpButton>,REQUIRES_ACTION_PERMISSION_API_AND_STATE_PROOF
control-panel,services/dsh/frontend/control-panel/platform/PlatformRolloutPanel.tsx,330,onClick,"{rollout.status === ""running"" ? <CpButton onClick={onPause} disabled={busy}>إيقاف مؤقت</CpButton> : null}",REQUIRES_ACTION_PERMISSION_API_AND_STATE_PROOF
control-panel,services/dsh/frontend/control-panel/platform/PlatformRolloutPanel.tsx,331,onClick,"{rollout.status === ""paused"" ? <CpButton onClick={onResume} disabled={busy || !canAdvance}>استئناف دون تغيير النسبة</CpButton> : null}",REQUIRES_ACTION_PERMISSION_API_AND_STATE_PROOF
control-panel,services/dsh/frontend/control-panel/platform/PlatformRolloutPanel.tsx,333,onClick,<CpButton onClick={onAbort} disabled={busy}>إلغاء واستعادة baseline</CpButton>,REQUIRES_ACTION_PERMISSION_API_AND_STATE_PROOF
control-panel,services/dsh/frontend/control-panel/platform/PlatformRolloutPanel.tsx,335,onClick,"{rollout.status === ""completed"" ? <CpButton onClick={onRollback} disabled={busy}>تراجع كامل</CpButton> : null}",REQUIRES_ACTION_PERMISSION_API_AND_STATE_PROOF
control-panel,services/dsh/frontend/control-panel/platform/PlatformRolloutPanel.tsx,336,onClick,<CpButton onClick={onRecovery} disabled={busy}>دليل الاستعادة</CpButton>,REQUIRES_ACTION_PERMISSION_API_AND_STATE_PROOF
control-panel,services/dsh/frontend/control-panel/platform/ProviderRegistryPanel.tsx,90,onClick,<CpButton onClick={registry.reload}>إعادة المحاولة</CpButton>,REQUIRES_ACTION_PERMISSION_API_AND_STATE_PROOF
control-panel,services/dsh/frontend/control-panel/platform/ProviderRegistryPanel.tsx,179,onClick,onClick={() => void registry.selectProvider(row.providerId)},REQUIRES_ACTION_PERMISSION_API_AND_STATE_PROOF
control-panel,services/dsh/frontend/control-panel/platform/ProviderRegistryPanel.tsx,186,onClick,"onClick={() => void registry.setProviderActive(row.providerId, !row.active)}",REQUIRES_ACTION_PERMISSION_API_AND_STATE_PROOF
control-panel,services/dsh/frontend/control-panel/platform/ServiceAreaGovernanceSection.tsx,185,onClick,"<CpButton variant=""secondary"" onClick={reset}>منطقة جديدة</CpButton>",REQUIRES_ACTION_PERMISSION_API_AND_STATE_PROOF
control-panel,services/dsh/frontend/control-panel/platform/ServiceAreaGovernanceSection.tsx,201,onClick,<CpRetryButton onClick={controller.reload}>إعادة المحاولة</CpRetryButton>,REQUIRES_ACTION_PERMISSION_API_AND_STATE_PROOF
control-panel,services/dsh/frontend/control-panel/platform/ServiceAreaGovernanceSection.tsx,222,onClick,<tr key={row.serviceAreaCode} onClick={() => edit(row)}>,REQUIRES_ACTION_PERMISSION_API_AND_STATE_PROOF
control-panel,services/dsh/frontend/control-panel/platform/ServiceAreaGovernanceSection.tsx,240,onChange,"<CpTextInput aria-label=""رمز منطقة الخدمة"" value={form.serviceAreaCode} disabled={form.expectedVersion > 0} onChange={(serviceAreaCode) => setForm((current) => ({ ...current, serviceAreaCode }))} placeholder=""sanaa-old-c",REQUIRES_ACTION_PERMISSION_API_AND_STATE_PROOF
control-panel,services/dsh/frontend/control-panel/platform/ServiceAreaGovernanceSection.tsx,241,onChange,"<CpTextInput aria-label=""الاسم المعروض"" value={form.displayName} onChange={(displayName) => setForm((current) => ({ ...current, displayName }))} />",REQUIRES_ACTION_PERMISSION_API_AND_STATE_PROOF
control-panel,services/dsh/frontend/control-panel/platform/ServiceAreaGovernanceSection.tsx,243,onChange,"<CpTextInput aria-label=""الأولوية عند تداخل المضلعات"" value={form.priority} onChange={(priority) => setForm((current) => ({ ...current, priority }))} />",REQUIRES_ACTION_PERMISSION_API_AND_STATE_PROOF
control-panel,services/dsh/frontend/control-panel/platform/ServiceAreaGovernanceSection.tsx,245,onClick,"<CpButton variant={form.active ? ""primary"" : ""secondary""} onClick={() => setForm((current) => ({ ...current, active: !current.active }))}>",REQUIRES_ACTION_PERMISSION_API_AND_STATE_PROOF
control-panel,services/dsh/frontend/control-panel/platform/ServiceAreaGovernanceSection.tsx,248,onClick,"<CpButton variant=""secondary"" onClick={() => setForm((current) => ({ ...current, polygonText: ""[]"" }))}>مسح النقاط</CpButton>",REQUIRES_ACTION_PERMISSION_API_AND_STATE_PROOF
control-panel,services/dsh/frontend/control-panel/platform/ServiceAreaGovernanceSection.tsx,250,onChange,"<CpTextInput aria-label=""سبب التغيير"" value={form.reason} onChange={(reason) => setForm((current) => ({ ...current, reason }))} placeholder=""سبب تشغيلي قابل للتدقيق"" />",REQUIRES_ACTION_PERMISSION_API_AND_STATE_PROOF
control-panel,services/dsh/frontend/control-panel/platform/ServiceAreaGovernanceSection.tsx,254,onClick,"<CpButton variant=""primary"" disabled={controller.mutating} onClick={() => void save()}>{controller.mutating ? ""جارٍ الحفظ…"" : ""حفظ المنطقة""}</CpButton>",REQUIRES_ACTION_PERMISSION_API_AND_STATE_PROOF
control-panel,services/dsh/frontend/control-panel/platform/ServiceAreaGovernanceSection.tsx,255,onClick,"<CpButton variant=""ghost"" disabled={controller.mutating} onClick={reset}>إلغاء</CpButton>",REQUIRES_ACTION_PERMISSION_API_AND_STATE_PROOF
control-panel,services/dsh/frontend/control-panel/platform/SovereignLeadershipPanel.tsx,222,onChange,"<CpTextInput value={fullNameAr} onChange={setFullNameAr} aria-label=""الاسم الكامل بالعربية"" placeholder=""الاسم الكامل بالعربية"" />",REQUIRES_ACTION_PERMISSION_API_AND_STATE_PROOF
control-panel,services/dsh/frontend/control-panel/platform/SovereignLeadershipPanel.tsx,223,onChange,"<CpTextInput value={phoneE164} onChange={setPhoneE164} aria-label=""رقم الهاتف"" placeholder=""+967777123456"" />",REQUIRES_ACTION_PERMISSION_API_AND_STATE_PROOF
control-panel,services/dsh/frontend/control-panel/platform/SovereignLeadershipPanel.tsx,227,select,"<select value={employmentClass} onChange={(event) => setEmploymentClass(event.target.value as LeadershipEmploymentClass | """")} style={selectStyle} disabled={!references}>",REQUIRES_ACTION_PERMISSION_API_AND_STATE_PROOF
control-panel,services/dsh/frontend/control-panel/platform/SovereignLeadershipPanel.tsx,227,onChange,"<select value={employmentClass} onChange={(event) => setEmploymentClass(event.target.value as LeadershipEmploymentClass | """")} style={selectStyle} disabled={!references}>",REQUIRES_ACTION_PERMISSION_API_AND_STATE_PROOF
control-panel,services/dsh/frontend/control-panel/platform/SovereignLeadershipPanel.tsx,235,select,<select value={permissionBundle} onChange={(event) => setPermissionBundle(event.target.value)} style={selectStyle} disabled={!employmentClass || availableBundles.length <= 1}>,REQUIRES_ACTION_PERMISSION_API_AND_STATE_PROOF
control-panel,services/dsh/frontend/control-panel/platform/SovereignLeadershipPanel.tsx,235,onChange,<select value={permissionBundle} onChange={(event) => setPermissionBundle(event.target.value)} style={selectStyle} disabled={!employmentClass || availableBundles.length <= 1}>,REQUIRES_ACTION_PERMISSION_API_AND_STATE_PROOF
control-panel,services/dsh/frontend/control-panel/platform/SovereignLeadershipPanel.tsx,243,select,<select value={department} onChange={(event) => setDepartment(event.target.value)} style={selectStyle} disabled={!references || Boolean(selectedBundle && !selectedBundle.departmentSelectionAllowed)}>,REQUIRES_ACTION_PERMISSION_API_AND_STATE_PROOF
control-panel,services/dsh/frontend/control-panel/platform/SovereignLeadershipPanel.tsx,243,onChange,<select value={department} onChange={(event) => setDepartment(event.target.value)} style={selectStyle} disabled={!references || Boolean(selectedBundle && !selectedBundle.departmentSelectionAllowed)}>,REQUIRES_ACTION_PERMISSION_API_AND_STATE_PROOF
control-panel,services/dsh/frontend/control-panel/platform/SovereignLeadershipPanel.tsx,249,onChange,"<CpTextInput value={positionTitle} onChange={setPositionTitle} aria-label=""المسمى الوظيفي الرسمي"" placeholder=""المسمى الوظيفي الرسمي"" />",REQUIRES_ACTION_PERMISSION_API_AND_STATE_PROOF
control-panel,services/dsh/frontend/control-panel/platform/SovereignLeadershipPanel.tsx,250,onChange,"<CpTextInput value={jobGrade} onChange={setJobGrade} aria-label=""الدرجة الوظيفية"" placeholder=""الدرجة الوظيفية (اختيارية)"" />",REQUIRES_ACTION_PERMISSION_API_AND_STATE_PROOF
control-panel,services/dsh/frontend/control-panel/platform/SovereignLeadershipPanel.tsx,254,select,<select value={officeLocation} onChange={(event) => setOfficeLocation(event.target.value)} style={selectStyle} disabled={!references}>,REQUIRES_ACTION_PERMISSION_API_AND_STATE_PROOF
control-panel,services/dsh/frontend/control-panel/platform/SovereignLeadershipPanel.tsx,254,onChange,<select value={officeLocation} onChange={(event) => setOfficeLocation(event.target.value)} style={selectStyle} disabled={!references}>,REQUIRES_ACTION_PERMISSION_API_AND_STATE_PROOF
control-panel,services/dsh/frontend/control-panel/platform/SovereignLeadershipPanel.tsx,262,onChange,"<CpTextInput value={assignmentStartsOn} onChange={setAssignmentStartsOn} type=""date"" aria-label=""بداية التكليف"" placeholder=""YYYY-MM-DD"" />",REQUIRES_ACTION_PERMISSION_API_AND_STATE_PROOF
control-panel,services/dsh/frontend/control-panel/platform/SovereignLeadershipPanel.tsx,266,onChange,"<CpTextInput value={assignmentEndsOn} onChange={setAssignmentEndsOn} type=""date"" aria-label=""نهاية التكليف"" placeholder=""YYYY-MM-DD"" />",REQUIRES_ACTION_PERMISSION_API_AND_STATE_PROOF
control-panel,services/dsh/frontend/control-panel/platform/SovereignLeadershipPanel.tsx,269,onChange,"<CpTextInput value={notes} onChange={setNotes} aria-label=""ملاحظات التكليف"" placeholder=""ملاحظات أو مرجع قرار التكليف"" />",REQUIRES_ACTION_PERMISSION_API_AND_STATE_PROOF
control-panel,services/dsh/frontend/control-panel/platform/SovereignLeadershipPanel.tsx,280,onClick,"<CpButton variant=""secondary"" aria-label=""نسخ كود التفعيل"" onClick={() => void copyActivationCode(created.activation.code)}>",REQUIRES_ACTION_PERMISSION_API_AND_STATE_PROOF
control-panel,services/dsh/frontend/control-panel/platform/SovereignLeadershipPanel.tsx,287,onClick,"<CpButton variant=""primary"" disabled={!canSubmit} onClick={() => void submit()}>",REQUIRES_ACTION_PERMISSION_API_AND_STATE_PROOF
control-panel,services/dsh/frontend/control-panel/platform/SovereignLeadershipPanel.tsx,296,onClick,"<CpButton variant=""secondary"" onClick={() => void reload()} disabled={loading}>تحديث</CpButton>",REQUIRES_ACTION_PERMISSION_API_AND_STATE_PROOF
control-panel,services/dsh/frontend/control-panel/platform/StoreOnboardingFeePolicySection.tsx,45,onClick,<CpRetryButton onClick={controller.reload}>إعادة المحاولة</CpRetryButton>,REQUIRES_ACTION_PERMISSION_API_AND_STATE_PROOF
control-panel,services/dsh/frontend/control-panel/platform/StoreOnboardingFeePolicySection.tsx,65,onValueChange,onValueChange={controller.setEnabledValue},REQUIRES_ACTION_PERMISSION_API_AND_STATE_PROOF
control-panel,services/dsh/frontend/control-panel/platform/StoreOnboardingFeePolicySection.tsx,71,onChange,onChange={controller.setAmount},REQUIRES_ACTION_PERMISSION_API_AND_STATE_PROOF
control-panel,services/dsh/frontend/control-panel/platform/StoreOnboardingFeePolicySection.tsx,77,onChange,onChange={controller.setCurrency},REQUIRES_ACTION_PERMISSION_API_AND_STATE_PROOF
control-panel,services/dsh/frontend/control-panel/platform/StoreOnboardingFeePolicySection.tsx,86,onValueChange,onValueChange={controller.setAppliesTo},REQUIRES_ACTION_PERMISSION_API_AND_STATE_PROOF
control-panel,services/dsh/frontend/control-panel/platform/StoreOnboardingFeePolicySection.tsx,94,onValueChange,onValueChange={controller.setChargeTiming},REQUIRES_ACTION_PERMISSION_API_AND_STATE_PROOF
control-panel,services/dsh/frontend/control-panel/platform/StoreOnboardingFeePolicySection.tsx,100,onChange,onChange={controller.setNotes},REQUIRES_ACTION_PERMISSION_API_AND_STATE_PROOF
control-panel,services/dsh/frontend/control-panel/platform/StoreOnboardingFeePolicySection.tsx,106,onChange,onChange={controller.setReason},REQUIRES_ACTION_PERMISSION_API_AND_STATE_PROOF
control-panel,services/dsh/frontend/control-panel/platform/StoreOnboardingFeePolicySection.tsx,117,onClick,onClick={() => void controller.save()},REQUIRES_ACTION_PERMISSION_API_AND_STATE_PROOF
control-panel,services/dsh/frontend/control-panel/shared/ProviderActivationWorkspace.tsx,82,onChange,onChange={(value) => {,REQUIRES_ACTION_PERMISSION_API_AND_STATE_PROOF
control-panel,services/dsh/frontend/control-panel/shared/ProviderActivationWorkspace.tsx,112,onClick,onClick={() => setSelectedActorId(provider.actorId)},REQUIRES_ACTION_PERMISSION_API_AND_STATE_PROOF
control-panel,services/dsh/frontend/control-panel/shared/ProviderActivationWorkspace.tsx,204,onClick,"{onBack ? <CpButton variant=""ghost"" onClick={onBack}>رجوع</CpButton> : null}",REQUIRES_ACTION_PERMISSION_API_AND_STATE_PROOF
control-panel,services/dsh/frontend/control-panel/shared/ProviderActivationWorkspace.tsx,221,onClick,"<CpButton variant=""secondary"" onClick={() => void identityRuntime.refresh(true)}>إعادة فحص Identity</CpButton>",REQUIRES_ACTION_PERMISSION_API_AND_STATE_PROOF
control-panel,services/dsh/frontend/control-panel/shared/ProviderActivationWorkspace.tsx,246,onClick,"<CpButton variant=""secondary"" onClick={() => void copyCode(issuedCode.code)}>{copied ? ""تم النسخ"" : ""نسخ""}</CpButton>",REQUIRES_ACTION_PERMISSION_API_AND_STATE_PROOF
control-panel,services/dsh/frontend/control-panel/shared/ProviderActivationWorkspace.tsx,254,onClick,"<CpButton variant=""danger"" disabled={actionBusy || !identityReady} onClick={() => void revokeCode().then(onReloadList)}>إبطال الأكواد</CpButton>",REQUIRES_ACTION_PERMISSION_API_AND_STATE_PROOF
control-panel,services/dsh/frontend/control-panel/shared/ProviderActivationWorkspace.tsx,263,onClick,onClick={() => void issueCode().then(onReloadList)},REQUIRES_ACTION_PERMISSION_API_AND_STATE_PROOF
control-panel,services/dsh/frontend/control-panel/shared/ProviderActivationWorkspace.tsx,276,onClick,"onClick={() => void reactivate(reason.trim()).then((success) => { if (success) { setReason(""""); void onReloadList(); } })}",REQUIRES_ACTION_PERMISSION_API_AND_STATE_PROOF
control-panel,services/dsh/frontend/control-panel/shared/ProviderActivationWorkspace.tsx,284,onClick,"onClick={() => void suspend(reason.trim()).then((success) => { if (success) { setReason(""""); void onReloadList(); } })}",REQUIRES_ACTION_PERMISSION_API_AND_STATE_PROOF
control-panel,services/dsh/frontend/control-panel/shared/ProviderOperationalEnforcementPanel.tsx,249,onChange,"<CpTextInput value={completedDeliveries} onChange={setCompletedDeliveries} placeholder=""عدد الرحلات المكتملة"" aria-label=""عدد الرحلات المكتملة"" />",REQUIRES_ACTION_PERMISSION_API_AND_STATE_PROOF
control-panel,services/dsh/frontend/control-panel/shared/ProviderOperationalEnforcementPanel.tsx,250,onChange,"<CpTextInput value={completionRate} onChange={setCompletionRate} placeholder=""نسبة الإكمال من 0 إلى 100"" aria-label=""نسبة الإكمال"" />",REQUIRES_ACTION_PERMISSION_API_AND_STATE_PROOF
control-panel,services/dsh/frontend/control-panel/shared/ProviderOperationalEnforcementPanel.tsx,251,onChange,"<CpTextInput value={promotionEvidence} onChange={setPromotionEvidence} placeholder=""مراجع الأدلة، مفصولة بفاصلة أو سطر"" aria-label=""أدلة الترقية"" />",REQUIRES_ACTION_PERMISSION_API_AND_STATE_PROOF
control-panel,services/dsh/frontend/control-panel/shared/ProviderOperationalEnforcementPanel.tsx,252,onChange,"<CpTextInput value={promotionNote} onChange={setPromotionNote} placeholder=""سبب اعتماد العمليات"" aria-label=""سبب الترقية"" />",REQUIRES_ACTION_PERMISSION_API_AND_STATE_PROOF
control-panel,services/dsh/frontend/control-panel/shared/ProviderOperationalEnforcementPanel.tsx,253,onClick,"<CpButton variant=""primary"" disabled={busy} onClick={() => void promote()}>اعتماد الانتقال إلى Basic</CpButton>",REQUIRES_ACTION_PERMISSION_API_AND_STATE_PROOF
control-panel,services/dsh/frontend/control-panel/shared/ProviderOperationalEnforcementPanel.tsx,261,onChange,"<CpTextInput value={incidentCode} onChange={setIncidentCode} placeholder=""رمز المخالفة"" aria-label=""رمز المخالفة"" />",REQUIRES_ACTION_PERMISSION_API_AND_STATE_PROOF
control-panel,services/dsh/frontend/control-panel/shared/ProviderOperationalEnforcementPanel.tsx,262,onChange,"<CpTextInput value={incidentDescription} onChange={setIncidentDescription} placeholder=""وصف الواقعة"" aria-label=""وصف المخالفة"" />",REQUIRES_ACTION_PERMISSION_API_AND_STATE_PROOF
control-panel,services/dsh/frontend/control-panel/shared/ProviderOperationalEnforcementPanel.tsx,263,select,"<select value={incidentSeverity} onChange={(event) => setIncidentSeverity(event.target.value as typeof incidentSeverity)} style={selectStyle} aria-label=""خطورة المخالفة"">",REQUIRES_ACTION_PERMISSION_API_AND_STATE_PROOF
control-panel,services/dsh/frontend/control-panel/shared/ProviderOperationalEnforcementPanel.tsx,263,onChange,"<select value={incidentSeverity} onChange={(event) => setIncidentSeverity(event.target.value as typeof incidentSeverity)} style={selectStyle} aria-label=""خطورة المخالفة"">",REQUIRES_ACTION_PERMISSION_API_AND_STATE_PROOF
control-panel,services/dsh/frontend/control-panel/shared/ProviderOperationalEnforcementPanel.tsx,266,onChange,"<CpTextInput value={incidentPolicyId} onChange={setIncidentPolicyId} placeholder=""معرف السياسة عند وجود خصم"" aria-label=""سياسة المخالفة"" />",REQUIRES_ACTION_PERMISSION_API_AND_STATE_PROOF
control-panel,services/dsh/frontend/control-panel/shared/ProviderOperationalEnforcementPanel.tsx,267,onChange,"<CpTextInput value={incidentPenalty} onChange={setIncidentPenalty} placeholder=""الخصم المقترح بوحدات العملة الصغرى"" aria-label=""الخصم المقترح"" />",REQUIRES_ACTION_PERMISSION_API_AND_STATE_PROOF
control-panel,services/dsh/frontend/control-panel/shared/ProviderOperationalEnforcementPanel.tsx,268,onChange,"<CpTextInput value={incidentEvidence} onChange={setIncidentEvidence} placeholder=""مراجع الأدلة"" aria-label=""أدلة المخالفة"" />",REQUIRES_ACTION_PERMISSION_API_AND_STATE_PROOF
control-panel,services/dsh/frontend/control-panel/shared/ProviderOperationalEnforcementPanel.tsx,269,onClick,"<CpButton variant=""danger"" disabled={busy} onClick={() => void createIncident()}>تسجيل القضية دون خصم مباشر</CpButton>",REQUIRES_ACTION_PERMISSION_API_AND_STATE_PROOF
control-panel,services/dsh/frontend/control-panel/shared/ProviderOperationalEnforcementPanel.tsx,285,onClick,"{canManage && available.length > 0 ? <CpButton variant=""secondary"" disabled={busy} onClick={() => selectIncident(incident)}>إدارة القرار</CpButton> : null}",REQUIRES_ACTION_PERMISSION_API_AND_STATE_PROOF
control-panel,services/dsh/frontend/control-panel/shared/ProviderOperationalEnforcementPanel.tsx,293,select,"<select value={nextStatus} onChange={(event) => setNextStatus(event.target.value as ProviderIncidentStatus)} style={selectStyle} aria-label=""الحالة التالية"">",REQUIRES_ACTION_PERMISSION_API_AND_STATE_PROOF
control-panel,services/dsh/frontend/control-panel/shared/ProviderOperationalEnforcementPanel.tsx,293,onChange,"<select value={nextStatus} onChange={(event) => setNextStatus(event.target.value as ProviderIncidentStatus)} style={selectStyle} aria-label=""الحالة التالية"">",REQUIRES_ACTION_PERMISSION_API_AND_STATE_PROOF
control-panel,services/dsh/frontend/control-panel/shared/ProviderOperationalEnforcementPanel.tsx,298,onChange,"<CpTextInput value={resolutionNote} onChange={setResolutionNote} placeholder=""سبب القرار"" aria-label=""سبب القرار"" />",REQUIRES_ACTION_PERMISSION_API_AND_STATE_PROOF
control-panel,services/dsh/frontend/control-panel/shared/ProviderOperationalEnforcementPanel.tsx,300,onChange,"<CpTextInput value={wltReference} onChange={setWltReference} placeholder=""مرجع قيد WLT الإلزامي"" aria-label=""مرجع قيد WLT"" />",REQUIRES_ACTION_PERMISSION_API_AND_STATE_PROOF
control-panel,services/dsh/frontend/control-panel/shared/ProviderOperationalEnforcementPanel.tsx,303,onClick,"<CpButton variant=""primary"" disabled={busy} onClick={() => void applyIncidentTransition()}>حفظ القرار</CpButton>",REQUIRES_ACTION_PERMISSION_API_AND_STATE_PROOF
control-panel,services/dsh/frontend/control-panel/shared/ProviderOperationalEnforcementPanel.tsx,304,onClick,"<CpButton variant=""ghost"" disabled={busy} onClick={() => setSelectedIncidentId(null)}>إلغاء</CpButton>",REQUIRES_ACTION_PERMISSION_API_AND_STATE_PROOF
control-panel,services/dsh/frontend/control-panel/shared/ProviderOperationalEnforcementPanel.tsx,312,onClick,"<CpButton variant=""ghost"" disabled={busy} onClick={() => void load()}>تحديث البيانات</CpButton>",REQUIRES_ACTION_PERMISSION_API_AND_STATE_PROOF
control-panel,services/dsh/frontend/control-panel/support/PlatformNotificationConfigScreen.tsx,83,textarea,"// migration, so multi-line fields keep a plain <textarea> instead of losing the",REQUIRES_ACTION_PERMISSION_API_AND_STATE_PROOF
control-panel,services/dsh/frontend/control-panel/support/PlatformNotificationConfigScreen.tsx,100,textarea,<textarea,REQUIRES_ACTION_PERMISSION_API_AND_STATE_PROOF
control-panel,services/dsh/frontend/control-panel/support/PlatformNotificationConfigScreen.tsx,102,onChange,onChange={(event) => onChange(event.target.value)},REQUIRES_ACTION_PERMISSION_API_AND_STATE_PROOF
control-panel,services/dsh/frontend/control-panel/support/PlatformNotificationConfigScreen.tsx,199,onClick,<CpRetryButton onClick={reload}>إعادة المحاولة</CpRetryButton>,REQUIRES_ACTION_PERMISSION_API_AND_STATE_PROOF
control-panel,services/dsh/frontend/control-panel/support/PlatformNotificationConfigScreen.tsx,247,onClick,<CpButton onClick={() => startEdit(row)}>تعديل</CpButton>,REQUIRES_ACTION_PERMISSION_API_AND_STATE_PROOF
control-panel,services/dsh/frontend/control-panel/support/PlatformNotificationConfigScreen.tsx,258,onChange,"<CpTextInput value={topic} onChange={setTopic} placeholder=""order.status_changed"" aria-label=""الموضوع"" />",REQUIRES_ACTION_PERMISSION_API_AND_STATE_PROOF
control-panel,services/dsh/frontend/control-panel/support/PlatformNotificationConfigScreen.tsx,261,onChange,"<CpTextInput value={actorTypes} onChange={setActorTypes} placeholder=""client, partner, captain, field"" aria-label=""أنواع الممثلين"" />",REQUIRES_ACTION_PERMISSION_API_AND_STATE_PROOF
control-panel,services/dsh/frontend/control-panel/support/PlatformNotificationConfigScreen.tsx,264,onChange,"<CpTextInput value={defaultChannels} onChange={setDefaultChannels} placeholder=""in_app, push"" aria-label=""القنوات الافتراضية"" />",REQUIRES_ACTION_PERMISSION_API_AND_STATE_PROOF
control-panel,services/dsh/frontend/control-panel/support/PlatformNotificationConfigScreen.tsx,266,onChange,"<LabeledTextArea label=""الوصف"" value={description} onChange={setDescription} rows={2} />",REQUIRES_ACTION_PERMISSION_API_AND_STATE_PROOF
control-panel,services/dsh/frontend/control-panel/support/PlatformNotificationConfigScreen.tsx,268,onChange,"<CpTextInput value={titleAr} onChange={setTitleAr} placeholder=""تم تحديث طلبك"" aria-label=""العنوان العربي"" />",REQUIRES_ACTION_PERMISSION_API_AND_STATE_PROOF
control-panel,services/dsh/frontend/control-panel/support/PlatformNotificationConfigScreen.tsx,270,onChange,"<LabeledTextArea label=""النص العربي"" value={bodyAr} onChange={setBodyAr} rows={3} placeholder=""تغيرت حالة الطلب إلى {{status}}"" />",REQUIRES_ACTION_PERMISSION_API_AND_STATE_PROOF
control-panel,services/dsh/frontend/control-panel/support/PlatformNotificationConfigScreen.tsx,272,onChange,"<CpTextInput value={titleEn} onChange={setTitleEn} placeholder=""Your order was updated"" aria-label=""English title"" />",REQUIRES_ACTION_PERMISSION_API_AND_STATE_PROOF
control-panel,services/dsh/frontend/control-panel/support/PlatformNotificationConfigScreen.tsx,274,onChange,"<LabeledTextArea label=""English body"" value={bodyEn} onChange={setBodyEn} rows={3} placeholder=""Order status changed to {{status}}"" />",REQUIRES_ACTION_PERMISSION_API_AND_STATE_PROOF
control-panel,services/dsh/frontend/control-panel/support/PlatformNotificationConfigScreen.tsx,276,onChange,"<CpTextInput value={variables} onChange={setVariables} placeholder=""status, entityId"" aria-label=""متغيرات القالب"" />",REQUIRES_ACTION_PERMISSION_API_AND_STATE_PROOF
control-panel,services/dsh/frontend/control-panel/support/PlatformNotificationConfigScreen.tsx,279,onChange,"<CpTextInput value={deepLinkPattern} onChange={setDeepLinkPattern} placeholder=""/orders/{{entityId}}"" aria-label=""نمط الرابط العميق"" />",REQUIRES_ACTION_PERMISSION_API_AND_STATE_PROOF
control-panel,services/dsh/frontend/control-panel/support/PlatformNotificationConfigScreen.tsx,283,onClick,"<CpButton variant=""brand"" disabled={isSaving} onClick={() => { void handleSave(true); }}>حفظ مفعّل</CpButton>",REQUIRES_ACTION_PERMISSION_API_AND_STATE_PROOF
control-panel,services/dsh/frontend/control-panel/support/PlatformNotificationConfigScreen.tsx,284,onClick,<CpButton disabled={isSaving} onClick={() => { void handleSave(false); }}>حفظ معطّل</CpButton>,REQUIRES_ACTION_PERMISSION_API_AND_STATE_PROOF
control-panel,services/dsh/frontend/control-panel/support/PlatformNotificationConfigScreen.tsx,285,onClick,"{editingConfig ? <CpButton variant=""ghost"" onClick={resetEditor}>إلغاء</CpButton> : null}",REQUIRES_ACTION_PERMISSION_API_AND_STATE_PROOF
control-panel,services/dsh/frontend/control-panel/support/PlatformNotificationConfigScreen.tsx,295,onClick,<CpRetryButton onClick={deliveryAudit.reload}>إعادة المحاولة</CpRetryButton>,REQUIRES_ACTION_PERMISSION_API_AND_STATE_PROOF
control-panel,services/dsh/frontend/control-panel/support/PlatformNotificationConfigScreen.tsx,310,onClick,"<CpButton variant={deliveryAudit.outcome ? ""secondary"" : ""brand""} onClick={() => { void deliveryAudit.filter(); }}>الكل</CpButton>",REQUIRES_ACTION_PERMISSION_API_AND_STATE_PROOF
control-panel,services/dsh/frontend/control-panel/support/PlatformNotificationConfigScreen.tsx,311,onClick,"<CpButton variant={deliveryAudit.outcome === ""sent"" ? ""brand"" : ""secondary""} onClick={() => { void deliveryAudit.filter(""sent""); }}>تم الإرسال</CpButton>",REQUIRES_ACTION_PERMISSION_API_AND_STATE_PROOF
control-panel,services/dsh/frontend/control-panel/support/PlatformNotificationConfigScreen.tsx,312,onClick,"<CpButton variant={deliveryAudit.outcome === ""retry_scheduled"" ? ""brand"" : ""secondary""} onClick={() => { void deliveryAudit.filter(""retry_scheduled""); }}>إعادة محاولة</CpButton>",REQUIRES_ACTION_PERMISSION_API_AND_STATE_PROOF
control-panel,services/dsh/frontend/control-panel/support/PlatformNotificationConfigScreen.tsx,313,onClick,"<CpButton variant={deliveryAudit.outcome === ""dead_letter"" ? ""brand"" : ""secondary""} onClick={() => { void deliveryAudit.filter(""dead_letter""); }}>Dead letter</CpButton>",REQUIRES_ACTION_PERMISSION_API_AND_STATE_PROOF
control-panel,services/dsh/frontend/control-panel/support/SupportDashboardScreen.tsx,134,onChange,onChange={(value) => setMainTab(value as SupportMainTabId)},REQUIRES_ACTION_PERMISSION_API_AND_STATE_PROOF
control-panel,services/dsh/frontend/control-panel/support/SupportDashboardScreen.tsx,141,onChange,onChange={(value) => setQueueFilter(value as SupportQueueFilterId)},REQUIRES_ACTION_PERMISSION_API_AND_STATE_PROOF
control-panel,services/dsh/frontend/control-panel/support/SupportDashboardScreen.tsx,158,onChange,onChange={setSearchQuery},REQUIRES_ACTION_PERMISSION_API_AND_STATE_PROOF
control-panel,services/dsh/frontend/control-panel/support/SupportDashboardScreen.tsx,163,onClick,<CpButton onClick={() => { void ticketCtrl.reload(); void incidentCtrl.reload(); }}>,REQUIRES_ACTION_PERMISSION_API_AND_STATE_PROOF
control-panel,services/dsh/frontend/control-panel/support/SupportDashboardScreen.tsx,202,onClick,onClick={() => setSelectedTicketId((current) => current === ticket.id ? undefined : ticket.id)},REQUIRES_ACTION_PERMISSION_API_AND_STATE_PROOF
control-panel,services/dsh/frontend/control-panel/support/SupportDashboardScreen.tsx,255,onChange,"<CpTextInput value={replyBody} onChange={setReplyBody} placeholder=""الرد على التذكرة…"" aria-label=""رد التذكرة"" />",REQUIRES_ACTION_PERMISSION_API_AND_STATE_PROOF
control-panel,services/dsh/frontend/control-panel/support/SupportDashboardScreen.tsx,257,input,"<input type=""checkbox"" checked={internalReply} onChange={(event) => setInternalReply(event.target.checked)} />",REQUIRES_ACTION_PERMISSION_API_AND_STATE_PROOF
control-panel,services/dsh/frontend/control-panel/support/SupportDashboardScreen.tsx,257,onChange,"<input type=""checkbox"" checked={internalReply} onChange={(event) => setInternalReply(event.target.checked)} />",REQUIRES_ACTION_PERMISSION_API_AND_STATE_PROOF
control-panel,services/dsh/frontend/control-panel/support/SupportDashboardScreen.tsx,263,onClick,onClick={() => void sendReply()},REQUIRES_ACTION_PERMISSION_API_AND_STATE_PROOF
control-panel,services/dsh/frontend/control-panel/support/SupportDashboardScreen.tsx,270,onClick,onClick={() => void resolveSelectedTicket()},REQUIRES_ACTION_PERMISSION_API_AND_STATE_PROOF
control-panel,services/dsh/frontend/control-panel/support/SupportDashboardScreen.tsx,297,onClick,<CpSelectableTableRow key={incident.id} selected={selectedIncidentId === incident.id} onClick={() => setSelectedIncidentId(incident.id)}>,REQUIRES_ACTION_PERMISSION_API_AND_STATE_PROOF
control-panel,services/dsh/frontend/control-panel/support/SupportDashboardScreen.tsx,309,onClick,"<CpButton disabled={selectedIncident.status === ""resolved"" || incidentCtrl.actionState.kind === ""submitting""} onClick={() => void resolveSelectedIncident()}>",REQUIRES_ACTION_PERMISSION_API_AND_STATE_PROOF
control-panel,services/dsh/frontend/control-panel/support/SupportWorkspaces.tsx,38,onChange,"<CpTextInput value={clientId} onChange={setClientId} placeholder=""أدخل معرف العميل أو رقم الهاتف..."" aria-label=""البحث عن عميل"" />",REQUIRES_ACTION_PERMISSION_API_AND_STATE_PROOF
control-panel,services/dsh/frontend/control-panel/support/SupportWorkspaces.tsx,39,onClick,<CpButton onClick={handleSearch}>بحث عن العميل</CpButton>,REQUIRES_ACTION_PERMISSION_API_AND_STATE_PROOF
control-panel,services/dsh/frontend/control-panel/support/SupportWorkspaces.tsx,94,onChange,"<CpTextInput value={callerName} onChange={setCallerName} placeholder=""اسم المتصل"" aria-label=""اسم المتصل"" />",REQUIRES_ACTION_PERMISSION_API_AND_STATE_PROOF
control-panel,services/dsh/frontend/control-panel/support/SupportWorkspaces.tsx,95,onChange,"<CpTextInput value={callerPhone} onChange={setCallerPhone} placeholder=""رقم الهاتف"" aria-label=""رقم الهاتف"" />",REQUIRES_ACTION_PERMISSION_API_AND_STATE_PROOF
control-panel,services/dsh/frontend/control-panel/support/SupportWorkspaces.tsx,96,onChange,"<CpTextInput value={callNotes} onChange={setCallNotes} placeholder=""ملاحظات وتفاصيل المكالمة..."" aria-label=""تفاصيل المكالمة"" />",REQUIRES_ACTION_PERMISSION_API_AND_STATE_PROOF
control-panel,services/dsh/frontend/control-panel/support/SupportWorkspaces.tsx,97,onClick,<CpButton onClick={handleRegisterCall} disabled={!callerName || !callerPhone || !callNotes}>تسجيل وتوجيه التذكرة</CpButton>,REQUIRES_ACTION_PERMISSION_API_AND_STATE_PROOF
control-panel,services/dsh/frontend/control-panel/support/SupportWorkspaces.tsx,191,onChange,"onChange={(value) => setActiveSubTab(value as ""client"" | ""partner"" | ""captain"")}",REQUIRES_ACTION_PERMISSION_API_AND_STATE_PROOF
control-panel,services/dsh/frontend/control-panel/support/SupportWorkspaces.tsx,210,onChange,"<CpTextInput value={msgText} onChange={setMsgText} placeholder=""أدخل نص الرسالة..."" aria-label=""محتوى الرسالة"" />",REQUIRES_ACTION_PERMISSION_API_AND_STATE_PROOF
control-panel,services/dsh/frontend/control-panel/support/SupportWorkspaces.tsx,211,onClick,<CpButton onClick={handleSend} disabled={!msgText.trim()}>إرسال</CpButton>,REQUIRES_ACTION_PERMISSION_API_AND_STATE_PROOF
